SK_ID_CURR,TARGET
100001,0.04336234
100005,0.14996624
100013,0.031185113
100028,0.021171402
100038,0.14583713
100042,0.032495726
100057,0.0102103865
100065,0.02736351
100066,0.020437073
100067,0.064685896
100074,0.03639885
100090,0.0426118
100091,0.1419925
100092,0.057877183
100106,0.043423984
100107,0.1635313
100109,0.050094314
100117,0.021546926
100128,0.084303364
100141,0.07049964
100150,0.029901594
100168,0.01213982
100169,0.038090635
100170,0.16458604
100171,0.041466672
100172,0.13815603
100184,0.13349994
100187,0.07693689
100212,0.020959742
100222,0.033327293
100223,0.031895824
100232,0.0143196825
100241,0.1103442
100245,0.024198545
100253,0.022212544
100256,0.062231645
100271,0.00778336
100278,0.297617
100280,0.018044578
100306,0.17550766
100311,0.05896639
100312,0.012374785
100330,0.11520964
100331,0.027944341
100352,0.10859615
100358,0.057545703
100367,0.019256251
100382,0.05693887
100384,0.14022365
100385,0.042355243
100386,0.023740303
100399,0.028219244
100404,0.03194274
100416,0.020701861
100422,0.025590781
100426,0.033079658
100438,0.028185207
100444,0.1091237
100445,0.111830965
100446,0.07393663
100447,0.016238755
100450,0.102478385
100466,0.011539025
100483,0.013929508
100484,0.015049167
100494,0.047174092
100510,0.08415837
100512,0.014955889
100517,0.028080877
100548,0.035460975
100551,0.07713678
100552,0.04575903
100553,0.015786532
100561,0.08941986
100568,0.2999037
100569,0.015185836
100591,0.14437701
100592,0.025739536
100602,0.023366427
100607,0.057629984
100613,0.037425973
100617,0.05643291
100618,0.08565797
100622,0.048295118
100625,0.062823504
100677,0.10815917
100699,0.022318015
100702,0.28066432
100711,0.033893168
100729,0.11496973
100740,0.1874697
100744,0.11249271
100745,0.042994108
100747,0.11876136
100751,0.2900498
100752,0.024037993
100753,0.192404
100754,0.24588645
100760,0.02890183
100762,0.09169523
100763,0.02479461
100765,0.017805524
100770,0.1150623
100772,0.03658313
100777,0.037758335
100791,0.016321283
100792,0.012459785
100797,0.030624537
100823,0.0413373
100826,0.022618005
100830,0.028715743
100836,0.15292358
100872,0.06707447
100910,0.039721575
100913,0.06005945
100918,0.020801842
100931,0.01055219
100952,0.028536795
100953,0.019776069
100965,0.19734438
100970,0.028412707
100982,0.14465594
100983,0.23051554
100984,0.05017473
100987,0.051890206
100997,0.04954136
100998,0.27348936
101002,0.022031814
101005,0.11641587
101008,0.309519
101020,0.0469608
101021,0.10104495
101024,0.030632231
101025,0.24334024
101026,0.01652385
101031,0.014640218
101041,0.020651411
101051,0.0069221808
101055,0.057829577
101056,0.16017888
101057,0.02906309
101064,0.02033677
101079,0.06745195
101087,0.017389162
101090,0.035463724
101092,0.10079964
101097,0.09737766
101099,0.021336097
101107,0.11076918
101118,0.036538474
101125,0.12750815
101126,0.010501745
101128,0.00986506
101136,0.0707507
101140,0.15748858
101149,0.06281447
101160,0.12948477
101169,0.2144477
101181,0.054379746
101186,0.0104494
101190,0.021391634
101193,0.08198588
101194,0.08888462
101198,0.14426942
101200,0.011535335
101204,0.018456368
101211,0.06869452
101213,0.02647926
101223,0.029310184
101225,0.1223539
101237,0.07382062
101243,0.09561136
101244,0.083928265
101258,0.017370783
101259,0.16554402
101268,0.10402629
101269,0.039318394
101271,0.029632999
101279,0.01683161
101281,0.21561544
101287,0.03504536
101292,0.026697684
101294,0.032687712
101296,0.12677182
101297,0.012370208
101299,0.019813718
101301,0.03084517
101305,0.064132445
101308,0.1780006
101318,0.007746787
101327,0.124046594
101329,0.011243027
101332,0.045397785
101337,0.037343584
101343,0.031373795
101345,0.03312312
101346,0.013634891
101353,0.015642948
101354,0.160309
101355,0.22793184
101356,0.023490097
101362,0.072678834
101363,0.408481
101365,0.019545913
101366,0.06008976
101367,0.22080384
101368,0.012876502
101374,0.15072776
101380,0.013984136
101383,0.03926368
101398,0.012152028
101399,0.20943883
101401,0.21201095
101412,0.06967914
101426,0.06684917
101427,0.365117
101428,0.13988122
101429,0.11673377
101434,0.024105113
101440,0.22457929
101448,0.05573106
101449,0.030166846
101465,0.027865717
101467,0.021833926
101472,0.058097765
101478,0.15729819
101497,0.057962347
101504,0.02856578
101547,0.010310496
101548,0.074471794
101555,0.062563434
101570,0.014065238
101572,0.034139976
101578,0.021798028
101580,0.11708273
101588,0.0765464
101602,0.065395065
101610,0.11896143
101614,0.031638794
101616,0.041794114
101643,0.09825992
101644,0.055997465
101649,0.03050142
101650,0.04349252
101665,0.01737472
101667,0.09539393
101669,0.09387776
101674,0.078345634
101675,0.0079791285
101678,0.11192452
101682,0.021918405
101686,0.02184293
101697,0.33805263
101700,0.31052977
101711,0.023154309
101714,0.021237426
101715,0.4013317
101728,0.018920377
101732,0.03381444
101757,0.09259534
101758,0.034822136
101759,0.052064784
101762,0.009033794
101764,0.09904078
101780,0.21076697
101784,0.022252254
101789,0.012158321
101816,0.047375828
101819,0.06991123
101827,0.010374194
101863,0.04352896
101867,0.03084741
101870,0.011592474
101873,0.2308415
101878,0.05076976
101879,0.0993095
101880,0.023291022
101887,0.037582714
101897,0.014828973
101901,0.09218697
101903,0.20738018
101920,0.050802413
101921,0.017726451
101922,0.04985916
101961,0.08310914
101962,0.013748738
101971,0.034535103
101976,0.34527627
102002,0.15933016
102005,0.014473677
102007,0.1335084
102017,0.03200316
102019,0.24852954
102029,0.014484251
102051,0.10276529
102052,0.008980312
102054,0.020718057
102062,0.04375717
102067,0.0982177
102068,0.11825425
102070,0.031877026
102090,0.0834615
102092,0.032394838
102099,0.07427014
102100,0.028159115
102112,0.12593704
102113,0.023979105
102122,0.20836921
102123,0.030308902
102125,0.016373958
102126,0.14426886
102146,0.012941351
102147,0.07249435
102151,0.036523867
102158,0.118007764
102159,0.019368103
102162,0.041987583
102165,0.024441175
102166,0.020696724
102174,0.009445153
102193,0.1852781
102198,0.026900277
102205,0.18075202
102206,0.007889258
102218,0.018583877
102221,0.030266069
102230,0.07557949
102238,0.02359334
102248,0.026798652
102252,0.18828614
102259,0.048325524
102262,0.11329295
102273,0.032752298
102286,0.10547714
102293,0.0070754164
102294,0.025263134
102296,0.060480513
102298,0.106512815
102303,0.009973524
102309,0.03341495
102315,0.02294406
102340,0.06499237
102342,0.06893295
102344,0.028895248
102346,0.0855442
102347,0.010664424
102374,0.06790787
102380,0.038951255
102387,0.020374112
102393,0.039728053
102403,0.015248831
102413,0.023800354
102414,0.0053042434
102415,0.04248275
102416,0.08129394
102439,0.033814427
102441,0.022658762
102443,0.016765764
102444,0.060024686
102445,0.081881784
102448,0.024213027
102449,0.14767626
102450,0.18927965
102456,0.009830095
102458,0.13520053
102459,0.085885644
102465,0.031936824
102470,0.19313553
102471,0.022870868
102475,0.02285069
102476,0.15696429
102506,0.034410775
102509,0.0390791
102519,0.018685833
102522,0.018129159
102545,0.052453365
102549,0.040712297
102562,0.014657308
102563,0.016566718
102568,0.10280856
102582,0.03415052
102592,0.009192304
102597,0.06072867
102605,0.027448487
102614,0.027687255
102617,0.08457714
102634,0.031898476
102652,0.021512005
102655,0.013639628
102671,0.050138578
102694,0.23017065
102701,0.046478864
102703,0.01295124
102704,0.018693985
102713,0.0066255173
102720,0.07882221
102731,0.017505627
102733,0.02684389
102749,0.020040857
102755,0.13453725
102763,0.010967027
102770,0.03179957
102772,0.09671793
102799,0.09017972
102838,0.009715652
102854,0.017990867
102862,0.12302302
102863,0.028890891
102867,0.0076984204
102868,0.012525484
102878,0.060690433
102887,0.019138929
102898,0.30486
102904,0.08300459
102912,0.043449692
102919,0.049091656
102927,0.06695647
102932,0.0474689
102933,0.04702641
102935,0.010958642
102958,0.049863204
102969,0.1628412
102971,0.017886132
102975,0.06720025
102979,0.033741098
102982,0.009142106
102987,0.20173201
102989,0.06349474
102995,0.046876185
102996,0.014350874
103000,0.040472846
103001,0.08256489
103004,0.017655358
103010,0.013429843
103025,0.21550874
103029,0.016000047
103046,0.054673534
103056,0.020114303
103062,0.10127117
103078,0.023772081
103083,0.014358794
103092,0.06490484
103096,0.046476282
103097,0.08407214
103102,0.2770469
103112,0.037037153
103132,0.030530214
103144,0.03716601
103145,0.13598962
103146,0.008830585
103147,0.050162368
103158,0.026793934
103171,0.060698207
103173,0.029031685
103184,0.012042276
103195,0.11359905
103196,0.045711696
103206,0.01650622
103230,0.18528922
103231,0.24107051
103232,0.017666508
103239,0.0711722
103240,0.07461191
103243,0.0134233665
103252,0.08081721
103258,0.03672797
103259,0.08870864
103279,0.024527375
103280,0.011138321
103286,0.026201759
103287,0.23458752
103290,0.014221906
103298,0.019529302
103315,0.008167001
103319,0.024245044
103334,0.17798264
103336,0.037520036
103345,0.09456437
103368,0.02189231
103371,0.20846866
103377,0.011977935
103398,0.02033414
103404,0.06395183
103408,0.14648636
103410,0.03307673
103418,0.013826966
103420,0.20502634
103432,0.056655224
103433,0.021131005
103436,0.013714028
103440,0.033556752
103453,0.025253177
103459,0.026541568
103460,0.050515193
103461,0.008990877
103462,0.025005119
103473,0.1330895
103474,0.020037841
103475,0.18390046
103478,0.08758813
103480,0.037580118
103484,0.017761746
103494,0.17881754
103513,0.04129803
103515,0.049147118
103516,0.14306855
103525,0.094859675
103541,0.18467271
103544,0.012142455
103562,0.32595018
103570,0.20704816
103572,0.13386409
103574,0.019922502
103575,0.054093275
103591,0.15928493
103594,0.009356541
103609,0.059856456
103613,0.13210985
103614,0.043921456
103615,0.027805123
103624,0.029035509
103625,0.21093193
103628,0.13089123
103629,0.013247076
103647,0.061041348
103648,0.08350248
103651,0.02463157
103658,0.038297478
103668,0.057063133
103669,0.027284082
103676,0.043867376
103682,0.031494528
103683,0.059504304
103689,0.022101084
103725,0.06767642
103733,0.110568844
103744,0.036326986
103762,0.08496385
103771,0.3788174
103773,0.0063070743
103783,0.04225102
103784,0.072205335
103808,0.009174023
103812,0.03936847
103813,0.14198284
103814,0.05164396
103818,0.051753104
103824,0.01368724
103828,0.011537895
103830,0.18014225
103840,0.018753499
103842,0.08379496
103847,0.19168712
103848,0.09961538
103851,0.025557157
103854,0.09041773
103857,0.1549325
103861,0.017992424
103862,0.041779213
103865,0.02060396
103870,0.01132319
103876,0.020858206
103891,0.2455996
103908,0.051926196
103914,0.07653555
103918,0.084782906
103940,0.014908547
103963,0.09615998
103966,0.030879678
103971,0.11210937
103980,0.078290865
103984,0.03636291
103985,0.024778597
103998,0.19699706
104019,0.012770171
104026,0.026059607
104035,0.08428983
104044,0.032017894
104045,0.091336265
104047,0.10810289
104051,0.020658419
104058,0.0375527
104063,0.021614445
104066,0.37901828
104087,0.023446152
104089,0.062015016
104095,0.048997685
104098,0.10361501
104104,0.03647816
104110,0.3461012
104120,0.0453259
104122,0.03373844
104131,0.039983127
104132,0.04657889
104135,0.023910705
104136,0.023315983
104149,0.047425717
104150,0.10635942
104156,0.31043383
104165,0.14232482
104175,0.015033593
104179,0.07616442
104184,0.12005828
104206,0.023206096
104216,0.22726518
104230,0.16051322
104257,0.02471326
104272,0.022949882
104273,0.07036788
104278,0.02446017
104294,0.052163728
104295,0.02159565
104297,0.03239857
104298,0.057967596
104308,0.021248356
104318,0.02893967
104319,0.09912207
104320,0.062414482
104327,0.104183584
104334,0.05180684
104344,0.030689504
104350,0.028079888
104351,0.11598361
104354,0.042604737
104369,0.072777994
104376,0.09487089
104381,0.034675658
104384,0.115264535
104391,0.031582695
104394,0.031143015
104398,0.19425888
104402,0.013288654
104408,0.053389262
104409,0.015462739
104410,0.53813225
104412,0.0357009
104417,0.07885496
104424,0.049451664
104426,0.015847957
104435,0.057234835
104445,0.024082748
104458,0.014600694
104460,0.0239119
104466,0.015236576
104472,0.057005215
104473,0.049258415
104479,0.01721203
104480,0.014667076
104482,0.041767813
104499,0.020017536
104501,0.017286623
104502,0.011206953
104506,0.106407166
104510,0.0054065967
104512,0.028963277
104520,0.19483139
104528,0.03176392
104529,0.009856326
104541,0.068958044
104578,0.013243868
104584,0.05401972
104588,0.0458846
104602,0.15659425
104610,0.014812055
104611,0.1444603
104618,0.055743277
104620,0.038188346
104622,0.016748806
104624,0.032106046
104625,0.12822857
104634,0.07886345
104639,0.060472593
104646,0.011353086
104647,0.052268125
104652,0.012711113
104670,0.039169937
104677,0.008719278
104685,0.061693802
104691,0.029122112
104696,0.115011126
104699,0.012036888
104712,0.06442604
104714,0.01601682
104717,0.07273516
104718,0.016805524
104740,0.043244824
104741,0.027538082
104743,0.0064263525
104744,0.017622974
104747,0.05681165
104767,0.038845647
104772,0.100226104
104776,0.16761854
104779,0.028746143
104814,0.015695414
104815,0.022131013
104830,0.036889806
104831,0.069993965
104833,0.032801475
104839,0.017830307
104840,0.01949053
104860,0.16626619
104861,0.020920578
104866,0.045291554
104870,0.011082933
104877,0.06656575
104878,0.0120879505
104879,0.028389081
104880,0.06281813
104899,0.011993071
104906,0.028133024
104907,0.06254021
104913,0.08410528
104916,0.064360894
104921,0.050760053
104930,0.04591584
104931,0.32653758
104936,0.01461648
104937,0.01647901
104942,0.022265928
104943,0.030272137
104969,0.050039444
104972,0.15839107
104988,0.101142004
105013,0.018407669
105015,0.019257056
105019,0.058135793
105027,0.044640623
105030,0.059414286
105035,0.27943897
105041,0.016841609
105051,0.29857785
105056,0.03892952
105067,0.23870677
105071,0.035788454
105072,0.010573277
105074,0.100318715
105091,0.037532404
105101,0.026301691
105103,0.061973352
105134,0.043874376
105139,0.009732145
105142,0.106319524
105146,0.05687781
105163,0.09013112
105168,0.068362236
105172,0.014274645
105176,0.25869453
105195,0.043587327
105196,0.27869552
105197,0.009896832
105203,0.08675816
105223,0.0907316
105227,0.13091329
105228,0.011413114
105230,0.08653443
105231,0.23920786
105239,0.02889203
105242,0.15907615
105244,0.046176545
105245,0.040287986
105248,0.022740157
105249,0.039649967
105266,0.14699677
105271,0.1939293
105276,0.029242104
105282,0.02998815
105292,0.08533361
105297,0.007877
105332,0.045937136
105333,0.015416153
105343,0.08105478
105344,0.020124111
105345,0.07481918
105357,0.031566143
105359,0.10171276
105366,0.055295594
105367,0.04954602
105370,0.0052688094
105377,0.031760417
105390,0.01869796
105399,0.010667453
105403,0.13979857
105404,0.037954427
105414,0.013188312
105417,0.051617146
105425,0.17759141
105452,0.16339034
105454,0.09353422
105456,0.04989683
105470,0.03879745
105471,0.028149018
105483,0.16358045
105493,0.15418424
105508,0.07006748
105514,0.046066657
105515,0.018878005
105528,0.2004776
105529,0.010506468
105531,0.027956769
105532,0.02522435
105558,0.013916029
105574,0.015740523
105578,0.014941205
105584,0.22624002
105595,0.03458335
105617,0.27225766
105618,0.033137336
105621,0.024436824
105625,0.048983004
105629,0.03004003
105630,0.012384502
105634,0.017228626
105635,0.01699878
105641,0.12645921
105647,0.16528516
105648,0.09011137
105655,0.021952484
105657,0.01748602
105672,0.12917764
105678,0.15026432
105682,0.09804425
105691,0.039007936
105692,0.022255689
105706,0.015374611
105712,0.024403093
105720,0.02231662
105734,0.009598896
105735,0.018190239
105736,0.12446351
105737,0.016454492
105738,0.09687359
105740,0.17525654
105744,0.04416748
105747,0.036108866
105749,0.14866276
105754,0.03959795
105758,0.05430112
105760,0.030669957
105767,0.23883083
105784,0.06131038
105791,0.012703072
105802,0.17121656
105807,0.16702555
105809,0.03767742
105816,0.05582647
105817,0.0146988705
105824,0.04806767
105832,0.036962405
105856,0.015353484
105865,0.020344336
105899,0.1828636
105906,0.022173867
105916,0.07135573
105923,0.054382008
105937,0.0746525
105965,0.02684302
105966,0.0792175
105968,0.058608897
105973,0.06151612
105976,0.17379339
105978,0.115594134
105979,0.016974945
105991,0.12359306
105998,0.12914301
105999,0.011583702
106000,0.17481847
106001,0.02735629
106010,0.229898
106011,0.0090885535
106013,0.12504917
106015,0.010044679
106026,0.014078844
106032,0.013779182
106035,0.2115401
106040,0.031233044
106041,0.27331668
106044,0.020679986
106053,0.074727744
106054,0.008374739
106065,0.07946468
106081,0.03393993
106083,0.072792605
106087,0.024399295
106090,0.062773496
106101,0.02945752
106102,0.046216145
106109,0.04052652
106116,0.07441801
106150,0.01314074
106155,0.08512234
106166,0.020283896
106176,0.14003046
106189,0.023013195
106199,0.102133244
106205,0.15558322
106206,0.10285024
106211,0.015623335
106214,0.037440084
106216,0.037570514
106217,0.07280952
106225,0.038820095
106249,0.021446098
106256,0.047693018
106258,0.031183014
106261,0.033528574
106262,0.075068444
106264,0.016092047
106271,0.038827777
106276,0.01615513
106277,0.056289434
106286,0.03979644
106293,0.024005389
106295,0.040452413
106296,0.013474127
106297,0.08799333
106298,0.036144078
106311,0.047705688
106314,0.042835467
106320,0.024863157
106334,0.03933226
106346,0.046011355
106347,0.024613991
106349,0.06768176
106354,0.13665944
106360,0.012094114
106373,0.103163585
106377,0.0300137
106386,0.11837406
106387,0.05215038
106391,0.011887344
106401,0.3336253
106411,0.054899544
106413,0.29307958
106426,0.30256024
106427,0.09229562
106428,0.10115263
106434,0.056583747
106438,0.010603258
106440,0.018258268
106441,0.025895488
106452,0.17985255
106453,0.05249148
106454,0.052847415
106457,0.085658714
106484,0.013660712
106488,0.06677802
106491,0.21683246
106514,0.10023466
106527,0.08851875
106528,0.024219247
106529,0.015423128
106534,0.19583112
106550,0.16385266
106577,0.05694067
106585,0.1355623
106590,0.006712255
106607,0.044297047
106610,0.11354146
106611,0.036892522
106612,0.033463165
106624,0.02709866
106631,0.0117828
106647,0.26466802
106660,0.1712868
106674,0.011434132
106687,0.011752928
106712,0.033765968
106713,0.041362274
106717,0.04010005
106720,0.061300986
106721,0.08870646
106724,0.0923314
106735,0.06489453
106739,0.053592652
106740,0.07209041
106754,0.059931915
106760,0.25243577
106761,0.068158045
106784,0.13249795
106787,0.04126971
106797,0.0082065975
106798,0.063387245
106802,0.11829399
106803,0.027159682
106804,0.1863412
106805,0.01318288
106810,0.09099691
106812,0.113325864
106813,0.031214332
106817,0.06580697
106822,0.07209113
106823,0.026527256
106827,0.00811876
106841,0.024671955
106851,0.13519078
106852,0.07076016
106853,0.16703683
106854,0.58423465
106861,0.03257254
106873,0.033568308
106877,0.021571247
106878,0.009582409
106881,0.070846304
106900,0.021951936
106906,0.026752302
106907,0.068199724
106914,0.08784129
106916,0.065233946
106924,0.010376487
106931,0.035624806
106936,0.052595787
106937,0.15581879
106938,0.015160736
106939,0.051973753
106943,0.030077664
106944,0.113489166
106967,0.06856832
106980,0.017696168
106986,0.06088427
106987,0.01764029
106990,0.015699936
107013,0.013564065
107023,0.05679351
107033,0.03323573
107037,0.06395513
107048,0.02239547
107071,0.040938713
107081,0.0061835097
107113,0.08144401
107130,0.04510986
107131,0.032613248
107145,0.041656993
107156,0.073228754
107219,0.091770545
107222,0.10951944
107223,0.34273368
107232,0.2664038
107245,0.042648584
107246,0.05970372
107247,0.03965867
107256,0.011449514
107259,0.02058575
107260,0.0068565947
107279,0.23256056
107280,0.06106729
107281,0.019881869
107285,0.10832676
107329,0.009711225
107337,0.09503545
107349,0.12073838
107350,0.033291124
107351,0.007424924
107359,0.143601
107391,0.06440417
107394,0.0411327
107395,0.030029248
107406,0.0678495
107416,0.12335734
107417,0.008933522
107418,0.07817832
107419,0.023467313
107444,0.019366268
107445,0.024294015
107446,0.10237652
107460,0.18091269
107470,0.084525734
107475,0.031367134
107520,0.027714841
107526,0.1951537
107527,0.014869373
107530,0.01607708
107532,0.05395428
107534,0.120137766
107535,0.023754831
107554,0.067852914
107556,0.01546692
107559,0.104873985
107561,0.0122404955
107564,0.035637297
107566,0.026067847
107571,0.050425652
107590,0.13584301
107602,0.0991146
107625,0.080162816
107626,0.4275057
107635,0.0138642285
107636,0.059339978
107645,0.015182336
107652,0.15912968
107655,0.021603778
107668,0.03473293
107670,0.021530276
107677,0.0053190994
107680,0.22367714
107683,0.23093216
107684,0.013252748
107691,0.061791386
107692,0.049863294
107703,0.03427656
107709,0.03332279
107710,0.15877235
107721,0.17706783
107725,0.086986154
107727,0.10349925
107739,0.023153275
107740,0.030854635
107741,0.029989434
107747,0.016250122
107765,0.17275304
107768,0.006763528
107775,0.12273301
107782,0.28240016
107790,0.01672668
107801,0.029526092
107807,0.014782958
107811,0.024610594
107817,0.06303579
107826,0.05103348
107838,0.12077734
107839,0.02024285
107843,0.088124365
107847,0.05875352
107849,0.07273683
107850,0.055318803
107867,0.08420715
107871,0.062378548
107908,0.036622535
107913,0.06895938
107927,0.015277093
107931,0.026859162
107955,0.015549249
107962,0.060345054
107977,0.03710626
107978,0.042226356
107993,0.010290338
108010,0.071417905
108016,0.035242103
108018,0.2659436
108027,0.32228953
108045,0.28752056
108069,0.17816766
108082,0.02311831
108089,0.07699274
108092,0.0452904
108106,0.009748958
108112,0.049141675
108120,0.097822376
108122,0.206717
108135,0.019361906
108170,0.010491105
108171,0.072860725
108177,0.011003699
108180,0.10117765
108183,0.019402241
108184,0.014705856
108185,0.022101313
108192,0.0529911
108195,0.14889412
108196,0.119632535
108218,0.025652481
108219,0.06472859
108243,0.08062259
108249,0.010364432
108251,0.018880012
108274,0.023881983
108280,0.36445412
108289,0.08349632
108292,0.03318711
108295,0.06478908
108327,0.023322973
108332,0.065804586
108346,0.026676614
108349,0.30953246
108353,0.038208056
108362,0.023996573
108363,0.020901851
108377,0.30890334
108378,0.060972236
108381,0.018590407
108383,0.32328373
108390,0.06675703
108407,0.014036169
108408,0.05523348
108411,0.06481446
108412,0.026057575
108419,0.019200597
108436,0.18156084
108437,0.14600457
108438,0.17487511
108441,0.027536284
108448,0.01692325
108449,0.041062824
108466,0.022467677
108467,0.1729592
108473,0.024725467
108474,0.07955192
108476,0.01783353
108479,0.011997929
108486,0.014292741
108493,0.013999434
108501,0.024480173
108506,0.17719954
108510,0.028454792
108511,0.012371735
108514,0.10925336
108517,0.014280089
108519,0.08480642
108522,0.033052657
108548,0.10176229
108554,0.042533312
108555,0.13125959
108559,0.059932303
108562,0.024794292
108571,0.14387606
108572,0.0378508
108579,0.027933696
108583,0.013634961
108584,0.0054137018
108592,0.035483226
108602,0.010871844
108609,0.013756609
108613,0.13884595
108616,0.0691832
108618,0.064516015
108620,0.015258458
108643,0.02047009
108649,0.014535563
108654,0.1086539
108655,0.013350195
108656,0.017069304
108667,0.10793923
108668,0.092363685
108682,0.05881774
108690,0.038433515
108691,0.07341615
108692,0.05539528
108695,0.028144259
108699,0.04939215
108710,0.23116934
108718,0.32571578
108739,0.11494796
108740,0.0130855655
108741,0.011133611
108742,0.02207833
108763,0.014179445
108767,0.09801206
108769,0.1438175
108779,0.14975466
108788,0.025809
108801,0.04003391
108802,0.042521343
108810,0.05508062
108811,0.014962794
108813,0.018656163
108814,0.15471442
108825,0.024523012
108826,0.076790646
108830,0.063064575
108834,0.05186935
108852,0.011662342
108887,0.15577666
108901,0.07526368
108908,0.010608962
108910,0.031021867
108920,0.042866305
108922,0.021116955
108929,0.23973405
108930,0.01590448
108937,0.027305545
108938,0.024757035
108943,0.101823695
108948,0.036913805
108953,0.043661576
108956,0.05580523
108965,0.01586462
108985,0.08237101
108986,0.098734275
108987,0.021237478
108990,0.009529895
108991,0.018205035
108993,0.26704714
109000,0.08496188
109001,0.084065504
109012,0.28290695
109014,0.052210893
109015,0.104862794
109021,0.049549334
109037,0.060875174
109042,0.21457288
109044,0.03612984
109046,0.39897674
109064,0.005201796
109084,0.064572774
109086,0.021228679
109092,0.0066134767
109093,0.10609303
109100,0.113383874
109101,0.0051241005
109110,0.027695842
109114,0.16656661
109126,0.10376092
109152,0.02002951
109162,0.045784216
109167,0.04755169
109168,0.059903838
109169,0.01043662
109179,0.0364721
109184,0.045227323
109191,0.06409049
109192,0.041398086
109193,0.012866001
109196,0.10579855
109206,0.035607554
109210,0.026020102
109244,0.03721524
109249,0.013704504
109273,0.02161932
109276,0.25204593
109281,0.054301087
109287,0.12288547
109297,0.073581025
109298,0.036669493
109306,0.025274675
109309,0.061027326
109321,0.19935384
109328,0.14963871
109336,0.014313615
109342,0.044832382
109346,0.016698496
109347,0.062904105
109348,0.06218799
109362,0.059566118
109363,0.0361017
109367,0.027208496
109370,0.014330634
109393,0.08693575
109405,0.025276575
109413,0.060652755
109414,0.30068415
109421,0.02674141
109427,0.04490408
109428,0.07054355
109429,0.11420382
109437,0.019008765
109443,0.027797563
109461,0.071359605
109468,0.08920658
109469,0.019326953
109471,0.06476201
109479,0.076595
109484,0.011082594
109501,0.06921152
109505,0.101373725
109535,0.017898005
109539,0.010886111
109544,0.047178976
109545,0.016535021
109551,0.11849069
109553,0.023247708
109555,0.02683317
109561,0.050214447
109580,0.015502232
109583,0.31135327
109593,0.21837768
109604,0.09951668
109620,0.06280544
109635,0.031357277
109637,0.13291708
109638,0.09307595
109642,0.11482165
109649,0.023796258
109652,0.03508392
109656,0.03776068
109663,0.018075705
109696,0.12991816
109700,0.095347896
109709,0.08425987
109735,0.015156049
109740,0.037278473
109741,0.028863825
109749,0.04699649
109764,0.01625093
109771,0.040147066
109772,0.012208526
109773,0.120890915
109798,0.04211578
109802,0.4193245
109804,0.022510506
109813,0.038405847
109818,0.049937498
109848,0.07369125
109850,0.0192599
109851,0.023658695
109855,0.012848802
109871,0.15112634
109877,0.05077676
109883,0.010551442
109886,0.010826793
109905,0.064710565
109936,0.16674808
109950,0.0743005
109958,0.07685761
109959,0.08117684
109969,0.02749421
109971,0.06111443
109984,0.02085048
109985,0.1490862
109988,0.025375253
109992,0.08545926
110005,0.024868641
110009,0.034225784
110011,0.16749023
110014,0.023451364
110026,0.025141306
110042,0.041582175
110058,0.009438129
110069,0.07334507
110080,0.011700697
110087,0.038874537
110091,0.10473686
110094,0.040538665
110098,0.07983046
110105,0.053938266
110117,0.048734974
110136,0.124191195
110138,0.11108082
110149,0.086797744
110164,0.0668971
110202,0.087393165
110212,0.010600266
110226,0.006452197
110236,0.020602327
110249,0.015907574
110257,0.055751912
110258,0.013015285
110277,0.01562723
110282,0.018137654
110284,0.11489136
110286,0.07014861
110289,0.013820818
110304,0.012484646
110319,0.090082124
110324,0.12652843
110326,0.01520789
110335,0.020092012
110337,0.07273326
110338,0.024346583
110343,0.069385596
110345,0.017131578
110347,0.073615424
110355,0.007166801
110359,0.042088743
110360,0.06960429
110364,0.048490576
110371,0.110355005
110372,0.018712407
110376,0.052289475
110379,0.13108206
110380,0.033412233
110393,0.032252587
110401,0.1329541
110406,0.028541569
110411,0.02857648
110416,0.01149876
110420,0.021426706
110443,0.017278152
110465,0.018397827
110468,0.02978725
110469,0.08814406
110471,0.105285265
110487,0.28613952
110491,0.1383638
110504,0.09618906
110547,0.033648245
110550,0.053809695
110559,0.15644032
110578,0.07132317
110582,0.03070953
110590,0.0153238
110598,0.041079182
110601,0.35900903
110602,0.036381193
110604,0.017248698
110625,0.092552036
110626,0.11645183
110636,0.27491108
110637,0.03485093
110638,0.073514596
110646,0.0316663
110648,0.028675837
110652,0.033247102
110681,0.030533785
110682,0.12098159
110687,0.08072383
110691,0.020751558
110694,0.08408517
110695,0.030176092
110696,0.2000679
110708,0.0140523845
110710,0.011142211
110717,0.058865532
110730,0.042508774
110740,0.030022593
110742,0.024050549
110747,0.021643052
110761,0.031549998
110766,0.015662745
110769,0.02697851
110774,0.056358986
110803,0.024041528
110805,0.014855095
110809,0.1983783
110827,0.025682159
110832,0.021534499
110839,0.055141874
110859,0.15096453
110861,0.012731306
110863,0.094995745
110865,0.1104087
110881,0.093037635
110889,0.038639255
110891,0.011124909
110894,0.009836836
110895,0.13001287
110907,0.24537727
110914,0.052617434
110933,0.02006695
110934,0.008497216
110937,0.028190825
110953,0.019312628
110954,0.09617484
110958,0.22271608
110970,0.06105936
110974,0.07704394
110977,0.059238378
110989,0.018736664
110993,0.41132975
110994,0.106864884
111018,0.01511142
111019,0.027942732
111030,0.04236655
111032,0.0984203
111041,0.0137606785
111045,0.042278044
111048,0.02123852
111052,0.037711002
111070,0.19516385
111084,0.14798376
111091,0.11408784
111104,0.012572054
111108,0.035489544
111112,0.017881967
111127,0.008626603
111142,0.07902624
111146,0.47484162
111165,0.033164486
111168,0.032500073
111169,0.26532078
111172,0.018799499
111173,0.015652869
111174,0.053950604
111175,0.2002342
111176,0.042918883
111177,0.05538743
111180,0.026744178
111182,0.03293809
111192,0.014015924
111194,0.12691389
111196,0.33012068
111197,0.02169177
111198,0.042780563
111205,0.029316025
111207,0.06016282
111222,0.0067360485
111228,0.03753512
111233,0.024819132
111256,0.045850754
111258,0.008026058
111262,0.028660916
111263,0.112682566
111267,0.020070247
111269,0.027971316
111276,0.033316795
111277,0.24546623
111279,0.067080766
111290,0.021068498
111294,0.008556379
111295,0.09636663
111315,0.28770098
111318,0.064629935
111327,0.029219875
111328,0.10847786
111332,0.06955258
111338,0.014147844
111343,0.0629633
111344,0.023773408
111345,0.37759456
111347,0.01664668
111356,0.009865485
111359,0.053084314
111367,0.013099812
111368,0.0118291825
111391,0.20284604
111408,0.006389326
111412,0.14086014
111419,0.12677631
111422,0.02569737
111423,0.2548795
111439,0.102480955
111452,0.53690493
111456,0.065879725
111467,0.022404939
111478,0.1681003
111482,0.038011555
111488,0.31988782
111503,0.058377765
111510,0.020513505
111512,0.010093261
111518,0.046060666
111532,0.06487094
111537,0.012749711
111541,0.07229966
111544,0.091667786
111550,0.037545327
111554,0.072637424
111560,0.22361827
111566,0.029092282
111567,0.097288415
111592,0.024633318
111618,0.07997222
111620,0.09805405
111627,0.012558331
111641,0.23876344
111646,0.2841386
111652,0.025916949
111657,0.051977556
111664,0.0482747
111665,0.098120764
111669,0.023533566
111673,0.010435011
111687,0.020868039
111688,0.018173993
111689,0.016825818
111694,0.07768984
111695,0.071852
111698,0.058287
111703,0.007017323
111709,0.016035374
111712,0.051804494
111715,0.06513901
111724,0.11985336
111730,0.025884649
111747,0.036502093
111760,0.02688089
111761,0.015227811
111763,0.07903748
111776,0.08284527
111777,0.009889676
111781,0.018222285
111793,0.03700519
111804,0.20213872
111810,0.08065326
111816,0.018548816
111818,0.037817996
111830,0.01791898
111832,0.031096626
111841,0.038951285
111842,0.026921999
111843,0.06012582
111846,0.09815546
111848,0.15154998
111856,0.043261606
111857,0.00807216
111877,0.018499807
111882,0.07700596
111883,0.063252494
111891,0.014517345
111893,0.032142416
111901,0.06348361
111912,0.042179376
111913,0.013246605
111955,0.017128643
111958,0.012994796
111960,0.0502233
111967,0.016656827
112000,0.0776735
112003,0.11349604
112015,0.3148368
112019,0.27182335
112020,0.028566532
112028,0.02855118
112029,0.03491192
112031,0.047896113
112039,0.046744075
112042,0.014874682
112049,0.010588534
112052,0.23729305
112054,0.015524264
112055,0.023435721
112063,0.09617181
112070,0.027330887
112071,0.0335426
112080,0.011838103
112083,0.018815836
112085,0.0128929075
112089,0.08987935
112098,0.09771178
112100,0.023273136
112105,0.1161062
112124,0.020644972
112126,0.04055159
112127,0.023709089
112128,0.030236196
112148,0.02036456
112149,0.04654201
112165,0.1337393
112170,0.019227393
112171,0.031655006
112176,0.11896254
112186,0.025627734
112199,0.047557995
112203,0.034957524
112214,0.09622653
112215,0.02383973
112216,0.03825939
112224,0.09717837
112225,0.048947237
112231,0.15692559
112234,0.0975424
112235,0.030602967
112236,0.0406308
112254,0.14388235
112265,0.098306224
112271,0.020005
112284,0.030912895
112287,0.07247409
112295,0.23738584
112303,0.06930096
112307,0.18235616
112310,0.021602377
112312,0.13016988
112313,0.04056564
112326,0.03991506
112333,0.034979373
112334,0.024585526
112339,0.03957428
112347,0.05354532
112350,0.04674495
112356,0.052340988
112357,0.062188324
112359,0.05646102
112360,0.05080389
112371,0.2259928
112385,0.022846559
112392,0.026756609
112401,0.08354243
112405,0.15693456
112414,0.1438784
112429,0.08955518
112448,0.030935453
112467,0.08199503
112468,0.09465332
112469,0.07053071
112491,0.049617127
112500,0.08884394
112510,0.16261889
112535,0.068238616
112537,0.019722166
112551,0.019768275
112552,0.06945916
112556,0.108035296
112577,0.04553096
112590,0.034049284
112593,0.01649608
112596,0.16397566
112601,0.02516472
112604,0.075770326
112622,0.014458831
112655,0.016033359
112663,0.009489056
112667,0.008297877
112670,0.04307308
112676,0.059659377
112677,0.049664505
112679,0.021201612
112683,0.2884578
112688,0.01779444
112692,0.075182155
112696,0.13573018
112702,0.016312748
112709,0.009148939
112720,0.05386222
112735,0.016710788
112738,0.05559007
112742,0.007682246
112748,0.012774518
112749,0.07582959
112766,0.025257811
112767,0.017537057
112769,0.03623443
112771,0.10158789
112775,0.022882009
112794,0.061768506
112795,0.012081332
112796,0.015496545
112815,0.014663413
112817,0.14570245
112821,0.03430444
112822,0.07388614
112829,0.11234827
112831,0.1285236
112835,0.045474514
112838,0.026810657
112842,0.023146022
112844,0.10590999
112845,0.009690555
112846,0.045139384
112847,0.019635368
112867,0.046784893
112868,0.027315255
112874,0.012664481
112879,0.008144515
112882,0.12057791
112886,0.044582926
112895,0.041735247
112896,0.032112516
112902,0.02784039
112904,0.026634682
112917,0.40031812
112932,0.07808755
112944,0.012742166
112946,0.115498215
112947,0.034275576
112948,0.030585157
112966,0.07793968
112967,0.012571263
112971,0.060291428
112973,0.033310145
112974,0.012140056
112978,0.08073239
112988,0.01651712
112992,0.28351948
113003,0.03533333
113004,0.039832264
113007,0.25874698
113020,0.10401043
113025,0.14058168
113032,0.014281183
113042,0.13550532
113047,0.015378193
113066,0.019134928
113067,0.1608541
113071,0.06862757
113087,0.06778959
113108,0.009749748
113109,0.033032857
113123,0.01982267
113128,0.22171867
113134,0.05709341
113151,0.046241466
113175,0.11211747
113181,0.021509493
113188,0.28616178
113191,0.050927993
113193,0.15052302
113201,0.088268384
113209,0.07597774
113222,0.05271662
113248,0.007680695
113272,0.05354928
113276,0.013930849
113287,0.011049545
113302,0.020063588
113308,0.06932309
113316,0.15282056
113318,0.048602805
113320,0.04209408
113322,0.20829178
113325,0.06330557
113326,0.11823077
113332,0.044190254
113346,0.3377369
113352,0.014350556
113361,0.011727862
113362,0.025309939
113365,0.030459212
113366,0.032152623
113368,0.027716815
113382,0.008746911
113385,0.026491988
113390,0.04717819
113391,0.03693452
113393,0.04141905
113396,0.031673744
113397,0.08720765
113402,0.029584946
113403,0.036595825
113405,0.036776595
113406,0.07729047
113410,0.16861628
113413,0.041290987
113418,0.04297005
113419,0.018383205
113435,0.1902799
113438,0.1469094
113447,0.009504647
113458,0.10744175
113466,0.035384655
113475,0.028348584
113482,0.07598696
113490,0.023217754
113505,0.026197685
113508,0.04710449
113520,0.043716352
113532,0.050339043
113535,0.024662634
113549,0.015269791
113557,0.12327525
113558,0.015117883
113561,0.079593435
113566,0.026594503
113569,0.13730729
113574,0.029332606
113576,0.08010458
113577,0.029530007
113585,0.029709173
113587,0.16962922
113599,0.073990844
113601,0.03864654
113602,0.03658109
113605,0.07321198
113609,0.058289073
113611,0.06021151
113616,0.03375396
113627,0.67525584
113631,0.18511693
113643,0.027752355
113652,0.07651391
113657,0.040205337
113659,0.016857289
113672,0.06350427
113680,0.0130459815
113692,0.0678228
113694,0.04491401
113695,0.061769735
113701,0.014101353
113733,0.0166182
113738,0.089362115
113740,0.09283784
113742,0.023655996
113777,0.005127924
113783,0.05819477
113788,0.026419446
113789,0.06085618
113791,0.08934612
113795,0.056338646
113799,0.03651823
113805,0.014443648
113820,0.021434842
113822,0.010067863
113824,0.051745184
113829,0.04945125
113832,0.017287219
113833,0.08441495
113841,0.017271915
113849,0.03957796
113862,0.15617596
113863,0.1176651
113864,0.020585764
113870,0.014641723
113875,0.022950852
113882,0.031248596
113887,0.061821498
113894,0.026771545
113909,0.015591567
113930,0.1175475
113936,0.080327444
113939,0.044254333
113942,0.03992972
113943,0.2178391
113945,0.0813646
113947,0.009906482
113950,0.017654907
113951,0.13682091
113957,0.07028001
113966,0.0862348
113967,0.051299237
113977,0.04490919
113984,0.21384598
113986,0.0625016
113992,0.012071244
113998,0.0064353603
113999,0.5961033
114003,0.0340214
114010,0.013310425
114011,0.2026496
114032,0.010978803
114047,0.06286442
114055,0.027298525
114056,0.1606063
114064,0.10199284
114065,0.013017958
114067,0.025289143
114068,0.014501829
114075,0.029585171
114076,0.082500264
114077,0.020659035
114094,0.023157919
114095,0.009657981
114109,0.06841471
114114,0.15729642
114116,0.025182996
114127,0.021351537
114158,0.086317316
114168,0.08715486
114169,0.09406291
114171,0.08808819
114180,0.23536937
114193,0.008025463
114198,0.0193968
114201,0.038680043
114202,0.12907098
114207,0.09367098
114210,0.08058815
114221,0.057720672
114222,0.09618593
114227,0.11493437
114250,0.012931331
114253,0.06910444
114265,0.02403821
114267,0.046941914
114273,0.1895958
114280,0.28966576
114281,0.04287592
114283,0.56118405
114291,0.11894516
114310,0.20296979
114316,0.0061068516
114326,0.006280523
114327,0.031066764
114339,0.06316638
114352,0.036333006
114359,0.19159092
114360,0.04660119
114382,0.099327445
114396,0.1366216
114397,0.027787572
114415,0.048736632
114425,0.040101673
114434,0.014984153
114456,0.13159943
114463,0.015381433
114469,0.0072270385
114476,0.008435217
114480,0.0049475394
114482,0.13529223
114492,0.012387222
114493,0.07850057
114501,0.047488414
114506,0.14256987
114510,0.016829312
114515,0.21164365
114524,0.124486834
114545,0.1869892
114546,0.010612548
114560,0.009694405
114562,0.062413268
114563,0.047108628
114566,0.089255035
114599,0.012179065
114601,0.007840597
114607,0.081157684
114612,0.021010535
114622,0.09021616
114625,0.36395758
114634,0.11681898
114635,0.030904071
114641,0.0072748684
114644,0.034263015
114645,0.14224944
114651,0.011384992
114653,0.0066950424
114654,0.04338381
114667,0.02778101
114668,0.19984157
114670,0.02502645
114686,0.052694738
114688,0.25494224
114690,0.045058474
114691,0.021232978
114700,0.040314198
114706,0.0116858855
114740,0.052892942
114741,0.13070422
114755,0.012246516
114757,0.010014421
114767,0.023488786
114772,0.38929513
114780,0.12980683
114782,0.034748793
114791,0.03033754
114815,0.050826352
114823,0.028679468
114835,0.057222884
114838,0.008231347
114840,0.029042639
114842,0.03299085
114844,0.08828144
114850,0.12041737
114853,0.013722487
114856,0.28423843
114857,0.023400303
114858,0.0627334
114864,0.028347675
114871,0.019599775
114875,0.061609577
114879,0.0425172
114893,0.026617602
114912,0.050921142
114922,0.030722523
114930,0.015122078
114945,0.02744945
114951,0.007530462
114958,0.022562873
114962,0.03425167
114976,0.06310614
114978,0.11206327
114987,0.033175148
115002,0.019627571
115005,0.020189274
115023,0.22708088
115030,0.02650237
115033,0.12698026
115034,0.05794679
115038,0.009315131
115046,0.036561742
115049,0.03476606
115055,0.024304185
115059,0.027370203
115076,0.11404112
115078,0.030927053
115081,0.04232806
115085,0.053736888
115096,0.03713327
115101,0.017641991
115114,0.036152646
115119,0.02710512
115121,0.060694017
115122,0.06674959
115144,0.073429
115147,0.1670625
115151,0.010471921
115172,0.03265016
115175,0.0794937
115183,0.010319484
115185,0.105012886
115197,0.03420875
115200,0.053343628
115207,0.06631691
115217,0.008980952
115230,0.050717313
115237,0.017443165
115246,0.021982847
115251,0.019127956
115269,0.16026798
115290,0.086903535
115299,0.039091248
115309,0.3103024
115310,0.036512025
115311,0.012858751
115312,0.014922124
115323,0.01159013
115324,0.032327108
115341,0.09682165
115342,0.02646049
115343,0.009926432
115350,0.059878126
115354,0.07682619
115360,0.13221824
115368,0.042725347
115373,0.029692303
115396,0.2139552
115400,0.045307226
115401,0.016248975
115404,0.013992068
115405,0.053239908
115406,0.021776704
115407,0.010280171
115412,0.017107375
115413,0.0282508
115415,0.044352826
115423,0.0173507
115427,0.11513883
115428,0.007440827
115439,0.055154964
115440,0.19735494
115447,0.021407552
115450,0.024542382
115457,0.038377143
115459,0.046842072
115463,0.030120697
115473,0.11112696
115477,0.011842182
115479,0.0151432315
115480,0.11744053
115481,0.03718904
115485,0.13701095
115489,0.041458126
115495,0.016844243
115500,0.028548319
115521,0.039180346
115572,0.009587672
115580,0.011243171
115582,0.010508714
115586,0.014280792
115587,0.09024302
115588,0.019888937
115591,0.12484174
115592,0.017920088
115618,0.0067390045
115619,0.0495972
115621,0.24778363
115632,0.15418124
115646,0.04640826
115658,0.057375442
115671,0.029807871
115680,0.03596931
115686,0.022719301
115688,0.016431298
115705,0.08253337
115707,0.019111857
115708,0.021406837
115726,0.25422022
115759,0.044647656
115773,0.021530548
115777,0.0125627415
115778,0.18451819
115781,0.008802191
115801,0.24112085
115804,0.050978556
115810,0.06720954
115812,0.047430497
115820,0.15643427
115827,0.058245853
115831,0.057106405
115841,0.071765296
115846,0.12109054
115852,0.010867128
115857,0.030813055
115858,0.050606757
115860,0.020692756
115865,0.031760827
115867,0.10523291
115869,0.07119491
115877,0.08467671
115904,0.050617397
115913,0.10288946
115916,0.024964642
115928,0.03635223
115932,0.032847628
115933,0.02313778
115937,0.21127592
115938,0.009389546
115957,0.030395225
115958,0.0853989
115969,0.009233174
115980,0.029725993
115984,0.012056424
116006,0.10053678
116007,0.12505648
116008,0.069278285
116009,0.15094326
116011,0.013083323
116012,0.09838028
116015,0.33101147
116025,0.13448739
116047,0.013509782
116052,0.0737616
116068,0.01660627
116077,0.10581227
116084,0.024741512
116089,0.013104346
116093,0.026607005
116097,0.10541865
116102,0.13026913
116118,0.031070646
116119,0.012461972
116125,0.018624738
116128,0.102665626
116135,0.025574397
116140,0.24020714
116141,0.012281046
116142,0.073171325
116153,0.028697088
116156,0.01103969
116157,0.037367877
116167,0.013547652
116168,0.048807263
116175,0.017545814
116187,0.012361567
116189,0.047539707
116191,0.08312101
116201,0.14644636
116210,0.087553136
116213,0.06832157
116215,0.10397245
116223,0.032661688
116226,0.0249804
116228,0.0142668225
116241,0.014559687
116247,0.010317563
116266,0.018260408
116276,0.48585773
116287,0.008480701
116289,0.043353252
116292,0.04500465
116306,0.016969418
116309,0.016103763
116312,0.012484746
116313,0.03507001
116335,0.030624568
116342,0.07075524
116348,0.013773969
116367,0.029432965
116380,0.030933436
116383,0.08762215
116389,0.06156628
116395,0.22197796
116397,0.03090782
116398,0.07509075
116402,0.039851762
116404,0.029389698
116406,0.022071665
116424,0.068919234
116428,0.0049028564
116436,0.027450217
116440,0.014637128
116448,0.05184515
116458,0.010752529
116466,0.011816437
116469,0.015645672
116473,0.02919136
116474,0.05609612
116479,0.024730302
116480,0.02528778
116491,0.0148950005
116493,0.033874083
116505,0.040703714
116511,0.019657148
116525,0.017742973
116535,0.089097425
116544,0.017105628
116546,0.006382901
116562,0.030615387
116565,0.03496039
116578,0.017451799
116579,0.018778939
116580,0.12384832
116582,0.010241982
116584,0.010419148
116586,0.1490679
116596,0.01769224
116597,0.058165938
116598,0.018068513
116604,0.15749735
116608,0.013224542
116609,0.027400002
116613,0.01870839
116614,0.033816673
116615,0.07282576
116633,0.06988339
116637,0.026035428
116643,0.0155532025
116647,0.07164607
116656,0.04512531
116659,0.027918708
116662,0.087579906
116676,0.055663913
116680,0.03490429
116681,0.039376453
116683,0.1317357
116684,0.029697126
116712,0.03062753
116720,0.025608163
116726,0.06048069
116729,0.020480426
116737,0.16188414
116745,0.029342175
116747,0.034807112
116766,0.008474694
116781,0.020420315
116783,0.030969584
116787,0.02341139
116788,0.23474407
116789,0.011763181
116801,0.022283683
116803,0.024432471
116804,0.058610376
116806,0.033051636
116815,0.053814575
116817,0.018509272
116825,0.045287542
116828,0.007223172
116829,0.046071324
116853,0.056752864
116854,0.111769274
116859,0.054737132
116860,0.10660294
116865,0.049777262
116872,0.20297232
116880,0.41159707
116882,0.03815959
116893,0.05958636
116896,0.08295842
116906,0.010882566
116908,0.09643621
116925,0.020421606
116926,0.28374568
116948,0.058294713
116949,0.10420844
116955,0.05169892
116964,0.032399625
116974,0.031001039
116976,0.18158984
116990,0.02005692
116993,0.06975174
116994,0.08559607
116997,0.076707534
117003,0.017940942
117007,0.04264557
117011,0.038381636
117012,0.026146617
117019,0.009032624
117021,0.0070692874
117030,0.10036741
117036,0.0242679
117043,0.13301143
117054,0.030003645
117070,0.13413967
117077,0.18907645
117087,0.032574333
117093,0.044832066
117105,0.04141368
117112,0.12539077
117129,0.32804224
117135,0.1258517
117138,0.21615177
117142,0.021584705
117148,0.13519733
117157,0.18941803
117170,0.011732531
117171,0.019906137
117172,0.048770636
117178,0.09665449
117186,0.07299139
117187,0.052005388
117193,0.1283088
117194,0.10194545
117199,0.026056722
117207,0.0347152
117211,0.06461784
117216,0.44214478
117217,0.015177328
117218,0.025170226
117219,0.047493063
117224,0.020020522
117225,0.022953527
117239,0.054465108
117242,0.042449147
117249,0.10648259
117255,0.034588672
117257,0.2055795
117272,0.0072680404
117284,0.18334785
117287,0.04257644
117293,0.015298292
117298,0.23069431
117299,0.018683502
117307,0.01330298
117321,0.03372059
117323,0.028149838
117326,0.12491135
117327,0.1812594
117341,0.017158667
117350,0.06404506
117362,0.15208597
117375,0.0255293
117391,0.07498864
117392,0.03388973
117396,0.22329047
117399,0.04800617
117400,0.048798613
117402,0.032227237
117406,0.11248958
117417,0.3476243
117418,0.0888888
117425,0.05473018
117428,0.032829486
117443,0.032702908
117448,0.023165744
117449,0.017162878
117450,0.27911666
117463,0.06587131
117467,0.02694078
117478,0.026030313
117480,0.23456423
117483,0.12992944
117484,0.055646423
117495,0.042271487
117498,0.009651613
117501,0.04984627
117503,0.07410086
117520,0.55012995
117524,0.06544772
117525,0.18933533
117526,0.095671296
117527,0.08255409
117531,0.018294062
117545,0.04988267
117547,0.2449395
117557,0.09726389
117563,0.02663697
117564,0.037111245
117598,0.21001133
117599,0.033268705
117610,0.014775351
117614,0.034045033
117616,0.22859871
117623,0.028705005
117625,0.25490782
117633,0.011789987
117634,0.07542386
117639,0.120045066
117652,0.027849838
117653,0.08259222
117660,0.024444457
117661,0.016836204
117662,0.08652872
117676,0.059536826
117677,0.15210736
117681,0.026713561
117684,0.096742585
117707,0.093681276
117736,0.13821295
117737,0.16383433
117741,0.05505018
117746,0.2127434
117753,0.08043034
117755,0.066021204
117775,0.04166804
117784,0.116958454
117786,0.06774087
117791,0.026732381
117801,0.08143283
117805,0.025363473
117816,0.019327994
117824,0.1256387
117835,0.16458468
117837,0.024859777
117847,0.040653095
117853,0.034193125
117854,0.02893005
117886,0.03603543
117900,0.014958354
117920,0.38916868
117924,0.02663546
117925,0.101854235
117934,0.034031168
117957,0.068853565
117959,0.11878081
117967,0.1322348
117969,0.116844326
117981,0.01749685
117982,0.046527926
117996,0.11116451
118000,0.09584483
118018,0.12043099
118025,0.060579598
118026,0.3497432
118044,0.076062985
118045,0.07352608
118048,0.025987033
118055,0.07873181
118058,0.01053622
118060,0.47294
118066,0.010989548
118071,0.043033738
118072,0.20640913
118082,0.025397796
118089,0.100859344
118106,0.027226461
118115,0.03654302
118127,0.34384322
118144,0.06336237
118150,0.013085826
118151,0.01711379
118157,0.3070692
118162,0.012553787
118163,0.00976094
118166,0.05904281
118181,0.032375883
118191,0.019911699
118202,0.16128731
118205,0.04322692
118214,0.023947842
118251,0.16299042
118264,0.17160547
118271,0.50722605
118272,0.10677115
118276,0.19180082
118287,0.19883633
118291,0.01434751
118292,0.04825575
118294,0.022830114
118305,0.034821816
118312,0.054536533
118319,0.02730922
118321,0.01218473
118326,0.32207873
118342,0.16158894
118343,0.030481175
118353,0.11963731
118354,0.030682314
118358,0.018117925
118359,0.054001145
118365,0.08911068
118367,0.009736519
118368,0.016729819
118371,0.04890076
118378,0.020830994
118379,0.045802657
118383,0.023960061
118386,0.061966646
118387,0.02811123
118400,0.05643413
118403,0.029428955
118428,0.10835039
118440,0.078954235
118459,0.03354241
118490,0.01826317
118491,0.041085515
118492,0.062374946
118498,0.113791704
118499,0.10482233
118509,0.059966788
118518,0.017126158
118531,0.064905636
118532,0.03289014
118546,0.008260628
118548,0.062209755
118558,0.04125125
118560,0.07476802
118561,0.010775208
118562,0.26979917
118564,0.04830403
118569,0.14102955
118578,0.033451274
118585,0.024951516
118591,0.017355233
118592,0.036765516
118594,0.046790127
118611,0.012404834
118614,0.06942005
118622,0.023399377
118641,0.031330906
118642,0.02960966
118650,0.071777426
118666,0.051165618
118696,0.12829894
118697,0.011634101
118710,0.009900654
118717,0.0605275
118720,0.019333253
118735,0.020145057
118747,0.023800405
118750,0.050189216
118789,0.032629754
118791,0.025892664
118803,0.072327554
118804,0.06337131
118806,0.20563047
118809,0.05778452
118823,0.11931176
118842,0.035129517
118871,0.27488694
118874,0.04207252
118876,0.029525194
118886,0.09974697
118888,0.13288887
118889,0.0059804814
118894,0.041707937
118898,0.0113626
118905,0.13316835
118911,0.016221516
118915,0.019621788
118916,0.08671662
118925,0.03520566
118926,0.047186255
118929,0.07594352
118935,0.023128083
118947,0.07723976
118951,0.00848748
118953,0.019174987
118960,0.08960602
118973,0.038702637
119001,0.083596416
119003,0.15803924
119009,0.06137985
119011,0.027804673
119012,0.105807975
119014,0.042662963
119025,0.012452111
119047,0.07733753
119049,0.01825903
119057,0.039928332
119062,0.011121973
119064,0.024274837
119069,0.0345931
119079,0.005830584
119088,0.012858918
119091,0.2558875
119095,0.15699965
119104,0.03182269
119108,0.15057796
119109,0.029934978
119115,0.051990952
119125,0.011072686
119146,0.021977417
119148,0.037884425
119160,0.22447756
119164,0.3040925
119169,0.041149564
119179,0.16822848
119187,0.039369583
119191,0.0149560645
119205,0.010118779
119207,0.02931834
119208,0.016368544
119217,0.05689984
119230,0.07203936
119232,0.057118963
119236,0.274522
119238,0.04725679
119240,0.048206896
119250,0.1496577
119251,0.05266642
119252,0.031562433
119266,0.020627562
119267,0.015283135
119270,0.14480522
119272,0.08374781
119276,0.12208711
119281,0.008233575
119295,0.03460897
119313,0.07393511
119318,0.03687752
119321,0.050686434
119340,0.056937046
119341,0.011631399
119344,0.05339279
119348,0.0332037
119353,0.014672962
119361,0.06740217
119362,0.3495647
119376,0.07142897
119383,0.049628407
119391,0.13903157
119394,0.051395927
119395,0.036917206
119415,0.04197566
119430,0.14406298
119441,0.02220508
119454,0.043556932
119468,0.032969933
119474,0.24008942
119492,0.018356564
119496,0.07297374
119500,0.11070344
119501,0.14232518
119510,0.028603766
119518,0.021427494
119524,0.17786932
119533,0.16234547
119540,0.08770706
119553,0.012002114
119573,0.064424776
119593,0.0672367
119594,0.024678938
119595,0.37377506
119596,0.04619203
119607,0.27820122
119609,0.06363394
119616,0.06620679
119618,0.07389446
119619,0.18840218
119628,0.032832406
119630,0.021849276
119632,0.025020547
119648,0.49630493
119671,0.02898669
119675,0.054543465
119683,0.031696387
119689,0.010161031
119697,0.03166784
119698,0.26943684
119702,0.21351877
119709,0.075632
119715,0.007177584
119718,0.005754617
119719,0.30164033
119731,0.1405439
119736,0.07722791
119745,0.07526987
119749,0.0072525973
119751,0.041641988
119757,0.09607518
119761,0.026370736
119762,0.120488666
119771,0.08796377
119778,0.020242924
119784,0.04240955
119788,0.019755632
119802,0.0043522064
119803,0.1174036
119806,0.09409065
119810,0.02098122
119811,0.18246174
119813,0.28155595
119820,0.10220158
119821,0.38950393
119842,0.051333256
119843,0.035472147
119844,0.023830174
119861,0.009385688
119866,0.03675593
119868,0.034703724
119875,0.117470145
119896,0.65287673
119898,0.009300387
119921,0.03528806
119922,0.049330536
119929,0.05658436
119934,0.016870104
119938,0.025835495
119947,0.0223648
119948,0.32318893
119967,0.039772365
119977,0.07928679
119980,0.07294739
119984,0.053751085
119989,0.23335984
119990,0.03836696
119994,0.018128203
119999,0.08472325
120004,0.02340792
120020,0.068933554
120030,0.012239958
120036,0.041960046
120050,0.33071095
120051,0.26950824
120053,0.048840888
120075,0.031719908
120076,0.03397663
120088,0.024657087
120099,0.0319911
120101,0.032576703
120102,0.012472949
120108,0.010265497
120145,0.057450317
120146,0.26537293
120154,0.06346515
120156,0.0939354
120165,0.034660835
120166,0.031363253
120176,0.037827745
120179,0.08128793
120182,0.013822544
120198,0.013063453
120205,0.10612524
120208,0.059382997
120214,0.01508831
120220,0.16526751
120227,0.06267584
120233,0.06445241
120240,0.036217038
120243,0.014841374
120266,0.039357014
120268,0.11718458
120280,0.109
120281,0.059637323
120284,0.021620724
120298,0.019419799
120304,0.048702683
120306,0.029167337
120320,0.16960606
120325,0.01676475
120326,0.059141245
120335,0.19435355
120341,0.029214771
120343,0.033652835
120388,0.00946553
120390,0.022721872
120404,0.009308621
120405,0.023332156
120408,0.1287271
120415,0.11547313
120421,0.2272931
120422,0.07218663
120433,0.046994362
120437,0.32726118
120440,0.059632838
120441,0.07138667
120449,0.0715701
120457,0.047837555
120459,0.0151213575
120460,0.01507338
120463,0.11765361
120464,0.019212633
120470,0.0772039
120488,0.2780678
120535,0.02197814
120538,0.021924028
120539,0.17735825
120541,0.18022558
120562,0.017188858
120570,0.051721387
120580,0.056195334
120581,0.075242035
120591,0.27426675
120593,0.067191936
120598,0.03039734
120603,0.011238366
120607,0.1387189
120642,0.018529562
120647,0.026465872
120649,0.0075862682
120664,0.017366532
120665,0.00873484
120671,0.0741785
120678,0.011985424
120679,0.018737875
120680,0.079831526
120681,0.048589
120691,0.1545558
120696,0.014627049
120697,0.1383029
120713,0.06530553
120721,0.18323871
120725,0.054618053
120734,0.090291455
120740,0.23504002
120748,0.11211397
120755,0.03913133
120759,0.038812198
120761,0.038813658
120764,0.059738047
120770,0.044273853
120777,0.025802102
120796,0.012471343
120803,0.12960654
120809,0.038676172
120811,0.032144606
120826,0.0997511
120829,0.097627565
120832,0.04106511
120840,0.18996766
120857,0.068894416
120885,0.05177399
120891,0.019493181
120894,0.018340759
120905,0.15589389
120913,0.017015357
120914,0.013715894
120918,0.025346665
120921,0.029253483
120923,0.060867783
120927,0.081925556
120928,0.14127438
120934,0.22393556
120936,0.024298739
120942,0.021973189
120946,0.035026442
120947,0.02783015
120953,0.023990322
120955,0.020382805
120956,0.1496633
120977,0.068725914
120980,0.28014165
120981,0.024238791
120982,0.0077349446
120991,0.14536008
121011,0.03332829
121013,0.014165796
121018,0.07227352
121020,0.011383416
121037,0.01313261
121038,0.039275624
121039,0.035690423
121045,0.06378029
121046,0.0062713735
121059,0.14906044
121066,0.18444367
121078,0.21508962
121080,0.10175307
121081,0.055124387
121086,0.042017493
121099,0.038414538
121100,0.076656185
121107,0.16343364
121108,0.062381815
121111,0.0151508385
121130,0.10137842
121131,0.0861927
121135,0.23099369
121152,0.020059671
121156,0.01186703
121160,0.075760506
121162,0.14965042
121175,0.08511708
121181,0.027448883
121186,0.031563833
121197,0.007346031
121201,0.25530592
121208,0.048747115
121215,0.049481224
121220,0.1632586
121225,0.22196722
121227,0.019266374
121228,0.29203415
121243,0.06529226
121258,0.10674301
121259,0.019528646
121265,0.02390745
121279,0.030665645
121280,0.05675003
121281,0.07243178
121283,0.00933875
121288,0.030432442
121296,0.025243035
121300,0.04038157
121308,0.097616084
121321,0.046767954
121323,0.01829683
121332,0.014042512
121334,0.010621072
121348,0.009210983
121350,0.011705032
121351,0.07974994
121363,0.016820766
121379,0.085068524
121380,0.074497
121383,0.06493675
121387,0.09942148
121414,0.08643947
121416,0.02961158
121422,0.10465951
121423,0.028978847
121427,0.060576797
121431,0.009892181
121438,0.033439085
121460,0.10741202
121479,0.009129938
121482,0.03488937
121483,0.15070702
121488,0.104040965
121489,0.12704247
121492,0.112570174
121502,0.03627718
121503,0.033747725
121513,0.029471017
121544,0.019172411
121545,0.010351736
121546,0.01538237
121552,0.16762225
121553,0.0491816
121556,0.10198348
121557,0.053208794
121583,0.06877591
121588,0.010428085
121596,0.07493946
121597,0.015028464
121612,0.007055277
121618,0.023641955
121619,0.012197958
121621,0.09446534
121622,0.050946027
121626,0.07301874
121628,0.050364085
121630,0.17910068
121631,0.034992725
121632,0.09721531
121641,0.048377454
121695,0.09392139
121733,0.13691989
121754,0.044653624
121762,0.094141364
121765,0.012427703
121766,0.013518957
121771,0.019836415
121772,0.5343864
121778,0.20488653
121791,0.038544834
121792,0.025135662
121822,0.096500225
121825,0.13939607
121832,0.016925998
121841,0.039976437
121846,0.029932924
121850,0.028634973
121851,0.042276155
121853,0.17860511
121857,0.0343011
121862,0.022861127
121863,0.00802667
121875,0.008503032
121881,0.03718917
121896,0.077911854
121901,0.011101171
121908,0.052432984
121909,0.17035507
121916,0.05981693
121919,0.038336243
121921,0.03895497
121933,0.07402926
121947,0.021838987
121948,0.2449247
121963,0.31075028
121968,0.014392702
121970,0.028752644
121978,0.08976942
121991,0.08513588
121996,0.04957918
121997,0.37223426
122000,0.07040373
122015,0.1203309
122017,0.04371788
122027,0.048979618
122044,0.010567788
122047,0.08764896
122055,0.120569065
122065,0.042479306
122069,0.025781738
122074,0.05470668
122086,0.057885278
122089,0.07643853
122099,0.005921537
122102,0.012924703
122118,0.08946115
122124,0.020807017
122125,0.022216043
122129,0.009629188
122133,0.13847226
122135,0.040481076
122136,0.048154727
122142,0.037570436
122154,0.012702612
122158,0.14824647
122160,0.05232683
122165,0.022547852
122166,0.11167133
122170,0.027613377
122175,0.020741887
122192,0.052987
122207,0.014430376
122210,0.09784124
122215,0.030236127
122222,0.013616038
122234,0.29925337
122235,0.013473571
122236,0.016603
122248,0.14621615
122256,0.027984234
122257,0.009530014
122258,0.042655785
122259,0.026286816
122260,0.11851678
122264,0.019272514
122266,0.13516377
122268,0.066287555
122271,0.08220306
122283,0.056441568
122286,0.016534887
122288,0.0148436185
122301,0.04567188
122313,0.025348369
122322,0.052619457
122323,0.029720379
122324,0.03079275
122336,0.04545234
122338,0.24874364
122349,0.0131152
122351,0.04971063
122354,0.050469205
122358,0.023868935
122376,0.16515139
122378,0.047610942
122387,0.030928442
122392,0.15496722
122405,0.24232486
122409,0.06069626
122411,0.15474774
122415,0.042329118
122416,0.041248653
122425,0.22801574
122452,0.07351184
122453,0.08071007
122456,0.057774015
122458,0.23230277
122465,0.047318213
122468,0.014401136
122477,0.00983155
122483,0.022458795
122517,0.25120533
122521,0.42954195
122537,0.03210009
122538,0.03427321
122552,0.06179764
122557,0.08170902
122561,0.037865013
122568,0.07982323
122573,0.18205571
122583,0.096095175
122590,0.14331852
122609,0.026370771
122617,0.010688281
122621,0.06515058
122635,0.15582803
122638,0.16527803
122639,0.10917168
122644,0.01979333
122675,0.03051031
122699,0.16701475
122703,0.029066293
122706,0.048069365
122712,0.05397717
122730,0.03804957
122731,0.011518541
122736,0.07079278
122741,0.031832904
122745,0.014133187
122751,0.13350073
122768,0.02247373
122785,0.16272579
122797,0.023624156
122812,0.06589779
122816,0.019843604
122817,0.06730484
122826,0.06530464
122838,0.06332169
122845,0.008957451
122848,0.10906249
122850,0.012037743
122856,0.016304335
122862,0.1641507
122869,0.23268151
122871,0.06586973
122874,0.28307825
122875,0.043815725
122885,0.09650722
122901,0.05535557
122902,0.035943147
122903,0.09724945
122904,0.026229678
122910,0.030948112
122921,0.027748771
122925,0.065481134
122964,0.022880604
122975,0.03540532
122977,0.03819362
122984,0.23762463
122999,0.022857122
123004,0.21668449
123009,0.098541096
123012,0.084064364
123018,0.02088949
123025,0.09732069
123037,0.039356906
123038,0.044996288
123039,0.021422368
123045,0.0715861
123046,0.009473455
123051,0.027774597
123052,0.048256233
123056,0.10757394
123061,0.049564168
123072,0.11829082
123074,0.023791352
123086,0.066604346
123087,0.026731359
123091,0.091604725
123094,0.011282905
123105,0.04038838
123110,0.047520135
123113,0.022244027
123114,0.15254441
123124,0.035651118
123131,0.049418338
123136,0.25530493
123146,0.021211453
123147,0.047315992
123155,0.059233557
123163,0.03023168
123182,0.022883734
123196,0.033249743
123200,0.051045608
123204,0.028861333
123207,0.034952957
123210,0.015676219
123215,0.12530884
123227,0.014661753
123234,0.03106293
123239,0.18900375
123249,0.11884101
123252,0.12287875
123255,0.01112509
123257,0.014101102
123260,0.034097977
123263,0.047039527
123274,0.033023693
123275,0.025257882
123276,0.015977483
123292,0.045499634
123308,0.0121323615
123316,0.017601257
123328,0.014457541
123330,0.060255192
123331,0.05994422
123334,0.09768176
123343,0.003705797
123344,0.032157794
123345,0.0378227
123352,0.066171184
123356,0.01380063
123365,0.13410996
123368,0.025488496
123376,0.012790859
123381,0.06577601
123384,0.036431402
123389,0.016876046
123401,0.26616302
123419,0.013552449
123433,0.11084576
123438,0.062274415
123441,0.12814258
123456,0.06512318
123457,0.03743788
123476,0.00914563
123477,0.1106056
123489,0.087792225
123490,0.039333813
123496,0.15085028
123502,0.044519767
123503,0.08430939
123513,0.060884133
123515,0.045918033
123530,0.048446685
123532,0.03056686
123537,0.015814142
123539,0.047105346
123540,0.029413193
123546,0.032135025
123547,0.18045975
123554,0.046399344
123572,0.016126169
123574,0.0768708
123575,0.16428705
123576,0.03708449
123584,0.07753347
123586,0.059717663
123591,0.06555295
123606,0.041494682
123607,0.0754069
123615,0.010726469
123616,0.19247454
123619,0.15834257
123621,0.04318443
123622,0.020826843
123633,0.053422842
123635,0.14468421
123658,0.06968515
123659,0.029908312
123663,0.097833075
123666,0.061447527
123670,0.041186135
123678,0.02305094
123688,0.071617104
123707,0.016773151
123709,0.18079928
123720,0.14812785
123741,0.031217314
123751,0.06866428
123759,0.021796077
123765,0.2071114
123766,0.07000312
123793,0.21140163
123794,0.025876388
123809,0.059133142
123837,0.011084667
123839,0.023267793
123843,0.05041174
123851,0.05841222
123854,0.0480469
123860,0.019254051
123863,0.15243976
123879,0.09721147
123888,0.074623376
123891,0.032270677
123912,0.015033467
123942,0.031934217
123952,0.09473034
123953,0.031197187
123958,0.13157004
123966,0.008276619
123977,0.031974327
123981,0.030798804
124000,0.010131562
124023,0.028552718
124026,0.01626016
124027,0.025790317
124033,0.23623838
124053,0.043828882
124057,0.021083705
124065,0.19469264
124074,0.010962648
124079,0.12700227
124095,0.013910517
124110,0.057630464
124138,0.019577257
124167,0.107637584
124168,0.1505052
124175,0.011319068
124176,0.12575059
124181,0.065277405
124195,0.043065388
124197,0.021754319
124206,0.009283201
124225,0.058422834
124230,0.04394733
124231,0.114470355
124253,0.0897595
124257,0.046822667
124263,0.023209047
124277,0.064657345
124285,0.024896055
124289,0.018239178
124299,0.20748092
124303,0.03861272
124309,0.10804805
124316,0.069480054
124319,0.12178074
124335,0.20219168
124347,0.20880863
124359,0.12069927
124362,0.005694106
124363,0.21107295
124389,0.017901544
124390,0.02345279
124393,0.14068219
124401,0.35811746
124406,0.017391393
124407,0.017296236
124416,0.10226007
124423,0.033714563
124429,0.021877278
124431,0.086420126
124439,0.011635339
124441,0.013795539
124451,0.08512302
124454,0.010707088
124463,0.24022704
124492,0.037947074
124493,0.14079136
124503,0.02881347
124506,0.05060957
124514,0.07601755
124516,0.01355245
124519,0.007949043
124520,0.10765938
124539,0.043739263
124545,0.1792223
124546,0.04700096
124552,0.06893184
124553,0.15943913
124555,0.02457158
124575,0.008170429
124586,0.026842434
124587,0.023733422
124591,0.3434011
124595,0.056151103
124597,0.04460803
124625,0.13309082
124628,0.035912395
124647,0.06863958
124648,0.013775046
124654,0.13153797
124655,0.03762803
124656,0.023512596
124658,0.060674984
124674,0.12837401
124675,0.011887926
124686,0.113151565
124696,0.113000795
124698,0.033225402
124702,0.053186357
124704,0.11178702
124705,0.02181512
124719,0.026567187
124732,0.013649294
124734,0.03685234
124737,0.009378487
124742,0.10040538
124793,0.03519821
124816,0.32293907
124820,0.007185745
124823,0.23419827
124826,0.013757997
124829,0.018869432
124844,0.02119389
124850,0.012409024
124866,0.032690283
124868,0.012984073
124874,0.06067459
124875,0.04907233
124876,0.01260975
124887,0.029207088
124893,0.0855628
124901,0.010848559
124905,0.27363452
124906,0.13320853
124931,0.08990545
124938,0.03221386
124940,0.19311842
124947,0.042106334
124948,0.052280195
124949,0.035488408
124971,0.12808344
124974,0.026441073
124976,0.04715808
125004,0.1261102
125025,0.05173914
125029,0.038489807
125031,0.04022476
125037,0.061313406
125046,0.0058562653
125052,0.007959327
125053,0.013240969
125090,0.08449581
125093,0.0499719
125100,0.035016395
125101,0.0414167
125104,0.06952712
125111,0.12685072
125133,0.042156216
125144,0.05234876
125145,0.03849337
125149,0.028817527
125157,0.05078361
125158,0.29961112
125164,0.036586024
125167,0.013343041
125170,0.039760698
125177,0.039759006
125185,0.12367375
125190,0.050628316
125196,0.09968914
125200,0.05740045
125203,0.06211278
125215,0.03667057
125221,0.06407721
125224,0.00878231
125227,0.07428275
125252,0.0268612
125256,0.0150196
125264,0.017900325
125266,0.04124236
125267,0.017928123
125268,0.47122824
125270,0.012587056
125271,0.018957883
125276,0.02305727
125290,0.01779998
125300,0.043084748
125311,0.030697864
125327,0.027805384
125338,0.017631868
125359,0.018665783
125360,0.016131263
125366,0.009367384
125373,0.07770699
125376,0.4506498
125384,0.018933635
125387,0.13666065
125388,0.04201569
125393,0.030143524
125394,0.26312715
125396,0.005799851
125397,0.0143094305
125408,0.08707921
125409,0.107941955
125414,0.25910452
125423,0.052330676
125425,0.053415008
125436,0.11944355
125450,0.097639605
125465,0.070616186
125471,0.17662805
125488,0.038709123
125496,0.07655965
125500,0.16791494
125505,0.016740471
125507,0.048505075
125519,0.016083034
125521,0.09082412
125524,0.05275242
125531,0.27870578
125542,0.035671864
125552,0.0178979
125560,0.019413134
125573,0.012105629
125574,0.066796824
125576,0.09585454
125592,0.019192018
125604,0.13503888
125622,0.10243746
125628,0.0163641
125649,0.025661351
125668,0.075446926
125695,0.021246912
125698,0.035482727
125701,0.1104071
125705,0.066250965
125709,0.035497062
125713,0.008239321
125720,0.17223951
125727,0.18424086
125747,0.0956953
125752,0.06384589
125758,0.06656459
125772,0.0665201
125779,0.58823425
125798,0.047260135
125804,0.026693963
125814,0.024020888
125817,0.013873439
125835,0.017269952
125838,0.036477193
125842,0.05363498
125852,0.118567936
125878,0.010125907
125886,0.06697019
125896,0.21846333
125924,0.028157907
125930,0.032501355
125939,0.021158913
125957,0.03168907
125961,0.07166532
125972,0.074829906
125973,0.09884077
125975,0.0196074
125983,0.01518849
125984,0.17626715
125990,0.0637144
126016,0.086337
126022,0.02482337
126028,0.0900083
126047,0.14675102
126048,0.04461522
126067,0.021505846
126068,0.014525475
126069,0.10554147
126088,0.17740045
126121,0.009462727
126123,0.010969577
126125,0.018206477
126136,0.14750347
126159,0.027195377
126162,0.048198022
126165,0.07483211
126172,0.10228653
126175,0.14863145
126178,0.022585748
126184,0.009524663
126198,0.046884894
126202,0.1466214
126203,0.018126983
126205,0.005303135
126214,0.031672526
126231,0.12523112
126238,0.061599642
126242,0.05235184
126252,0.015059614
126263,0.08691124
126265,0.08189353
126267,0.025747536
126274,0.023842953
126299,0.04494404
126307,0.032495044
126310,0.05537747
126329,0.037468165
126331,0.07259853
126340,0.009511212
126341,0.14419346
126348,0.030731188
126349,0.019257514
126351,0.01141113
126354,0.020818802
126366,0.016248122
126370,0.013753205
126398,0.025427468
126407,0.020606514
126409,0.115713045
126431,0.011115362
126438,0.27274817
126448,0.027442973
126462,0.018670417
126464,0.019329594
126468,0.013996137
126472,0.08644538
126473,0.027395215
126479,0.051439524
126484,0.14533997
126486,0.023159284
126488,0.02359654
126490,0.06033116
126494,0.035898026
126506,0.036302406
126510,0.032014072
126513,0.022955816
126526,0.12533066
126533,0.028821653
126538,0.064299546
126549,0.12854348
126553,0.073697306
126554,0.014770999
126555,0.077016816
126579,0.057035744
126584,0.026485499
126594,0.014973577
126595,0.014528874
126596,0.17729965
126602,0.056998663
126611,0.019018896
126614,0.04044307
126636,0.045020532
126638,0.046351753
126651,0.070312634
126658,0.060638037
126674,0.010436776
126685,0.011497052
126688,0.04697655
126689,0.013195226
126707,0.2509467
126715,0.041127335
126716,0.010042634
126721,0.19234619
126722,0.034535747
126732,0.031803943
126738,0.04219467
126743,0.063885085
126744,0.027741315
126752,0.049322024
126759,0.040638074
126763,0.1944009
126775,0.033012386
126778,0.10591861
126784,0.032898985
126791,0.031151637
126792,0.017654154
126804,0.1728698
126816,0.102650814
126817,0.022835253
126822,0.01162115
126832,0.034880344
126842,0.026824614
126849,0.019503536
126850,0.01796735
126861,0.023887528
126871,0.025348188
126872,0.1816394
126880,0.04249682
126888,0.035655722
126896,0.022374827
126913,0.047005318
126918,0.027943626
126954,0.009534047
126961,0.01887065
126963,0.010866222
126965,0.23998581
126968,0.22358213
126971,0.009718031
126981,0.033435512
126984,0.1008852
126985,0.08074258
126995,0.20014928
126999,0.09400894
127007,0.048172403
127015,0.050729442
127038,0.058833707
127054,0.015048958
127057,0.012321357
127062,0.041442923
127083,0.025948662
127098,0.018053774
127102,0.01047531
127110,0.030724848
127111,0.06005375
127116,0.027010359
127126,0.02869056
127135,0.009277893
127137,0.027608287
127142,0.035515137
127151,0.048862025
127155,0.02057388
127156,0.017801434
127160,0.035635322
127169,0.11373561
127174,0.0821973
127175,0.03417762
127177,0.05082424
127192,0.0137107335
127193,0.0174542
127196,0.016377037
127197,0.10703081
127204,0.023277152
127207,0.038023382
127215,0.02126106
127226,0.061073527
127230,0.11066165
127244,0.032337867
127247,0.017755978
127249,0.030469704
127259,0.14225833
127299,0.10447534
127304,0.026908342
127308,0.21507812
127309,0.05322604
127313,0.06926672
127316,0.032094903
127317,0.028230175
127318,0.013375247
127333,0.013072319
127334,0.012565008
127336,0.015331617
127346,0.08138927
127370,0.019006018
127375,0.10400057
127390,0.05705937
127392,0.097684145
127398,0.055366434
127400,0.030069172
127402,0.062125284
127407,0.06889725
127412,0.012437324
127413,0.01933412
127415,0.019692916
127418,0.1937543
127425,0.08129164
127432,0.020834226
127436,0.019373778
127448,0.012193525
127449,0.053089097
127463,0.06600347
127464,0.07169569
127468,0.018751036
127481,0.020812787
127492,0.20277235
127495,0.035940837
127496,0.041291215
127501,0.073668174
127508,0.023234084
127531,0.015897179
127554,0.04782918
127562,0.013760818
127565,0.01263534
127567,0.029581595
127582,0.04421202
127593,0.03533011
127595,0.015116331
127614,0.027495144
127627,0.027907101
127630,0.029230429
127638,0.08998506
127639,0.019245474
127641,0.019087764
127643,0.033031724
127665,0.041024346
127674,0.013915231
127676,0.09623657
127693,0.084774084
127701,0.019307557
127702,0.10475757
127709,0.1409727
127720,0.04709966
127733,0.032318678
127739,0.07615884
127753,0.023688896
127756,0.0236663
127757,0.1539475
127777,0.11180377
127810,0.1855038
127811,0.06425481
127821,0.073550865
127835,0.02161642
127839,0.027020182
127870,0.13968071
127878,0.13978344
127887,0.10832231
127918,0.09325589
127919,0.20845363
127920,0.026544405
127932,0.018671537
127933,0.081807524
127953,0.01639261
127955,0.03663837
127957,0.015556984
127961,0.063631244
127967,0.11857371
127970,0.14977147
127975,0.076036714
127985,0.015890252
127991,0.019886091
127997,0.030818818
127999,0.01205166
128004,0.018507697
128005,0.045737077
128015,0.07256752
128018,0.043839272
128044,0.09836501
128046,0.026837995
128047,0.0604873
128048,0.17478134
128054,0.06762607
128066,0.053303707
128070,0.011715263
128071,0.08607544
128094,0.05914948
128095,0.038970947
128099,0.103460975
128116,0.006267301
128130,0.04126886
128132,0.06920376
128133,0.34604907
128140,0.012309993
128154,0.06851851
128156,0.14282338
128160,0.0126244
128165,0.20372255
128166,0.010930942
128169,0.015581027
128171,0.023443533
128177,0.057380192
128178,0.013084578
128182,0.009331174
128191,0.19487019
128199,0.11563848
128213,0.06445633
128214,0.023206217
128216,0.026057582
128217,0.13506055
128226,0.079808906
128229,0.042764865
128232,0.0938784
128246,0.016311001
128273,0.07929099
128274,0.043707274
128283,0.02057709
128284,0.0633736
128294,0.14687273
128295,0.08408417
128297,0.08758226
128300,0.017157506
128314,0.019528408
128317,0.013019772
128339,0.022826219
128340,0.009535301
128342,0.047059063
128343,0.038017455
128364,0.07968324
128368,0.27851644
128377,0.022458255
128380,0.013290996
128383,0.027838564
128407,0.019826178
128409,0.019508917
128423,0.038600087
128428,0.014077537
128433,0.059010606
128438,0.12772524
128439,0.059160784
128446,0.057768703
128447,0.03502534
128450,0.13004468
128455,0.17696509
128457,0.12036202
128464,0.024912398
128465,0.056304276
128471,0.021507014
128474,0.068938695
128483,0.028878983
128514,0.040695764
128516,0.032079287
128519,0.04602777
128528,0.016467886
128529,0.14494587
128536,0.05236604
128541,0.012435332
128542,0.046823114
128545,0.010938774
128557,0.012162705
128560,0.06612398
128568,0.03630001
128571,0.023697495
128578,0.0110478215
128582,0.11279212
128588,0.094396606
128597,0.09262059
128610,0.16180246
128619,0.2462377
128630,0.065542534
128680,0.056374405
128684,0.039539445
128687,0.022223635
128699,0.12967186
128702,0.035673518
128704,0.04161806
128710,0.16040662
128720,0.06928921
128724,0.02190564
128727,0.06768802
128744,0.075192764
128745,0.026972815
128760,0.054113887
128766,0.2704374
128770,0.03996776
128782,0.16468611
128822,0.013209833
128830,0.23703787
128836,0.08102661
128845,0.03015867
128858,0.0248864
128859,0.014245982
128860,0.044596367
128874,0.09999321
128880,0.09060617
128882,0.11840216
128883,0.03374463
128884,0.015848348
128892,0.059374265
128905,0.04766713
128910,0.06661977
128912,0.05928977
128915,0.024586216
128917,0.056032166
128937,0.0126292575
128942,0.07311306
128945,0.02954805
128957,0.04952007
128962,0.03594924
128970,0.017802564
128985,0.052457057
128986,0.021305514
128992,0.00842937
128994,0.04505956
129003,0.032021
129005,0.108403236
129010,0.016655559
129024,0.07910779
129038,0.030340662
129042,0.038278867
129049,0.013446674
129062,0.08917497
129067,0.08666993
129070,0.016168414
129073,0.010191584
129074,0.055588525
129088,0.024861436
129090,0.05772816
129101,0.29689825
129102,0.03239841
129106,0.053885378
129108,0.121122085
129120,0.040150963
129122,0.03219643
129123,0.35259178
129135,0.051567797
129141,0.1052934
129152,0.07403581
129160,0.03955657
129168,0.060667325
129174,0.052683048
129178,0.055367555
129183,0.05009412
129187,0.019365098
129197,0.04896793
129200,0.021926222
129205,0.10230808
129222,0.07909749
129230,0.01495408
129235,0.0061657345
129251,0.013317013
129274,0.029812053
129282,0.02468718
129284,0.06354663
129298,0.03535509
129299,0.06700413
129311,0.05996155
129312,0.014563078
129313,0.01400376
129314,0.030649439
129321,0.09365058
129329,0.048909057
129330,0.108012185
129332,0.012914116
129338,0.049117867
129345,0.008790264
129349,0.057193533
129353,0.0097853895
129357,0.015739696
129358,0.1574922
129365,0.050301872
129376,0.015224228
129380,0.017512621
129382,0.03450464
129402,0.045834005
129403,0.012153103
129412,0.028368281
129441,0.37443978
129442,0.031530704
129448,0.06090876
129466,0.024322541
129475,0.034931984
129483,0.031489864
129484,0.024602894
129499,0.017526045
129501,0.03307113
129508,0.020820525
129510,0.17082182
129526,0.040997364
129527,0.2180981
129533,0.027891135
129535,0.20312005
129536,0.17121847
129545,0.04182329
129553,0.07420791
129557,0.04777282
129560,0.026573181
129576,0.052921902
129580,0.13657531
129585,0.062643014
129587,0.027258629
129597,0.07101487
129611,0.025480999
129619,0.030814879
129622,0.08595146
129631,0.050009485
129632,0.012594756
129640,0.008588071
129647,0.03399407
129658,0.014401319
129676,0.015886363
129683,0.01973339
129685,0.015817782
129701,0.16543859
129706,0.23241472
129707,0.024791006
129720,0.015491521
129727,0.382337
129728,0.022374302
129768,0.029871369
129775,0.017914642
129790,0.011271765
129804,0.029725308
129805,0.079537146
129813,0.012615776
129816,0.016027037
129823,0.09405172
129826,0.46135855
129831,0.008833932
129833,0.0057838727
129851,0.03621419
129857,0.17804694
129860,0.027709682
129914,0.054364584
129926,0.034315754
129933,0.050686184
129939,0.056540277
129949,0.017845323
129959,0.08936119
129962,0.20186545
129963,0.09346017
129964,0.021072019
129977,0.011497112
129985,0.013409754
129987,0.023236146
129992,0.04878968
130002,0.20829402
130016,0.048910033
130045,0.025898537
130048,0.04190094
130051,0.054930795
130053,0.124084115
130056,0.03336673
130061,0.020889388
130062,0.10926793
130065,0.055575352
130066,0.046256974
130070,0.099807195
130079,0.04540748
130080,0.06478463
130098,0.03783598
130109,0.062606946
130110,0.04888591
130116,0.011138046
130125,0.21960302
130134,0.18982328
130137,0.023592288
130138,0.03208207
130146,0.026372653
130148,0.056376003
130154,0.009400412
130156,0.021110268
130158,0.122726694
130159,0.034028452
130177,0.01344362
130186,0.3153525
130204,0.19359088
130205,0.13928688
130206,0.033862606
130211,0.0127049945
130217,0.02654346
130218,0.021099053
130235,0.05041071
130236,0.28269714
130239,0.014070811
130256,0.067134164
130260,0.01196304
130261,0.09657218
130262,0.010666376
130263,0.04346259
130264,0.006271055
130266,0.1055695
130277,0.10002829
130278,0.024530683
130281,0.11084184
130297,0.05053839
130302,0.0806046
130320,0.068748936
130325,0.12991193
130329,0.016555352
130338,0.19729453
130339,0.04556379
130340,0.105513036
130344,0.041849103
130347,0.022439681
130353,0.030761963
130358,0.014355054
130366,0.020997101
130371,0.022132363
130374,0.048926372
130389,0.016519757
130390,0.06444525
130404,0.01813343
130426,0.033655997
130440,0.02139799
130449,0.30276978
130451,0.008684892
130452,0.12691456
130453,0.10053269
130463,0.011323892
130466,0.018187078
130467,0.027692264
130475,0.035913527
130489,0.07761399
130490,0.014271997
130495,0.08016426
130497,0.060880996
130499,0.0066959346
130504,0.05344578
130513,0.029134266
130528,0.027006513
130533,0.113467395
130543,0.03321095
130567,0.10079812
130571,0.03676623
130572,0.040980633
130589,0.044818126
130592,0.13519675
130603,0.077652395
130623,0.027892876
130641,0.058304965
130687,0.023382181
130690,0.08992989
130698,0.033775557
130707,0.11205208
130709,0.15602897
130718,0.16269211
130722,0.060589436
130732,0.031019261
130735,0.055256683
130757,0.0646132
130760,0.031173524
130771,0.029811576
130772,0.013779281
130774,0.054646336
130779,0.054749683
130795,0.09489342
130828,0.049960047
130833,0.016977217
130843,0.014823929
130855,0.07336646
130871,0.010753825
130878,0.12925637
130885,0.07294202
130889,0.16415115
130894,0.026096791
130896,0.11392294
130905,0.017125797
130906,0.023895305
130930,0.03121982
130931,0.07834335
130943,0.14747393
130946,0.005822587
130947,0.12222403
130950,0.009163258
130954,0.012246634
130966,0.031094156
130983,0.15378618
131003,0.012076241
131005,0.0077306964
131009,0.047661353
131013,0.05853087
131027,0.024016993
131030,0.32036343
131031,0.0075216703
131033,0.009325944
131039,0.044001803
131045,0.10990143
131057,0.08045008
131072,0.017583845
131084,0.08513288
131088,0.017070837
131089,0.04172059
131091,0.023825355
131093,0.034886338
131114,0.32054105
131118,0.009438605
131123,0.06519407
131130,0.0660962
131144,0.021393668
131162,0.08273575
131163,0.010553636
131166,0.052440137
131179,0.09461595
131181,0.022156738
131183,0.4065274
131219,0.028760973
131227,0.030095603
131231,0.04124751
131235,0.082972676
131242,0.088813685
131251,0.037482187
131257,0.059983626
131263,0.051159054
131268,0.13211028
131271,0.021339137
131275,0.019814646
131286,0.08485688
131290,0.056302294
131300,0.014950377
131306,0.03592225
131316,0.106174886
131321,0.1636965
131322,0.012434237
131326,0.0075322827
131333,0.1187064
131335,0.09048273
131352,0.024396205
131354,0.011244393
131366,0.12159183
131373,0.07249514
131388,0.0952727
131394,0.028705066
131404,0.16410546
131405,0.07675736
131411,0.011945829
131416,0.03210648
131421,0.06494745
131424,0.0340596
131426,0.11613717
131443,0.26871622
131470,0.15547246
131471,0.10159122
131476,0.014144056
131477,0.052326825
131479,0.22696835
131493,0.27771157
131495,0.13610865
131496,0.11025534
131498,0.14125927
131504,0.04284875
131525,0.19112545
131528,0.037088245
131548,0.020856056
131549,0.021063503
131550,0.06936304
131557,0.18725036
131564,0.023426486
131565,0.016183633
131576,0.072823025
131602,0.19690058
131628,0.13820758
131629,0.06616982
131641,0.05241671
131647,0.024817003
131664,0.034448385
131677,0.04017524
131681,0.053238228
131682,0.07360924
131688,0.18575108
131690,0.02460197
131691,0.01717467
131709,0.042080782
131713,0.027496813
131719,0.10197045
131733,0.024188183
131734,0.11368415
131743,0.14946155
131747,0.043357782
131748,0.115333274
131758,0.017971953
131759,0.17205672
131764,0.018615635
131771,0.014842759
131788,0.021053467
131791,0.12483695
131798,0.0499662
131810,0.08540722
131812,0.025030807
131815,0.035346527
131823,0.089933164
131824,0.00897943
131828,0.07172699
131844,0.03879609
131846,0.020899806
131848,0.021291217
131863,0.0227667
131864,0.017247528
131889,0.017037084
131890,0.07409565
131892,0.078973025
131895,0.027710855
131896,0.038981937
131897,0.017616179
131905,0.025438448
131906,0.035837967
131907,0.18838656
131914,0.03141528
131921,0.021050757
131922,0.039996237
131925,0.015614567
131936,0.030769007
131941,0.07465488
131950,0.01653296
131952,0.068164766
131959,0.43386638
131983,0.013780018
131987,0.09185857
131994,0.032891385
132004,0.04151989
132009,0.037459437
132012,0.01692359
132013,0.027903277
132014,0.1919591
132028,0.28285408
132054,0.056832418
132061,0.033257544
132062,0.071622595
132078,0.10494918
132082,0.013867889
132086,0.028394787
132089,0.037230678
132095,0.072906494
132109,0.034945346
132110,0.049182627
132121,0.0055867527
132125,0.018936332
132127,0.11957173
132128,0.0062422724
132134,0.054162405
132139,0.028150698
132141,0.017743511
132149,0.23681518
132150,0.040827677
132152,0.0204143
132153,0.0649654
132164,0.015929148
132179,0.3144703
132182,0.05524972
132189,0.032002266
132193,0.018598411
132194,0.016442593
132195,0.03466945
132208,0.35205883
132211,0.08686286
132212,0.08157814
132216,0.011512624
132219,0.014782766
132223,0.075498015
132238,0.05926797
132242,0.0193675
132268,0.016430654
132275,0.024838556
132276,0.09351942
132279,0.023561018
132289,0.40206867
132290,0.016476467
132300,0.251042
132319,0.046148982
132340,0.003973987
132344,0.06554226
132345,0.01365032
132346,0.106601305
132352,0.03557602
132353,0.029783394
132358,0.66689223
132381,0.11900115
132382,0.024584588
132383,0.0690601
132410,0.036726173
132419,0.011422182
132423,0.026205666
132432,0.119999364
132434,0.017578976
132440,0.12940519
132441,0.05106738
132452,0.022367915
132453,0.009594161
132456,0.05769867
132459,0.01307282
132462,0.03295673
132463,0.030368917
132468,0.30349323
132485,0.26900864
132490,0.02278512
132500,0.06315175
132521,0.17888169
132555,0.05825241
132560,0.00944461
132562,0.03392064
132575,0.04308832
132587,0.036465757
132591,0.0462591
132611,0.033727314
132615,0.021475354
132617,0.17109382
132622,0.38260692
132629,0.011586912
132638,0.029897694
132642,0.033167623
132658,0.04052291
132664,0.07063452
132668,0.012499966
132676,0.20660484
132704,0.09335914
132707,0.16108096
132719,0.030388094
132723,0.3904823
132724,0.12688169
132732,0.044836354
132754,0.09509443
132756,0.03261246
132766,0.048578475
132767,0.030043496
132775,0.05372458
132776,0.13447806
132785,0.058786504
132787,0.028395962
132793,0.05339785
132807,0.010220784
132811,0.0057665966
132818,0.018958159
132834,0.01398678
132846,0.012926814
132861,0.021000214
132870,0.146292
132882,0.013008789
132884,0.017672645
132885,0.16133732
132888,0.043969635
132898,0.07929244
132912,0.018034657
132916,0.10846081
132917,0.036290776
132932,0.0803642
132940,0.029774403
132943,0.013400891
132962,0.083236866
132965,0.09366805
132969,0.0059354594
132974,0.08499195
132977,0.022018997
132978,0.028507419
132982,0.015057645
132983,0.009528541
132996,0.020816635
133006,0.0064431326
133007,0.031272672
133025,0.046917085
133027,0.03876701
133033,0.015676422
133038,0.039286375
133040,0.019467883
133041,0.013718647
133044,0.04075878
133053,0.014402812
133063,0.08415655
133065,0.02635795
133083,0.025151167
133084,0.0096278
133091,0.04081758
133092,0.026889613
133107,0.06561437
133111,0.018710963
133122,0.013899264
133132,0.0213924
133140,0.04812622
133147,0.01900034
133150,0.005217393
133168,0.025912168
133170,0.013714982
133184,0.018993657
133228,0.00878211
133229,0.028581578
133230,0.016317388
133232,0.078926235
133242,0.0737603
133246,0.084138736
133247,0.018523214
133253,0.057586875
133268,0.07708679
133271,0.14868212
133272,0.021974854
133296,0.2756925
133299,0.11622127
133302,0.06669659
133315,0.055805042
133330,0.038002733
133331,0.03570138
133332,0.027059345
133333,0.03194936
133334,0.539628
133361,0.3352883
133363,0.08968879
133404,0.0072013303
133412,0.42902815
133418,0.05021748
133422,0.16098998
133426,0.15534845
133450,0.025209293
133465,0.061207164
133468,0.045517437
133469,0.030507524
133474,0.021705696
133479,0.04334849
133490,0.10788671
133492,0.015175348
133495,0.024866639
133496,0.023171758
133501,0.1962571
133502,0.083238
133511,0.03004679
133515,0.036056932
133528,0.10927644
133539,0.020702872
133551,0.0311266
133564,0.05645723
133569,0.03588313
133570,0.029076248
133578,0.045878556
133586,0.015525507
133587,0.18403138
133597,0.03727338
133608,0.010908304
133624,0.08645843
133626,0.06828147
133645,0.041034874
133655,0.010778408
133658,0.056177013
133659,0.014644038
133660,0.04103458
133664,0.0146587435
133684,0.14862476
133685,0.016386004
133688,0.065881304
133706,0.045790862
133713,0.034310643
133723,0.011466931
133730,0.043554086
133733,0.01695783
133760,0.031114317
133762,0.14913395
133777,0.010271551
133793,0.019468512
133816,0.07543349
133818,0.05208832
133824,0.04557483
133841,0.031977832
133850,0.029618911
133877,0.18204503
133880,0.07691625
133887,0.022715006
133889,0.16925833
133896,0.092543654
133916,0.09945868
133920,0.019575229
133936,0.04581246
133939,0.016575724
133940,0.012652822
133942,0.04368664
133956,0.11725201
133957,0.036951523
133965,0.060497016
133972,0.060802247
133973,0.01889615
134008,0.03637871
134016,0.4347201
134039,0.07590468
134040,0.01508565
134045,0.06447185
134050,0.1343904
134056,0.12586385
134082,0.12412201
134085,0.12633276
134089,0.020146167
134102,0.1620719
134118,0.023127345
134131,0.013425153
134135,0.07158958
134137,0.034430765
134150,0.044170946
134159,0.026371932
134183,0.015430917
134186,0.11639115
134211,0.029605443
134216,0.015703011
134217,0.03863249
134218,0.035514243
134230,0.019696621
134233,0.0674068
134234,0.012064615
134236,0.21824735
134241,0.029169299
134242,0.022412818
134273,0.020017019
134277,0.02747098
134287,0.073009945
134293,0.030720808
134302,0.017296216
134306,0.19214042
134307,0.02939004
134325,0.07273757
134330,0.12523326
134334,0.057116523
134338,0.16531849
134339,0.010889083
134348,0.027579356
134355,0.0087543465
134369,0.29051653
134387,0.0515965
134399,0.06703009
134400,0.016437206
134405,0.02373572
134407,0.016088497
134433,0.02067996
134448,0.0055974843
134460,0.04218853
134463,0.11659166
134467,0.027536683
134485,0.017319646
134486,0.12336675
134490,0.21962903
134494,0.24014886
134501,0.35526782
134508,0.0125254
134512,0.14018057
134514,0.009438347
134519,0.025000278
134528,0.04812079
134536,0.03484434
134540,0.054118864
134546,0.007925943
134549,0.042915776
134558,0.075291246
134560,0.09362737
134588,0.05746825
134590,0.042473245
134591,0.069708005
134594,0.019673593
134622,0.02786684
134626,0.0125574265
134639,0.02328344
134649,0.040912014
134654,0.08467429
134658,0.017319087
134683,0.04992833
134688,0.15494877
134689,0.27628753
134697,0.03037431
134698,0.1741747
134718,0.044701096
134742,0.03058779
134751,0.07322644
134760,0.021392511
134763,0.012704199
134764,0.1276144
134765,0.040026672
134773,0.024147494
134790,0.014289217
134794,0.022047628
134802,0.025150048
134805,0.011460576
134807,0.035539865
134812,0.027233426
134813,0.031236565
134823,0.05473011
134824,0.14028847
134838,0.07318274
134841,0.017729042
134857,0.014279224
134862,0.20248398
134865,0.03081903
134880,0.26826614
134883,0.08988007
134884,0.14483294
134916,0.008431577
134918,0.035213795
134919,0.11831232
134921,0.0054375725
134928,0.080467924
134943,0.048091758
134950,0.04946056
134968,0.022711674
134971,0.094715044
134972,0.0120438
135011,0.03962884
135013,0.36994183
135016,0.01901269
135031,0.10022019
135036,0.026944855
135041,0.020588726
135052,0.035153035
135053,0.068698816
135054,0.109537125
135060,0.016750937
135072,0.037818324
135078,0.033415332
135079,0.01692764
135090,0.07595246
135113,0.062343135
135123,0.037117384
135128,0.086738154
135136,0.14645095
135152,0.011012582
135163,0.0155616235
135166,0.011698683
135186,0.06523949
135188,0.03572737
135194,0.017330185
135214,0.024097309
135220,0.020115264
135235,0.009317422
135236,0.01806438
135241,0.06548276
135243,0.096737444
135253,0.022773486
135258,0.07240095
135264,0.019321045
135271,0.010697879
135274,0.06707711
135275,0.084739715
135288,0.07289055
135290,0.034105267
135299,0.084464
135304,0.10803302
135309,0.022734892
135345,0.3621748
135359,0.07231671
135360,0.19347018
135361,0.052702505
135363,0.14066601
135365,0.03957002
135369,0.16390714
135380,0.008331447
135387,0.04694631
135389,0.041318215
135390,0.16676697
135393,0.025731273
135401,0.047655713
135409,0.14381422
135410,0.031452715
135412,0.010967727
135430,0.024987549
135434,0.014519529
135435,0.030815938
135445,0.22079834
135449,0.15469055
135460,0.040718358
135461,0.025641996
135491,0.019767286
135500,0.07612114
135504,0.02348706
135506,0.09623488
135521,0.162709
135523,0.30539083
135527,0.026808726
135528,0.0589022
135530,0.26171562
135540,0.035417426
135541,0.39226758
135562,0.15943818
135578,0.019034598
135584,0.17666343
135589,0.18042907
135590,0.01954202
135591,0.12065613
135596,0.02621876
135607,0.0054393704
135622,0.013628355
135626,0.0937799
135635,0.026117912
135636,0.055098057
135650,0.023410536
135656,0.014582993
135657,0.37528637
135672,0.29704124
135673,0.019038513
135678,0.11292355
135679,0.0038306331
135684,0.102299444
135701,0.010714529
135704,0.058552906
135713,0.048826966
135716,0.09228089
135718,0.007134364
135723,0.023123514
135737,0.04030698
135738,0.011706748
135745,0.016145619
135746,0.10111677
135752,0.13807197
135755,0.02746785
135756,0.01700157
135765,0.011319326
135778,0.049251366
135779,0.03389589
135788,0.0073160175
135803,0.045450952
135804,0.06509938
135809,0.015924582
135811,0.15474945
135812,0.049519777
135823,0.13777283
135834,0.04019738
135838,0.019639462
135843,0.032574393
135847,0.013642622
135857,0.4533925
135865,0.019411711
135872,0.051759973
135885,0.12591152
135888,0.022594461
135899,0.03529704
135910,0.05423143
135930,0.21410008
135941,0.29111212
135943,0.07892774
135949,0.073297665
135950,0.039004967
135951,0.039469857
135954,0.070503145
135966,0.21333452
135967,0.024454955
135971,0.042441
135974,0.119506344
135975,0.045637723
135985,0.0105903465
136004,0.030424628
136009,0.07405539
136033,0.07677646
136041,0.040089186
136051,0.0076774005
136057,0.06307222
136070,0.24512349
136099,0.009024685
136103,0.01568367
136114,0.08458481
136116,0.04592473
136140,0.036894593
136160,0.0065717017
136185,0.0641606
136201,0.011482196
136211,0.10603508
136213,0.110562906
136224,0.22401026
136234,0.040138002
136244,0.03744936
136255,0.017695148
136257,0.05307908
136260,0.019575978
136261,0.052689962
136263,0.06005385
136267,0.023416793
136277,0.038083512
136289,0.02588534
136293,0.062913194
136296,0.018491276
136302,0.05510856
136312,0.020447623
136317,0.1052431
136337,0.21002594
136355,0.028309163
136356,0.31800845
136383,0.018158281
136390,0.031574003
136406,0.015031768
136416,0.020850688
136417,0.010520541
136429,0.18657193
136440,0.07384956
136445,0.15622795
136449,0.012915021
136454,0.10291754
136457,0.0050616283
136467,0.17264889
136474,0.091651805
136503,0.06988331
136505,0.16844833
136558,0.014146089
136578,0.12031398
136579,0.014012225
136582,0.09873932
136583,0.014374653
136588,0.024335694
136593,0.023865018
136605,0.16434121
136617,0.07825346
136620,0.050238058
136625,0.026648719
136640,0.02451873
136643,0.08847488
136653,0.098398685
136654,0.16094954
136660,0.019653827
136661,0.011732683
136663,0.03102948
136683,0.20777297
136711,0.07032904
136726,0.20885865
136730,0.07841635
136739,0.18739325
136740,0.15131126
136745,0.009419895
136751,0.045356676
136754,0.04953797
136758,0.08020704
136762,0.21889393
136763,0.016883537
136778,0.006738051
136782,0.019433249
136798,0.04334086
136808,0.21027672
136811,0.054855313
136829,0.043201115
136832,0.017590888
136838,0.045676127
136846,0.08263616
136848,0.0729216
136852,0.018469632
136854,0.042191334
136856,0.012544679
136862,0.37725553
136863,0.051997736
136885,0.019742021
136887,0.061769873
136902,0.1368965
136918,0.02408635
136922,0.0270505
136923,0.010428954
136929,0.21938388
136940,0.065381214
136967,0.104398966
136968,0.1918478
136972,0.04789979
136984,0.054920368
136993,0.11295639
136994,0.020835085
136995,0.025410974
136999,0.010946073
137013,0.02801171
137015,0.074361466
137023,0.14198703
137025,0.04813158
137032,0.013770301
137033,0.21671563
137045,0.0957274
137049,0.016715614
137051,0.036499724
137052,0.033548772
137101,0.23285383
137119,0.16532534
137142,0.16884378
137149,0.06491313
137166,0.011440977
137167,0.021052664
137192,0.01848994
137193,0.18655369
137194,0.060108986
137204,0.08034381
137214,0.025680328
137222,0.10479899
137223,0.073197834
137234,0.014051789
137254,0.01870946
137269,0.010705382
137284,0.02788933
137285,0.2506253
137286,0.20357403
137287,0.038552776
137300,0.10219951
137305,0.055853494
137313,0.036696307
137344,0.11447933
137346,0.12203369
137354,0.21999085
137356,0.055773437
137357,0.10778676
137364,0.1217983
137368,0.0063756835
137380,0.0459984
137383,0.028293261
137395,0.036458686
137432,0.014299801
137433,0.08315741
137435,0.03982494
137444,0.021964017
137453,0.055299923
137454,0.021992568
137455,0.04684788
137456,0.014494006
137457,0.11115146
137465,0.09476539
137476,0.031779863
137515,0.028540602
137544,0.1604402
137549,0.016862923
137560,0.18647522
137577,0.22518961
137590,0.01381506
137591,0.020219857
137592,0.08417285
137595,0.019226873
137614,0.027310032
137624,0.021641418
137640,0.0074257376
137651,0.13952917
137657,0.015652038
137658,0.12064069
137672,0.05331525
137673,0.034286045
137687,0.099752456
137688,0.09924707
137689,0.04623914
137700,0.25595844
137711,0.034740776
137715,0.07300869
137718,0.01869308
137721,0.017989004
137722,0.22249886
137726,0.056711815
137739,0.102411345
137741,0.009815572
137743,0.066236466
137747,0.035378307
137761,0.014912067
137796,0.008343956
137807,0.036074087
137809,0.05409861
137824,0.059495047
137827,0.07530451
137846,0.05755584
137862,0.016280666
137865,0.026701467
137868,0.05672718
137875,0.01080505
137878,0.031236216
137883,0.02915711
137888,0.026354726
137913,0.05009798
137915,0.008554924
137934,0.054404665
137936,0.09244052
137937,0.09618391
137942,0.07636726
137944,0.12187864
137947,0.0073532932
137960,0.048262328
137977,0.07906
138006,0.08661776
138007,0.04758242
138008,0.029508732
138019,0.13835575
138021,0.013045311
138022,0.077880844
138025,0.15135804
138044,0.010509801
138046,0.04708916
138050,0.045070354
138068,0.06932784
138084,0.0619092
138085,0.01920832
138086,0.014046253
138087,0.007399749
138089,0.049605895
138100,0.01309767
138105,0.025240406
138107,0.036042072
138127,0.037423898
138128,0.037240937
138129,0.012361399
138131,0.019344427
138132,0.010853236
138150,0.009047521
138156,0.02759454
138169,0.05400951
138174,0.08269768
138177,0.03082717
138187,0.055493973
138189,0.021813227
138193,0.09030989
138203,0.0195929
138209,0.027259016
138237,0.05413681
138243,0.02342485
138273,0.010384813
138274,0.045626156
138275,0.01504383
138277,0.03847749
138285,0.01748855
138289,0.19205002
138308,0.026677223
138313,0.06468304
138317,0.019537786
138326,0.056648806
138327,0.08295887
138338,0.02147903
138367,0.027733326
138377,0.10590601
138416,0.037668068
138417,0.03266015
138419,0.028977215
138425,0.080099724
138430,0.05871335
138454,0.055415962
138465,0.019826924
138470,0.017607633
138480,0.014645105
138481,0.32873592
138486,0.043560036
138492,0.027328355
138496,0.08802276
138519,0.057072945
138520,0.06744084
138522,0.070524484
138545,0.011348154
138556,0.06478259
138560,0.00905607
138564,0.02364799
138573,0.030530987
138581,0.16196907
138585,0.07023129
138591,0.057860564
138598,0.039540965
138600,0.010828737
138602,0.037854537
138613,0.07403208
138639,0.027510444
138651,0.031561054
138652,0.11466195
138661,0.16101822
138674,0.01508504
138678,0.47388917
138679,0.013637748
138686,0.034546014
138695,0.070828855
138711,0.017641341
138728,0.09665525
138731,0.02733758
138744,0.10485067
138752,0.22170751
138754,0.13020653
138756,0.10292239
138770,0.026831675
138771,0.13965052
138807,0.006751567
138818,0.03732189
138819,0.04354863
138820,0.059049524
138831,0.036602933
138843,0.0144706005
138871,0.12462502
138873,0.0373714
138876,0.030866355
138880,0.11039342
138881,0.028502945
138882,0.016346559
138890,0.03245128
138892,0.0074603027
138893,0.098017514
138917,0.02253689
138921,0.023437615
138922,0.21161796
138924,0.022571057
138926,0.021301467
138932,0.10636517
138946,0.09052469
138959,0.11679834
138961,0.012077604
138964,0.012513785
138968,0.16157147
138969,0.24132062
138980,0.1295115
138992,0.091323435
139002,0.07743554
139010,0.14982525
139011,0.022142408
139017,0.2150421
139030,0.027537081
139032,0.03552159
139034,0.10600145
139039,0.049395878
139049,0.070526674
139053,0.016249817
139058,0.0857468
139062,0.074137405
139067,0.29323462
139069,0.26468012
139070,0.35143712
139075,0.033024684
139082,0.07151537
139092,0.16258004
139098,0.06942266
139108,0.16864145
139127,0.13796677
139130,0.11717701
139145,0.018366005
139164,0.06443099
139174,0.030003332
139175,0.08122295
139178,0.011154383
139180,0.013036278
139181,0.48657298
139186,0.03741855
139189,0.060889326
139190,0.018658796
139191,0.00870197
139198,0.027910225
139201,0.038098384
139204,0.08547576
139208,0.0038267495
139211,0.03437074
139215,0.058245666
139225,0.06103506
139226,0.0140032135
139231,0.03909143
139246,0.20323001
139252,0.06126841
139256,0.011303004
139258,0.01282905
139268,0.02585522
139272,0.017203672
139283,0.021529794
139286,0.021789355
139289,0.054011177
139290,0.17029111
139291,0.04587842
139293,0.018576417
139303,0.014422936
139304,0.06862833
139307,0.32050887
139319,0.01992095
139321,0.10181731
139326,0.037968196
139327,0.025841538
139355,0.09287507
139363,0.01670189
139375,0.03923244
139397,0.058478847
139412,0.04801403
139413,0.012750298
139415,0.09031597
139416,0.09317173
139449,0.09416109
139461,0.020816825
139462,0.31130546
139463,0.11636498
139486,0.010096072
139493,0.1637914
139515,0.071650736
139516,0.07072221
139522,0.046580493
139532,0.032732945
139542,0.038861495
139545,0.04108423
139552,0.1817757
139553,0.0643046
139555,0.045930747
139559,0.14698513
139560,0.06719617
139564,0.030143216
139565,0.026375258
139567,0.013114292
139568,0.031184312
139572,0.027760642
139573,0.021811947
139592,0.02093587
139595,0.08823393
139597,0.07593432
139598,0.091360055
139607,0.06372937
139609,0.04348388
139628,0.06481953
139653,0.028381594
139656,0.66594136
139661,0.03699862
139673,0.022795137
139674,0.04647945
139683,0.0063593346
139714,0.03950678
139724,0.019107431
139737,0.21226782
139749,0.10172994
139755,0.0057723676
139756,0.06775105
139757,0.01856364
139763,0.1218404
139769,0.1322439
139774,0.22956577
139775,0.030980695
139777,0.040752705
139780,0.062427297
139788,0.2683477
139794,0.09547712
139831,0.06831528
139832,0.029758316
139834,0.03861838
139839,0.03062011
139843,0.18172134
139844,0.03176033
139858,0.19864222
139861,0.18103018
139864,0.21792865
139865,0.17226656
139874,0.034323733
139876,0.014617495
139895,0.016325565
139903,0.07467556
139917,0.02281647
139930,0.027562488
139934,0.028409451
139935,0.018072886
139946,0.026741179
139958,0.039421275
139977,0.018520752
139981,0.062476214
139989,0.010732373
139992,0.059850946
139995,0.026936123
139996,0.14260162
139997,0.024602707
140005,0.080392554
140010,0.10220136
140018,0.04231503
140026,0.04917693
140027,0.12132762
140031,0.058448855
140037,0.014112681
140039,0.006413919
140040,0.05350447
140042,0.016034964
140049,0.16384499
140084,0.07220752
140087,0.024342682
140096,0.052563235
140101,0.45279545
140114,0.034471206
140117,0.11481948
140129,0.08809791
140131,0.33061418
140132,0.011013081
140136,0.06527489
140144,0.016020503
140151,0.05490065
140172,0.0200038
140174,0.0073602227
140190,0.039321326
140196,0.018510867
140200,0.028360646
140204,0.04414118
140223,0.069955826
140232,0.014624208
140234,0.04061605
140237,0.056491863
140245,0.2595023
140247,0.052679442
140248,0.08214859
140298,0.013004226
140305,0.25870168
140311,0.016876241
140312,0.13056666
140318,0.08003628
140325,0.055319726
140327,0.2785105
140334,0.05062753
140337,0.03740037
140338,0.008401183
140343,0.032539785
140376,0.033446778
140378,0.09632382
140381,0.016116466
140382,0.040123735
140384,0.05546135
140386,0.13298957
140390,0.027774218
140402,0.03146494
140406,0.007179076
140425,0.022982527
140426,0.20218049
140434,0.0052398536
140435,0.034140494
140436,0.15577155
140451,0.09440397
140452,0.012720643
140454,0.22536027
140455,0.023192031
140483,0.08156636
140504,0.02480491
140512,0.054640315
140518,0.012005309
140534,0.09049904
140545,0.0064207762
140546,0.10567966
140560,0.030779071
140563,0.012802548
140564,0.14247052
140569,0.016224582
140577,0.08847538
140638,0.023997657
140655,0.024769062
140664,0.13089447
140669,0.032916002
140672,0.2379069
140682,0.018801205
140693,0.05294433
140700,0.012390602
140701,0.03942185
140704,0.024021331
140705,0.028203366
140719,0.025290111
140749,0.23435165
140750,0.0287338
140751,0.11093227
140752,0.026326703
140762,0.09917091
140772,0.029455828
140778,0.09985476
140779,0.015332872
140780,0.01495765
140802,0.02964331
140804,0.08719942
140807,0.051165506
140813,0.031713296
140827,0.07662844
140840,0.02664474
140845,0.044610653
140847,0.14894995
140861,0.019409012
140862,0.07461631
140872,0.017346105
140879,0.039231908
140880,0.17380603
140886,0.046528757
140924,0.016431434
140938,0.011434415
140944,0.05056847
140945,0.123918705
140961,0.009039968
140963,0.023565335
140967,0.038547836
140982,0.07731217
140990,0.018864844
140993,0.027737588
140996,0.3051269
141004,0.04011918
141025,0.4559275
141030,0.019460846
141031,0.033802606
141032,0.04121366
141067,0.010857994
141072,0.058792938
141081,0.03066064
141084,0.0978228
141085,0.056803286
141089,0.017415753
141090,0.02732319
141093,0.054198705
141095,0.17064673
141110,0.020155754
141114,0.039406106
141119,0.26676595
141147,0.09923393
141150,0.35309616
141159,0.05408266
141160,0.17604385
141167,0.007283989
141206,0.053820364
141213,0.020418921
141215,0.55161047
141222,0.019077037
141255,0.029234607
141283,0.019716505
141298,0.07090186
141306,0.026768673
141310,0.19411656
141320,0.017725248
141323,0.12351199
141329,0.06414475
141333,0.018169388
141339,0.012197228
141340,0.061390996
141344,0.06613282
141345,0.018851053
141347,0.061527062
141350,0.027288923
141356,0.011684634
141358,0.025731673
141365,0.023200959
141368,0.009121001
141369,0.024678927
141376,0.1319784
141377,0.042077523
141385,0.016022205
141387,0.020645801
141388,0.21513584
141389,0.05634814
141390,0.03700941
141409,0.025065256
141410,0.093551785
141411,0.15930621
141414,0.05144032
141422,0.056814875
141426,0.1071478
141457,0.030494481
141470,0.03256921
141480,0.027492793
141481,0.021121122
141492,0.010302851
141493,0.027941149
141496,0.043174922
141497,0.014867425
141502,0.019191
141503,0.042555407
141504,0.13626914
141507,0.10061006
141515,0.012870714
141524,0.25675777
141528,0.033432674
141540,0.011602919
141542,0.06308145
141551,0.243271
141573,0.09330708
141580,0.020092022
141588,0.18459412
141596,0.17333338
141597,0.020041933
141602,0.1061671
141608,0.02857202
141611,0.011161748
141612,0.10270372
141618,0.03809237
141628,0.021579497
141632,0.08236743
141634,0.0647541
141637,0.053636793
141638,0.08401897
141639,0.016493184
141640,0.22815461
141644,0.11583992
141654,0.063316956
141656,0.02676181
141668,0.043924045
141717,0.18837908
141718,0.018685587
141723,0.21883331
141743,0.050387494
141744,0.030190565
141750,0.02082049
141753,0.025559133
141762,0.15853089
141809,0.021079872
141815,0.084878854
141826,0.03325971
141832,0.03888608
141840,0.026318861
141869,0.050429054
141870,0.08864707
141887,0.23173727
141915,0.02632185
141925,0.009801783
141945,0.5003638
141949,0.010693278
141958,0.012655491
141959,0.03242942
141963,0.018011605
141989,0.034303177
141995,0.05831228
141997,0.08516949
142005,0.03770767
142008,0.09300567
142012,0.031064775
142014,0.018453173
142025,0.1517129
142036,0.023814477
142037,0.05115381
142038,0.012384296
142039,0.072711416
142064,0.04635896
142065,0.14003594
142070,0.054859765
142074,0.061787
142079,0.0336003
142084,0.118522026
142087,0.07329074
142102,0.012331604
142106,0.01548302
142115,0.026778977
142120,0.004843054
142132,0.023935506
142139,0.032143418
142142,0.012294127
142153,0.093837604
142160,0.08253993
142162,0.016071238
142163,0.03814424
142167,0.018098418
142168,0.022734012
142177,0.049007744
142180,0.33283186
142183,0.008191649
142186,0.05906219
142189,0.1130913
142195,0.02049052
142198,0.018519174
142210,0.018117957
142215,0.25406668
142222,0.0131941885
142223,0.1602045
142224,0.012475637
142236,0.028123446
142237,0.013785113
142239,0.026399292
142242,0.058561906
142243,0.048324056
142244,0.025597334
142255,0.00804523
142273,0.012428396
142289,0.04379058
142294,0.008466587
142303,0.1472084
142305,0.07851786
142339,0.04136075
142359,0.28171152
142361,0.0100563355
142364,0.014931855
142378,0.30131695
142380,0.152474
142383,0.061110996
142387,0.047360614
142393,0.05183901
142396,0.1522992
142407,0.06455005
142409,0.044558644
142427,0.013911996
142429,0.6032109
142430,0.03699953
142431,0.05097381
142433,0.06042001
142439,0.16238366
142440,0.018896671
142446,0.021587804
142459,0.033678833
142478,0.011719296
142481,0.04179222
142491,0.061149113
142495,0.02155567
142497,0.027875204
142510,0.06668216
142513,0.090222225
142521,0.024677217
142529,0.19234368
142537,0.030903215
142542,0.21707967
142558,0.027628973
142574,0.01491059
142575,0.01808451
142579,0.03636964
142587,0.023457306
142590,0.5541024
142610,0.021174282
142614,0.025643658
142621,0.0088381255
142641,0.024850996
142650,0.029350441
142653,0.05962318
142667,0.09454926
142671,0.12251424
142676,0.15859488
142680,0.044170327
142684,0.05003606
142685,0.011341462
142686,0.05244647
142689,0.065873034
142691,0.16183043
142704,0.023250254
142707,0.025529386
142724,0.01083135
142727,0.04689862
142728,0.018574685
142741,0.023208717
142747,0.13130723
142748,0.11371504
142752,0.037660748
142755,0.017136171
142756,0.04172697
142759,0.026006842
142762,0.018381763
142771,0.043085165
142778,0.03105476
142783,0.038860388
142789,0.15918425
142790,0.040181145
142791,0.12915756
142793,0.12368387
142795,0.16459383
142803,0.33652282
142819,0.022528103
142822,0.07928243
142825,0.10246539
142833,0.028543785
142871,0.033754934
142872,0.027757935
142883,0.14885819
142905,0.018118966
142906,0.050940387
142917,0.07971931
142921,0.14054617
142927,0.12792489
142932,0.018818753
142940,0.021575041
142962,0.20617947
142969,0.043921754
142976,0.006786149
142977,0.09620769
142982,0.17033294
142988,0.019830298
142990,0.06541424
142992,0.020255264
143012,0.036913615
143013,0.095310465
143016,0.09766581
143017,0.013267824
143033,0.08549209
143058,0.024890803
143059,0.0324189
143060,0.0152859595
143065,0.03764644
143076,0.04257515
143081,0.2340937
143088,0.026565671
143089,0.03308157
143090,0.01823718
143094,0.011179993
143100,0.027044782
143115,0.027783887
143132,0.029246736
143135,0.013610878
143136,0.102253124
143149,0.12642261
143151,0.046965588
143152,0.016209051
143153,0.16984737
143162,0.047814712
143166,0.028749269
143167,0.021409687
143187,0.05542086
143188,0.018871386
143190,0.044533417
143191,0.01321672
143195,0.21582118
143207,0.068400234
143209,0.095343575
143227,0.07088883
143231,0.031260315
143232,0.029531194
143244,0.020467551
143263,0.06315116
143268,0.12655805
143275,0.11358897
143278,0.09123378
143302,0.10424538
143320,0.023834473
143328,0.10915613
143336,0.06851698
143339,0.020251144
143340,0.09579443
143353,0.022658346
143360,0.024590578
143361,0.09129071
143385,0.27075064
143388,0.101218164
143389,0.062484503
143390,0.015424158
143393,0.18227112
143396,0.13521299
143419,0.05687108
143421,0.008589678
143422,0.030022308
143431,0.024322774
143433,0.04960422
143440,0.11930264
143442,0.016606176
143463,0.015737442
143466,0.011080533
143475,0.09734312
143500,0.060839646
143510,0.03400481
143528,0.014646096
143532,0.013886132
143535,0.102796346
143538,0.030415276
143548,0.023279872
143550,0.046957877
143555,0.021382717
143576,0.21070525
143593,0.09546487
143595,0.07089129
143596,0.00877808
143597,0.048096694
143599,0.03005951
143601,0.022773845
143602,0.028112266
143605,0.009882304
143609,0.077466205
143611,0.11564444
143613,0.016295206
143618,0.054325324
143652,0.016203819
143667,0.016847668
143679,0.049249858
143680,0.020552993
143692,0.1372997
143703,0.115157805
143712,0.04980918
143714,0.040900502
143715,0.022538237
143729,0.064373195
143732,0.028118487
143738,0.03275334
143740,0.03611115
143743,0.084757626
143772,0.033329237
143773,0.06345801
143792,0.057940066
143802,0.015758486
143808,0.031181859
143819,0.0094147585
143820,0.15533252
143825,0.01647147
143828,0.009272629
143831,0.2912485
143834,0.008139783
143835,0.0113117015
143843,0.019781541
143860,0.008579871
143874,0.029766722
143889,0.20449018
143903,0.0321924
143921,0.06000197
143936,0.028447827
143944,0.033553343
143947,0.083434045
143948,0.01540288
143957,0.23969653
143964,0.27600926
143965,0.007865515
143971,0.041111603
143976,0.06575653
143977,0.26048532
143983,0.19148135
143991,0.048103664
144015,0.043497887
144032,0.03707836
144057,0.020723611
144065,0.01769386
144087,0.031969506
144090,0.02929145
144091,0.1604815
144092,0.025409192
144139,0.04674534
144150,0.02700517
144151,0.05882111
144153,0.082843214
144154,0.313079
144159,0.32972702
144168,0.07152459
144169,0.031075872
144178,0.10042408
144179,0.01770351
144183,0.012233913
144186,0.070338525
144190,0.17631876
144191,0.021120287
144199,0.15585133
144226,0.036858574
144227,0.0085635455
144229,0.06025157
144237,0.037417226
144247,0.013802003
144249,0.05495874
144259,0.06494043
144260,0.025159672
144282,0.05597291
144295,0.11461461
144304,0.019993175
144314,0.035476975
144318,0.047042757
144324,0.11901185
144325,0.012440507
144333,0.037749622
144334,0.036935728
144336,0.011036905
144350,0.047961555
144354,0.017615661
144357,0.039754383
144359,0.031896103
144365,0.020184996
144385,0.04091068
144386,0.044093613
144387,0.063744485
144390,0.023576474
144393,0.040813077
144398,0.033856865
144402,0.012927899
144416,0.05760672
144422,0.009364404
144446,0.090777546
144451,0.22516434
144461,0.017529534
144464,0.091611564
144483,0.03030255
144498,0.13578106
144499,0.044419575
144534,0.011116771
144549,0.052499995
144563,0.010425401
144570,0.2122671
144579,0.026677422
144580,0.019902961
144581,0.009140363
144582,0.027705144
144587,0.02947459
144588,0.043895435
144589,0.03172439
144590,0.033728745
144598,0.11845104
144601,0.015804987
144610,0.018074475
144611,0.025181366
144612,0.016533757
144613,0.019096412
144617,0.039601784
144635,0.22953431
144640,0.06107895
144644,0.016809797
144645,0.028970476
144654,0.022235755
144656,0.061323613
144657,0.07113595
144658,0.052929558
144659,0.118439294
144665,0.02532091
144667,0.07549765
144675,0.024569837
144677,0.13579033
144678,0.027146837
144690,0.030132042
144701,0.14753403
144702,0.09012233
144716,0.030874558
144721,0.0095954845
144722,0.12167294
144729,0.083316974
144744,0.044597313
144753,0.008154882
144761,0.021949906
144764,0.27880034
144767,0.02163469
144780,0.19841145
144781,0.028290125
144784,0.08535755
144806,0.042578924
144810,0.11598206
144811,0.049271453
144824,0.044382542
144828,0.089288846
144829,0.04206658
144835,0.399504
144849,0.04525657
144850,0.008337695
144870,0.024333991
144881,0.075877234
144891,0.024407566
144898,0.09524082
144904,0.02944102
144906,0.016528867
144909,0.014268501
144910,0.08983994
144912,0.16973965
144963,0.058819167
144965,0.11289869
144966,0.027019883
144979,0.063225925
144990,0.045262165
144991,0.03683012
144992,0.35249227
144999,0.04096081
145006,0.01587347
145007,0.08034359
145008,0.014344018
145009,0.038629323
145011,0.0067659896
145014,0.10244571
145025,0.013091521
145036,0.030532075
145041,0.02476141
145058,0.12655272
145071,0.07832486
145106,0.04644281
145110,0.031247318
145142,0.07133525
145146,0.11494185
145147,0.012152586
145148,0.061271455
145149,0.016607529
145154,0.031346608
145157,0.047672722
145158,0.018047754
145167,0.014775989
145172,0.0805022
145174,0.011570364
145192,0.007651274
145195,0.052667513
145196,0.11181308
145199,0.010997919
145209,0.08846168
145242,0.010550131
145248,0.011790216
145249,0.023795748
145250,0.045380868
145281,0.050314177
145287,0.039390493
145288,0.18508199
145298,0.08537091
145303,0.0057163085
145309,0.07060602
145333,0.042377826
145336,0.035104692
145339,0.070978254
145350,0.036292873
145353,0.022286013
145354,0.02896034
145358,0.018895546
145382,0.23288004
145383,0.25277236
145389,0.071002275
145390,0.08805419
145391,0.038466513
145392,0.09252076
145407,0.008414836
145410,0.022504948
145412,0.14873224
145415,0.05540149
145418,0.022230826
145419,0.028469797
145440,0.007276278
145451,0.16899574
145476,0.1284338
145481,0.020196404
145482,0.012011748
145484,0.00888505
145502,0.019857297
145512,0.04561886
145515,0.017776087
145521,0.020116197
145523,0.0090107545
145554,0.016879795
145557,0.04093961
145560,0.27697575
145563,0.057231538
145569,0.016787682
145586,0.21068649
145601,0.1033592
145602,0.046316423
145615,0.117231116
145623,0.049881503
145638,0.014620736
145640,0.013237182
145645,0.02822131
145654,0.03261948
145664,0.04824521
145677,0.020023754
145679,0.015396841
145681,0.021024497
145698,0.032482997
145709,0.010306543
145713,0.039971046
145720,0.03194908
145780,0.026158638
145781,0.038825683
145798,0.14692056
145811,0.043670997
145819,0.018340513
145833,0.08472358
145834,0.05973696
145835,0.11002799
145844,0.021818796
145862,0.018697025
145869,0.107177794
145871,0.024315296
145872,0.0050536124
145874,0.6268301
145888,0.017434068
145891,0.06573461
145907,0.069938876
145908,0.036802456
145919,0.02512671
145925,0.033820815
145940,0.065306485
145941,0.058377072
145943,0.038383476
145951,0.008656949
145954,0.06830775
145957,0.016357727
145962,0.08643007
145974,0.01221562
145976,0.044000868
145987,0.024086963
145988,0.21721622
145989,0.030825973
145990,0.023858972
145991,0.10524772
145993,0.08298725
146000,0.20324644
146001,0.029902346
146006,0.03170961
146011,0.013050964
146014,0.036390368
146020,0.02139099
146021,0.008989413
146022,0.057022788
146026,0.065061286
146028,0.087377146
146032,0.04127865
146033,0.07233344
146037,0.23713064
146059,0.036729246
146060,0.28089255
146063,0.12780303
146069,0.11253616
146086,0.024404947
146090,0.47904265
146092,0.018276813
146094,0.18652037
146097,0.014508892
146098,0.13304283
146106,0.04253044
146115,0.018954867
146121,0.153444
146122,0.03144583
146140,0.029002672
146142,0.019806977
146146,0.116730094
146149,0.023547553
146153,0.013322094
146155,0.013656091
146156,0.029482234
146159,0.022103319
146172,0.04815238
146176,0.05694876
146184,0.034684945
146186,0.062160812
146191,0.024498535
146198,0.025499325
146199,0.016690368
146202,0.022722503
146206,0.17148478
146214,0.0177115
146221,0.043561872
146232,0.031341508
146239,0.06943326
146246,0.095907375
146247,0.0125007
146252,0.010579054
146255,0.013966736
146256,0.012914192
146262,0.15047249
146277,0.05997895
146292,0.13540298
146303,0.017004978
146305,0.08536863
146313,0.047500767
146317,0.016995043
146330,0.038539566
146344,0.017746031
146345,0.03522169
146347,0.10267704
146356,0.014907686
146369,0.04498784
146384,0.1004931
146385,0.0071181636
146386,0.06452108
146388,0.035875432
146404,0.010838147
146409,0.11750871
146413,0.025504712
146421,0.058278754
146428,0.04447183
146451,0.107261814
146458,0.009668769
146466,0.007500478
146476,0.026986416
146485,0.012955858
146486,0.031807
146487,0.026076276
146500,0.0391321
146502,0.052236162
146512,0.174507
146514,0.017131632
146515,0.07909401
146516,0.02908178
146533,0.08866015
146535,0.02334111
146541,0.046086423
146557,0.06439024
146562,0.16242439
146565,0.014910122
146570,0.045943655
146571,0.024103995
146574,0.05732903
146587,0.032637168
146591,0.017919267
146597,0.07174003
146600,0.029801117
146614,0.39707765
146621,0.06393849
146623,0.030159786
146631,0.10224667
146644,0.014184358
146649,0.016168727
146651,0.023707977
146652,0.056356944
146663,0.16272411
146680,0.020359386
146683,0.043213814
146714,0.18539968
146724,0.07666457
146730,0.024265539
146732,0.11285959
146738,0.052458376
146752,0.05909528
146755,0.08833227
146756,0.04743033
146759,0.08312929
146760,0.12412567
146761,0.017117875
146765,0.01677443
146806,0.0627177
146809,0.1272768
146810,0.025292166
146811,0.02512407
146815,0.050360464
146820,0.1428571
146821,0.022093622
146824,0.07444594
146829,0.034354843
146842,0.0693527
146864,0.034966543
146891,0.16056223
146918,0.036172573
146955,0.040727835
146957,0.10336632
146972,0.04858971
146973,0.031107781
146979,0.071551494
146982,0.026509749
146984,0.024376426
146997,0.15563807
147001,0.012946332
147008,0.11505345
147014,0.003830612
147022,0.07625166
147038,0.027973304
147048,0.041094534
147060,0.012002537
147061,0.021421798
147077,0.046256278
147082,0.052649762
147083,0.03126742
147085,0.053360984
147086,0.048407674
147099,0.037999667
147127,0.015056742
147128,0.032493573
147133,0.038044684
147138,0.018675659
147139,0.007314671
147150,0.032307714
147155,0.19485122
147171,0.020329416
147172,0.016681515
147182,0.027195046
147195,0.021965668
147199,0.021760702
147216,0.10487307
147224,0.014123769
147225,0.03163436
147230,0.14316726
147240,0.058231793
147250,0.027847819
147253,0.017779956
147254,0.3291399
147264,0.012802913
147294,0.1088617
147308,0.043191146
147309,0.13681537
147315,0.07883125
147319,0.027726825
147329,0.014024055
147340,0.0708037
147345,0.17220736
147353,0.009027905
147354,0.12962766
147364,0.32215258
147366,0.06381593
147373,0.033982545
147382,0.013522593
147383,0.06398694
147390,0.02296104
147408,0.09311266
147411,0.0074487254
147415,0.11718555
147416,0.07668702
147425,0.012003386
147427,0.026428994
147438,0.0875232
147439,0.01859847
147457,0.018175403
147459,0.014388301
147463,0.03230373
147469,0.07470297
147476,0.20513582
147483,0.01269231
147497,0.023512047
147502,0.15281816
147515,0.12265084
147523,0.06818712
147527,0.03870056
147541,0.106666826
147551,0.030267727
147552,0.065628506
147561,0.0073905066
147571,0.05271166
147587,0.01681592
147657,0.087595604
147659,0.031392924
147670,0.007138334
147695,0.09382746
147696,0.066874176
147702,0.1350168
147710,0.52274704
147711,0.012777148
147712,0.028704459
147713,0.0768047
147720,0.012781669
147722,0.064762205
147742,0.015395154
147750,0.044161387
147761,0.31676632
147764,0.08361225
147770,0.013422565
147771,0.108059324
147774,0.23092632
147786,0.015349845
147787,0.43898308
147791,0.015062464
147792,0.08551862
147793,0.14337231
147794,0.026495382
147801,0.03336551
147824,0.0075295046
147826,0.017874474
147840,0.023748245
147847,0.010545706
147862,0.055426873
147865,0.044852026
147882,0.09434011
147893,0.18642685
147925,0.05407681
147932,0.12627815
147942,0.098008186
147953,0.016018208
147955,0.0928611
147964,0.20058331
147966,0.052225843
147981,0.039343692
147982,0.29361114
147990,0.03751553
147998,0.031881973
148002,0.12542734
148013,0.07932563
148025,0.1090132
148026,0.09667567
148031,0.17182541
148035,0.050275043
148042,0.035220858
148047,0.0147003755
148050,0.029137297
148063,0.105266124
148065,0.13854265
148069,0.1359341
148070,0.058549583
148075,0.19083212
148076,0.026427818
148087,0.012701721
148091,0.08908919
148102,0.08359193
148107,0.10652132
148108,0.06627449
148113,0.05902307
148131,0.044973686
148141,0.12933838
148149,0.08509094
148150,0.08497434
148163,0.18902758
148175,0.018801674
148185,0.15299365
148187,0.06902055
148198,0.25816062
148204,0.09990741
148205,0.014182063
148212,0.13220988
148216,0.24005245
148217,0.022706116
148223,0.031464137
148224,0.13051052
148235,0.11820286
148255,0.07953309
148276,0.02660643
148285,0.019430213
148289,0.02660673
148292,0.10112325
148294,0.083643176
148314,0.016065905
148319,0.018568402
148320,0.028623013
148322,0.07887713
148323,0.08400744
148325,0.08823945
148333,0.08108468
148339,0.03334608
148359,0.11657639
148361,0.12703925
148364,0.037255734
148380,0.019485576
148382,0.020331215
148386,0.14899294
148393,0.13067584
148394,0.046355907
148404,0.05580186
148419,0.05968172
148423,0.03184632
148437,0.16100039
148440,0.057962265
148448,0.024107844
148449,0.00672248
148450,0.04047581
148451,0.035898007
148458,0.10888558
148471,0.041143045
148475,0.015473283
148476,0.038506124
148497,0.085037336
148511,0.045133132
148512,0.05864898
148534,0.0821011
148545,0.082235694
148557,0.043944538
148564,0.0378017
148570,0.028787617
148586,0.039060682
148596,0.060399473
148600,0.04336931
148607,0.027456913
148609,0.05004787
148622,0.024750328
148623,0.025298443
148625,0.11244532
148626,0.0054013776
148628,0.03245325
148632,0.022824105
148639,0.029940352
148643,0.030291386
148644,0.1669872
148680,0.017114917
148702,0.110813834
148716,0.065680645
148717,0.06940936
148726,0.13824576
148738,0.1685866
148746,0.057854325
148749,0.031177476
148750,0.052000627
148769,0.035705347
148791,0.040406413
148803,0.022211362
148804,0.028386127
148823,0.009925375
148831,0.033713344
148849,0.017146874
148850,0.02985025
148855,0.03571323
148893,0.02252511
148896,0.04546303
148899,0.046063393
148903,0.058866642
148910,0.03291274
148911,0.01610818
148912,0.18758756
148913,0.024096858
148933,0.06738687
148935,0.014938063
148937,0.009920903
148946,0.2258349
148955,0.050303686
148980,0.040593263
148996,0.1243258
149015,0.22335315
149025,0.012038503
149028,0.15117893
149029,0.011184801
149035,0.018773008
149050,0.023375925
149051,0.036111068
149052,0.11001397
149056,0.011005292
149062,0.016716318
149067,0.16910952
149076,0.15233591
149090,0.27994657
149106,0.077545345
149107,0.019724676
149118,0.3239082
149119,0.018286817
149130,0.12806675
149154,0.05840807
149157,0.069421925
149158,0.023571253
149160,0.05949957
149163,0.06716907
149164,0.06130275
149165,0.012288639
149166,0.03724123
149214,0.018438676
149231,0.12718803
149236,0.030884493
149237,0.05836741
149246,0.011851734
149247,0.040320974
149253,0.051232994
149254,0.010082618
149265,0.21227399
149266,0.11699651
149277,0.07949499
149283,0.19247848
149289,0.08076326
149310,0.020152243
149314,0.013937883
149318,0.034876984
149319,0.019834172
149320,0.023938417
149321,0.21259823
149333,0.035949584
149337,0.16212529
149338,0.025275866
149341,0.047326807
149342,0.032552112
149349,0.019066937
149351,0.11584911
149354,0.020339012
149360,0.011562317
149362,0.06189639
149366,0.0141186
149372,0.34689838
149376,0.041845568
149388,0.048626177
149393,0.021460455
149401,0.018233065
149405,0.13251953
149412,0.074651785
149415,0.023366807
149416,0.0203783
149430,0.08087817
149435,0.0164547
149436,0.014973392
149444,0.08670262
149456,0.051045895
149471,0.012459043
149480,0.01451256
149481,0.03049834
149490,0.08053717
149491,0.022526225
149503,0.033558793
149512,0.028600218
149524,0.013777025
149525,0.013043316
149532,0.028523594
149533,0.09835034
149536,0.32301578
149540,0.052442603
149548,0.031189613
149563,0.15374239
149568,0.15558225
149569,0.17692685
149570,0.07890327
149582,0.020646926
149584,0.042024445
149587,0.1456601
149592,0.057089645
149596,0.08168842
149599,0.042554796
149612,0.055958882
149643,0.08004353
149648,0.22783855
149665,0.019134749
149666,0.09794162
149671,0.019807529
149675,0.0145036075
149676,0.12223024
149677,0.012832535
149680,0.16354166
149711,0.093903735
149723,0.029497925
149726,0.057287283
149727,0.009571251
149730,0.0155400345
149733,0.11085795
149734,0.1833281
149736,0.12246674
149750,0.011859789
149752,0.23472108
149767,0.041924722
149791,0.080416426
149793,0.014003595
149810,0.018696496
149850,0.036512904
149857,0.05466111
149858,0.018211097
149860,0.16457029
149882,0.00837547
149889,0.0144575145
149890,0.23356177
149918,0.007901557
149919,0.035853006
149927,0.00795672
149928,0.01875169
149940,0.13549495
149944,0.036606457
149947,0.074044555
149951,0.0537324
149956,0.05593703
149958,0.12978263
149969,0.02397849
149988,0.08073081
149996,0.03561522
150007,0.01724955
150018,0.018351894
150025,0.031985812
150054,0.071384445
150064,0.12966332
150070,0.05599322
150074,0.042013492
150078,0.018848548
150084,0.027795117
150106,0.05306183
150111,0.2766257
150115,0.011071373
150117,0.20158386
150120,0.10102336
150127,0.10018503
150128,0.040118136
150130,0.06714506
150132,0.06898488
150135,0.036838315
150145,0.029320862
150148,0.016674751
150153,0.08289938
150154,0.013392365
150173,0.010955913
150174,0.144826
150176,0.06868696
150177,0.07214195
150178,0.070359066
150179,0.19989358
150187,0.0153852105
150207,0.036365457
150223,0.05790537
150224,0.02079813
150229,0.016612347
150233,0.06958403
150245,0.040595334
150252,0.017561592
150257,0.10480481
150258,0.03799995
150267,0.016946461
150268,0.12007822
150272,0.24291131
150282,0.031753644
150289,0.12138139
150299,0.009986179
150307,0.06531366
150310,0.020150859
150311,0.035208207
150312,0.011047511
150313,0.02049932
150324,0.07043205
150335,0.024933776
150343,0.040322658
150354,0.0148680685
150363,0.01912478
150365,0.03512047
150377,0.023347355
150381,0.09281485
150382,0.008770824
150414,0.044131406
150418,0.09559473
150431,0.018689204
150449,0.032066524
150450,0.21875432
150473,0.008783596
150475,0.020420022
150476,0.1267062
150478,0.15067998
150488,0.105471045
150499,0.14376515
150501,0.22473097
150503,0.04166576
150518,0.02192354
150529,0.03681269
150531,0.0128969345
150532,0.051402114
150535,0.03637277
150543,0.228324
150545,0.14759105
150548,0.03536209
150552,0.018808529
150558,0.092228465
150574,0.12943023
150576,0.44861618
150577,0.023528682
150594,0.08352141
150601,0.016876936
150604,0.03625787
150618,0.033671387
150626,0.12464229
150627,0.07754687
150635,0.19214371
150648,0.028268281
150649,0.1446577
150650,0.13764594
150651,0.044200815
150652,0.020549433
150657,0.12402731
150659,0.034829207
150666,0.08680081
150667,0.061520357
150680,0.009070937
150698,0.5073694
150700,0.26290148
150713,0.036072284
150715,0.08043509
150718,0.005600378
150724,0.105985
150731,0.02316615
150734,0.01660177
150738,0.013768427
150744,0.0343367
150745,0.1219343
150746,0.091874
150749,0.022167312
150750,0.101631984
150753,0.016966593
150759,0.018661167
150762,0.011052114
150764,0.010724118
150782,0.025389347
150784,0.017208751
150785,0.05389813
150786,0.03044839
150789,0.047899306
150802,0.068544134
150809,0.02860055
150810,0.059530858
150817,0.02215805
150820,0.02269088
150822,0.064803764
150845,0.017293392
150846,0.0733378
150854,0.047108226
150858,0.3246435
150866,0.047114782
150869,0.012840062
150874,0.04384195
150887,0.008514337
150889,0.015816687
150892,0.17890427
150896,0.01305147
150901,0.22295925
150914,0.3101576
150918,0.02172655
150919,0.02386104
150929,0.1327561
150935,0.02921539
150941,0.019363075
150949,0.018717302
150950,0.06080632
150951,0.00808713
150952,0.008924014
150980,0.1252318
150981,0.01980942
150986,0.13363989
150987,0.07414693
151004,0.040512335
151005,0.07003987
151010,0.04670874
151012,0.0536375
151016,0.02238999
151021,0.12799877
151022,0.014895936
151023,0.15280734
151024,0.46878088
151035,0.18910287
151036,0.032559525
151039,0.02726319
151041,0.050711773
151043,0.12137619
151052,0.27686697
151058,0.19380727
151065,0.07587961
151066,0.028867813
151067,0.20929727
151069,0.036159694
151070,0.022811918
151080,0.05230259
151090,0.043963235
151092,0.44842032
151100,0.025293145
151108,0.054069668
151113,0.03664203
151119,0.027840367
151131,0.019177103
151145,0.028184969
151147,0.079664364
151148,0.014946118
151149,0.07205131
151153,0.019055266
151158,0.036385663
151167,0.025536494
151169,0.030118281
151185,0.032216597
151186,0.06898333
151187,0.09859018
151203,0.042745844
151206,0.009006378
151213,0.20785064
151237,0.05440791
151254,0.037931487
151255,0.029411843
151264,0.08900574
151266,0.05627285
151267,0.051049724
151270,0.013437572
151286,0.00895406
151288,0.104765
151289,0.054879017
151290,0.046811357
151303,0.027636465
151304,0.104438975
151308,0.026749352
151315,0.025539668
151324,0.025916416
151329,0.020849379
151335,0.013755045
151343,0.018498346
151347,0.15111956
151348,0.06877821
151357,0.09134288
151366,0.07930656
151372,0.017231047
151374,0.01116917
151394,0.017669974
151395,0.11639035
151403,0.020697122
151410,0.020707835
151412,0.069763556
151419,0.040985897
151443,0.011066843
151464,0.01247348
151466,0.19486183
151467,0.016539399
151476,0.04798403
151480,0.03720762
151481,0.2770449
151486,0.043378774
151487,0.07727954
151490,0.1048202
151498,0.033291623
151500,0.017893275
151504,0.01600269
151516,0.015403592
151519,0.048644602
151528,0.07882081
151529,0.054038018
151539,0.43894154
151540,0.058375455
151556,0.3753749
151558,0.013348838
151559,0.032565277
151581,0.016149411
151586,0.09221957
151589,0.1407722
151603,0.18003793
151604,0.030163655
151610,0.00824145
151637,0.12517633
151652,0.2138095
151654,0.023409843
151667,0.050485134
151668,0.15498704
151669,0.014764578
151678,0.01879115
151697,0.082307085
151706,0.0386213
151729,0.017049246
151730,0.030254988
151737,0.023562647
151744,0.11718661
151756,0.10484486
151785,0.031909227
151800,0.029912878
151801,0.019125365
151821,0.057818897
151822,0.07925136
151834,0.04881259
151845,0.07109615
151846,0.03485279
151847,0.089231744
151848,0.102230705
151859,0.04748672
151872,0.097992614
151875,0.06808497
151883,0.026824111
151888,0.02884807
151895,0.017415382
151896,0.015925648
151900,0.07711937
151913,0.010246469
151920,0.043867078
151928,0.133632
151933,0.034394726
151934,0.02827759
151948,0.06808894
151951,0.011721034
151963,0.034172185
151964,0.008205818
151965,0.00822288
151966,0.08520103
151974,0.018278647
151975,0.21098222
151978,0.020346042
151982,0.05788719
151993,0.040531434
152002,0.013036871
152005,0.08616254
152017,0.046802953
152020,0.12615262
152039,0.052435163
152047,0.2175748
152064,0.06454636
152071,0.06655918
152076,0.049943727
152088,0.012231325
152091,0.013448719
152093,0.03417779
152100,0.06861602
152107,0.02939012
152115,0.015869543
152119,0.0095710745
152123,0.020556875
152129,0.055544678
152140,0.39745647
152141,0.037234552
152142,0.08072683
152148,0.04440803
152170,0.015267219
152171,0.029058252
152176,0.021043519
152186,0.08199809
152192,0.11558108
152204,0.18597679
152215,0.007983802
152220,0.032231506
152230,0.011550304
152256,0.045920115
152265,0.05911424
152266,0.16419801
152268,0.023658406
152272,0.06031951
152286,0.016173711
152299,0.02377636
152305,0.05900549
152324,0.029693488
152329,0.15783753
152355,0.028889343
152356,0.006839087
152365,0.051214978
152369,0.1433773
152373,0.029725932
152374,0.057806145
152383,0.08326569
152395,0.15964009
152403,0.17311998
152404,0.051157176
152406,0.010394907
152425,0.017112028
152437,0.016140565
152438,0.058432333
152442,0.15844919
152460,0.06271444
152461,0.035620928
152462,0.010765138
152472,0.043915585
152473,0.11577436
152477,0.01954275
152506,0.03512519
152522,0.02339354
152530,0.027057
152535,0.009145149
152543,0.014352827
152548,0.031193012
152556,0.045505546
152562,0.03275205
152563,0.076640934
152565,0.032257263
152591,0.030831994
152593,0.062128678
152612,0.06334575
152619,0.022043185
152627,0.0265105
152628,0.021436678
152632,0.2529863
152638,0.08855938
152646,0.054157004
152662,0.16810268
152679,0.10598954
152680,0.033504017
152699,0.092112474
152703,0.025131207
152717,0.16926757
152720,0.1494414
152721,0.03981931
152735,0.023532854
152736,0.015685983
152739,0.10463149
152755,0.014379413
152769,0.011496148
152785,0.20765674
152788,0.020847708
152791,0.023801567
152808,0.048355214
152815,0.015115885
152816,0.23097722
152817,0.03065571
152818,0.01645222
152819,0.21307567
152820,0.04670826
152823,0.072714016
152831,0.036114126
152832,0.27359045
152833,0.17126764
152835,0.038171906
152838,0.018336205
152846,0.013929592
152862,0.21755119
152864,0.0100581525
152865,0.043096703
152871,0.005592734
152874,0.015132439
152875,0.008992489
152876,0.34687048
152877,0.43921313
152881,0.11050397
152892,0.011155511
152908,0.10901089
152909,0.068353586
152915,0.013529796
152916,0.13921756
152923,0.025365315
152932,0.01566707
152934,0.019376954
152936,0.010684714
152948,0.040785357
152951,0.05733724
152956,0.03796691
152963,0.051786833
152964,0.5796222
152978,0.089459494
152980,0.05192569
152986,0.16428824
153001,0.11760025
153002,0.043817773
153007,0.044769965
153009,0.011336602
153017,0.018885197
153018,0.21077204
153022,0.14274207
153027,0.3063361
153032,0.030055497
153033,0.058931448
153034,0.024774548
153037,0.05600809
153051,0.34912634
153052,0.033919618
153057,0.017654143
153067,0.13077243
153084,0.0324921
153088,0.12645404
153089,0.018088788
153093,0.0139039885
153094,0.06982414
153095,0.11654269
153105,0.17492534
153108,0.15935913
153110,0.038101543
153119,0.074278615
153135,0.009669416
153139,0.01986566
153146,0.03776545
153154,0.065129325
153185,0.01520629
153195,0.28939414
153196,0.019147426
153198,0.04308302
153202,0.0058846995
153203,0.018459888
153209,0.021715188
153223,0.054766506
153224,0.053113896
153227,0.03072174
153230,0.049829457
153233,0.033148065
153234,0.011927121
153235,0.1645
153243,0.09246264
153263,0.081079744
153269,0.034656208
153272,0.015736405
153276,0.17433085
153279,0.027031008
153291,0.124485016
153311,0.05400146
153328,0.32912117
153330,0.08239914
153341,0.27164876
153345,0.03198563
153393,0.020833952
153394,0.050899614
153395,0.023253845
153420,0.07401351
153428,0.053926658
153432,0.08614895
153449,0.024251169
153458,0.3200098
153459,0.02129698
153472,0.03672144
153475,0.007896998
153479,0.10284679
153480,0.038924057
153490,0.089912035
153491,0.01913897
153501,0.024648689
153502,0.031623162
153507,0.09083643
153513,0.0971692
153514,0.056086533
153519,0.07305636
153520,0.013462661
153556,0.03433442
153577,0.12624551
153582,0.24017437
153594,0.081880346
153595,0.05796248
153598,0.072044976
153601,0.023272187
153625,0.04512942
153641,0.0071098213
153654,0.028241219
153676,0.061191425
153681,0.004639255
153704,0.054128848
153706,0.0381048
153710,0.12181516
153720,0.06948382
153734,0.14968401
153738,0.031436495
153743,0.020102521
153748,0.05297273
153756,0.08310042
153757,0.013743641
153759,0.017054386
153764,0.18342896
153782,0.009313396
153796,0.10540158
153802,0.15595947
153809,0.52557695
153810,0.006793809
153817,0.15977573
153821,0.0146971
153823,0.021806467
153830,0.031343
153834,0.031638667
153839,0.016930632
153842,0.10221209
153847,0.09450342
153855,0.02062346
153873,0.007764493
153875,0.07727192
153882,0.027564092
153884,0.0070535582
153885,0.1954338
153886,0.04494705
153890,0.054766685
153892,0.010962334
153897,0.036604572
153898,0.035036605
153901,0.087283015
153924,0.021587703
153928,0.070177004
153929,0.20880595
153949,0.0077413265
153979,0.035053354
153980,0.009641148
153981,0.037868373
154010,0.15635997
154015,0.032645665
154039,0.063537806
154043,0.0062569017
154044,0.06798375
154046,0.032963812
154047,0.02928259
154058,0.018441958
154060,0.031175736
154065,0.19899538
154083,0.03988451
154100,0.042051252
154108,0.06528218
154120,0.101205155
154121,0.025807794
154122,0.056083232
154128,0.06435546
154137,0.035666525
154143,0.26204267
154151,0.11210226
154158,0.040078603
154176,0.017681077
154184,0.07019711
154191,0.054073516
154215,0.14163555
154216,0.0654815
154220,0.0096548665
154222,0.1576814
154227,0.045239504
154241,0.013720969
154243,0.04327357
154244,0.06920586
154254,0.025637764
154264,0.027891628
154265,0.094739385
154268,0.08480088
154269,0.009015758
154299,0.014441296
154307,0.0359714
154315,0.074949235
154325,0.09478399
154327,0.066036545
154332,0.11331567
154346,0.00831979
154347,0.012377143
154353,0.26810294
154369,0.025154067
154376,0.015220622
154377,0.2537955
154379,0.04824765
154389,0.024974328
154402,0.053979572
154403,0.027139753
154416,0.013066642
154428,0.04266933
154430,0.016927008
154442,0.35717437
154447,0.022471776
154468,0.013824424
154470,0.029387783
154473,0.10074129
154480,0.03150846
154486,0.021637933
154500,0.116111636
154507,0.11203967
154529,0.0045861313
154549,0.008163352
154557,0.011906836
154571,0.04926067
154578,0.030941375
154580,0.02348166
154591,0.03342479
154611,0.28089187
154623,0.013488309
154650,0.057739526
154655,0.06744817
154659,0.03380436
154680,0.08991174
154681,0.021929229
154690,0.14764473
154711,0.031969856
154712,0.026708221
154722,0.0096253045
154731,0.013467382
154747,0.17116001
154749,0.079513535
154750,0.07601782
154760,0.09557833
154763,0.03423699
154786,0.12766851
154788,0.048792332
154792,0.07708007
154807,0.27841887
154812,0.01356543
154818,0.20569819
154819,0.04320483
154824,0.06879853
154839,0.10534629
154840,0.009800815
154843,0.028609904
154847,0.16966903
154849,0.13240571
154850,0.0056580435
154851,0.038105384
154853,0.034682017
154858,0.023804687
154868,0.3694628
154871,0.021602396
154877,0.020864462
154916,0.03744052
154920,0.014463941
154922,0.06324043
154924,0.023911837
154933,0.16022371
154942,0.31631765
154955,0.024709946
154957,0.38627914
154966,0.040586956
154971,0.014516061
154972,0.028206838
154973,0.03443292
154974,0.019515097
154979,0.013813218
154982,0.05894848
154990,0.11477292
154991,0.017512795
154994,0.13457508
154995,0.060007975
155009,0.025022754
155014,0.01603966
155017,0.0077130226
155018,0.02216725
155019,0.014287371
155020,0.01576188
155027,0.040210348
155034,0.07318847
155047,0.012671634
155049,0.111617714
155052,0.13580507
155053,0.014959723
155059,0.04574784
155060,0.23546028
155069,0.019112885
155077,0.14460936
155078,0.0515948
155086,0.07127766
155088,0.044264495
155094,0.024981223
155099,0.013924265
155100,0.015379424
155116,0.06384441
155117,0.1407137
155119,0.03324681
155120,0.011810384
155133,0.056050587
155135,0.47184515
155141,0.18495293
155144,0.0080235265
155145,0.02046649
155174,0.049729645
155194,0.122508734
155196,0.019019779
155204,0.06829603
155232,0.23196441
155240,0.039100252
155246,0.054225717
155254,0.013859183
155267,0.016010754
155273,0.06910001
155274,0.030732363
155283,0.048116326
155296,0.3299361
155312,0.022463143
155318,0.01603282
155322,0.083012216
155323,0.0906616
155329,0.1728697
155342,0.012717331
155346,0.108054906
155366,0.1702197
155369,0.05027254
155372,0.09667458
155378,0.09961628
155382,0.1363564
155390,0.029520474
155401,0.089651786
155428,0.026841734
155443,0.039558213
155445,0.026650378
155450,0.029226197
155452,0.11891224
155453,0.012062991
155480,0.19728565
155482,0.009967853
155484,0.06304259
155485,0.02308442
155496,0.103414744
155497,0.12711033
155531,0.024637057
155541,0.009734652
155547,0.1921289
155550,0.06513026
155551,0.048035976
155565,0.11743617
155567,0.025384998
155569,0.13856906
155573,0.02011758
155575,0.06280503
155581,0.0296769
155591,0.026705742
155593,0.17700648
155594,0.015789341
155610,0.35467076
155623,0.029933954
155624,0.067343935
155629,0.014084289
155638,0.09137534
155650,0.03727427
155652,0.030823337
155687,0.06727475
155697,0.4144095
155715,0.22221808
155718,0.025693458
155719,0.015134327
155723,0.14180629
155730,0.08443924
155731,0.022146042
155737,0.081139736
155738,0.059943177
155740,0.03544929
155742,0.035687044
155755,0.019133823
155766,0.051305883
155768,0.01504719
155771,0.119958535
155803,0.03914683
155808,0.012205418
155809,0.04421972
155812,0.018692143
155820,0.102353
155832,0.0774027
155841,0.07307936
155847,0.18131104
155848,0.020996077
155855,0.08383236
155886,0.02545466
155893,0.12895373
155905,0.040231112
155910,0.12088223
155912,0.009035481
155919,0.2197254
155921,0.02167401
155937,0.055523667
155939,0.087141305
155950,0.09288613
155987,0.06879693
155988,0.031249488
156005,0.017088354
156006,0.01060088
156010,0.06187788
156018,0.058031496
156021,0.1530933
156026,0.04880735
156030,0.036252853
156033,0.008296117
156038,0.042184066
156041,0.07179951
156049,0.026168292
156050,0.016436562
156068,0.06117189
156069,0.21948169
156087,0.011678201
156088,0.08645213
156095,0.03652864
156104,0.12161366
156107,0.013210532
156108,0.09161988
156111,0.057930272
156119,0.011567643
156123,0.06852917
156140,0.4550022
156149,0.017324965
156161,0.019076098
156180,0.2529555
156186,0.069560215
156189,0.16864204
156194,0.022934351
156200,0.025393825
156213,0.27518195
156214,0.030213969
156228,0.021568596
156234,0.012306785
156236,0.12035923
156243,0.035999097
156256,0.03171259
156268,0.023210052
156269,0.007385332
156270,0.03275069
156274,0.100928105
156290,0.013336077
156291,0.0228072
156292,0.034708004
156298,0.041937668
156301,0.11044448
156302,0.16031402
156309,0.038298458
156355,0.02103543
156365,0.013243683
156367,0.37636328
156372,0.015152205
156376,0.060009543
156377,0.039694775
156389,0.024787242
156400,0.05182621
156404,0.227123
156405,0.022147445
156426,0.07490201
156427,0.02076971
156429,0.06358702
156430,0.02147208
156431,0.063072085
156432,0.041194245
156449,0.059075713
156463,0.020092316
156464,0.034888398
156478,0.01937103
156492,0.18011138
156508,0.10666393
156509,0.10355311
156517,0.085207425
156526,0.20765415
156527,0.012332625
156538,0.25512186
156542,0.023110928
156543,0.050334
156555,0.016117977
156556,0.11537447
156561,0.047194585
156563,0.02159381
156564,0.06755347
156567,0.015902676
156570,0.040562097
156581,0.061533324
156594,0.04288304
156597,0.021885695
156600,0.0741604
156601,0.017237686
156627,0.0697349
156629,0.1870649
156642,0.0065318774
156644,0.027965
156663,0.01862878
156674,0.020158641
156688,0.0049992735
156696,0.06136523
156707,0.0068969177
156723,0.059270747
156728,0.048684254
156731,0.14179164
156732,0.042239875
156733,0.11296355
156768,0.035590053
156773,0.048192333
156782,0.11351226
156815,0.05434843
156837,0.025663598
156854,0.052664492
156861,0.073100366
156862,0.010202747
156878,0.29106215
156903,0.10533243
156910,0.026414232
156925,0.053920936
156933,0.054683648
156952,0.03457218
156953,0.048296016
156963,0.30458558
156965,0.35794172
156989,0.021180762
156994,0.027966935
156996,0.026826447
157005,0.039403703
157011,0.010707153
157046,0.062398393
157058,0.036959197
157061,0.17344555
157065,0.020667389
157066,0.09823575
157067,0.054817162
157090,0.10634546
157091,0.096034944
157096,0.023476077
157101,0.28470242
157104,0.027557364
157109,0.021754928
157116,0.08322739
157120,0.42774308
157121,0.024016943
157124,0.19837442
157125,0.017008895
157132,0.23192461
157153,0.082689375
157157,0.29776713
157159,0.1375606
157168,0.065089315
157189,0.03609067
157195,0.03641253
157203,0.036911316
157210,0.07897738
157212,0.035881635
157220,0.027123785
157239,0.08502236
157241,0.017706383
157246,0.019137926
157247,0.085787214
157252,0.016114762
157253,0.4093045
157265,0.019141365
157291,0.06949439
157292,0.029281974
157301,0.08309056
157306,0.13505043
157312,0.5910006
157314,0.062468763
157332,0.014181757
157333,0.04027053
157337,0.088177636
157345,0.047176592
157347,0.052409977
157363,0.08312367
157376,0.019214617
157382,0.038616464
157397,0.012949839
157409,0.009081933
157411,0.019839281
157422,0.020456571
157428,0.043498144
157434,0.1700463
157442,0.025589302
157446,0.013431302
157456,0.019424275
157465,0.038361646
157469,0.017694898
157482,0.01923234
157497,0.014177792
157507,0.008318404
157510,0.040865727
157515,0.011356456
157529,0.03892075
157530,0.1365038
157541,0.1288161
157546,0.11121618
157553,0.035802912
157554,0.021493379
157562,0.17911541
157565,0.12410388
157566,0.05243996
157571,0.0137654655
157572,0.012884891
157574,0.018277207
157575,0.033949878
157581,0.23249504
157590,0.3671782
157604,0.022397876
157611,0.12307687
157617,0.096202366
157620,0.03224754
157623,0.029765196
157651,0.05483018
157653,0.015872987
157664,0.07821001
157690,0.04865118
157704,0.06335698
157712,0.11523014
157722,0.17823276
157727,0.026556417
157764,0.019164588
157765,0.12554437
157775,0.026147619
157777,0.063403234
157789,0.055553414
157802,0.21809375
157803,0.017848749
157804,0.019226462
157805,0.10154122
157822,0.070837386
157823,0.025594808
157827,0.032012437
157836,0.08390069
157839,0.050753705
157847,0.03196676
157859,0.051662095
157864,0.015084191
157866,0.3030844
157877,0.17284927
157886,0.036914
157892,0.05380936
157903,0.047017787
157913,0.11832059
157919,0.012805424
157920,0.12069111
157923,0.029311594
157926,0.033121433
157927,0.1191944
157948,0.011614483
157949,0.026180437
157952,0.020018008
157955,0.34290123
157958,0.10062904
157960,0.0388739
157966,0.042048674
157970,0.01905244
157979,0.027100237
157980,0.06820829
157985,0.008063939
157997,0.06790209
157998,0.050107017
158002,0.052122794
158004,0.06307068
158005,0.11224416
158007,0.016134582
158008,0.017820578
158015,0.023121633
158033,0.06583495
158036,0.03730139
158041,0.0630056
158044,0.016031656
158049,0.15839651
158061,0.015856946
158078,0.020771977
158099,0.015104003
158100,0.034166142
158102,0.08793335
158107,0.050650075
158114,0.03508587
158127,0.12667768
158128,0.06987127
158142,0.029446254
158145,0.16702762
158146,0.06730211
158167,0.008360129
158176,0.061378185
158184,0.01811134
158197,0.0278166
158201,0.05251701
158202,0.07993199
158205,0.0415727
158208,0.32498878
158211,0.08518675
158215,0.03519378
158218,0.05395146
158221,0.43909368
158223,0.068960495
158230,0.007917646
158234,0.025414528
158235,0.050392903
158245,0.05334027
158254,0.090717435
158267,0.07625702
158277,0.012182929
158283,0.08573224
158289,0.14609057
158290,0.040198244
158298,0.017586883
158307,0.016170427
158332,0.06271695
158336,0.01049658
158342,0.023063214
158344,0.050734688
158347,0.15505168
158352,0.009331384
158354,0.08189548
158355,0.018775582
158357,0.011292235
158365,0.01558569
158366,0.005193877
158367,0.034083314
158368,0.30468416
158384,0.052881144
158388,0.007974307
158395,0.06848132
158413,0.069932126
158425,0.05441366
158426,0.055102773
158432,0.011186476
158444,0.09083587
158453,0.012058731
158454,0.09686077
158459,0.013449582
158462,0.031239226
158468,0.11165308
158469,0.04736026
158470,0.02949026
158483,0.08669687
158485,0.027719699
158490,0.11260528
158494,0.035663784
158500,0.040251363
158503,0.025055528
158504,0.008553853
158519,0.09820956
158523,0.03156598
158527,0.029978903
158533,0.013741709
158535,0.010861208
158539,0.03172282
158544,0.13376531
158547,0.018957015
158551,0.06478058
158552,0.006856101
158560,0.031575743
158616,0.22839388
158638,0.014470203
158642,0.012437439
158651,0.009007874
158653,0.017927041
158677,0.01559227
158683,0.01998469
158687,0.04522731
158693,0.020130763
158700,0.017419627
158703,0.03429302
158705,0.34617567
158706,0.036808234
158708,0.016814938
158712,0.044514373
158714,0.10798481
158715,0.03059939
158752,0.027914854
158753,0.020011585
158763,0.0097996965
158764,0.057653017
158767,0.14260374
158770,0.011246337
158781,0.023681369
158789,0.07350292
158790,0.009386456
158791,0.431009
158795,0.16974646
158796,0.048739545
158800,0.026232246
158806,0.018912964
158807,0.33078057
158815,0.23617956
158824,0.053978402
158828,0.12532201
158831,0.19932371
158840,0.026271127
158841,0.020714454
158847,0.07324866
158856,0.032603517
158858,0.11253652
158884,0.07052839
158885,0.020725092
158891,0.06712703
158898,0.032674108
158911,0.02551667
158913,0.008140568
158918,0.025336321
158926,0.029119438
158929,0.14247803
158939,0.044598766
158940,0.06602394
158952,0.08641835
158963,0.018152773
158973,0.017004194
158977,0.1631893
158988,0.08021486
159013,0.11815918
159016,0.07199658
159018,0.006724233
159024,0.31275156
159034,0.07163394
159035,0.12026425
159039,0.13282403
159049,0.05968958
159056,0.095110565
159068,0.025686795
159078,0.1328563
159099,0.05487537
159103,0.09060707
159106,0.13150874
159113,0.018309655
159117,0.03143773
159124,0.35320315
159132,0.049618814
159139,0.030160567
159142,0.038827468
159145,0.058073714
159147,0.032013763
159174,0.025764275
159201,0.057293132
159203,0.031015212
159212,0.1966709
159214,0.057682086
159221,0.022916256
159240,0.05601151
159241,0.041458435
159242,0.035679724
159244,0.06618941
159250,0.059256494
159275,0.023032084
159284,0.080656715
159293,0.051500298
159295,0.030484881
159301,0.012772312
159310,0.03912101
159314,0.030477505
159318,0.010195019
159333,0.03573769
159334,0.026113274
159335,0.08265771
159337,0.16977672
159338,0.077099726
159340,0.116545886
159361,0.017171122
159384,0.12214605
159402,0.05089566
159421,0.013697982
159424,0.08842255
159425,0.007440378
159426,0.05576662
159439,0.105796054
159445,0.031793002
159449,0.011636498
159460,0.45747572
159475,0.03867839
159481,0.04890036
159483,0.053725213
159494,0.03164997
159504,0.016532114
159512,0.11155768
159522,0.20845933
159524,0.029850952
159526,0.023108277
159528,0.02953396
159547,0.33406237
159555,0.010110881
159562,0.02817725
159563,0.014490618
159565,0.123061314
159569,0.043206923
159578,0.022001695
159579,0.093643636
159581,0.012450372
159594,0.06371501
159598,0.008537282
159604,0.040042136
159605,0.019238086
159620,0.10513121
159631,0.057556417
159633,0.019978642
159659,0.06729857
159661,0.15157153
159667,0.019420298
159669,0.022629771
159682,0.04639367
159683,0.016664617
159693,0.038932435
159698,0.018221326
159702,0.06840235
159703,0.023805
159707,0.017967895
159716,0.021289961
159732,0.049338005
159734,0.05798316
159740,0.034158874
159748,0.073931776
159751,0.062328212
159756,0.14382963
159758,0.29417515
159767,0.035817217
159769,0.22174777
159775,0.07253794
159802,0.028458223
159804,0.051119912
159817,0.04351806
159818,0.0052398993
159824,0.015775604
159837,0.006301217
159840,0.029288381
159842,0.2694953
159851,0.01053406
159865,0.3260494
159866,0.08803936
159872,0.038915873
159874,0.021798622
159879,0.017716529
159883,0.037023045
159884,0.02585405
159898,0.1831357
159903,0.035054725
159906,0.042945426
159914,0.09191188
159915,0.17481832
159917,0.02112402
159929,0.07162054
159949,0.19220462
159951,0.025927922
159953,0.052317474
159957,0.074911386
159968,0.052837916
159972,0.04214114
159973,0.09428708
159993,0.052028198
160008,0.17156872
160011,0.027977323
160013,0.027608847
160015,0.03164552
160017,0.010459988
160023,0.056182913
160028,0.12115364
160035,0.05424587
160074,0.10873206
160076,0.04147835
160077,0.031932224
160080,0.051534027
160084,0.12548439
160089,0.3214127
160094,0.00667316
160101,0.013578029
160103,0.027865535
160111,0.074064225
160114,0.049115546
160116,0.02452176
160119,0.085208364
160123,0.022501128
160141,0.022927258
160147,0.01937586
160151,0.033872955
160172,0.45348248
160173,0.011325728
160177,0.05662059
160178,0.037200507
160180,0.01585569
160181,0.020487081
160188,0.015180726
160189,0.013606758
160193,0.030336535
160205,0.02137756
160214,0.07121101
160215,0.0475748
160217,0.019091785
160262,0.013618624
160263,0.024260564
160273,0.12013391
160282,0.12632729
160295,0.22997889
160297,0.04822894
160303,0.008963857
160305,0.030396637
160309,0.018331338
160324,0.030316899
160338,0.17479016
160366,0.056360684
160375,0.022311063
160381,0.017933851
160398,0.026022552
160400,0.043510366
160406,0.06461978
160410,0.02374664
160411,0.0048784865
160418,0.041834608
160440,0.012373201
160441,0.048701324
160450,0.22656165
160465,0.018504607
160470,0.04007192
160471,0.09155314
160472,0.19598436
160479,0.07305196
160490,0.025950337
160500,0.1993836
160503,0.016221005
160504,0.055081807
160515,0.056144126
160541,0.096127994
160545,0.052801505
160562,0.02554787
160589,0.060169935
160594,0.029554151
160595,0.011621909
160598,0.06745782
160601,0.013907839
160605,0.18067124
160606,0.009066796
160607,0.017977867
160608,0.16279793
160610,0.036686875
160614,0.10356452
160615,0.011138397
160626,0.013194563
160634,0.008116047
160656,0.029407328
160660,0.030990472
160666,0.06368898
160672,0.03173489
160673,0.025352355
160674,0.029885724
160681,0.021702934
160683,0.07240433
160694,0.016443772
160710,0.0575526
160715,0.12838587
160719,0.08060541
160732,0.04464222
160734,0.0067502186
160737,0.1288793
160742,0.092917666
160747,0.009525185
160749,0.10345177
160753,0.04399866
160756,0.061633207
160757,0.10741942
160763,0.010059887
160782,0.019064263
160789,0.031745374
160804,0.10350318
160805,0.09609288
160813,0.03335295
160815,0.008957656
160819,0.01642789
160820,0.075856455
160822,0.02856766
160823,0.082315356
160837,0.07870683
160841,0.015050763
160847,0.047524706
160861,0.05334318
160886,0.021582572
160891,0.04730028
160897,0.026653271
160914,0.043271266
160915,0.19916974
160929,0.13189033
160930,0.0077422718
160931,0.01077636
160935,0.057938483
160939,0.034026325
160953,0.018689433
160954,0.042716585
160962,0.026878858
160966,0.010914564
160982,0.025977457
160983,0.020354204
160991,0.023270201
160998,0.022376606
161009,0.060175557
161014,0.0137106255
161017,0.04739105
161021,0.050169438
161023,0.029664263
161027,0.027911257
161028,0.080922484
161030,0.23042528
161031,0.014455946
161033,0.06792143
161050,0.06009394
161053,0.029742809
161054,0.05065462
161055,0.011369832
161059,0.035065178
161061,0.073027775
161065,0.043112602
161069,0.049585667
161072,0.024509717
161073,0.034043793
161080,0.05793301
161083,0.052614942
161104,0.040993307
161111,0.18257071
161139,0.12756303
161149,0.019450422
161158,0.11569266
161171,0.08199068
161175,0.05436666
161201,0.10059138
161202,0.123475984
161205,0.04331749
161228,0.0185072
161233,0.021359673
161234,0.060111195
161237,0.04397538
161238,0.03945585
161250,0.08450523
161251,0.02824099
161253,0.014830327
161254,0.02014272
161283,0.022611566
161291,0.04509534
161297,0.030431826
161300,0.04209677
161314,0.11921073
161315,0.041195635
161336,0.021610841
161341,0.13920468
161343,0.06233908
161351,0.08925466
161352,0.04878378
161353,0.04266177
161361,0.069739
161366,0.042640015
161368,0.31504434
161378,0.046940498
161379,0.1412374
161380,0.01672184
161398,0.13559674
161408,0.009247985
161432,0.013170505
161439,0.1204332
161461,0.10271747
161467,0.085458905
161468,0.058181807
161471,0.031207
161477,0.15633531
161503,0.02297189
161514,0.008993846
161524,0.15987334
161527,0.032540496
161528,0.013264269
161531,0.2584324
161536,0.01717599
161537,0.04384057
161548,0.04281191
161558,0.01641659
161572,0.007839697
161586,0.009504065
161605,0.041385666
161606,0.038148858
161607,0.09328857
161618,0.05729266
161640,0.051003136
161658,0.07034737
161660,0.014293311
161661,0.09316772
161662,0.19417486
161677,0.09687995
161681,0.07809174
161682,0.01334245
161683,0.05718631
161685,0.011009627
161686,0.025399398
161687,0.05024223
161691,0.021287533
161701,0.10256647
161707,0.029761568
161709,0.016816791
161710,0.01878319
161711,0.06180932
161714,0.084484644
161742,0.054160263
161751,0.01901678
161764,0.048804477
161771,0.12456739
161781,0.043661285
161782,0.027216543
161800,0.018831441
161810,0.08468469
161812,0.079715766
161813,0.011493552
161816,0.010118036
161838,0.07246754
161841,0.044021554
161845,0.028971478
161871,0.11250774
161877,0.098266035
161882,0.03574822
161885,0.0359885
161886,0.024579288
161895,0.02672761
161897,0.08346852
161914,0.06778772
161921,0.049720608
161922,0.02941297
161927,0.31851768
161946,0.00880804
161952,0.034769733
161954,0.14589158
161955,0.07431087
161961,0.121614456
161977,0.19197619
161980,0.039170757
161989,0.10678988
161993,0.20755967
162002,0.026639769
162011,0.0420342
162012,0.0153750125
162015,0.025073081
162016,0.021099411
162019,0.01836038
162021,0.050200075
162022,0.21412131
162023,0.06647308
162025,0.020031037
162028,0.00812856
162029,0.011734097
162030,0.010580361
162031,0.29574674
162033,0.16562253
162037,0.0094763795
162044,0.100384176
162071,0.059438266
162093,0.0469656
162094,0.02042815
162100,0.007780115
162102,0.07728611
162105,0.06515955
162109,0.06868585
162116,0.061811782
162117,0.012341477
162118,0.13882034
162120,0.1121838
162125,0.056421522
162128,0.16777968
162131,0.22036211
162133,0.06518586
162135,0.04620198
162156,0.011219442
162157,0.021446846
162165,0.0781714
162166,0.034543052
162170,0.06099753
162201,0.028130952
162202,0.050645046
162206,0.0069521987
162211,0.052448936
162227,0.018208198
162232,0.014245043
162235,0.03201085
162237,0.3155601
162248,0.03598899
162261,0.07005505
162262,0.01981843
162280,0.02004483
162282,0.0386146
162284,0.039033763
162287,0.24182592
162305,0.020573212
162308,0.02762737
162309,0.018516783
162312,0.019881334
162313,0.011921221
162316,0.031981442
162324,0.039468437
162325,0.06108897
162333,0.016888073
162334,0.069816165
162337,0.03506279
162340,0.04962255
162344,0.08780858
162347,0.046187826
162350,0.047345452
162351,0.127264
162365,0.041052997
162368,0.021030951
162379,0.09720834
162383,0.02831709
162392,0.03307893
162393,0.044127934
162397,0.054902256
162398,0.08904006
162406,0.07235936
162410,0.04741182
162418,0.009352777
162420,0.06398792
162424,0.093441844
162425,0.021400362
162438,0.023151511
162442,0.010594528
162462,0.026920468
162476,0.0063445913
162477,0.013939715
162480,0.021662962
162491,0.04929842
162493,0.021904333
162503,0.02332098
162504,0.015386524
162513,0.060364075
162516,0.2216463
162517,0.020495482
162522,0.08285
162523,0.06448045
162542,0.07830733
162584,0.11605132
162586,0.03207752
162589,0.039050095
162594,0.040460147
162616,0.012688603
162630,0.06883187
162637,0.039927628
162652,0.0129785575
162659,0.24541973
162668,0.0134868
162674,0.01786068
162680,0.06297331
162685,0.31731087
162689,0.14332871
162711,0.02661929
162714,0.01798413
162732,0.012388198
162741,0.037153166
162758,0.095882766
162759,0.03518201
162775,0.08173457
162776,0.063038394
162777,0.014560996
162782,0.035230394
162786,0.019289393
162794,0.09516333
162799,0.016110515
162801,0.0899431
162802,0.12024125
162807,0.01906774
162820,0.024491081
162827,0.010335606
162833,0.027360769
162837,0.020387119
162844,0.034220714
162860,0.025852589
162862,0.020408405
162864,0.0986312
162868,0.10032157
162880,0.030527366
162895,0.2615689
162898,0.08835742
162918,0.052496597
162924,0.110024884
162931,0.09589355
162936,0.08725002
162978,0.074681625
162979,0.024028616
162988,0.035294555
162989,0.06726671
163013,0.08811383
163014,0.041663263
163021,0.06303474
163024,0.011564742
163027,0.0069400873
163030,0.020044725
163031,0.015597235
163032,0.016334996
163039,0.078301325
163042,0.015948731
163048,0.037981745
163049,0.02256585
163068,0.08941251
163071,0.025140552
163074,0.08241522
163079,0.041927215
163080,0.013075083
163085,0.04459244
163093,0.038796943
163094,0.13455519
163109,0.065006666
163116,0.026024643
163117,0.036403425
163118,0.054915983
163119,0.31399512
163121,0.018917415
163131,0.028501447
163132,0.050017484
163133,0.15663722
163182,0.05559275
163187,0.02527576
163188,0.36124447
163195,0.018736204
163197,0.017667644
163200,0.0059136134
163206,0.23747827
163207,0.039648328
163214,0.117124535
163222,0.020944726
163224,0.04109471
163226,0.15383348
163235,0.06295386
163240,0.06375491
163258,0.12426988
163263,0.017705215
163264,0.12099899
163265,0.04678363
163266,0.07901256
163268,0.11326436
163272,0.022878045
163273,0.49132013
163278,0.15066443
163288,0.007044791
163299,0.12007348
163302,0.100097366
163307,0.02748239
163321,0.087668456
163349,0.067767605
163352,0.24970627
163353,0.05738548
163357,0.23342675
163362,0.025520293
163375,0.018038712
163385,0.023590805
163386,0.10403343
163390,0.09536905
163408,0.13385047
163423,0.030842543
163426,0.20685662
163437,0.13943532
163452,0.034788586
163472,0.053876616
163473,0.014883586
163479,0.012780191
163480,0.023875263
163487,0.06171177
163492,0.15248129
163493,0.0273474
163523,0.21288303
163524,0.031396974
163527,0.04739105
163528,0.11022955
163531,0.0065014875
163538,0.0715446
163556,0.021515427
163563,0.6683313
163566,0.050551612
163570,0.017046237
163571,0.036545694
163574,0.027745048
163578,0.02840367
163580,0.056113176
163597,0.08098275
163601,0.10274486
163604,0.17058587
163609,0.019409947
163618,0.066282034
163634,0.09764668
163647,0.06822177
163660,0.37500975
163661,0.023129327
163666,0.016938806
163667,0.10689548
163669,0.06440597
163676,0.013840222
163681,0.0168242
163682,0.042951547
163684,0.06315654
163714,0.118888006
163724,0.021962797
163728,0.16704148
163729,0.010447701
163738,0.013201661
163742,0.04178632
163743,0.19027098
163748,0.054370727
163759,0.029300224
163782,0.022790495
163793,0.022152007
163800,0.02043366
163801,0.0535916
163802,0.04253763
163814,0.03434798
163820,0.040696867
163821,0.01643284
163848,0.022958063
163852,0.09861968
163854,0.019619778
163855,0.26533306
163882,0.011798315
163895,0.05220434
163900,0.120309636
163907,0.06975313
163915,0.01701755
163926,0.063818015
163929,0.019530978
163934,0.22439045
163940,0.06573615
163943,0.05206566
163944,0.030611891
163949,0.010737222
163951,0.019844973
163952,0.051266722
163965,0.17931934
163970,0.029578088
163980,0.02375045
163981,0.040277712
163988,0.1621981
163989,0.11563349
163991,0.01268803
164015,0.07221708
164028,0.036884807
164030,0.042996272
164031,0.15712538
164037,0.011315491
164049,0.03647695
164052,0.02555021
164059,0.016013835
164083,0.15030184
164095,0.036302462
164106,0.21077552
164116,0.036414728
164117,0.19039533
164119,0.02862166
164133,0.17618302
164134,0.053235907
164142,0.026385486
164143,0.0123146875
164147,0.024207687
164148,0.07220413
164150,0.18351889
164152,0.0761639
164156,0.1569031
164157,0.04969915
164158,0.026643505
164166,0.10058555
164191,0.013198858
164194,0.042368196
164198,0.012205133
164201,0.026276026
164202,0.03082223
164207,0.49330452
164228,0.020992186
164240,0.043101
164241,0.028655363
164244,0.010589764
164256,0.13620858
164262,0.037314866
164269,0.01664218
164276,0.015507067
164281,0.19042107
164290,0.019613089
164300,0.30542988
164305,0.20325662
164307,0.024315499
164308,0.013884191
164309,0.008802161
164314,0.063398845
164319,0.022385884
164331,0.023958493
164332,0.012824543
164343,0.048836373
164349,0.061657924
164363,0.03522474
164373,0.077568226
164410,0.17938572
164417,0.033748027
164436,0.017677022
164438,0.014793275
164441,0.062299952
164445,0.023603784
164451,0.041657634
164452,0.007948066
164502,0.09297691
164513,0.09649499
164526,0.37438327
164527,0.03339223
164528,0.09689879
164530,0.010392986
164537,0.12240934
164542,0.06639637
164546,0.053902954
164555,0.2967062
164556,0.012318305
164568,0.21289277
164571,0.10230401
164572,0.27413824
164574,0.042164467
164580,0.03455151
164597,0.020487148
164601,0.008629884
164619,0.050919034
164633,0.025504336
164642,0.03409811
164652,0.12689607
164676,0.022759505
164682,0.031520978
164685,0.10898566
164691,0.08079788
164696,0.02260619
164708,0.051807925
164711,0.07811091
164712,0.095761076
164717,0.032324333
164721,0.040127166
164740,0.020967722
164746,0.011394674
164755,0.034469835
164761,0.048997372
164764,0.016009403
164766,0.44228905
164776,0.34821188
164777,0.016958551
164783,0.04668825
164786,0.008976756
164799,0.088995725
164808,0.07733491
164812,0.049892493
164815,0.08356579
164816,0.02775272
164817,0.08269811
164818,0.10526636
164819,0.36973238
164821,0.057350174
164822,0.018145759
164825,0.019351216
164834,0.051592026
164841,0.007866021
164842,0.13468271
164853,0.026915204
164855,0.07681975
164856,0.010919961
164878,0.020356601
164883,0.019931728
164887,0.020786982
164888,0.025012648
164889,0.048841693
164891,0.23737055
164892,0.009366521
164922,0.022478811
164924,0.09654542
164933,0.14373231
164938,0.017862579
164939,0.13746552
164949,0.016746266
164950,0.01823612
164957,0.18608925
164961,0.06436366
164963,0.026559629
164972,0.03439641
164980,0.012157274
164981,0.028752375
165020,0.018395733
165027,0.047419354
165046,0.049643163
165048,0.15806843
165049,0.05529392
165058,0.03256969
165065,0.039123025
165081,0.026143923
165082,0.08545041
165090,0.021967582
165107,0.022885982
165131,0.06628044
165133,0.06232932
165137,0.017757079
165140,0.07426968
165142,0.02843726
165143,0.06732045
165152,0.113924935
165154,0.02436466
165158,0.09992881
165166,0.01726088
165168,0.104821846
165171,0.017720504
165175,0.10288252
165182,0.022521617
165188,0.21704532
165190,0.017744686
165199,0.01849857
165202,0.14188284
165203,0.07187572
165204,0.07808838
165208,0.028566102
165221,0.107299484
165243,0.012983128
165283,0.15878569
165300,0.028329995
165302,0.06655957
165304,0.015419463
165313,0.029901933
165336,0.19865426
165339,0.080535725
165363,0.17540468
165376,0.19859694
165380,0.25519022
165385,0.0104951
165386,0.044667516
165410,0.007385462
165422,0.019568406
165426,0.022710524
165428,0.051371474
165445,0.074023575
165452,0.07642246
165454,0.032342754
165455,0.014907839
165462,0.024692155
165465,0.043983154
165466,0.09826358
165467,0.23395966
165476,0.022601187
165477,0.027146762
165478,0.34745103
165497,0.077019945
165500,0.032080956
165511,0.047720842
165513,0.10715993
165515,0.28906047
165521,0.014997203
165522,0.058806457
165523,0.038448256
165530,0.059791647
165537,0.02495208
165538,0.017435126
165539,0.05474995
165545,0.010982581
165550,0.04394265
165551,0.030609563
165552,0.059504595
165557,0.021502255
165558,0.04444879
165560,0.023557147
165574,0.061993893
165576,0.33121464
165587,0.023036096
165601,0.007835933
165605,0.008222585
165606,0.00973734
165607,0.02015162
165624,0.058596224
165632,0.035529472
165633,0.059636276
165634,0.08287328
165646,0.037328824
165649,0.015101307
165651,0.11726745
165661,0.025422594
165666,0.048066773
165669,0.05638971
165674,0.019831467
165685,0.13306004
165687,0.053333744
165692,0.06571691
165721,0.20218661
165726,0.1388472
165748,0.03546311
165749,0.06331234
165752,0.03537797
165755,0.026061539
165758,0.027114144
165761,0.027191993
165762,0.032600608
165780,0.033615623
165781,0.019894317
165789,0.11018803
165802,0.0053489064
165806,0.029881857
165817,0.035820484
165822,0.34662664
165837,0.012043418
165840,0.16566648
165846,0.00894039
165853,0.013976229
165864,0.34605917
165865,0.029309394
165868,0.12607667
165869,0.031609353
165871,0.032032993
165880,0.04811813
165887,0.11058815
165904,0.08246074
165907,0.029847544
165910,0.04543408
165915,0.0722533
165917,0.036295198
165918,0.3121069
165919,0.02903519
165923,0.07092207
165931,0.012489324
165932,0.022174824
165934,0.4400981
165939,0.058863044
165944,0.0821888
165951,0.3284529
165955,0.013132219
165959,0.06687078
165966,0.11740815
165970,0.06301132
165975,0.018026397
165977,0.01592984
165990,0.1835154
165997,0.030242834
166003,0.04861897
166008,0.019884657
166020,0.036615584
166025,0.019735858
166033,0.034420725
166038,0.03479338
166042,0.041158456
166049,0.009943094
166071,0.009231126
166091,0.13026735
166093,0.2282229
166095,0.026221
166104,0.015352861
166107,0.022750534
166108,0.03662523
166110,0.021017727
166112,0.11151292
166135,0.09020906
166136,0.02310623
166138,0.13869418
166153,0.16398063
166155,0.073095836
166158,0.028515447
166164,0.15391602
166186,0.063167565
166191,0.09441829
166196,0.010087066
166197,0.20920026
166202,0.036700185
166215,0.021839628
166230,0.051659018
166243,0.27924052
166244,0.02955305
166255,0.009024406
166258,0.035589438
166263,0.16976285
166271,0.091571644
166283,0.05382252
166286,0.02885253
166291,0.017803391
166294,0.056592748
166303,0.14798336
166306,0.054138098
166309,0.0203927
166316,0.1377185
166317,0.015017412
166321,0.08735939
166331,0.033796832
166349,0.018602986
166374,0.006190901
166387,0.007693148
166393,0.021545038
166400,0.015116715
166420,0.005145613
166446,0.021555146
166449,0.03937927
166452,0.043927237
166495,0.020869639
166501,0.020124225
166514,0.091285154
166515,0.055079497
166521,0.03533061
166525,0.016428746
166529,0.01508926
166536,0.12248445
166542,0.03895054
166543,0.13544586
166545,0.027233174
166550,0.018810617
166560,0.018768791
166567,0.026092073
166570,0.08816513
166573,0.07010352
166582,0.14840284
166583,0.14707425
166590,0.01753149
166594,0.100129105
166618,0.21978484
166623,0.12880564
166626,0.08684279
166641,0.1770081
166654,0.017803542
166682,0.07281409
166685,0.13052769
166688,0.042550147
166692,0.06816793
166701,0.02391999
166702,0.09311195
166705,0.020739842
166713,0.0692275
166733,0.016739069
166734,0.031649653
166738,0.03446629
166739,0.020261606
166740,0.032885935
166755,0.052060515
166761,0.25444087
166764,0.029836942
166773,0.016892437
166774,0.040130228
166814,0.022949649
166819,0.113553986
166834,0.16847727
166841,0.16879371
166848,0.18465939
166857,0.047432706
166858,0.012122768
166873,0.016236976
166889,0.014142477
166890,0.01002834
166891,0.06970864
166902,0.15804282
166908,0.058259256
166916,0.03410696
166920,0.045083486
166922,0.046110716
166926,0.027326755
166928,0.03520845
166930,0.13767794
166931,0.017441932
166932,0.015147622
166937,0.008888261
166941,0.017723205
166944,0.0140508795
166960,0.046639156
166972,0.022547556
166973,0.05344879
166978,0.031685807
166984,0.09379558
166994,0.03332294
166995,0.054288346
166996,0.011288842
167001,0.028238973
167006,0.044870414
167007,0.048044514
167037,0.2346801
167041,0.015443988
167051,0.1484786
167052,0.04280854
167054,0.03738832
167057,0.039214924
167058,0.04108979
167059,0.014585102
167060,0.030018631
167066,0.008093826
167077,0.034736153
167078,0.03167823
167080,0.0676895
167089,0.066057324
167090,0.04366198
167091,0.042077735
167096,0.030664286
167105,0.05908363
167121,0.022595692
167128,0.044295084
167131,0.2817689
167139,0.05603735
167140,0.22474763
167149,0.07438847
167152,0.39687988
167153,0.14073853
167163,0.12086989
167167,0.15686315
167171,0.027578188
167178,0.041646753
167179,0.05185053
167182,0.0125884805
167187,0.025573123
167192,0.11114748
167208,0.020713441
167212,0.13129401
167217,0.034823522
167230,0.1491508
167236,0.0067434497
167238,0.05096182
167239,0.024634521
167257,0.15201743
167260,0.09268554
167264,0.098948196
167271,0.035458967
167273,0.12329073
167276,0.14015344
167283,0.123405255
167295,0.0448886
167296,0.15998586
167299,0.17218728
167310,0.007008637
167313,0.119170286
167323,0.031458132
167328,0.08143124
167329,0.0377737
167333,0.025724573
167349,0.04510708
167351,0.028086009
167359,0.021364931
167363,0.03743399
167371,0.01696937
167384,0.07025489
167387,0.04948621
167389,0.021689357
167393,0.017574143
167401,0.024337009
167427,0.022121236
167428,0.014392394
167433,0.03430166
167434,0.03630658
167437,0.05262681
167438,0.030055994
167454,0.036338888
167475,0.007479582
167480,0.024172474
167491,0.030459091
167494,0.09746592
167495,0.06789612
167503,0.031961657
167521,0.040567588
167529,0.040275514
167530,0.011536781
167550,0.041212957
167554,0.039350145
167557,0.12754208
167562,0.025156228
167566,0.06066247
167572,0.3985302
167573,0.093600415
167578,0.0581126
167592,0.16993357
167597,0.040514786
167621,0.08036353
167622,0.012012193
167631,0.23281212
167637,0.30936977
167638,0.025893964
167645,0.043480992
167648,0.2497116
167697,0.0796386
167698,0.01049196
167701,0.04249667
167708,0.00920005
167714,0.016797667
167717,0.21759719
167727,0.0145852985
167737,0.018559044
167746,0.11529065
167751,0.048286572
167753,0.061866
167755,0.02114418
167771,0.031980094
167805,0.043435216
167811,0.03706277
167815,0.026456695
167829,0.024865793
167830,0.07125812
167834,0.022927905
167841,0.08097171
167846,0.013814062
167851,0.42922986
167871,0.012795677
167890,0.036100984
167898,0.012275533
167901,0.007458289
167902,0.022816885
167907,0.17232528
167911,0.020799026
167912,0.031723
167916,0.06933651
167917,0.017683104
167928,0.1296821
167940,0.03249169
167947,0.034694877
167948,0.120916575
167953,0.010885255
167957,0.0830221
167958,0.012779303
167968,0.011382485
167970,0.04317106
167977,0.014689086
167980,0.023637272
167993,0.2191846
167994,0.0999467
167998,0.024511522
168000,0.08392165
168006,0.05107483
168011,0.041340694
168012,0.014757336
168013,0.034985665
168022,0.008112604
168026,0.073787384
168032,0.006203859
168046,0.12519072
168054,0.09910545
168071,0.05564187
168078,0.27944872
168092,0.06725359
168093,0.14955668
168097,0.015712006
168105,0.19674699
168107,0.10737746
168108,0.082367405
168115,0.25051895
168127,0.056346662
168133,0.21543914
168135,0.02407734
168162,0.013892622
168163,0.017722068
168165,0.2683196
168169,0.033199385
168171,0.13886939
168174,0.017649334
168175,0.22630048
168186,0.028858576
168202,0.026624877
168204,0.015014507
168208,0.052073225
168229,0.029385563
168239,0.044184018
168245,0.046196375
168276,0.012713107
168309,0.09322021
168313,0.13522257
168322,0.013758486
168323,0.0036231389
168326,0.12993038
168331,0.05615395
168349,0.045531396
168384,0.040917188
168398,0.008203083
168403,0.020522837
168405,0.09744799
168416,0.007802331
168418,0.051944688
168420,0.04173601
168422,0.029832318
168436,0.09828772
168438,0.021192163
168443,0.022226408
168444,0.017810354
168446,0.008539162
168454,0.042526316
168459,0.09896654
168462,0.053236984
168472,0.03132425
168485,0.009041947
168496,0.12924127
168503,0.01836841
168515,0.022186112
168516,0.025439246
168520,0.22675963
168521,0.028147615
168531,0.0058179516
168542,0.09348361
168548,0.039699122
168551,0.017610587
168575,0.012037839
168580,0.02102653
168588,0.06524624
168593,0.027559932
168614,0.05683624
168615,0.016351234
168622,0.017446008
168623,0.03228803
168634,0.011454046
168645,0.22862536
168651,0.14369227
168683,0.03081324
168691,0.13491637
168708,0.096555665
168716,0.1261487
168718,0.025366748
168720,0.08742649
168722,0.2671736
168731,0.07290182
168736,0.08965038
168738,0.063712105
168747,0.021200156
168751,0.15534154
168752,0.13480365
168753,0.014173903
168774,0.14034978
168782,0.030588727
168788,0.0072548212
168790,0.054107863
168791,0.1320837
168793,0.14890125
168796,0.06007015
168802,0.095248446
168803,0.035758223
168810,0.14381702
168817,0.007668997
168820,0.3102389
168823,0.048148982
168827,0.06631613
168828,0.045336876
168831,0.031215597
168842,0.09155399
168845,0.026555127
168855,0.07650848
168856,0.088694885
168861,0.023907293
168876,0.013056711
168897,0.20695053
168899,0.013847275
168913,0.15174732
168915,0.029802084
168916,0.04075788
168929,0.08260979
168930,0.022074979
168933,0.26054037
168954,0.022082496
168957,0.15941611
168959,0.02041908
168960,0.057394408
168961,0.128662
168968,0.09179629
168969,0.05436976
168994,0.032640707
168995,0.10291697
169003,0.018470582
169004,0.19254497
169008,0.04155754
169009,0.06161175
169014,0.029553514
169030,0.011268545
169048,0.029844522
169061,0.12837334
169070,0.13449459
169092,0.0076738624
169117,0.1375524
169118,0.21770573
169121,0.047696732
169123,0.0334678
169124,0.2665525
169137,0.05889782
169138,0.009643924
169143,0.004523395
169165,0.08117041
169166,0.048371173
169167,0.09407587
169168,0.06795279
169175,0.008730211
169184,0.060860045
169195,0.022539962
169196,0.010350652
169197,0.104007766
169202,0.3159593
169204,0.060783148
169212,0.044138208
169214,0.09823668
169218,0.25654203
169239,0.02211928
169248,0.016305052
169252,0.036979023
169254,0.109675676
169257,0.04734843
169264,0.12554061
169267,0.023542529
169269,0.14221843
169278,0.03088567
169297,0.043743297
169299,0.07876868
169301,0.23502682
169306,0.010798135
169323,0.0531148
169328,0.13635881
169330,0.035351004
169331,0.018365161
169346,0.05585863
169348,0.084380254
169350,0.15489922
169353,0.008777537
169355,0.12647717
169364,0.23629102
169365,0.020264013
169367,0.011193106
169370,0.02089301
169378,0.13658777
169385,0.005695883
169387,0.07983813
169389,0.029535182
169395,0.08212436
169412,0.029854368
169426,0.28900114
169427,0.10193953
169432,0.04723733
169436,0.17088035
169453,0.02905997
169455,0.1548265
169457,0.053232063
169458,0.008004915
169461,0.05463239
169467,0.017608723
169470,0.017166309
169477,0.026166849
169481,0.014234095
169483,0.14500035
169490,0.13188352
169491,0.012776336
169495,0.031198623
169504,0.07140393
169514,0.032088146
169517,0.11759703
169523,0.021387419
169528,0.33057523
169534,0.041387197
169535,0.027059656
169537,0.04356275
169541,0.10596642
169546,0.015813502
169549,0.00880304
169554,0.4435793
169561,0.013778694
169571,0.007960243
169580,0.34016374
169597,0.013916694
169598,0.027022945
169625,0.067309804
169626,0.103092484
169627,0.05037878
169628,0.033738628
169629,0.08440756
169658,0.05401409
169659,0.029576985
169668,0.011505425
169669,0.09406148
169673,0.018721936
169674,0.018980723
169676,0.15382814
169677,0.08700164
169678,0.04463982
169680,0.037161145
169695,0.12984289
169698,0.10596123
169710,0.19272678
169719,0.013430074
169720,0.064916246
169722,0.016942719
169735,0.11123324
169745,0.030771775
169749,0.052158594
169754,0.01178751
169760,0.06267622
169772,0.029328836
169773,0.013642026
169780,0.020822398
169788,0.010626784
169793,0.06420486
169809,0.13350661
169810,0.03358816
169824,0.005453701
169831,0.07700092
169833,0.07262826
169836,0.007046406
169859,0.061896425
169864,0.687889
169872,0.02334556
169895,0.13027622
169911,0.012650624
169914,0.033088807
169960,0.09042219
169961,0.13908108
169964,0.01744935
169974,0.016818486
169988,0.014547155
169989,0.009410984
169995,0.018177008
170007,0.016972788
170026,0.046373576
170030,0.2620898
170033,0.12817547
170041,0.074299045
170043,0.011104381
170048,0.02032268
170050,0.018193174
170051,0.028203718
170056,0.07914971
170072,0.27506337
170076,0.012723237
170080,0.13245904
170101,0.027012018
170102,0.021706566
170107,0.27739418
170115,0.034034085
170119,0.011918582
170128,0.0373035
170129,0.012357069
170134,0.3513322
170136,0.1535504
170139,0.014585268
170140,0.0591105
170143,0.21021149
170148,0.5793779
170159,0.032655094
170163,0.12163361
170164,0.12283757
170173,0.025313668
170178,0.04507242
170179,0.02681943
170199,0.08208686
170203,0.013709168
170207,0.08301244
170211,0.07220403
170217,0.007718696
170224,0.024738725
170225,0.04808689
170255,0.15313624
170258,0.019878626
170259,0.030471463
170262,0.02273374
170278,0.04456067
170284,0.053204734
170285,0.19409226
170292,0.015614569
170293,0.103099495
170301,0.05345113
170302,0.23519677
170305,0.111763
170309,0.09487747
170310,0.026902266
170326,0.07504837
170327,0.012885354
170328,0.080491945
170329,0.038079366
170330,0.036325067
170331,0.028006913
170337,0.01513793
170340,0.09885931
170341,0.03251334
170343,0.14181343
170361,0.054633763
170366,0.03860679
170376,0.066231035
170382,0.32562816
170396,0.013134915
170400,0.11010343
170403,0.12694617
170409,0.35656393
170410,0.009217968
170421,0.112293474
170425,0.034015525
170427,0.01090169
170428,0.04249546
170435,0.008953914
170438,0.024506757
170442,0.109169036
170446,0.13984324
170461,0.011226309
170473,0.20990501
170477,0.05880446
170516,0.00915139
170517,0.01621484
170522,0.07053063
170523,0.030553438
170534,0.04003624
170535,0.0655895
170538,0.12595797
170549,0.082362875
170556,0.022020368
170563,0.025396314
170570,0.12396638
170580,0.09738712
170582,0.024322126
170584,0.1501415
170585,0.019738967
170587,0.056683194
170590,0.044185676
170598,0.033266414
170599,0.11789125
170601,0.028889928
170612,0.27103877
170617,0.014899454
170620,0.09561669
170629,0.028919434
170647,0.17158923
170651,0.02325916
170654,0.047722436
170657,0.12921332
170662,0.019257896
170707,0.050608072
170719,0.20753658
170722,0.048135422
170723,0.07998285
170731,0.27409783
170735,0.018272428
170750,0.041750677
170769,0.024234422
170770,0.06567042
170776,0.1965551
170783,0.014072318
170789,0.2387148
170800,0.101611145
170809,0.1334683
170810,0.030056985
170811,0.05935771
170827,0.009454681
170842,0.019113207
170854,0.070512414
170857,0.07969566
170865,0.13852443
170867,0.011684277
170869,0.042398363
170870,0.08336917
170878,0.035626575
170881,0.08084038
170910,0.08278448
170913,0.11026323
170919,0.06137299
170932,0.04705122
170939,0.14991513
170947,0.024074048
170950,0.0980161
170953,0.082511015
170954,0.046815645
170970,0.05710624
170972,0.031664547
170973,0.1237745
170980,0.018272012
170981,0.053291287
170983,0.095989175
170998,0.104927585
171001,0.12373336
171004,0.039918136
171020,0.030268874
171023,0.011428287
171026,0.04567684
171060,0.15286444
171061,0.05623941
171065,0.022468373
171077,0.040280245
171081,0.013626276
171103,0.26466393
171110,0.064589724
171114,0.03157734
171118,0.012197463
171119,0.14641717
171120,0.23263551
171137,0.117742345
171147,0.03255689
171153,0.14144345
171156,0.16041203
171158,0.07288496
171163,0.042151675
171169,0.029002056
171170,0.039027974
171172,0.018544143
171173,0.026191702
171176,0.03470497
171181,0.07146543
171182,0.082430564
171191,0.026624411
171193,0.10662219
171195,0.19141284
171198,0.026496824
171205,0.02192182
171212,0.29423955
171237,0.094487056
171241,0.031874843
171262,0.04362794
171263,0.039750732
171266,0.028637603
171274,0.020655112
171290,0.05002674
171291,0.22219022
171297,0.012607764
171307,0.01637586
171311,0.32504654
171320,0.047465194
171322,0.008535036
171328,0.013996213
171337,0.01502315
171346,0.026692854
171348,0.0943434
171354,0.034522057
171358,0.03313234
171359,0.009023871
171360,0.09731834
171369,0.05066414
171379,0.037306163
171384,0.035686187
171388,0.06346825
171390,0.040781166
171394,0.0058175796
171395,0.10486011
171399,0.22984351
171403,0.022925887
171422,0.011464344
171423,0.012406956
171469,0.049367122
171480,0.06034191
171487,0.011914573
171497,0.102070674
171502,0.13242784
171503,0.013734375
171506,0.052804258
171521,0.018374793
171530,0.05879201
171540,0.118088916
171541,0.17592502
171544,0.08520394
171551,0.11943309
171582,0.16257522
171587,0.031451285
171597,0.1601491
171603,0.057848144
171610,0.056731787
171614,0.018169744
171619,0.012801085
171621,0.026088068
171625,0.021019323
171626,0.0262614
171638,0.01649562
171642,0.03530141
171658,0.047979474
171674,0.12000191
171677,0.07202487
171684,0.036556095
171685,0.30790067
171686,0.035335794
171695,0.0108599365
171702,0.018344114
171703,0.012214761
171704,0.025186677
171705,0.0103870155
171706,0.031981707
171709,0.009814942
171712,0.039409343
171716,0.013196961
171730,0.04766171
171748,0.009095289
171757,0.052350365
171767,0.012242524
171768,0.20527212
171771,0.07277107
171775,0.013988085
171778,0.21078555
171780,0.32389516
171781,0.030867942
171785,0.023748104
171786,0.17311421
171789,0.029776465
171802,0.007369266
171803,0.024376107
171812,0.0992683
171862,0.0154947825
171864,0.1741096
171891,0.19218707
171892,0.03724455
171913,0.02857319
171914,0.22768033
171922,0.12480662
171927,0.058635894
171933,0.04943824
171934,0.014208102
171943,0.09716325
171945,0.07187085
171960,0.066842005
171964,0.017835338
171975,0.06554818
171994,0.08167392
171996,0.14306065
171997,0.010911974
172000,0.017671945
172029,0.00918379
172038,0.03148651
172039,0.04182696
172043,0.049925573
172046,0.021526845
172048,0.047817547
172049,0.05817975
172053,0.06315672
172054,0.19181472
172058,0.039574265
172060,0.013358032
172061,0.007379665
172067,0.058023132
172072,0.03486494
172073,0.06808181
172098,0.024599008
172100,0.048361324
172101,0.04124938
172113,0.31900084
172144,0.054065526
172147,0.016487133
172149,0.06326774
172168,0.037529513
172169,0.031459816
172175,0.022296714
172197,0.056773253
172200,0.1556775
172205,0.17985736
172207,0.03708628
172210,0.030890808
172261,0.041635513
172279,0.019726263
172294,0.020508965
172300,0.00798491
172301,0.08750264
172310,0.03064298
172351,0.013175473
172353,0.012012305
172358,0.0052574044
172374,0.07344324
172380,0.0886305
172384,0.015650457
172400,0.039670244
172403,0.03273036
172408,0.104429595
172411,0.023468906
172420,0.012036048
172426,0.24123989
172433,0.03961801
172434,0.09287016
172442,0.045037962
172443,0.07697797
172452,0.056504674
172454,0.043093726
172456,0.07893636
172460,0.045584626
172470,0.012721853
172479,0.12804796
172481,0.028924434
172483,0.012904147
172484,0.10483402
172485,0.030248484
172486,0.10748022
172493,0.05723003
172494,0.05548238
172497,0.11982782
172504,0.021258928
172518,0.12741967
172523,0.04970325
172527,0.06742927
172533,0.026043428
172536,0.015015915
172540,0.06562732
172541,0.07940587
172543,0.04243651
172545,0.15635724
172547,0.018574245
172551,0.025636744
172556,0.091745354
172562,0.028426716
172570,0.025738247
172574,0.028404722
172575,0.076056354
172599,0.0066963695
172611,0.10510347
172612,0.016855408
172616,0.021092074
172623,0.05598593
172627,0.02157263
172635,0.124025576
172643,0.025758062
172644,0.008305456
172652,0.069616556
172656,0.028944407
172661,0.022081282
172664,0.036645208
172672,0.028378798
172678,0.03967397
172680,0.03616337
172683,0.016976949
172684,0.066444375
172690,0.009311971
172695,0.024037275
172696,0.015291523
172701,0.017065112
172713,0.095927596
172714,0.01185466
172731,0.024342678
172738,0.0168583
172761,0.019935489
172767,0.1143136
172770,0.18835227
172771,0.02734524
172799,0.0145211
172800,0.06090262
172804,0.17367342
172805,0.02737888
172820,0.049526133
172829,0.21869156
172831,0.05451066
172833,0.04366783
172843,0.019138072
172853,0.04043154
172855,0.02468783
172856,0.09994635
172857,0.01221314
172863,0.009686241
172877,0.06060306
172881,0.06433186
172895,0.028128924
172896,0.018615775
172910,0.008548938
172922,0.008717458
172939,0.17476398
172942,0.083497316
172945,0.053195007
172948,0.025217969
172949,0.14606053
172953,0.011872107
172967,0.1615313
172993,0.033227976
172995,0.072444506
172996,0.35547853
172997,0.031676345
172998,0.12557124
172999,0.06382323
173004,0.03087376
173006,0.25499034
173007,0.11465848
173013,0.0768214
173016,0.09513289
173020,0.18608339
173030,0.06131279
173048,0.037511304
173056,0.009559409
173066,0.030584844
173079,0.055456407
173107,0.034317113
173109,0.01636047
173127,0.015632886
173128,0.06340229
173130,0.027559046
173137,0.050366998
173157,0.021854527
173160,0.038270332
173168,0.016954534
173193,0.01008921
173197,0.3107697
173215,0.0067173075
173216,0.07788163
173227,0.015242759
173236,0.08455363
173237,0.061245337
173247,0.03270117
173250,0.15915474
173259,0.06949638
173277,0.17256433
173285,0.08061462
173286,0.015348706
173299,0.04262159
173310,0.22702229
173312,0.05532078
173313,0.027219107
173320,0.05238539
173330,0.05356384
173333,0.047431834
173351,0.053217225
173370,0.2192697
173372,0.012511665
173381,0.101656064
173386,0.008871461
173387,0.16954684
173388,0.14211287
173393,0.013018845
173394,0.19137806
173403,0.012776293
173467,0.026940882
173469,0.08685813
173475,0.07837038
173476,0.031528167
173477,0.0074401055
173484,0.060120493
173485,0.07397005
173488,0.10324501
173491,0.032110117
173520,0.01021521
173522,0.28672355
173535,0.026575085
173539,0.054120142
173549,0.01114358
173552,0.014948751
173565,0.05888534
173586,0.0214921
173587,0.020944435
173588,0.013402027
173595,0.060886025
173606,0.19364467
173620,0.1378545
173623,0.02357702
173629,0.0137127135
173647,0.01519027
173649,0.020564945
173650,0.022336327
173652,0.013674991
173654,0.14996423
173665,0.036821324
173667,0.25894016
173685,0.06317254
173710,0.12155542
173711,0.12386782
173713,0.06906603
173718,0.11423578
173743,0.014716266
173744,0.088665195
173762,0.18360388
173768,0.074291
173769,0.38692674
173770,0.04129617
173773,0.18346071
173779,0.051244516
173780,0.024234962
173781,0.17743616
173783,0.03630232
173795,0.046156805
173800,0.25742394
173812,0.007088595
173823,0.026999488
173834,0.10831803
173874,0.02057227
173891,0.049567528
173904,0.15663369
173909,0.029379617
173925,0.01795154
173941,0.043872014
173942,0.025779601
173944,0.08957425
173955,0.015220902
173959,0.03725546
174000,0.044209544
174004,0.02365945
174006,0.014549466
174008,0.02995373
174012,0.024547666
174017,0.118527964
174020,0.020990299
174044,0.013101243
174051,0.017950019
174052,0.026613716
174059,0.049994487
174060,0.02049737
174061,0.027098102
174063,0.08502413
174068,0.04867147
174069,0.052887063
174072,0.05389605
174074,0.022121347
174091,0.02725111
174092,0.042363137
174098,0.23506683
174105,0.07915417
174107,0.02122637
174110,0.016413355
174121,0.011216572
174126,0.059379652
174153,0.01530169
174156,0.023882648
174160,0.034857184
174173,0.012073798
174183,0.008038169
174185,0.012229674
174188,0.19926417
174198,0.011201761
174206,0.013743939
174207,0.01121363
174211,0.037389603
174239,0.053377118
174260,0.14634895
174261,0.020970352
174262,0.1912274
174264,0.022800745
174271,0.22737974
174275,0.24718449
174277,0.06166733
174286,0.009474113
174301,0.012713801
174312,0.3076045
174314,0.033136092
174322,0.121022336
174323,0.09133791
174325,0.096888825
174326,0.04818503
174327,0.03434971
174334,0.23487669
174360,0.017563054
174362,0.17064272
174367,0.026172174
174371,0.035428777
174372,0.028941575
174384,0.0101748295
174390,0.039303314
174391,0.026463548
174396,0.010335941
174412,0.08287741
174423,0.18977077
174428,0.10174573
174429,0.2370728
174438,0.026955552
174481,0.028110497
174483,0.10520029
174484,0.01119558
174485,0.1940184
174488,0.035792626
174497,0.031086192
174509,0.17582896
174513,0.04518254
174514,0.12581974
174520,0.049710624
174526,0.0383705
174532,0.012984499
174536,0.042598363
174537,0.023565177
174538,0.13686314
174539,0.10492331
174540,0.015164914
174549,0.019224491
174551,0.0323849
174563,0.09927247
174574,0.2234739
174575,0.15701208
174586,0.006491087
174590,0.055205926
174606,0.08830827
174607,0.09653552
174609,0.02221598
174610,0.08603974
174630,0.06692178
174631,0.017147109
174661,0.032889094
174665,0.016085617
174666,0.014987852
174677,0.014729097
174690,0.036082078
174700,0.024133876
174702,0.020275872
174703,0.012419499
174713,0.016988738
174721,0.063365676
174726,0.025519066
174729,0.032952514
174741,0.022636417
174742,0.2249555
174754,0.017189879
174757,0.01572902
174782,0.27429786
174795,0.04275987
174805,0.019663274
174806,0.044866763
174809,0.07427847
174810,0.054778703
174829,0.011544443
174830,0.21079654
174832,0.033360396
174836,0.06971276
174839,0.02551246
174843,0.032295227
174854,0.042647593
174861,0.05527083
174863,0.035749078
174867,0.03912578
174871,0.032990187
174887,0.026038054
174890,0.117998645
174897,0.010408516
174901,0.16229318
174903,0.014615719
174912,0.011485869
174913,0.03653455
174920,0.29942834
174922,0.30033308
174924,0.073310204
174925,0.019154873
174928,0.034270383
174938,0.04471758
174939,0.011023729
174943,0.021686694
174950,0.19359316
174954,0.045630928
174955,0.012744682
174957,0.040886648
174965,0.048658434
174966,0.05217819
174967,0.074567385
174977,0.100786954
174983,0.019572927
174986,0.10764028
174987,0.03916304
175012,0.20664251
175015,0.043649744
175025,0.053771347
175027,0.11917214
175029,0.016343148
175056,0.095787816
175075,0.021787504
175081,0.09201424
175097,0.12008229
175128,0.07105519
175129,0.012799293
175138,0.038729355
175169,0.11949672
175183,0.08522264
175211,0.019674547
175212,0.051656567
175215,0.023236562
175223,0.04790136
175225,0.017693207
175233,0.036360286
175250,0.019025529
175253,0.014053985
175257,0.014121915
175260,0.013874467
175261,0.02426124
175264,0.012160865
175284,0.15461887
175288,0.014805103
175295,0.028396402
175309,0.038950145
175310,0.033215545
175313,0.0869644
175334,0.020793304
175337,0.018654622
175346,0.012643743
175347,0.027579
175349,0.031053942
175350,0.107073545
175351,0.032985628
175367,0.19061112
175369,0.06649426
175371,0.091947295
175372,0.027006289
175392,0.13046476
175400,0.010172028
175402,0.021563949
175403,0.14764903
175407,0.076676935
175408,0.01896955
175414,0.15012553
175431,0.018935481
175435,0.055520486
175442,0.009573043
175454,0.019082453
175456,0.022291573
175457,0.02893539
175464,0.05289657
175465,0.028127916
175477,0.03164174
175488,0.038727235
175495,0.05646783
175499,0.087379284
175500,0.038831968
175515,0.035791192
175519,0.02076125
175520,0.062861346
175531,0.016483657
175534,0.016051555
175543,0.1643584
175566,0.019304471
175568,0.013743114
175573,0.037138652
175574,0.065414265
175576,0.040692538
175591,0.041362055
175593,0.02304162
175605,0.12595718
175609,0.05855435
175617,0.015552351
175624,0.20177534
175629,0.020335466
175633,0.023850642
175645,0.1106032
175649,0.006993823
175650,0.027696334
175653,0.04003047
175659,0.008691528
175660,0.010198927
175661,0.026593043
175664,0.027709905
175665,0.020542338
175677,0.022661602
175682,0.14169438
175684,0.1671019
175687,0.032632906
175690,0.0871616
175706,0.029168947
175722,0.09572439
175724,0.041099165
175730,0.104319625
175731,0.007150246
175737,0.03711776
175743,0.09853406
175745,0.08417883
175758,0.038657982
175768,0.05387353
175769,0.035207335
175773,0.011336573
175775,0.045272984
175794,0.01790221
175798,0.06541705
175809,0.10901565
175818,0.024921868
175830,0.008377825
175835,0.024835266
175840,0.1942462
175864,0.02204407
175875,0.021819804
175890,0.01987837
175892,0.016556295
175914,0.031276826
175930,0.2301175
175935,0.031135898
175955,0.008022877
175958,0.06969673
175959,0.019597739
175960,0.10928354
175964,0.014056964
175968,0.011159302
175986,0.072587736
175987,0.10664557
175997,0.03283488
175998,0.09625391
176003,0.02268345
176004,0.11844663
176021,0.065109424
176034,0.056046903
176035,0.08636062
176043,0.38222054
176045,0.036773864
176051,0.04573021
176052,0.039880358
176059,0.013672163
176067,0.020269834
176073,0.15754773
176076,0.008839422
176077,0.009906522
176085,0.0071966825
176088,0.040862024
176095,0.023674827
176118,0.08468796
176129,0.057122692
176177,0.037141044
176183,0.04278402
176206,0.20437899
176218,0.014909424
176240,0.045047574
176253,0.011789066
176260,0.12348465
176275,0.031976514
176285,0.039618414
176288,0.05202151
176289,0.07419623
176290,0.114652544
176297,0.03788699
176300,0.24577206
176301,0.106412314
176319,0.029214272
176322,0.05922725
176337,0.010385552
176346,0.07980973
176347,0.043892384
176352,0.08747673
176358,0.017321777
176359,0.13335562
176365,0.11762121
176371,0.035749637
176403,0.075765975
176419,0.046054393
176428,0.022842852
176429,0.16764279
176430,0.036306612
176432,0.07512285
176437,0.053224765
176440,0.02383475
176441,0.13369313
176450,0.020700444
176454,0.046672806
176459,0.037731875
176460,0.059079915
176467,0.056214187
176472,0.31444964
176482,0.118432045
176483,0.6488494
176486,0.093154676
176487,0.028474294
176494,0.0267548
176497,0.059616607
176500,0.039782487
176509,0.10113045
176511,0.044388082
176512,0.013621902
176522,0.03521647
176525,0.053364955
176526,0.17681322
176537,0.019682836
176538,0.07314948
176572,0.02769091
176573,0.054866686
176574,0.19389069
176579,0.053490337
176580,0.043318596
176592,0.22155057
176601,0.02505495
176603,0.09152288
176605,0.06510886
176606,0.022788374
176615,0.035366338
176620,0.16147517
176634,0.033180714
176635,0.030102033
176638,0.01208092
176639,0.029969018
176641,0.048285212
176661,0.027350573
176668,0.16589564
176669,0.072303325
176683,0.08257933
176688,0.011250305
176700,0.0729143
176702,0.018709624
176705,0.06594536
176709,0.025325507
176710,0.17839468
176720,0.10785342
176726,0.005097962
176731,0.048933577
176732,0.09132894
176733,0.028906126
176734,0.026164787
176736,0.028181233
176741,0.018457815
176756,0.025643736
176785,0.01191312
176790,0.0091261715
176793,0.034002554
176820,0.13064905
176827,0.0561353
176828,0.017458316
176839,0.17537427
176848,0.013934378
176850,0.019817732
176853,0.011124661
176866,0.005985876
176867,0.042565882
176875,0.067559116
176883,0.2612304
176888,0.12910248
176890,0.15543042
176898,0.14848055
176917,0.09370081
176925,0.073259644
176929,0.047224626
176934,0.10666923
176938,0.09475052
176953,0.048080973
176957,0.12563226
176970,0.017753417
176997,0.06994904
177029,0.07861215
177030,0.012518566
177031,0.049570013
177032,0.13097529
177047,0.022278406
177048,0.010421278
177051,0.048567552
177055,0.014469215
177060,0.032232534
177064,0.25328794
177065,0.009717452
177069,0.14005287
177076,0.079143636
177085,0.03946656
177087,0.03678165
177105,0.06548678
177126,0.020663282
177133,0.027551299
177141,0.017338686
177146,0.03925753
177156,0.054003738
177179,0.024333443
177187,0.27922258
177192,0.24338993
177203,0.07626609
177228,0.123897985
177229,0.049650747
177249,0.027210768
177250,0.1781584
177253,0.08361147
177260,0.049602285
177262,0.049920518
177270,0.057456754
177275,0.111673266
177284,0.056456625
177285,0.1472691
177314,0.07329495
177319,0.09671317
177325,0.008518681
177327,0.09427792
177339,0.042509265
177344,0.04055088
177378,0.08680062
177384,0.03395661
177385,0.017471833
177386,0.0174172
177387,0.021059839
177405,0.023334244
177423,0.08975943
177424,0.0055610687
177425,0.029361099
177430,0.13369483
177435,0.023125561
177447,0.03772581
177448,0.017601807
177449,0.018313738
177451,0.11335351
177460,0.213442
177479,0.015373147
177489,0.013432603
177504,0.008339665
177505,0.09672626
177511,0.17262495
177524,0.04366443
177526,0.017390555
177535,0.024517223
177558,0.023242244
177562,0.12768815
177569,0.027429454
177579,0.02452414
177580,0.047103513
177583,0.0067065223
177584,0.15137652
177585,0.06570395
177605,0.12274666
177606,0.038716506
177618,0.10891177
177639,0.3627627
177649,0.010595713
177656,0.024431063
177657,0.016963176
177661,0.09787777
177665,0.029536165
177669,0.02888595
177680,0.12741587
177688,0.25288457
177689,0.027643615
177694,0.02027712
177696,0.12193792
177700,0.037634976
177705,0.024742842
177710,0.06668467
177720,0.0121642975
177728,0.03010549
177729,0.08268645
177731,0.052202873
177733,0.04641545
177749,0.06606114
177751,0.10017282
177767,0.0712476
177776,0.032162406
177780,0.13504055
177783,0.01629384
177785,0.114005685
177791,0.053760238
177797,0.03825276
177798,0.06739429
177799,0.009683587
177802,0.028913949
177803,0.028036708
177805,0.01692703
177820,0.012687087
177824,0.024169024
177825,0.02186779
177829,0.01345418
177839,0.12488692
177861,0.023948088
177865,0.0652497
177867,0.024849955
177875,0.11237145
177876,0.33471674
177878,0.04920995
177883,0.01730854
177886,0.012501384
177891,0.12118906
177892,0.03640931
177902,0.020629419
177904,0.09282666
177931,0.04377549
177939,0.017790273
177944,0.094106406
177946,0.02962704
177959,0.120992586
177977,0.02949735
177992,0.16261451
177993,0.09007828
178005,0.11668443
178008,0.037994206
178009,0.041765466
178012,0.15107211
178015,0.012183425
178018,0.025355648
178037,0.11226389
178050,0.011800253
178058,0.071215756
178060,0.015569687
178064,0.22110686
178074,0.03710314
178077,0.047050174
178094,0.03835217
178095,0.121576644
178096,0.051537536
178107,0.03604464
178117,0.020370938
178146,0.026904942
178154,0.07421257
178160,0.046608336
178164,0.023192927
178172,0.012330975
178174,0.10795422
178182,0.34728503
178184,0.10757667
178196,0.07488955
178223,0.06856575
178225,0.03520903
178226,0.050528727
178240,0.14389221
178242,0.03622095
178250,0.067340925
178268,0.02475656
178282,0.020146044
178285,0.10957121
178288,0.05155249
178290,0.0040264907
178295,0.015192857
178312,0.01687514
178317,0.023261484
178342,0.1556744
178343,0.031674236
178344,0.06273173
178346,0.022456262
178353,0.122991525
178356,0.28012237
178358,0.014167854
178359,0.030477395
178362,0.109415784
178380,0.02096619
178387,0.026905682
178391,0.18333882
178395,0.10838514
178408,0.13836351
178415,0.0135811465
178421,0.011326124
178424,0.11295343
178428,0.066459656
178432,0.019307818
178433,0.0811525
178436,0.05441016
178442,0.020962698
178453,0.025819698
178459,0.047630344
178467,0.04541691
178472,0.11204067
178491,0.009441428
178499,0.031960435
178504,0.14074323
178506,0.17046657
178509,0.018289756
178517,0.018731464
178525,0.03340754
178530,0.08319196
178531,0.19136252
178537,0.03808926
178553,0.08903813
178557,0.026132375
178565,0.029901205
178566,0.031936277
178579,0.014328046
178586,0.06287624
178589,0.08118495
178592,0.030525576
178610,0.009457503
178620,0.07193883
178621,0.0203192
178622,0.11841767
178643,0.014774961
178665,0.028013188
178671,0.041095942
178675,0.012779158
178692,0.046437472
178722,0.020426251
178723,0.027522448
178726,0.11216079
178731,0.19238746
178737,0.037530705
178739,0.04247686
178745,0.010655056
178766,0.028993495
178771,0.06347108
178775,0.022264209
178785,0.027199237
178789,0.039678454
178790,0.027455442
178792,0.09401726
178804,0.017180847
178817,0.028448049
178821,0.029412862
178825,0.026045045
178830,0.08089773
178831,0.15198235
178832,0.16115527
178847,0.04167979
178853,0.045825362
178856,0.09345995
178867,0.032742888
178868,0.013640538
178881,0.02601695
178887,0.017872471
178888,0.08821033
178908,0.029117355
178909,0.10496141
178942,0.028099213
178943,0.34206492
178946,0.020068338
178947,0.20600809
178950,0.12877417
178958,0.049417682
178976,0.029785268
178986,0.010504585
178989,0.008430825
178995,0.13090198
178996,0.13616851
179006,0.056171346
179025,0.112952955
179034,0.049179696
179038,0.117181
179043,0.01604417
179050,0.0404356
179051,0.09742812
179076,0.20831184
179077,0.031587224
179091,0.06772343
179092,0.048091106
179111,0.032803733
179128,0.037264682
179132,0.09432353
179137,0.042637225
179138,0.07611986
179146,0.031222947
179148,0.059376515
179149,0.015927853
179150,0.02721533
179155,0.011954762
179164,0.026464935
179177,0.016958028
179178,0.042633228
179182,0.12029428
179184,0.008979562
179186,0.28308412
179191,0.3014352
179194,0.046401054
179201,0.043737173
179210,0.0073838327
179211,0.022624282
179212,0.054375578
179216,0.09341084
179229,0.017592413
179235,0.020442914
179236,0.05296214
179241,0.017164253
179244,0.053734496
179249,0.064290084
179256,0.43991825
179260,0.1628779
179262,0.11558597
179264,0.06842921
179268,0.045531936
179272,0.011746902
179280,0.04982291
179287,0.024393758
179288,0.029165175
179290,0.009906652
179295,0.00927915
179298,0.03963472
179306,0.032750294
179307,0.012786045
179310,0.44313326
179314,0.01765792
179317,0.031833135
179319,0.14946187
179327,0.01177874
179336,0.05340417
179342,0.014023012
179344,0.32936865
179347,0.012095456
179357,0.035235316
179368,0.10004373
179413,0.031152477
179425,0.023281213
179435,0.037017997
179447,0.015262334
179449,0.016116641
179458,0.017199418
179460,0.023935385
179475,0.10752023
179486,0.13108043
179493,0.0208462
179499,0.07707338
179501,0.028632304
179508,0.066077374
179511,0.011724067
179513,0.04024185
179519,0.097921595
179537,0.03678333
179550,0.010196913
179559,0.03516303
179560,0.036706403
179578,0.04502234
179583,0.022399975
179590,0.008830765
179597,0.008360462
179599,0.030511636
179602,0.13119403
179609,0.007496759
179621,0.053389188
179624,0.05912999
179625,0.012170753
179630,0.01689509
179640,0.039740723
179641,0.020854728
179644,0.01414803
179649,0.042073846
179650,0.1997832
179652,0.037668545
179653,0.12015308
179660,0.13533361
179662,0.023097765
179673,0.100875326
179678,0.044326454
179679,0.027955301
179686,0.0074878195
179721,0.026400542
179733,0.13971236
179736,0.08613058
179737,0.016543332
179748,0.09128353
179750,0.25479776
179751,0.025615575
179752,0.12609453
179753,0.055750664
179765,0.013365369
179768,0.06282333
179798,0.009318809
179827,0.017908607
179837,0.010166242
179838,0.039526526
179851,0.049438573
179868,0.22595094
179875,0.051357336
179876,0.024934003
179882,0.08666632
179883,0.033489276
179894,0.011583262
179905,0.097345114
179907,0.08886726
179919,0.030949214
179926,0.026441406
179936,0.024664957
179941,0.04850084
179945,0.054252457
179951,0.16780847
179960,0.03838139
179967,0.016795104
179980,0.0856023
179985,0.114455014
179997,0.02856619
180001,0.051165488
180007,0.032964885
180011,0.18790606
180017,0.04474184
180027,0.04150904
180033,0.03858901
180036,0.26858413
180037,0.030825414
180041,0.12776399
180042,0.26040557
180050,0.20102172
180059,0.019665103
180066,0.034159567
180067,0.023259854
180085,0.040908925
180092,0.015860727
180099,0.024727948
180101,0.17315525
180115,0.052896548
180122,0.04480394
180126,0.018808587
180127,0.032985847
180140,0.08001407
180141,0.01159369
180158,0.027987717
180163,0.1701402
180178,0.011817042
180189,0.019101404
180198,0.049230307
180201,0.17763053
180202,0.12964202
180209,0.09341863
180239,0.06138584
180244,0.030036315
180270,0.0151603725
180271,0.0366026
180286,0.027929138
180287,0.02608335
180291,0.027193641
180293,0.018308135
180296,0.07809291
180297,0.02148639
180305,0.015261571
180318,0.061742634
180319,0.039827857
180322,0.012619304
180323,0.03543838
180331,0.023837218
180365,0.030286353
180368,0.091414355
180369,0.034677394
180382,0.033576526
180387,0.020110715
180388,0.39996547
180389,0.045190286
180398,0.04152844
180399,0.014993962
180402,0.06685248
180406,0.022556083
180407,0.016254919
180408,0.06417234
180413,0.03511445
180416,0.03489671
180420,0.018436592
180429,0.32951018
180430,0.4019424
180431,0.01755705
180438,0.031664677
180441,0.011534372
180448,0.06846587
180453,0.01867519
180478,0.20878294
180480,0.06842788
180510,0.020492477
180524,0.058546882
180534,0.0076566013
180537,0.57732874
180545,0.020069243
180550,0.032032542
180559,0.011861101
180583,0.06932941
180587,0.015649866
180594,0.09081038
180597,0.07007057
180598,0.11906588
180599,0.09316696
180601,0.104278244
180624,0.04306768
180625,0.41432953
180634,0.039649107
180647,0.007924058
180652,0.055991378
180656,0.1476963
180664,0.07841929
180666,0.1891705
180674,0.051787116
180679,0.037786823
180685,0.06645674
180692,0.067253314
180698,0.02354864
180699,0.014484184
180700,0.015945839
180702,0.015344947
180710,0.02506395
180736,0.013744125
180739,0.10759657
180741,0.05297585
180743,0.13382456
180747,0.008478714
180754,0.09112051
180755,0.02056614
180756,0.017202798
180768,0.025469784
180773,0.039813727
180775,0.04521639
180784,0.11217071
180787,0.02955247
180795,0.04177701
180796,0.03894639
180799,0.011921037
180811,0.04243523
180813,0.04845441
180827,0.041587375
180828,0.058691837
180833,0.1177029
180834,0.07767274
180847,0.024753317
180852,0.16039944
180853,0.02302624
180854,0.00768721
180855,0.12549196
180856,0.034741372
180858,0.028463108
180859,0.3143982
180867,0.053134434
180868,0.022086753
180872,0.05395298
180873,0.0641153
180874,0.20304996
180875,0.063072264
180878,0.026666833
180888,0.03537678
180889,0.02085283
180891,0.012612838
180902,0.039981525
180907,0.12613888
180913,0.045741625
180916,0.022273818
180954,0.02005186
180962,0.029627029
180963,0.015292909
180967,0.072608344
180971,0.16115703
180975,0.04033214
180985,0.06335627
180991,0.01158132
181009,0.041824836
181012,0.009429812
181015,0.051823057
181034,0.08894176
181064,0.0803067
181071,0.087192535
181083,0.12134914
181084,0.009787429
181085,0.018643253
181088,0.026015442
181098,0.060435887
181110,0.18037763
181111,0.067351066
181112,0.0076622088
181114,0.21455735
181117,0.08808069
181157,0.011998866
181160,0.043226186
181161,0.07634963
181165,0.03831981
181179,0.30087397
181186,0.06979486
181196,0.073513545
181197,0.20119162
181204,0.042570136
181213,0.05664596
181214,0.44062835
181221,0.06858153
181224,0.036505014
181226,0.023138281
181236,0.109997764
181256,0.4943967
181257,0.03471974
181279,0.04234484
181282,0.03530851
181285,0.06259717
181288,0.030066106
181289,0.17433874
181290,0.014094589
181298,0.031251576
181299,0.06006921
181307,0.042824857
181312,0.43868604
181318,0.024219833
181322,0.046057075
181338,0.08726241
181340,0.021731008
181342,0.010313218
181344,0.047172148
181350,0.045678522
181373,0.042977206
181374,0.036975637
181375,0.015147949
181379,0.047170747
181381,0.01746409
181385,0.06586435
181388,0.018717742
181392,0.0548881
181393,0.0563349
181425,0.011803074
181465,0.021379746
181481,0.02715907
181484,0.027986247
181494,0.016766824
181501,0.036320753
181507,0.021212844
181521,0.037306976
181524,0.010575925
181538,0.2501992
181540,0.02707771
181547,0.13435026
181551,0.036377802
181555,0.063398786
181561,0.054251976
181564,0.028133854
181567,0.06744592
181599,0.04725177
181602,0.29949313
181612,0.0425264
181613,0.0399922
181615,0.04192239
181621,0.018950839
181622,0.036174092
181629,0.025524758
181630,0.019470725
181633,0.029661369
181635,0.0764295
181641,0.025865242
181643,0.14314789
181644,0.08894344
181649,0.020122088
181659,0.018132921
181660,0.011194538
181665,0.18378752
181666,0.05985198
181672,0.07237371
181682,0.08909888
181693,0.14849016
181697,0.030239917
181703,0.022271983
181704,0.032460608
181720,0.0274073
181722,0.036214497
181732,0.054523647
181733,0.069159545
181736,0.021210585
181737,0.017913338
181747,0.025280628
181758,0.12010242
181764,0.06116731
181770,0.11208172
181774,0.15019469
181783,0.21466354
181788,0.023386218
181789,0.06002935
181804,0.055956885
181809,0.033949405
181821,0.13407136
181836,0.014824316
181863,0.06829528
181867,0.029281668
181868,0.1327093
181871,0.034978162
181904,0.17575333
181931,0.018983357
181932,0.029384347
181941,0.0424537
181944,0.19154784
181958,0.05991719
181971,0.015850956
181986,0.04831759
182002,0.027692683
182007,0.023067653
182012,0.017493444
182022,0.019312205
182031,0.05418713
182050,0.08209289
182053,0.044031285
182071,0.04368456
182072,0.07092989
182073,0.06185933
182102,0.029229935
182106,0.031364173
182116,0.021391533
182117,0.15249708
182118,0.011019287
182124,0.045442812
182125,0.12307799
182145,0.027912725
182150,0.051832225
182154,0.027352853
182167,0.027206551
182179,0.14885257
182181,0.021882959
182183,0.016990164
182218,0.020795682
182225,0.01273669
182226,0.13738236
182266,0.10425396
182272,0.06665596
182275,0.19275236
182295,0.15890875
182305,0.007424244
182312,0.06472679
182313,0.026266329
182327,0.013566983
182337,0.02772652
182340,0.0066478616
182341,0.05261694
182342,0.028908687
182345,0.036864426
182353,0.01184585
182355,0.019709565
182371,0.009771407
182376,0.013564653
182381,0.016870636
182382,0.007541307
182384,0.04595978
182387,0.057658304
182412,0.016480533
182419,0.042935744
182432,0.13749273
182438,0.044705026
182448,0.17892873
182450,0.08072029
182465,0.012684338
182468,0.014216766
182474,0.044252697
182483,0.02011679
182484,0.11368218
182485,0.016496366
182486,0.044480078
182489,0.16747035
182500,0.024253024
182501,0.040538836
182504,0.3143231
182514,0.014874265
182524,0.04768224
182525,0.034555964
182533,0.040204447
182536,0.18479049
182539,0.03792529
182550,0.06383857
182553,0.05883044
182568,0.015025908
182571,0.026349258
182573,0.027188595
182580,0.028813064
182615,0.046569053
182618,0.012634357
182624,0.028412685
182644,0.046979263
182686,0.19441554
182687,0.2252007
182695,0.49478114
182718,0.03595253
182726,0.06236205
182735,0.022950651
182742,0.03211081
182747,0.057938434
182748,0.017070167
182752,0.03259679
182761,0.08758439
182800,0.014642903
182802,0.05697901
182807,0.054092888
182816,0.07859665
182818,0.019853331
182826,0.1100281
182836,0.013778066
182840,0.24139157
182841,0.14241232
182846,0.04048645
182862,0.04550041
182864,0.058469445
182871,0.10180323
182878,0.046976328
182880,0.049934313
182885,0.013476739
182893,0.022042736
182894,0.14058118
182895,0.035861872
182901,0.08493563
182907,0.11174171
182921,0.15481088
182952,0.011890729
182964,0.09029448
182966,0.28264388
182980,0.05821451
182985,0.2769066
182989,0.050165426
182994,0.033074956
183035,0.27268377
183037,0.29098338
183042,0.033314485
183049,0.026613735
183050,0.010977798
183051,0.017057458
183062,0.012839463
183063,0.028900826
183064,0.035375398
183076,0.033075497
183078,0.07670042
183086,0.032773513
183089,0.048187423
183091,0.04254292
183097,0.057177924
183104,0.012994306
183118,0.13765304
183119,0.07086984
183134,0.09142575
183142,0.14747372
183157,0.024483643
183162,0.016076883
183180,0.015899353
183193,0.13405147
183213,0.020660996
183216,0.18126726
183223,0.020813147
183226,0.03386839
183264,0.016413184
183273,0.07173342
183278,0.023662787
183282,0.037579805
183283,0.036307964
183286,0.020294415
183288,0.03259591
183299,0.03171823
183310,0.013111075
183315,0.093010515
183332,0.016647737
183336,0.047314122
183341,0.02435828
183342,0.036143977
183345,0.013025808
183347,0.035366163
183360,0.06009679
183362,0.0139298905
183370,0.020166202
183379,0.01020015
183386,0.07559761
183410,0.09670448
183417,0.026966076
183419,0.05595825
183421,0.03751273
183425,0.12887654
183427,0.079573646
183433,0.10061961
183434,0.07706131
183438,0.021215942
183439,0.03192992
183440,0.1065243
183450,0.054510728
183451,0.110924855
183453,0.010536185
183454,0.029978544
183455,0.16781354
183457,0.012020452
183463,0.24083686
183475,0.012320049
183478,0.16865563
183480,0.20685235
183490,0.0073548104
183494,0.15888873
183503,0.020006407
183512,0.19412886
183517,0.097735435
183530,0.05237226
183532,0.011546354
183533,0.017451359
183536,0.008143491
183545,0.04430389
183549,0.009673674
183550,0.023627788
183551,0.13662995
183555,0.11126484
183560,0.035181753
183585,0.017160662
183591,0.02017264
183592,0.017621124
183603,0.21161418
183610,0.025264405
183628,0.18782231
183644,0.040154528
183646,0.17097789
183649,0.016667258
183656,0.056735262
183658,0.22003019
183688,0.012809961
183690,0.022297474
183691,0.08885961
183697,0.09705408
183709,0.13204372
183711,0.052573726
183714,0.10082252
183725,0.037917048
183736,0.041255806
183742,0.012171654
183772,0.054442286
183776,0.09438852
183787,0.032229494
183792,0.19706717
183793,0.067696646
183799,0.15305358
183816,0.028339539
183818,0.075242706
183832,0.024241196
183836,0.018930215
183839,0.02210012
183840,0.024417102
183855,0.009815328
183857,0.031717934
183863,0.05037555
183866,0.019731838
183876,0.07041476
183878,0.19084458
183897,0.0073048156
183902,0.05027396
183915,0.011865233
183925,0.29548317
183936,0.023541441
183939,0.04221818
183951,0.00981814
183956,0.035998248
183957,0.02490586
183974,0.012379002
183982,0.054145128
183994,0.0148397945
184008,0.044132978
184013,0.18845846
184016,0.013814576
184019,0.0136967115
184024,0.03161343
184025,0.12237564
184038,0.006442324
184045,0.033818033
184056,0.026901942
184060,0.0636035
184071,0.015128496
184073,0.049101256
184074,0.040624894
184077,0.033105515
184105,0.06550066
184106,0.07151107
184133,0.09042151
184154,0.3230873
184163,0.022376612
184165,0.112970024
184193,0.31286544
184194,0.06840986
184195,0.008587813
184202,0.14523502
184226,0.6011907
184230,0.027026573
184231,0.13507941
184234,0.04262305
184238,0.007966539
184248,0.016612906
184257,0.016794534
184268,0.027126888
184282,0.01001993
184291,0.06485356
184294,0.019841123
184295,0.2091891
184304,0.014226478
184309,0.024615068
184318,0.043732066
184325,0.04259952
184329,0.021438653
184330,0.011711255
184333,0.09646009
184337,0.007318879
184338,0.105084725
184340,0.011446757
184341,0.030236673
184347,0.060224727
184354,0.038375963
184355,0.026589056
184372,0.026720837
184384,0.03596738
184385,0.025550738
184386,0.014210119
184389,0.11007076
184401,0.01342123
184405,0.039188728
184431,0.24312666
184450,0.023667011
184453,0.5687238
184470,0.048283063
184471,0.018003207
184486,0.07428038
184488,0.008838268
184489,0.014934793
184497,0.038478777
184508,0.0166054
184509,0.019345568
184516,0.033876035
184525,0.068669684
184526,0.03450516
184531,0.037338696
184557,0.03423239
184576,0.010859604
184589,0.0070977937
184605,0.011313458
184613,0.08367285
184630,0.028998185
184635,0.039831452
184636,0.012915847
184643,0.007435404
184645,0.03810449
184653,0.038955476
184655,0.041732993
184656,0.04642559
184660,0.06375216
184716,0.039465297
184736,0.01664514
184758,0.050090272
184767,0.07508613
184770,0.07452116
184773,0.013624279
184776,0.04838309
184792,0.057158332
184812,0.11969294
184820,0.033436824
184829,0.0073152697
184831,0.17966627
184832,0.031399474
184834,0.014404358
184847,0.09211535
184848,0.03446324
184858,0.01777178
184866,0.030749261
184869,0.040526412
184870,0.046684254
184873,0.008842323
184874,0.015882036
184876,0.083387844
184879,0.18827064
184880,0.047147196
184885,0.010669048
184896,0.05167673
184916,0.21848738
184918,0.029865729
184919,0.051497392
184921,0.074937
184936,0.03732519
184944,0.08919539
184956,0.1173484
184963,0.088187136
184964,0.008844289
184965,0.06028054
184972,0.06146373
184977,0.114838436
184982,0.023555372
184988,0.1504413
184992,0.0358611
184994,0.026384588
184998,0.13700375
185017,0.010678156
185024,0.028044814
185032,0.11349066
185037,0.031435244
185040,0.00838685
185043,0.028008882
185048,0.02096131
185059,0.10385511
185076,0.09022294
185083,0.015390025
185090,0.22147499
185099,0.037963554
185101,0.009432418
185106,0.029441345
185121,0.100386396
185125,0.2201508
185126,0.2097231
185127,0.089926474
185153,0.045643326
185167,0.22784951
185171,0.08767206
185178,0.031343706
185180,0.013861357
185181,0.009440055
185183,0.04930705
185186,0.06567706
185187,0.04654507
185188,0.020453606
185189,0.024349198
185194,0.16262807
185207,0.061231047
185209,0.027627196
185210,0.17641975
185212,0.011507884
185220,0.054931223
185221,0.07888167
185230,0.10412986
185231,0.036596477
185245,0.008870378
185249,0.05866203
185262,0.012652504
185285,0.1274491
185286,0.08003411
185288,0.017510958
185296,0.018702617
185298,0.23762466
185299,0.012527424
185308,0.030941512
185311,0.014421452
185313,0.04329163
185314,0.04309924
185332,0.13796593
185337,0.017676195
185338,0.0135122165
185339,0.035545215
185341,0.05409427
185342,0.015420696
185344,0.035553284
185349,0.13149564
185362,0.062487654
185363,0.06502783
185394,0.008167996
185410,0.039484676
185418,0.010528278
185423,0.09348778
185428,0.029435685
185442,0.14052668
185447,0.20898452
185450,0.021570776
185454,0.007894134
185475,0.12573798
185481,0.071159996
185483,0.020543894
185485,0.0680278
185496,0.012234308
185504,0.012160764
185505,0.00918084
185512,0.043420125
185515,0.00989117
185534,0.051323105
185536,0.018041797
185538,0.0337083
185552,0.014196269
185569,0.019810341
185576,0.012776912
185578,0.05572924
185581,0.07010269
185584,0.017610144
185585,0.021264412
185586,0.11316907
185592,0.055253893
185604,0.025117833
185606,0.005796407
185607,0.06500561
185618,0.09383141
185622,0.04936167
185628,0.082760386
185629,0.016925868
185634,0.03160256
185637,0.1338985
185638,0.010610172
185640,0.1360601
185641,0.011835517
185645,0.027172297
185646,0.10182342
185647,0.019097451
185662,0.03497713
185669,0.051171828
185675,0.0069836974
185687,0.022181608
185688,0.07785913
185689,0.035970725
185690,0.03314134
185697,0.021656374
185710,0.079251975
185733,0.0145471
185740,0.08648025
185806,0.053472955
185812,0.1961498
185824,0.023068305
185825,0.01698307
185826,0.23781788
185827,0.22519
185828,0.010072751
185837,0.026786223
185859,0.039111797
185861,0.015418449
185872,0.02923521
185874,0.021955881
185891,0.070632786
185893,0.040748753
185897,0.06271134
185900,0.03290631
185910,0.032398667
185919,0.017977165
185932,0.03713667
185937,0.065788835
185939,0.047914222
185965,0.032352384
185968,0.067669764
185971,0.036211185
185978,0.08815135
185980,0.014590457
185981,0.03280065
185982,0.042787056
185991,0.0112202745
185997,0.022004534
185998,0.024090037
186014,0.018234339
186021,0.020484593
186025,0.081796825
186034,0.038282935
186054,0.029494323
186061,0.12373398
186065,0.035937663
186066,0.028978972
186070,0.10705678
186080,0.022932652
186085,0.020551931
186094,0.2050571
186110,0.097166404
186113,0.0110805975
186116,0.033655602
186127,0.010212219
186129,0.046432137
186135,0.029289205
186139,0.20053893
186151,0.019657996
186153,0.08962508
186156,0.010431
186158,0.027723456
186159,0.016296178
186166,0.0641183
186168,0.027203752
186169,0.051385075
186170,0.012412673
186179,0.009277485
186188,0.020511301
186210,0.0075858375
186227,0.01559053
186229,0.03523136
186230,0.028252065
186249,0.017015873
186254,0.02750974
186264,0.012259534
186265,0.09345507
186273,0.027819563
186276,0.021133589
186289,0.031312488
186296,0.18968669
186308,0.0075480123
186309,0.04341442
186310,0.024267396
186316,0.016598169
186321,0.031673886
186333,0.04122508
186346,0.06301104
186391,0.046920545
186398,0.06587552
186407,0.018335193
186411,0.03485968
186415,0.050402846
186426,0.21313788
186444,0.01267438
186448,0.14714828
186453,0.16663423
186456,0.012360365
186460,0.020955827
186461,0.06260693
186473,0.056969177
186489,0.16988185
186490,0.1281308
186491,0.04125744
186492,0.01836686
186493,0.078445345
186503,0.04044167
186505,0.12265272
186506,0.01960437
186508,0.012497764
186524,0.10878483
186526,0.030370623
186536,0.011697857
186539,0.05799257
186543,0.02520643
186558,0.15971223
186568,0.11531454
186573,0.06303496
186587,0.052630294
186599,0.035678744
186609,0.3046932
186610,0.0120638115
186612,0.05861167
186632,0.07103162
186634,0.04237096
186649,0.027451452
186652,0.09425476
186660,0.065096006
186668,0.13317955
186674,0.0831174
186675,0.019092916
186679,0.038624626
186682,0.024089605
186683,0.016387505
186695,0.3090328
186696,0.021130234
186704,0.065718934
186709,0.107056044
186714,0.115703344
186723,0.013439614
186726,0.26080793
186728,0.08973833
186729,0.014556539
186731,0.2170651
186737,0.040829293
186742,0.016877646
186743,0.008329849
186745,0.0630936
186747,0.018913485
186750,0.026903773
186769,0.04957878
186771,0.09381826
186787,0.034950122
186796,0.07330903
186802,0.19487886
186811,0.019058183
186812,0.0375351
186815,0.024062254
186840,0.05871672
186842,0.32910475
186853,0.165516
186859,0.044068765
186878,0.025730833
186885,0.052741617
186890,0.017411388
186906,0.21053022
186916,0.027547952
186927,0.0143498825
186928,0.03787868
186931,0.10428581
186934,0.029327147
186938,0.14565368
186943,0.10945292
186944,0.07127827
186945,0.10823718
186947,0.025949176
186952,0.045521613
186953,0.0144838
186960,0.15384279
186962,0.040427662
186991,0.028657887
187001,0.32688254
187017,0.056264162
187019,0.10720541
187024,0.014883937
187035,0.006047382
187037,0.09566521
187056,0.007907411
187057,0.021071587
187058,0.19531189
187065,0.027984163
187066,0.11710944
187069,0.018951146
187070,0.06228867
187074,0.033765826
187085,0.014564565
187087,0.036710285
187100,0.040801995
187117,0.060148805
187158,0.15540424
187159,0.024004428
187162,0.0756398
187164,0.021482801
187167,0.053034432
187168,0.023252118
187171,0.039194714
187184,0.13925552
187194,0.077236295
187208,0.0638125
187211,0.17548527
187220,0.025383115
187224,0.04654652
187242,0.043678895
187259,0.023583857
187260,0.03239456
187267,0.103555456
187280,0.24630325
187287,0.011022199
187291,0.023435324
187296,0.021601398
187301,0.119738
187315,0.06901603
187319,0.026627356
187326,0.15032372
187328,0.08912813
187329,0.0245932
187330,0.034186006
187335,0.036534876
187339,0.017846212
187340,0.0819166
187353,0.08622439
187356,0.025305599
187367,0.07032415
187383,0.030140184
187388,0.029176254
187401,0.124951944
187415,0.029093817
187422,0.012414007
187439,0.18418509
187440,0.068444826
187442,0.43502071
187447,0.03593996
187448,0.02636499
187451,0.12570353
187468,0.008098014
187475,0.058793545
187477,0.14326626
187480,0.03360194
187498,0.050671175
187499,0.017429098
187516,0.0041870577
187524,0.009420783
187534,0.025221922
187552,0.022286527
187577,0.088231124
187584,0.013727833
187585,0.01826826
187603,0.029628433
187608,0.030500451
187625,0.0094946
187637,0.09014866
187639,0.09742024
187641,0.016790468
187652,0.01695093
187684,0.022554416
187689,0.02252568
187698,0.039792918
187708,0.023813698
187716,0.02654791
187717,0.054281037
187719,0.018053377
187720,0.14171104
187743,0.045805406
187749,0.07126962
187762,0.08839327
187763,0.06265442
187772,0.06642516
187786,0.015293438
187787,0.018867236
187809,0.04907798
187826,0.09403633
187828,0.011699006
187829,0.023064181
187833,0.017230405
187847,0.038969316
187852,0.02854573
187862,0.11017458
187867,0.03303685
187868,0.12059516
187870,0.07727018
187871,0.026083829
187879,0.11994554
187894,0.050926335
187895,0.026011035
187899,0.03640594
187903,0.20089269
187915,0.0103327315
187919,0.10203977
187941,0.024857592
187942,0.11620431
187944,0.0130310245
187947,0.058029965
187949,0.26185155
187950,0.046821915
187952,0.048192605
187964,0.14915007
187967,0.042461023
187977,0.019411512
187983,0.042136695
187987,0.04574561
187988,0.0420088
187990,0.043716535
187991,0.23209389
187998,0.09705021
188014,0.11004609
188017,0.023110474
188021,0.081859544
188032,0.01452221
188039,0.05098778
188040,0.015841924
188044,0.04168617
188045,0.016614888
188054,0.031292073
188069,0.036061287
188070,0.062299684
188081,0.043627385
188092,0.08318729
188106,0.04125825
188108,0.028348515
188117,0.009659816
188120,0.011782523
188130,0.031415652
188133,0.04156929
188136,0.038546156
188151,0.0087115485
188153,0.029613966
188158,0.008975933
188171,0.029363625
188175,0.031983513
188192,0.07335551
188194,0.047818273
188198,0.12360148
188199,0.092269674
188228,0.13712296
188232,0.020779021
188233,0.023000354
188234,0.009348041
188245,0.039894998
188248,0.02784523
188254,0.05319326
188261,0.05197803
188262,0.048663646
188267,0.028439986
188276,0.019437464
188281,0.24820292
188282,0.06715081
188295,0.012159366
188309,0.015284199
188313,0.13218789
188324,0.050106987
188327,0.046309
188328,0.03958022
188329,0.1412856
188336,0.05227805
188337,0.07144165
188350,0.04562123
188389,0.10419687
188399,0.00904187
188413,0.019466056
188415,0.053424105
188421,0.01432034
188438,0.026471367
188449,0.3648741
188466,0.04413396
188470,0.006483649
188486,0.03994092
188492,0.101515174
188507,0.024731733
188511,0.015850442
188521,0.062506326
188540,0.18063727
188542,0.07276847
188551,0.35376695
188557,0.024038073
188558,0.022208916
188561,0.035933256
188563,0.19678771
188565,0.023271
188577,0.038900264
188586,0.062667966
188591,0.032066397
188594,0.043590307
188614,0.044929422
188622,0.0119518945
188626,0.06750405
188632,0.13762254
188635,0.14185548
188639,0.072876595
188645,0.08551934
188646,0.14097199
188647,0.048249867
188653,0.017669294
188659,0.038200494
188677,0.11339579
188694,0.06374838
188695,0.005519879
188696,0.008815157
188707,0.013678359
188714,0.022374703
188715,0.15719514
188722,0.15387939
188724,0.023283385
188729,0.044924032
188734,0.03716357
188739,0.60328585
188746,0.04358369
188747,0.039990764
188768,0.016663294
188770,0.075487904
188772,0.031792603
188787,0.020667784
188792,0.027721252
188793,0.01442585
188808,0.040299054
188828,0.08277422
188848,0.029403158
188851,0.09134643
188856,0.03168618
188862,0.03873911
188875,0.18652588
188876,0.22650239
188878,0.027219767
188880,0.013163107
188890,0.10412489
188900,0.03209665
188914,0.041819695
188928,0.11224258
188936,0.01370472
188946,0.01543426
188947,0.015244515
188948,0.019864803
188949,0.008725002
188950,0.039962333
188980,0.01547556
188982,0.14099343
188988,0.22733378
188990,0.083291255
188992,0.027418684
188993,0.01871775
188994,0.032965623
188997,0.034883704
188998,0.09527251
189009,0.01274617
189018,0.027373988
189022,0.022516534
189034,0.012581982
189045,0.019687207
189059,0.11813577
189062,0.02283058
189075,0.2244846
189086,0.029346224
189087,0.039469417
189107,0.06939459
189113,0.022287555
189144,0.07372334
189148,0.015493683
189199,0.06850121
189201,0.06307657
189202,0.011062204
189207,0.19016941
189213,0.031788036
189214,0.09820508
189224,0.048885405
189230,0.051250223
189251,0.01968493
189252,0.025794763
189255,0.03711878
189256,0.025423765
189257,0.035781696
189260,0.00647397
189261,0.20079893
189262,0.017496176
189263,0.016313553
189272,0.02839153
189282,0.0061888616
189284,0.15991296
189294,0.018543586
189304,0.08828421
189314,0.051737703
189317,0.08608997
189333,0.012754191
189337,0.09982691
189347,0.015636161
189355,0.036651637
189357,0.029318823
189366,0.06678927
189374,0.053784102
189379,0.03615172
189388,0.059639804
189397,0.026255846
189418,0.058018126
189453,0.024774462
189458,0.03700766
189460,0.050704025
189481,0.021187816
189482,0.18487671
189483,0.10892729
189490,0.035851456
189491,0.012433998
189492,0.057030085
189511,0.0270277
189512,0.02979125
189518,0.03448445
189519,0.109526515
189531,0.06277379
189541,0.28229287
189550,0.041414328
189551,0.06455635
189559,0.16016605
189564,0.018573102
189573,0.04919978
189585,0.041157227
189587,0.092459925
189605,0.015676964
189612,0.009370728
189633,0.03182333
189640,0.021605495
189641,0.12876819
189643,0.03036363
189650,0.056378186
189652,0.0382979
189656,0.047952995
189661,0.10940415
189663,0.13193859
189684,0.03348388
189688,0.017927751
189711,0.070386
189729,0.09533791
189747,0.1706402
189761,0.041065753
189773,0.03903877
189774,0.016463406
189779,0.13543074
189780,0.028245777
189796,0.02147542
189799,0.09718293
189800,0.0275585
189807,0.033362698
189808,0.019706044
189826,0.04224688
189836,0.021266215
189843,0.03488526
189845,0.048356894
189852,0.11605159
189853,0.06306312
189855,0.009020904
189866,0.035666957
189886,0.06344442
189888,0.021830387
189902,0.08116742
189907,0.15041408
189910,0.02316837
189922,0.009331671
189924,0.03356892
189933,0.032143235
189935,0.04278028
189939,0.015132228
189951,0.3554641
189965,0.0370524
189966,0.041843846
189977,0.039725065
189989,0.020338058
189990,0.05400513
190002,0.04286521
190006,0.43919843
190008,0.015435485
190009,0.122302264
190021,0.016161334
190058,0.0510238
190061,0.028213345
190069,0.059125468
190072,0.028243845
190078,0.03532893
190109,0.10322393
190112,0.25761783
190117,0.07039451
190132,0.013011247
190133,0.0706042
190153,0.07682128
190164,0.015374893
190167,0.006999511
190169,0.15660839
190179,0.418005
190184,0.044117406
190188,0.011281076
190199,0.016697535
190200,0.23788851
190201,0.041071434
190227,0.07332973
190229,0.024017762
190245,0.017126935
190272,0.066994764
190274,0.024312424
190281,0.04636897
190282,0.09900938
190290,0.09055712
190299,0.15054879
190301,0.09045152
190304,0.03391632
190306,0.017949041
190311,0.11719641
190341,0.044809453
190354,0.033742495
190364,0.013418077
190368,0.05798588
190375,0.09161068
190383,0.07273568
190384,0.032346543
190387,0.023928005
190388,0.10704988
190392,0.08302078
190394,0.35430261
190405,0.12745461
190406,0.063815154
190412,0.029145528
190413,0.19831511
190431,0.07308985
190452,0.033586416
190454,0.02442132
190461,0.055473775
190475,0.034635216
190489,0.19726363
190507,0.03856892
190513,0.028062798
190515,0.17261899
190516,0.0118784085
190522,0.01745868
190523,0.15557979
190526,0.074306525
190533,0.009978775
190537,0.07390934
190542,0.03271914
190545,0.18068661
190548,0.017850036
190555,0.2297448
190561,0.02886773
190562,0.032704376
190566,0.012056844
190581,0.034921505
190590,0.014705104
190591,0.08154879
190593,0.02017972
190612,0.046770114
190617,0.037928022
190618,0.039851453
190619,0.04420042
190643,0.0949541
190647,0.0486402
190663,0.038355976
190664,0.018789267
190678,0.02827413
190691,0.0068649496
190697,0.025560223
190698,0.031159632
190701,0.16455823
190702,0.210278
190713,0.029314665
190739,0.026564257
190744,0.05441295
190756,0.032965753
190767,0.15105651
190777,0.05298846
190808,0.039158694
190825,0.026873834
190830,0.06955899
190844,0.09463829
190855,0.054276735
190860,0.10139241
190861,0.05384396
190865,0.016343743
190884,0.10476041
190886,0.045692366
190887,0.15391722
190893,0.13710865
190899,0.034143142
190900,0.024023533
190901,0.025409758
190903,0.011492007
190909,0.084334575
190911,0.2767205
190916,0.022849469
190922,0.026126256
190926,0.0077691358
190927,0.027078101
190929,0.065384746
190931,0.08308675
190948,0.02514462
190954,0.0053141788
190957,0.024067922
190965,0.014904777
190978,0.13438879
190986,0.10032686
190990,0.037423424
190993,0.06322467
190998,0.034417152
190999,0.020492524
191028,0.039262358
191033,0.020019298
191042,0.16734779
191076,0.0067768255
191114,0.10866139
191137,0.23085296
191138,0.10645404
191140,0.02490112
191141,0.007915774
191143,0.067849785
191145,0.15608308
191161,0.08663211
191167,0.03559216
191192,0.03137966
191199,0.045341615
191200,0.02148382
191205,0.024878237
191206,0.01797918
191214,0.028235175
191217,0.014104911
191222,0.036695924
191224,0.014524821
191232,0.24528848
191238,0.017531104
191243,0.036619846
191247,0.034973055
191250,0.015528719
191266,0.034232307
191278,0.016616482
191279,0.020671668
191282,0.08630374
191287,0.06954526
191290,0.042366426
191291,0.15431827
191296,0.10174515
191301,0.022510603
191304,0.03153642
191305,0.026152756
191306,0.1661193
191324,0.12568018
191359,0.023386775
191360,0.090487964
191362,0.01986396
191371,0.13849244
191379,0.21554297
191394,0.02401114
191413,0.15801184
191430,0.009773688
191435,0.01595902
191449,0.022993114
191452,0.018557895
191464,0.08817031
191465,0.013267959
191466,0.03227004
191469,0.11988412
191490,0.3089483
191494,0.10977173
191498,0.10585151
191506,0.08256842
191508,0.028125346
191509,0.029633135
191515,0.26839778
191524,0.02144295
191548,0.043238554
191562,0.01479602
191568,0.06572898
191596,0.10463588
191609,0.028932568
191619,0.02164547
191624,0.038084988
191628,0.0054205246
191630,0.066180035
191648,0.17816311
191649,0.058699697
191654,0.05107688
191655,0.018167082
191659,0.0447864
191674,0.16332768
191675,0.007980745
191680,0.04868999
191681,0.019005693
191684,0.02935665
191686,0.0086454
191721,0.26761737
191722,0.012922329
191726,0.08264414
191727,0.030338118
191732,0.09575448
191735,0.016456354
191738,0.29644835
191745,0.13282116
191746,0.07847255
191751,0.030090848
191761,0.16193777
191772,0.02712694
191785,0.0627051
191794,0.013955137
191799,0.02921518
191806,0.17822966
191807,0.013625732
191809,0.1349755
191824,0.1339168
191826,0.027622733
191834,0.09646127
191837,0.028864006
191841,0.03680014
191845,0.010231396
191847,0.167716
191850,0.03922723
191869,0.055149958
191873,0.022379145
191876,0.028119557
191878,0.16689771
191880,0.014730563
191881,0.035226
191883,0.05290875
191898,0.06746881
191907,0.018319154
191910,0.023595084
191918,0.033438846
191920,0.08466443
191923,0.0679616
191942,0.03690469
191943,0.08834074
191951,0.07283065
191952,0.017775487
191958,0.066099
191963,0.25351477
191971,0.16711533
191992,0.17838293
192000,0.214201
192001,0.076538816
192008,0.030800702
192018,0.010006813
192029,0.0066294195
192030,0.03787937
192031,0.0149286175
192043,0.048672833
192045,0.050820827
192052,0.11165043
192056,0.017594174
192071,0.089637704
192082,0.03530423
192088,0.0143081015
192103,0.012422199
192105,0.08461814
192119,0.013546124
192144,0.10957278
192151,0.03338774
192158,0.026983032
192163,0.012976872
192172,0.096122004
192176,0.020486752
192177,0.0487265
192212,0.056417525
192221,0.3440233
192223,0.3474319
192224,0.06259476
192238,0.055455446
192239,0.07899822
192252,0.27020305
192259,0.029705297
192268,0.017331986
192274,0.04679645
192276,0.042600945
192277,0.04815889
192289,0.010495585
192296,0.06069357
192308,0.07219143
192309,0.010864872
192315,0.059589475
192322,0.103870176
192324,0.03309496
192343,0.071445584
192345,0.016799027
192367,0.06359431
192375,0.015401134
192382,0.18130922
192389,0.016962126
192390,0.0809989
192391,0.12472311
192423,0.0108257225
192427,0.028523447
192431,0.056869958
192433,0.014905073
192451,0.03917499
192453,0.060504038
192455,0.018492043
192468,0.039808802
192469,0.015230089
192474,0.0082643675
192481,0.04644228
192482,0.02253647
192483,0.025975335
192486,0.11707499
192490,0.053878065
192491,0.116092026
192494,0.04055036
192507,0.008948594
192508,0.014919553
192509,0.1928255
192525,0.13381381
192526,0.048031706
192528,0.024264507
192535,0.073106214
192545,0.22889033
192548,0.063990325
192572,0.2190934
192594,0.07920473
192607,0.014584245
192625,0.14432546
192626,0.034110084
192631,0.03063365
192632,0.07573134
192636,0.021086633
192637,0.02813651
192655,0.015636278
192657,0.006541878
192674,0.107787564
192675,0.023344856
192680,0.1565394
192682,0.07194883
192686,0.06348545
192698,0.096665174
192703,0.01833552
192705,0.014356252
192717,0.0380849
192720,0.018020503
192721,0.055717018
192722,0.03749783
192728,0.01120704
192734,0.019638348
192739,0.04040383
192740,0.07475188
192752,0.012826969
192761,0.009774113
192770,0.015155608
192780,0.03052342
192782,0.04621599
192783,0.19661331
192789,0.06833353
192796,0.011733542
192800,0.028166682
192802,0.027742375
192811,0.04588529
192812,0.03439538
192815,0.010541936
192838,0.17417203
192861,0.025277087
192868,0.03706979
192872,0.049729034
192876,0.029356392
192877,0.033725124
192897,0.1812923
192898,0.017322842
192903,0.06799361
192904,0.07636602
192905,0.009338403
192911,0.43878067
192920,0.05609826
192921,0.039598193
192922,0.12646565
192942,0.047175936
192946,0.18003978
192963,0.034677856
192978,0.09187053
192979,0.18590522
192981,0.14688656
192991,0.062240414
192995,0.037760936
192998,0.097051114
193019,0.03255825
193027,0.02349425
193028,0.02440023
193032,0.008984518
193036,0.06269028
193044,0.014196832
193046,0.013390305
193049,0.015983373
193050,0.035994783
193054,0.036661334
193057,0.01932929
193060,0.18417898
193075,0.023599256
193088,0.0063439403
193091,0.03671393
193112,0.024585623
193122,0.021743208
193123,0.115265824
193128,0.046037298
193133,0.024067823
193143,0.043350283
193150,0.11406031
193151,0.008940572
193160,0.4028953
193180,0.1401922
193198,0.02462256
193204,0.09203988
193207,0.018854562
193210,0.19434254
193225,0.043223865
193232,0.114371344
193248,0.06584626
193249,0.25427276
193262,0.023565535
193270,0.06878751
193273,0.061626658
193275,0.009928866
193286,0.013155265
193289,0.22189328
193290,0.015923783
193311,0.34047523
193321,0.02358046
193322,0.028449291
193340,0.072776884
193349,0.016360864
193368,0.120300874
193369,0.033754572
193375,0.009994079
193385,0.13322543
193389,0.01876818
193394,0.04131529
193396,0.039992608
193398,0.010808606
193402,0.051193867
193409,0.006762827
193421,0.05654764
193426,0.010008629
193430,0.015870355
193436,0.14454336
193437,0.04885489
193440,0.017328613
193441,0.2004498
193449,0.056638915
193462,0.010365368
193464,0.02904569
193468,0.017104395
193474,0.008852359
193475,0.026232503
193479,0.107592136
193484,0.11037123
193488,0.026152972
193496,0.03970774
193507,0.027252402
193510,0.09257123
193512,0.014960198
193514,0.035951115
193515,0.0907837
193516,0.09675349
193520,0.010324605
193522,0.07827019
193541,0.01445475
193545,0.014722081
193549,0.09104982
193554,0.083369315
193558,0.23438582
193568,0.01338106
193569,0.21292037
193579,0.024666026
193587,0.024737015
193589,0.022271728
193613,0.029635372
193642,0.16690542
193643,0.04832348
193647,0.013884861
193648,0.019317836
193663,0.053150997
193664,0.1346786
193665,0.021231119
193672,0.020741561
193675,0.13353418
193686,0.19700982
193692,0.02660097
193706,0.018164657
193725,0.017326072
193726,0.092012204
193727,0.034460098
193733,0.028532775
193738,0.24444287
193739,0.022762023
193745,0.09385751
193759,0.010138147
193767,0.0401342
193774,0.115598604
193776,0.01255921
193777,0.27613914
193787,0.27164602
193789,0.041249584
193793,0.0419954
193805,0.006963075
193808,0.012752364
193816,0.029455565
193817,0.05887901
193821,0.12736577
193831,0.08927003
193832,0.01067234
193874,0.05019371
193879,0.025634816
193882,0.056226388
193910,0.021000907
193915,0.04519437
193916,0.061909683
193921,0.08769865
193924,0.109074354
193926,0.0061366013
193927,0.187216
193949,0.01174618
193954,0.12572248
193966,0.22021076
193970,0.0524156
193971,0.06999321
193975,0.023503691
193980,0.046831436
193982,0.20496196
193983,0.03913753
193987,0.021954466
193997,0.021042477
194000,0.16117392
194013,0.022172913
194014,0.21036498
194026,0.027107313
194039,0.039565053
194042,0.017741134
194054,0.043752708
194057,0.06313073
194058,0.009151805
194068,0.017293546
194071,0.041796982
194073,0.022438042
194075,0.06610794
194093,0.017232675
194098,0.07796571
194105,0.026656143
194106,0.19720405
194110,0.07917883
194128,0.03731025
194137,0.013377693
194149,0.018053364
194150,0.027935728
194155,0.08785786
194157,0.056868482
194158,0.021662582
194164,0.013026368
194165,0.04021211
194166,0.01933348
194170,0.024081267
194171,0.017611962
194177,0.02545516
194187,0.033012956
194188,0.015345449
194213,0.039309036
194229,0.13616735
194230,0.034031574
194241,0.007382092
194243,0.06344162
194244,0.04076412
194276,0.01569818
194279,0.01424838
194280,0.024686519
194281,0.096857704
194291,0.01428903
194293,0.28100213
194306,0.010265273
194307,0.05601888
194308,0.021591358
194310,0.16181608
194314,0.07597422
194326,0.10900669
194330,0.10730129
194338,0.039180428
194366,0.13438383
194370,0.008605597
194371,0.014960179
194379,0.018037012
194382,0.035131685
194383,0.19689594
194395,0.18073535
194402,0.0127993785
194406,0.023928085
194408,0.17921859
194413,0.037861876
194414,0.023689816
194419,0.036888797
194423,0.13984533
194424,0.12902321
194429,0.025083968
194436,0.13818803
194468,0.05246952
194469,0.014140819
194478,0.031161135
194480,0.1680355
194484,0.06511167
194505,0.097704284
194514,0.028117761
194516,0.021132762
194523,0.17387839
194526,0.0090467315
194533,0.020570563
194534,0.046462074
194536,0.055261776
194548,0.0659202
194552,0.1571483
194558,0.05099341
194561,0.09051369
194563,0.015111137
194569,0.09542998
194581,0.38348216
194586,0.021684807
194590,0.020841675
194598,0.050827436
194600,0.013790306
194603,0.013538841
194604,0.018272014
194605,0.055588614
194607,0.13626117
194610,0.03703777
194620,0.018693008
194627,0.15826266
194650,0.21664105
194652,0.032020397
194659,0.01743702
194660,0.059246805
194662,0.01734702
194665,0.027252687
194675,0.06719819
194677,0.046386097
194679,0.014057732
194691,0.32829392
194696,0.023947243
194713,0.100564376
194716,0.036106452
194717,0.032591198
194725,0.02998608
194732,0.023700982
194737,0.09139864
194738,0.19347292
194769,0.028584361
194791,0.025676742
194802,0.056001294
194806,0.0653211
194810,0.024074826
194812,0.032682173
194813,0.027257258
194816,0.020294629
194827,0.030019037
194844,0.016120315
194856,0.029076314
194860,0.021210987
194866,0.015429237
194867,0.015714316
194877,0.13667883
194879,0.17379828
194880,0.013117602
194881,0.025482424
194887,0.01732905
194900,0.014847739
194906,0.026406065
194907,0.06482697
194908,0.12208844
194914,0.082480945
194934,0.1394151
194955,0.11829257
194956,0.08644779
194965,0.01908243
194966,0.049599055
194980,0.027162548
194985,0.10287508
194986,0.077549726
194995,0.026150778
194999,0.020516928
195000,0.058609277
195010,0.08046801
195013,0.09291835
195044,0.035418022
195048,0.035312254
195050,0.5848023
195051,0.14721666
195055,0.17871252
195070,0.034150448
195074,0.09747089
195075,0.05188629
195077,0.18601134
195081,0.02936143
195088,0.017126178
195089,0.025931852
195091,0.013314349
195096,0.26473266
195100,0.07027611
195103,0.109228626
195116,0.021437697
195117,0.07913947
195129,0.117664374
195151,0.011977132
195158,0.047175374
195164,0.04556393
195176,0.117413
195186,0.087710604
195187,0.26352808
195198,0.036937404
195201,0.03232934
195207,0.040393256
195214,0.07151155
195215,0.08190999
195234,0.037968982
195235,0.01697165
195239,0.041879997
195240,0.038265135
195253,0.071982026
195255,0.014937148
195280,0.025051262
195291,0.017477553
195293,0.064811006
195300,0.016818685
195306,0.02641622
195307,0.049880587
195322,0.041261673
195326,0.060794782
195330,0.006275861
195341,0.15606052
195343,0.06742219
195367,0.024576487
195369,0.04860454
195371,0.012812786
195372,0.017663013
195389,0.062336255
195415,0.009978788
195435,0.038353167
195439,0.028812613
195440,0.05862052
195444,0.028427634
195447,0.015029196
195450,0.013987733
195451,0.02683147
195456,0.042951252
195457,0.081708565
195461,0.19527797
195462,0.07972596
195463,0.01803337
195466,0.043078315
195468,0.013757365
195469,0.03675001
195489,0.01858031
195495,0.03841784
195496,0.0705954
195504,0.11995143
195505,0.10878683
195506,0.06783603
195511,0.032781977
195518,0.023478486
195519,0.07993948
195529,0.024041899
195531,0.034473054
195546,0.021716334
195547,0.017716164
195552,0.04514936
195577,0.023030518
195579,0.03360554
195588,0.046005774
195597,0.04387914
195607,0.010366379
195617,0.015765335
195626,0.07070248
195632,0.23147091
195634,0.1793699
195635,0.0145569015
195645,0.052582584
195648,0.039333552
195674,0.12001584
195691,0.0153386
195695,0.24019909
195703,0.104194365
195710,0.04915646
195711,0.021763597
195727,0.092023976
195729,0.021399016
195734,0.03223064
195739,0.069056876
195740,0.00865415
195746,0.22620872
195750,0.15522066
195769,0.12961824
195772,0.048736457
195785,0.01057541
195789,0.22395928
195793,0.0762898
195801,0.032635543
195803,0.01793203
195810,0.12060779
195818,0.02318424
195819,0.277229
195823,0.07624868
195828,0.08091958
195836,0.035821997
195843,0.05086071
195858,0.078761354
195876,0.08000845
195890,0.037248425
195891,0.03627893
195900,0.034754567
195905,0.04113246
195910,0.09126116
195911,0.09065142
195912,0.07420162
195917,0.12532349
195918,0.118757494
195923,0.34682238
195937,0.19941416
195940,0.42382988
195945,0.017430061
195946,0.0268001
195948,0.06658957
195955,0.023777794
195957,0.20412894
195958,0.014067614
195959,0.2920481
195970,0.013494699
195974,0.010881664
195979,0.102106795
195990,0.06610229
196004,0.04191062
196007,0.16615881
196012,0.23930329
196019,0.05405762
196029,0.14635979
196034,0.08000582
196042,0.04414191
196066,0.27566436
196067,0.06456904
196071,0.02182906
196074,0.2362873
196075,0.023606002
196079,0.011328183
196080,0.3141403
196082,0.020507092
196083,0.025292654
196085,0.16258192
196115,0.032615833
196118,0.11081566
196128,0.041741095
196149,0.036993325
196150,0.023930406
196162,0.12320947
196194,0.16183588
196198,0.014522414
196204,0.011918461
196206,0.026538284
196210,0.226615
196220,0.047426395
196221,0.013740714
196230,0.011133813
196236,0.08840467
196242,0.06178314
196256,0.17598669
196261,0.32108355
196274,0.0107195955
196281,0.018978393
196303,0.010072608
196305,0.1872232
196322,0.039103616
196343,0.009875629
196346,0.08958363
196354,0.090799734
196357,0.020909226
196359,0.011098958
196360,0.15708324
196361,0.011517705
196364,0.33149022
196371,0.010171045
196375,0.021378398
196377,0.013046576
196378,0.026140103
196381,0.02278084
196384,0.010452704
196385,0.12033386
196388,0.16491036
196394,0.2033922
196400,0.2637311
196401,0.046417497
196404,0.12841856
196411,0.047657147
196436,0.09876495
196443,0.07175358
196444,0.13090786
196446,0.21437512
196475,0.16321445
196476,0.1015746
196486,0.015644228
196489,0.19066425
196492,0.049555957
196498,0.15523933
196500,0.0077981446
196505,0.162177
196507,0.029377375
196510,0.042794365
196514,0.013541192
196530,0.021889096
196544,0.006469498
196551,0.051264107
196578,0.012364534
196585,0.13126661
196587,0.0140899215
196588,0.16586864
196594,0.044487566
196598,0.13417211
196605,0.009272043
196618,0.021791091
196619,0.06264617
196623,0.11458036
196624,0.05504285
196643,0.05022229
196649,0.023155114
196650,0.01072215
196656,0.014798118
196663,0.24815917
196667,0.13367191
196669,0.17178218
196681,0.17589185
196717,0.038062215
196726,0.080288716
196728,0.008309956
196729,0.046909086
196731,0.05982595
196736,0.031189542
196738,0.03613918
196745,0.111865535
196747,0.013815466
196748,0.040058017
196753,0.015371917
196757,0.01988918
196760,0.09311246
196777,0.1927414
196788,0.027842572
196799,0.06314315
196808,0.030988209
196819,0.021623723
196825,0.021986201
196826,0.15340367
196834,0.027269682
196841,0.19029263
196847,0.043662753
196849,0.04337525
196851,0.054149143
196867,0.028800594
196884,0.018874649
196889,0.2325323
196898,0.056720767
196901,0.008470401
196917,0.074093014
196930,0.17079043
196936,0.054770295
196956,0.008000647
196959,0.009277501
196962,0.041396745
196963,0.03600135
196971,0.211561
196972,0.065045044
196977,0.027949268
196984,0.024148174
196985,0.13774598
197010,0.09413512
197029,0.07196814
197040,0.022798931
197058,0.10747488
197060,0.0318415
197064,0.23100491
197075,0.030332623
197083,0.11658562
197102,0.23494962
197103,0.15159619
197107,0.044317614
197129,0.028421912
197135,0.010760921
197140,0.012810785
197150,0.039468464
197152,0.03879938
197153,0.042914428
197154,0.010187933
197156,0.14321043
197166,0.017768797
197167,0.012520483
197177,0.046526656
197178,0.024329312
197187,0.045732155
197191,0.01808212
197205,0.11749217
197206,0.15811402
197219,0.09790759
197224,0.006284126
197245,0.049959034
197246,0.042942066
197273,0.15516594
197275,0.049218357
197278,0.04304002
197288,0.05163813
197290,0.072567225
197294,0.03058987
197295,0.038077485
197311,0.04418642
197314,0.068848446
197320,0.19977103
197321,0.12914947
197324,0.21802375
197327,0.026973914
197332,0.07207898
197333,0.13477509
197335,0.023098279
197348,0.0102856755
197362,0.1323024
197363,0.2644535
197368,0.016151432
197378,0.09486907
197381,0.10888945
197384,0.029797044
197386,0.05911789
197393,0.03921924
197396,0.03859654
197400,0.021599129
197408,0.015152387
197412,0.04478849
197413,0.12417683
197415,0.018100426
197418,0.16227092
197427,0.012093125
197443,0.124913365
197448,0.059294336
197449,0.014992472
197470,0.07410787
197478,0.056135304
197482,0.071599975
197488,0.04207503
197491,0.035909392
197495,0.08550697
197498,0.11192456
197502,0.14301229
197507,0.09491199
197509,0.09977192
197510,0.07277246
197512,0.07370969
197513,0.016851017
197524,0.047479697
197525,0.064277925
197529,0.53157735
197533,0.013014998
197534,0.15807413
197540,0.09943963
197541,0.01330003
197559,0.013085954
197566,0.022944756
197582,0.042907555
197585,0.039164636
197587,0.07701833
197595,0.15538114
197598,0.010765415
197601,0.012983307
197603,0.057388775
197607,0.07744926
197611,0.07363589
197625,0.09267025
197631,0.024946574
197633,0.029847106
197638,0.102944545
197640,0.058607228
197644,0.0063558184
197645,0.014607921
197646,0.12689649
197650,0.017771088
197657,0.04574514
197664,0.043954298
197668,0.033062413
197681,0.028332412
197682,0.05507935
197693,0.03700701
197695,0.12714188
197699,0.18323362
197709,0.019606872
197711,0.17409518
197715,0.011874806
197716,0.1322856
197722,0.21888153
197728,0.10754487
197729,0.030660942
197730,0.10153301
197744,0.037071746
197768,0.041321293
197770,0.022004459
197775,0.2657198
197788,0.016878294
197795,0.028685238
197806,0.12971015
197808,0.101217106
197812,0.07739401
197813,0.014018962
197822,0.019102093
197827,0.02319131
197828,0.020306714
197836,0.050635077
197857,0.0216031
197862,0.117450595
197872,0.026465565
197892,0.014408382
197903,0.04984614
197907,0.074980415
197908,0.05614452
197916,0.064647235
197921,0.02237831
197924,0.03170544
197930,0.056580514
197934,0.12657897
197942,0.03741324
197945,0.26527715
197958,0.012481546
197959,0.010594293
197967,0.06480192
197969,0.23197097
197978,0.17260063
197999,0.029817803
198001,0.22968052
198004,0.01169307
198007,0.019763093
198019,0.08053858
198020,0.02808137
198024,0.07435537
198026,0.09753444
198038,0.053665794
198044,0.013718206
198050,0.16726938
198054,0.21037173
198055,0.0316526
198082,0.018060917
198094,0.0136848185
198095,0.029234488
198099,0.04941876
198101,0.09643978
198102,0.026039395
198114,0.14945738
198125,0.041585363
198127,0.031260744
198128,0.02430351
198137,0.011232763
198141,0.01174886
198142,0.063227125
198155,0.040075935
198179,0.053966332
198181,0.22221921
198184,0.04495331
198185,0.02717649
198186,0.048373066
198187,0.046500456
198193,0.012269797
198197,0.028754786
198209,0.013604027
198221,0.07432841
198225,0.05114559
198229,0.12522432
198237,0.10917823
198239,0.25710008
198247,0.02552383
198253,0.055218015
198272,0.010268011
198279,0.008644726
198282,0.021757504
198284,0.014112677
198285,0.016706182
198287,0.059082843
198294,0.051397562
198309,0.028587313
198312,0.1396645
198315,0.06375761
198323,0.046749104
198331,0.05306536
198333,0.26705456
198359,0.020717738
198370,0.06385083
198378,0.034473345
198379,0.13520561
198381,0.018949986
198383,0.036592904
198384,0.05818695
198385,0.077533185
198420,0.09254548
198421,0.12114614
198425,0.100268215
198427,0.122220255
198429,0.023342634
198437,0.019715842
198445,0.01207272
198452,0.018742617
198454,0.020008173
198487,0.012938075
198523,0.16079803
198528,0.083829895
198530,0.121433325
198539,0.010316076
198540,0.037152685
198547,0.037442893
198566,0.019454166
198568,0.013157818
198569,0.052239314
198595,0.016437013
198600,0.026440663
198614,0.039841037
198617,0.024064207
198619,0.44302335
198627,0.07089805
198640,0.013020492
198655,0.1543293
198664,0.092307664
198665,0.008243529
198666,0.17615941
198670,0.022723332
198673,0.21351704
198680,0.04941131
198689,0.023699008
198690,0.07593918
198702,0.017137215
198703,0.016543772
198704,0.12460411
198714,0.1131563
198715,0.1237838
198717,0.008449566
198718,0.016570609
198720,0.14921513
198721,0.014213092
198730,0.029805986
198739,0.069455415
198754,0.020437084
198761,0.016557671
198772,0.011102488
198774,0.016528588
198775,0.089140356
198779,0.02745407
198783,0.013860665
198790,0.056349397
198794,0.1171063
198798,0.23420545
198799,0.037514586
198802,0.20108497
198806,0.04044726
198847,0.039351348
198854,0.18788067
198858,0.018960252
198859,0.11087097
198865,0.10331057
198872,0.032277547
198874,0.029770248
198878,0.036190055
198883,0.07162011
198884,0.04130994
198891,0.033510696
198899,0.086145654
198907,0.076719575
198916,0.06673141
198917,0.11182406
198934,0.013175189
198937,0.009934563
198938,0.009666787
198941,0.05517695
198957,0.019258378
198966,0.028959576
198984,0.016179396
198997,0.004518481
199001,0.10687043
199003,0.07098922
199009,0.031464715
199011,0.02297458
199013,0.03186774
199015,0.012174742
199024,0.052052386
199026,0.055818483
199027,0.18682809
199029,0.028635524
199030,0.06283759
199041,0.016808644
199048,0.12159192
199057,0.02338183
199058,0.009268205
199062,0.01658722
199067,0.016408466
199070,0.05157452
199075,0.019097505
199076,0.0069969585
199092,0.047658347
199096,0.011228544
199104,0.14508094
199114,0.041087043
199115,0.010307643
199117,0.046226513
199126,0.15810332
199131,0.058581553
199141,0.030100845
199145,0.02547459
199150,0.14454837
199151,0.022672756
199153,0.0076271323
199166,0.012182165
199167,0.06705321
199177,0.13781646
199182,0.020010537
199183,0.12156324
199185,0.0061622756
199212,0.016630856
199213,0.13471743
199222,0.18334638
199229,0.031464264
199230,0.045720022
199242,0.5387963
199243,0.0074498774
199246,0.042023495
199247,0.074841425
199249,0.03289646
199262,0.11765151
199263,0.020196892
199275,0.007911781
199276,0.062314257
199287,0.027347837
199298,0.03293577
199304,0.065242894
199307,0.015953502
199311,0.09623412
199316,0.009926153
199320,0.1745992
199321,0.06587145
199325,0.049321502
199326,0.13871898
199327,0.080377206
199334,0.020560967
199344,0.23027168
199345,0.04016684
199352,0.08660809
199364,0.18794039
199378,0.032180775
199379,0.023183126
199387,0.017441338
199405,0.07280003
199418,0.19124635
199424,0.07259365
199425,0.014796751
199432,0.026423493
199433,0.06556395
199442,0.13566585
199446,0.0335053
199457,0.025912728
199458,0.025965795
199477,0.070989266
199522,0.044849116
199525,0.09496973
199533,0.10664558
199536,0.033810765
199537,0.013643848
199550,0.09726076
199560,0.035282724
199564,0.1629605
199575,0.060262237
199580,0.009660396
199586,0.022642642
199597,0.03942151
199598,0.06336467
199604,0.017537287
199608,0.08329882
199609,0.16449347
199616,0.018579084
199625,0.09281947
199648,0.3744415
199650,0.028811364
199655,0.0097912615
199663,0.01351339
199670,0.016337803
199673,0.05798971
199685,0.030851329
199696,0.046965115
199703,0.042559728
199704,0.040423796
199706,0.026622377
199727,0.045406
199740,0.124733895
199746,0.2762525
199764,0.17422952
199766,0.12384595
199785,0.011275213
199786,0.01279518
199795,0.030593485
199797,0.038731404
199803,0.2621683
199804,0.1402854
199810,0.10342091
199815,0.041501228
199822,0.037890602
199824,0.021537159
199828,0.083387144
199833,0.1916787
199840,0.068646066
199844,0.024606816
199846,0.06360395
199858,0.07500116
199862,0.04755591
199865,0.08742531
199866,0.03860713
199869,0.043758996
199870,0.020321602
199871,0.04482922
199878,0.012834346
199889,0.069086686
199891,0.041021366
199898,0.009107688
199903,0.0076614143
199904,0.012725071
199924,0.092109516
199950,0.010296209
199954,0.05431837
199956,0.01223301
199962,0.13993193
199965,0.38305923
199971,0.012139385
199972,0.070013374
199988,0.15316218
199995,0.22959878
199997,0.046212498
199998,0.045897882
199999,0.028365377
200011,0.0727081
200012,0.011423221
200016,0.008583078
200019,0.0054889554
200030,0.02743224
200031,0.0540187
200032,0.022186182
200038,0.046503227
200043,0.01676483
200044,0.071342245
200045,0.15820174
200053,0.15479086
200057,0.021531053
200061,0.022479355
200064,0.043898653
200071,0.21503857
200084,0.1823742
200085,0.01088808
200086,0.0694997
200093,0.060169432
200095,0.058825918
200105,0.027164198
200111,0.043435425
200116,0.24626155
200125,0.27404386
200126,0.07397666
200157,0.03357666
200173,0.21807513
200181,0.07317214
200185,0.025240393
200187,0.021134675
200193,0.020827854
200200,0.08845475
200202,0.0138014965
200206,0.13542861
200207,0.010031644
200216,0.0051299436
200229,0.05696567
200234,0.005602981
200241,0.08601586
200244,0.014235518
200258,0.055312082
200262,0.11233252
200268,0.23378383
200277,0.055288944
200286,0.010389684
200293,0.04872056
200299,0.3044271
200306,0.028377177
200335,0.022166284
200358,0.059158966
200366,0.021153847
200367,0.008456629
200370,0.015319431
200373,0.14455064
200374,0.031220026
200383,0.038646977
200387,0.051638614
200390,0.17507786
200391,0.08021419
200421,0.23005053
200437,0.02695844
200442,0.014143019
200447,0.010194053
200460,0.025816485
200463,0.104544766
200467,0.21151912
200487,0.045920916
200488,0.035178795
200490,0.071425624
200493,0.04055095
200494,0.049264006
200501,0.07546686
200506,0.058029667
200516,0.01614985
200518,0.032733094
200520,0.0940571
200523,0.06883712
200524,0.076082654
200525,0.022714987
200534,0.038953446
200538,0.061935674
200552,0.031180931
200556,0.016640402
200557,0.11967205
200567,0.02040461
200568,0.035074506
200570,0.026879817
200572,0.09778293
200576,0.024017228
200585,0.080540225
200587,0.17413089
200588,0.114666834
200593,0.108524784
200594,0.046693668
200595,0.063840955
200603,0.22311983
200615,0.03533512
200624,0.06781164
200631,0.23922606
200632,0.009811103
200636,0.021155326
200638,0.020283658
200641,0.027161064
200650,0.03075988
200653,0.014161758
200657,0.07242982
200668,0.18538673
200669,0.02059459
200670,0.019249467
200676,0.03933926
200697,0.011952989
200710,0.05570896
200720,0.025251163
200729,0.007355422
200749,0.075464435
200753,0.12736687
200755,0.06293916
200756,0.028671851
200757,0.0871576
200768,0.03190605
200776,0.012263715
200799,0.11993838
200801,0.00996072
200810,0.0996781
200823,0.055691935
200832,0.3845966
200836,0.018483091
200838,0.013375869
200864,0.20135143
200867,0.03492634
200869,0.027828343
200873,0.07796829
200876,0.025375338
200881,0.023641946
200883,0.01327685
200890,0.041408774
200895,0.019516872
200897,0.029100113
200899,0.035332594
200900,0.029604092
200907,0.05631324
200912,0.019133259
200926,0.07329922
200930,0.09189539
200971,0.004468592
200974,0.019456321
200979,0.013382728
200998,0.09469211
201008,0.17270008
201018,0.08081426
201026,0.01697757
201043,0.02321619
201049,0.012034616
201050,0.06986432
201061,0.048963495
201062,0.011650328
201072,0.01741521
201076,0.07785908
201077,0.09790823
201081,0.14337263
201084,0.23691204
201089,0.03738773
201092,0.012369193
201109,0.042108968
201110,0.07122643
201116,0.013217389
201122,0.12827322
201135,0.11889742
201143,0.005830924
201153,0.018486232
201159,0.031902976
201165,0.009807007
201187,0.09104582
201197,0.030042239
201218,0.09146809
201219,0.07313307
201231,0.0245245
201234,0.018070742
201243,0.018862754
201246,0.1172539
201254,0.043807726
201256,0.013092543
201262,0.550757
201263,0.03724361
201272,0.25294495
201273,0.026594743
201281,0.07968749
201290,0.025314238
201294,0.06295711
201296,0.0060867066
201320,0.015599245
201332,0.03440872
201342,0.06726976
201343,0.021907825
201347,0.064622626
201350,0.02010492
201351,0.10517454
201362,0.15454113
201363,0.047835063
201368,0.12680209
201373,0.02873479
201375,0.021550095
201378,0.03856694
201386,0.046589307
201387,0.0138632
201390,0.27454463
201393,0.107805885
201409,0.02744175
201442,0.034457035
201444,0.05838013
201447,0.12601139
201451,0.017350404
201474,0.062000126
201481,0.050517723
201491,0.020385515
201498,0.031896852
201499,0.2015656
201501,0.071470596
201502,0.014533684
201516,0.044606593
201517,0.033230066
201524,0.021306017
201526,0.57059133
201528,0.007676518
201532,0.029737715
201543,0.28119144
201544,0.038182456
201546,0.12207404
201552,0.030939694
201554,0.06871684
201556,0.020308856
201557,0.017499503
201559,0.12074782
201575,0.055129934
201592,0.14271782
201593,0.0908935
201600,0.042413823
201630,0.098788366
201631,0.069036916
201635,0.011503557
201638,0.04966388
201642,0.033452492
201645,0.009734555
201660,0.010902244
201663,0.031386103
201665,0.011617984
201674,0.024812596
201675,0.019567095
201677,0.069279715
201688,0.31058574
201698,0.04852777
201706,0.012092691
201709,0.010525871
201710,0.1994146
201718,0.050658494
201720,0.07125822
201727,0.07074105
201730,0.028828805
201732,0.09304383
201733,0.014029559
201736,0.06578953
201738,0.04132989
201744,0.1284113
201747,0.110976875
201751,0.110549875
201766,0.19776523
201777,0.014616789
201778,0.033201806
201785,0.16261598
201804,0.016355809
201808,0.10314435
201813,0.20708892
201815,0.01173609
201820,0.046806477
201825,0.03281453
201830,0.023204483
201838,0.0048747184
201839,0.11637983
201845,0.06287114
201849,0.0073362654
201850,0.016472446
201853,0.017295329
201856,0.0343475
201873,0.08958668
201875,0.01930855
201906,0.17619474
201907,0.06797563
201908,0.028490389
201909,0.08994264
201911,0.09227089
201927,0.013170231
201928,0.035710473
201937,0.025323635
201943,0.04219612
201946,0.024801522
201948,0.017606393
201949,0.06595447
201955,0.0073064137
201962,0.01935801
201977,0.016610958
201996,0.01861179
201997,0.16800503
202004,0.07108159
202005,0.027703876
202006,0.06576947
202010,0.011856426
202020,0.040245242
202029,0.22876635
202033,0.03422745
202034,0.08808001
202040,0.26589906
202045,0.012123793
202048,0.01349676
202055,0.015882231
202058,0.021464167
202062,0.032866016
202073,0.107186675
202078,0.020277277
202079,0.1562175
202080,0.056582194
202085,0.06212736
202090,0.040801547
202092,0.08156438
202114,0.018099347
202124,0.011371192
202133,0.046387464
202136,0.049231134
202150,0.014715254
202156,0.014441268
202159,0.042775396
202165,0.013829574
202167,0.07979866
202168,0.033763252
202169,0.0662592
202170,0.13365285
202204,0.01854549
202209,0.026744789
202216,0.057599764
202220,0.049583815
202228,0.027924841
202229,0.02877965
202231,0.082668595
202232,0.009751004
202234,0.2377498
202252,0.13679324
202253,0.10062044
202272,0.019015301
202273,0.02348363
202292,0.019052204
202300,0.018928366
202302,0.030458022
202311,0.005382984
202316,0.030130934
202318,0.105228394
202324,0.057570152
202343,0.09131268
202344,0.11201136
202349,0.019754188
202351,0.08363002
202355,0.005322253
202379,0.11943568
202407,0.009756312
202409,0.105235845
202410,0.024415616
202422,0.06382292
202423,0.075005025
202435,0.03713069
202437,0.18469258
202438,0.06747083
202439,0.13042016
202441,0.06962532
202444,0.0106968
202446,0.12664866
202450,0.037701555
202455,0.04498938
202457,0.021366253
202461,0.06051369
202463,0.17002892
202473,0.016349267
202478,0.052753605
202484,0.23698507
202490,0.024633594
202491,0.011298779
202492,0.112217225
202497,0.14991851
202508,0.040553357
202509,0.07507129
202510,0.010956071
202511,0.08295923
202514,0.012945774
202524,0.03813031
202527,0.076333195
202547,0.043741424
202554,0.033374697
202557,0.09066867
202568,0.22971976
202573,0.034870133
202587,0.009489451
202599,0.03896019
202610,0.055024166
202613,0.043025926
202618,0.28970522
202621,0.024623593
202645,0.050417654
202646,0.0079089645
202649,0.07049696
202653,0.049638417
202655,0.028367978
202656,0.06421918
202659,0.12429142
202661,0.053013705
202681,0.043830417
202688,0.06531335
202691,0.0089753065
202692,0.0078560235
202697,0.17060812
202698,0.13390212
202717,0.043851092
202720,0.1676907
202724,0.112951726
202725,0.095560744
202734,0.17793366
202740,0.01565846
202743,0.030528802
202746,0.0075471485
202760,0.023002766
202761,0.023569778
202765,0.024588013
202769,0.081642345
202785,0.05090075
202793,0.08446214
202796,0.05475779
202805,0.0048020342
202816,0.07510144
202823,0.09638785
202825,0.026845833
202829,0.01649745
202830,0.14776489
202848,0.07152793
202861,0.08999021
202862,0.06989117
202863,0.016113583
202879,0.08163404
202889,0.015492997
202894,0.12334939
202895,0.029867742
202897,0.017713197
202899,0.033651117
202900,0.04836046
202907,0.022478458
202927,0.066599324
202945,0.014740631
202951,0.07424524
202955,0.024740234
202960,0.015670922
202967,0.069638826
202972,0.03623794
202982,0.087908916
202993,0.01405035
202996,0.019443272
202998,0.033182804
203008,0.017383434
203026,0.07757318
203038,0.13522443
203044,0.02595945
203054,0.015367372
203070,0.24008012
203075,0.022927038
203082,0.0259803
203089,0.036339547
203090,0.01585469
203098,0.17601436
203108,0.037378505
203109,0.015458632
203113,0.02373173
203123,0.016154036
203124,0.009374488
203128,0.09422035
203129,0.36472017
203131,0.18362446
203142,0.047878668
203154,0.046772745
203175,0.04197551
203176,0.10809214
203183,0.03946519
203185,0.016584758
203195,0.08200032
203201,0.059097726
203205,0.06963282
203218,0.038269505
203241,0.02532926
203244,0.13043457
203245,0.027323756
203253,0.2865845
203259,0.037104506
203264,0.5450642
203276,0.0342355
203283,0.042960104
203286,0.009560304
203288,0.030114232
203290,0.025160193
203298,0.09045953
203300,0.07422209
203312,0.03496618
203318,0.022308819
203331,0.0796594
203337,0.005082206
203339,0.021356896
203344,0.013556603
203348,0.13216975
203349,0.0074947095
203350,0.035702616
203358,0.25565267
203366,0.043687638
203371,0.015043836
203377,0.09550549
203399,0.05134949
203402,0.025036361
203407,0.14509457
203410,0.08182271
203421,0.10340358
203428,0.03927155
203431,0.12393366
203433,0.118760735
203459,0.027709035
203460,0.30906808
203462,0.16086344
203470,0.027611582
203475,0.2317236
203476,0.024510344
203496,0.18101333
203518,0.013480094
203547,0.023295198
203549,0.016899543
203550,0.019322265
203552,0.00708633
203561,0.046977792
203564,0.086757995
203567,0.06435764
203575,0.04474332
203590,0.04216952
203591,0.0117019955
203605,0.052163772
203606,0.026750725
203640,0.05408763
203643,0.45900068
203647,0.07853799
203648,0.017332895
203669,0.021683432
203671,0.006812024
203692,0.020032363
203695,0.07487611
203706,0.025702067
203713,0.05072292
203730,0.020645598
203736,0.021436017
203745,0.22511548
203751,0.05975236
203753,0.020949656
203755,0.015803697
203762,0.096311554
203769,0.0108570345
203774,0.02728539
203796,0.021984199
203799,0.027499624
203806,0.022085488
203807,0.112340726
203810,0.013233997
203816,0.11455917
203821,0.35864818
203822,0.023995886
203850,0.04325996
203854,0.011134627
203862,0.053645305
203868,0.03543211
203869,0.030704165
203870,0.0215225
203876,0.018751308
203878,0.034730144
203889,0.0152720185
203897,0.025342083
203905,0.24294868
203914,0.07106785
203915,0.031355657
203950,0.05377372
203956,0.01970438
203957,0.022661269
203973,0.06195854
203975,0.016306363
203980,0.043520443
203997,0.03905337
204001,0.057886504
204008,0.06135924
204017,0.03253695
204020,0.08238544
204021,0.056061585
204026,0.06203863
204027,0.015980007
204043,0.016135836
204047,0.033310827
204055,0.013790272
204059,0.029706659
204060,0.06370923
204061,0.015042346
204073,0.045877613
204076,0.10426033
204086,0.10567162
204088,0.017445069
204102,0.14921686
204116,0.098368354
204117,0.06018158
204121,0.08791957
204129,0.011097523
204139,0.22010842
204148,0.02103769
204149,0.050899703
204175,0.010487249
204181,0.2198904
204183,0.010902319
204187,0.047713622
204193,0.11191537
204194,0.07414963
204195,0.02027215
204196,0.09278247
204202,0.052665025
204206,0.011772934
204207,0.14760211
204214,0.017463984
204222,0.04818748
204226,0.010368692
204227,0.09644471
204228,0.08673863
204231,0.15919368
204232,0.26315126
204235,0.32027492
204237,0.012553576
204239,0.01594709
204242,0.027767014
204254,0.020550182
204255,0.07602056
204259,0.036976065
204268,0.027078252
204280,0.031087495
204282,0.08198394
204307,0.0077123344
204314,0.05106729
204318,0.027222566
204321,0.038867332
204330,0.019380754
204335,0.09372713
204339,0.2973996
204344,0.014707649
204350,0.1465309
204371,0.007259396
204372,0.049277768
204374,0.069022074
204383,0.054737836
204392,0.1722379
204403,0.008107364
204409,0.010155588
204416,0.066049
204417,0.035422258
204437,0.08465369
204440,0.013143201
204445,0.0076357173
204446,0.08025313
204449,0.30765748
204468,0.03160028
204504,0.03514154
204506,0.013988369
204536,0.019529238
204539,0.15894403
204601,0.01342025
204614,0.08565921
204616,0.13945928
204618,0.10446055
204623,0.024707617
204630,0.06433326
204636,0.10197641
204639,0.012988451
204642,0.047081582
204644,0.019386206
204648,0.016884044
204662,0.027286865
204673,0.01292258
204674,0.05658853
204681,0.005764242
204682,0.016968636
204683,0.22322151
204689,0.11894724
204690,0.05629323
204707,0.059950598
204728,0.05429478
204736,0.1272057
204740,0.01775032
204749,0.03852824
204756,0.02425524
204771,0.008666168
204778,0.020932999
204808,0.015912343
204822,0.22041398
204827,0.13100703
204831,0.07437895
204836,0.029561797
204837,0.0061819623
204843,0.0389183
204846,0.015652036
204847,0.02244213
204850,0.040800557
204852,0.013832672
204854,0.029461503
204856,0.16348734
204857,0.08409546
204863,0.049595047
204870,0.009060439
204885,0.08769292
204895,0.101294026
204905,0.034499064
204911,0.042420737
204927,0.0399314
204929,0.033595145
204941,0.12055727
204959,0.06963125
204962,0.13114554
204965,0.43050563
204970,0.16291407
204971,0.022202093
204972,0.07971398
205000,0.08756061
205011,0.035210006
205013,0.014314603
205014,0.23197928
205019,0.017513053
205043,0.039266437
205045,0.057700925
205054,0.024441198
205066,0.044986807
205069,0.10666303
205070,0.014202001
205071,0.09322109
205073,0.035181742
205077,0.04566075
205078,0.018709492
205088,0.03515016
205104,0.055656325
205107,0.009355079
205117,0.013756413
205118,0.011076561
205128,0.07427875
205134,0.014795488
205140,0.01147695
205141,0.2978045
205142,0.0066568214
205153,0.27518055
205158,0.025119489
205169,0.013079885
205170,0.07109038
205183,0.027639857
205184,0.013057072
205197,0.019793581
205199,0.061968707
205204,0.0060968734
205208,0.03054392
205209,0.0087744435
205210,0.061136454
205216,0.024830401
205219,0.16630384
205222,0.07917764
205225,0.013473164
205235,0.062296882
205236,0.02568303
205241,0.007868421
205244,0.024101526
205251,0.12502927
205252,0.14728159
205258,0.017690383
205262,0.054609735
205264,0.012696957
205274,0.31250027
205277,0.05396985
205281,0.01803521
205306,0.012755576
205307,0.061323147
205323,0.024797376
205336,0.22234121
205337,0.30150226
205360,0.11424191
205363,0.027429707
205365,0.016344141
205367,0.12800589
205368,0.010565236
205375,0.00971739
205403,0.038510974
205411,0.031230794
205415,0.018106794
205429,0.08022191
205434,0.08170027
205445,0.021651559
205463,0.11829146
205471,0.024090957
205472,0.11744268
205479,0.11996807
205480,0.023526907
205493,0.10356305
205503,0.07623867
205508,0.019884072
205524,0.11829632
205525,0.03116608
205526,0.014340572
205533,0.02056569
205542,0.014051119
205545,0.0382134
205552,0.015227165
205561,0.04405888
205563,0.012424488
205564,0.051221456
205565,0.010056924
205566,0.01442266
205569,0.03776936
205579,0.034923628
205585,0.11294638
205587,0.0111094145
205588,0.030873008
205591,0.027115153
205594,0.25583568
205600,0.056275994
205608,0.028233027
205613,0.029128447
205618,0.052883115
205619,0.0055888826
205623,0.004011524
205627,0.22134055
205628,0.18206073
205635,0.012330573
205638,0.020524623
205640,0.12531042
205641,0.25007856
205642,0.28951368
205643,0.015911676
205646,0.066655815
205655,0.049065966
205672,0.023176813
205678,0.036056697
205681,0.0329781
205682,0.026922148
205690,0.0061909673
205693,0.03998311
205695,0.036325864
205724,0.009531532
205738,0.016519343
205741,0.04235341
205744,0.020399364
205750,0.013660306
205751,0.08223256
205752,0.016079875
205766,0.022133514
205773,0.057681285
205775,0.07202359
205776,0.016464265
205789,0.2626946
205793,0.042041793
205797,0.017475352
205798,0.02594757
205802,0.009776525
205806,0.052874915
205807,0.017751127
205815,0.028827326
205819,0.029056326
205821,0.043921385
205822,0.066706635
205831,0.08001037
205832,0.042299647
205836,0.01574379
205843,0.06967952
205862,0.046622895
205863,0.018356489
205866,0.05148748
205873,0.039213598
205877,0.049181785
205879,0.05950279
205880,0.011364307
205886,0.07606453
205898,0.05130134
205903,0.024029791
205907,0.08871116
205908,0.04674617
205909,0.019710045
205930,0.0075430702
205931,0.007952118
205932,0.024041831
205951,0.011556337
205957,0.42331263
205960,0.031847768
205987,0.04072351
205994,0.23229285
205995,0.04896219
206006,0.019735817
206007,0.014235566
206013,0.01808447
206020,0.014003597
206030,0.009901051
206035,0.006435247
206038,0.006439905
206039,0.09796472
206061,0.021903846
206066,0.05314509
206068,0.056339543
206071,0.15236244
206076,0.07679853
206077,0.0651074
206091,0.07158308
206097,0.05343978
206101,0.036905065
206145,0.096569486
206147,0.021147968
206163,0.017259348
206171,0.019371716
206173,0.114322186
206174,0.3820426
206197,0.039378855
206198,0.05886528
206209,0.084632106
206211,0.060543135
206213,0.021497961
206246,0.25157383
206252,0.057506002
206253,0.11534501
206254,0.084489614
206257,0.046620324
206270,0.033279724
206283,0.007829325
206290,0.021462929
206291,0.024447007
206292,0.19296627
206307,0.08117114
206315,0.018552525
206319,0.163393
206324,0.09649259
206326,0.17988178
206338,0.05774486
206339,0.01901823
206354,0.023876855
206359,0.024565553
206374,0.08170516
206377,0.016253093
206395,0.18766874
206403,0.024050137
206410,0.09844791
206413,0.03391519
206414,0.014722772
206418,0.09940737
206424,0.063522555
206427,0.03706741
206428,0.03574484
206429,0.06827964
206430,0.015698124
206447,0.016175048
206451,0.04186403
206465,0.15068984
206477,0.12624045
206484,0.029610615
206497,0.0068383245
206517,0.032942187
206533,0.019926667
206542,0.07837597
206557,0.06481045
206563,0.023611665
206564,0.08275518
206565,0.0249418
206582,0.06669911
206593,0.17124805
206605,0.21940821
206606,0.01954646
206621,0.031756606
206639,0.017707482
206640,0.04097238
206641,0.014564238
206645,0.039939906
206656,0.11169558
206666,0.061780594
206679,0.061873186
206681,0.019754078
206684,0.07256247
206686,0.013325031
206687,0.01850173
206697,0.027254507
206700,0.039674193
206702,0.039220624
206703,0.014784437
206708,0.015333666
206710,0.033488348
206721,0.05438356
206723,0.030812262
206735,0.07396336
206739,0.1337603
206742,0.037420962
206744,0.16711068
206747,0.17946297
206752,0.014034553
206774,0.0436817
206776,0.20508206
206792,0.018428557
206799,0.077074744
206805,0.036243655
206806,0.15584233
206809,0.07737034
206812,0.05405574
206814,0.012810147
206830,0.015833747
206831,0.010199221
206878,0.13521616
206905,0.016184311
206908,0.108325765
206910,0.020817246
206917,0.015405765
206920,0.084892124
206927,0.037541624
206933,0.04692192
206945,0.042352796
206968,0.028957922
206987,0.042518087
206989,0.006014209
207017,0.27015883
207027,0.017430224
207029,0.05246733
207030,0.1661821
207035,0.04488084
207040,0.0736729
207043,0.15281248
207054,0.10943891
207055,0.008170228
207059,0.02511333
207060,0.0073344884
207062,0.014718772
207071,0.059458308
207073,0.1707487
207079,0.024847917
207100,0.026256755
207107,0.031022754
207129,0.033202864
207132,0.099155985
207139,0.039798755
207148,0.053386576
207153,0.03375893
207163,0.057528608
207164,0.011013437
207168,0.02195555
207171,0.0071015647
207173,0.10816081
207174,0.013516753
207181,0.029785689
207182,0.038142525
207198,0.06554056
207201,0.014313274
207213,0.06510167
207234,0.050428793
207238,0.020071829
207256,0.033050932
207257,0.14195795
207264,0.22550564
207268,0.21062537
207275,0.022838738
207291,0.043405253
207296,0.023069264
207304,0.16234952
207308,0.017477449
207314,0.070558
207324,0.086324945
207332,0.02646074
207333,0.14011198
207339,0.029187605
207349,0.008715397
207351,0.0754195
207359,0.08207193
207361,0.013292077
207365,0.023155764
207369,0.01909579
207372,0.0154853
207377,0.05082054
207380,0.0072689364
207394,0.020745026
207412,0.093183875
207423,0.048216093
207426,0.015199355
207427,0.18565172
207428,0.0955551
207430,0.41602972
207437,0.05721327
207440,0.09430138
207455,0.013822159
207456,0.039741408
207471,0.05588236
207476,0.018235438
207483,0.014147459
207497,0.017306121
207506,0.027645018
207515,0.17901833
207529,0.049978606
207533,0.01286039
207534,0.01083128
207541,0.05266687
207560,0.017711403
207561,0.1764806
207570,0.025885617
207600,0.02308834
207630,0.21442065
207633,0.42999494
207634,0.0062297424
207635,0.00933508
207660,0.0130756125
207682,0.013617723
207684,0.08962987
207687,0.057369016
207706,0.14464337
207708,0.04327695
207713,0.04566472
207714,0.02737401
207718,0.008482987
207721,0.013109976
207724,0.07772639
207727,0.028207209
207731,0.025794368
207732,0.050299596
207734,0.023116313
207739,0.14722347
207744,0.11467508
207787,0.09481965
207792,0.05615498
207801,0.043691117
207811,0.12048055
207817,0.11600432
207818,0.12163656
207819,0.02980213
207830,0.05698411
207834,0.0470951
207841,0.21385399
207844,0.11360785
207849,0.10167783
207856,0.011462478
207865,0.013469944
207867,0.09284433
207873,0.15944389
207882,0.08037567
207887,0.020940358
207888,0.03113147
207889,0.016158486
207907,0.013654578
207921,0.22688079
207922,0.01661884
207928,0.10096608
207930,0.10188119
207940,0.007834999
207941,0.06326194
207956,0.044765994
207960,0.007986311
207961,0.095200986
207968,0.07242317
207971,0.06006525
207972,0.08916771
207975,0.0530968
207976,0.03507431
207979,0.18481454
207997,0.05572936
207999,0.25491464
208008,0.035112422
208027,0.16667803
208030,0.01739409
208033,0.3837972
208035,0.12004798
208040,0.029905383
208052,0.050583083
208067,0.009489309
208090,0.015389865
208100,0.023278233
208102,0.01949513
208110,0.048819974
208117,0.016059542
208119,0.05563411
208123,0.13070875
208127,0.5569512
208136,0.022151796
208139,0.005516235
208140,0.044417508
208144,0.07517009
208149,0.016698528
208156,0.11110573
208166,0.08616373
208168,0.026996061
208170,0.2559658
208172,0.13930982
208178,0.016908767
208193,0.050879627
208195,0.0172395
208211,0.015147915
208213,0.03369242
208229,0.05300869
208231,0.10492088
208235,0.0062336186
208238,0.08300995
208240,0.054817602
208249,0.011039358
208262,0.06431342
208263,0.07371091
208270,0.025835285
208288,0.021072246
208292,0.040945258
208302,0.01919773
208303,0.143654
208312,0.01785794
208317,0.020378903
208322,0.072616875
208331,0.042134777
208336,0.050337728
208337,0.065259315
208339,0.09482946
208346,0.14553466
208353,0.05088247
208358,0.018302485
208359,0.042683262
208360,0.020166427
208370,0.048457175
208373,0.0064779934
208390,0.016426355
208391,0.1450205
208394,0.040494643
208396,0.033536494
208397,0.01725816
208398,0.08355414
208400,0.036772825
208410,0.027362669
208420,0.023807855
208421,0.15840584
208431,0.3163649
208450,0.03281356
208451,0.2345891
208455,0.07497743
208478,0.05302415
208479,0.024222933
208482,0.023544174
208502,0.15456535
208516,0.019419609
208518,0.015615061
208534,0.0595745
208550,0.010902059
208551,0.009542069
208566,0.038753852
208567,0.020821346
208575,0.044186197
208576,0.02386725
208588,0.024120206
208590,0.099014014
208595,0.010302108
208619,0.033596285
208620,0.030295456
208627,0.23756604
208629,0.037648275
208642,0.021153945
208645,0.0161322
208661,0.008387359
208662,0.005729642
208679,0.010257115
208681,0.013483517
208689,0.101557426
208696,0.040458027
208701,0.025166115
208707,0.09376054
208719,0.03213653
208720,0.05401395
208730,0.058942296
208748,0.012956513
208753,0.07048922
208755,0.066124715
208769,0.02287711
208775,0.04702421
208785,0.01538019
208796,0.022651948
208806,0.020940237
208815,0.120741494
208830,0.03504759
208833,0.3445721
208837,0.014456114
208842,0.018917277
208860,0.01658479
208874,0.055596046
208886,0.01683169
208897,0.0330017
208898,0.09851283
208905,0.08066036
208907,0.026592147
208924,0.07086615
208925,0.10054191
208933,0.03461583
208941,0.037672818
208948,0.0154298805
208960,0.014145246
208962,0.02342763
208963,0.023182176
208965,0.016702004
208973,0.015978705
208974,0.040092643
208986,0.022733599
208992,0.019244969
208995,0.10029944
209001,0.011976881
209006,0.07384987
209012,0.020089194
209022,0.03287643
209055,0.15718357
209056,0.064262524
209057,0.060790494
209060,0.025211506
209067,0.018001204
209071,0.053575408
209078,0.01738816
209080,0.020119853
209094,0.022540415
209097,0.01107295
209098,0.08653565
209101,0.022076441
209108,0.020259459
209109,0.018769247
209111,0.0092451
209116,0.21946175
209117,0.37343264
209121,0.021189157
209126,0.013109359
209127,0.031757925
209141,0.015233478
209142,0.038189333
209159,0.018260427
209164,0.13817644
209168,0.35668296
209177,0.12693839
209197,0.061160166
209202,0.18668295
209209,0.0101569835
209211,0.04684847
209233,0.021924233
209234,0.026004728
209253,0.029738395
209260,0.034067117
209263,0.035930254
209268,0.034426264
209275,0.044680886
209288,0.15909854
209298,0.1679143
209305,0.12000179
209326,0.11141974
209340,0.07684046
209352,0.2722001
209362,0.030864565
209367,0.045628786
209369,0.026626045
209377,0.015181807
209387,0.043282345
209392,0.033886272
209393,0.012331393
209420,0.010239666
209423,0.15542258
209457,0.04672773
209458,0.10845573
209470,0.060051903
209479,0.08696477
209483,0.044339128
209488,0.16693899
209489,0.029375425
209497,0.03863518
209504,0.031515766
209510,0.048128605
209513,0.023567853
209547,0.016124953
209549,0.01886325
209556,0.020956814
209561,0.23904134
209565,0.22599895
209591,0.07530357
209595,0.077128656
209596,0.1760095
209608,0.054004274
209628,0.026914835
209643,0.09383501
209645,0.31672245
209651,0.042742226
209659,0.07953629
209660,0.029713243
209661,0.1634112
209665,0.0350664
209682,0.009653537
209687,0.061565652
209689,0.018913351
209699,0.03711693
209705,0.09942739
209707,0.024884574
209713,0.046733968
209717,0.044493664
209718,0.09908855
209723,0.22508176
209727,0.016258247
209729,0.018625319
209739,0.0121557275
209741,0.12305748
209744,0.14247163
209748,0.18631752
209749,0.027198136
209758,0.022096008
209761,0.059164897
209764,0.06184773
209772,0.016352054
209773,0.20636235
209794,0.02963763
209795,0.09744972
209814,0.046163313
209828,0.07752401
209838,0.023505189
209839,0.12719315
209845,0.4588714
209855,0.019298572
209862,0.030747104
209869,0.08988278
209872,0.03623116
209879,0.20789656
209881,0.035593092
209882,0.2625157
209893,0.30937874
209913,0.090156995
209918,0.05478823
209920,0.2039459
209921,0.02927814
209929,0.14188199
209943,0.1224442
209957,0.015351195
209960,0.04682774
209962,0.03729704
209969,0.050494872
209980,0.044123113
209986,0.03348676
209989,0.078218006
209990,0.029184455
209991,0.018413767
210007,0.053852443
210016,0.025148489
210018,0.029720303
210019,0.01980704
210020,0.007971934
210036,0.012887549
210050,0.055206135
210080,0.017800776
210084,0.029409483
210089,0.2668258
210104,0.10849771
210129,0.050847173
210135,0.02643272
210137,0.06499292
210140,0.07386562
210145,0.0099730585
210146,0.048919946
210147,0.07632393
210152,0.0114150625
210157,0.03944357
210158,0.035948426
210164,0.028872918
210170,0.04595443
210171,0.040094536
210173,0.16180372
210174,0.085947916
210176,0.12464842
210190,0.014391433
210191,0.19740094
210195,0.23486516
210196,0.04383167
210201,0.013311412
210211,0.07171544
210231,0.013724664
210239,0.1370076
210241,0.02516736
210242,0.024594529
210255,0.07518309
210278,0.043038215
210283,0.007583027
210284,0.034558132
210304,0.008967223
210307,0.021295296
210330,0.08108957
210332,0.043421432
210350,0.2785326
210379,0.010880235
210385,0.023377985
210401,0.044320628
210405,0.03693926
210413,0.1620656
210414,0.1041902
210415,0.097074874
210419,0.059516612
210429,0.02491225
210467,0.12755561
210481,0.021374349
210482,0.009870617
210492,0.021269683
210502,0.2351627
210523,0.024056576
210525,0.0836456
210529,0.16545762
210538,0.009132777
210543,0.016263431
210549,0.12635577
210551,0.096139
210555,0.112436146
210558,0.07982932
210591,0.09328289
210597,0.17009233
210599,0.036584593
210610,0.018930333
210616,0.17080437
210618,0.026026912
210622,0.20714718
210639,0.04976733
210645,0.015622466
210650,0.008604137
210672,0.010706141
210676,0.051472332
210683,0.060605846
210697,0.4095335
210701,0.023825647
210706,0.066703156
210712,0.08516047
210717,0.030370027
210728,0.13150115
210729,0.031356864
210730,0.067619376
210731,0.05029887
210733,0.119071186
210735,0.054983452
210742,0.01574141
210748,0.008789882
210749,0.033615116
210758,0.047637224
210767,0.18350202
210769,0.06800629
210777,0.15147598
210789,0.0068933126
210791,0.022862008
210794,0.011369579
210811,0.06488168
210814,0.010539199
210821,0.033671223
210833,0.020011617
210835,0.007618819
210859,0.016997894
210862,0.041324932
210870,0.039712455
210886,0.015658272
210893,0.052051734
210901,0.01672322
210906,0.092354216
210913,0.04081797
210953,0.056792982
210961,0.039070264
210962,0.37712172
210966,0.043855302
210983,0.07878579
211000,0.13860548
211025,0.07972839
211036,0.0113861505
211043,0.12094513
211062,0.13083412
211076,0.018733297
211085,0.051913112
211096,0.03199363
211097,0.12568344
211098,0.31354526
211103,0.014929564
211108,0.12190652
211131,0.028185
211135,0.08891192
211139,0.01989598
211146,0.01851623
211150,0.0071393885
211158,0.035336107
211170,0.13649496
211177,0.066631496
211183,0.20036264
211187,0.10646153
211191,0.01900078
211194,0.14763558
211196,0.043721158
211203,0.011906366
211209,0.12176716
211210,0.1303127
211211,0.073672116
211232,0.050659154
211244,0.2586766
211263,0.023067517
211264,0.10393288
211270,0.026059253
211278,0.0074802916
211292,0.012633232
211293,0.046975784
211295,0.029033825
211296,0.15957594
211308,0.031575337
211310,0.047990963
211312,0.11710742
211325,0.021260139
211326,0.030452672
211330,0.059326425
211333,0.020041324
211341,0.048077177
211342,0.0062715746
211350,0.017178502
211355,0.16882783
211357,0.17935655
211358,0.0625481
211362,0.024210565
211377,0.018362662
211378,0.20444301
211379,0.05755874
211384,0.08849965
211395,0.15765819
211398,0.018825486
211399,0.010639407
211417,0.045464005
211419,0.25183973
211420,0.07649964
211439,0.09145867
211442,0.019433998
211451,0.01808977
211457,0.08647621
211469,0.0679253
211483,0.021950345
211505,0.06759764
211508,0.05485272
211509,0.2309816
211510,0.07214706
211526,0.05338332
211547,0.023533477
211548,0.027587142
211550,0.009246127
211551,0.029720265
211553,0.397221
211562,0.052797846
211563,0.027156247
211564,0.21643825
211565,0.072041065
211571,0.50772524
211572,0.42237213
211577,0.058618713
211580,0.051965676
211609,0.01963496
211625,0.035202585
211635,0.30041933
211646,0.05551932
211660,0.027877435
211670,0.113568395
211672,0.03420303
211688,0.11629751
211694,0.012620695
211696,0.060421433
211711,0.1960685
211718,0.031952977
211732,0.023080101
211735,0.01975029
211736,0.08172344
211740,0.03770123
211741,0.041851178
211746,0.01539096
211751,0.02264655
211754,0.10497633
211770,0.024967551
211771,0.07340592
211787,0.33514833
211788,0.06852058
211802,0.042423107
211804,0.023427468
211810,0.17037435
211832,0.04750942
211839,0.083750404
211860,0.032094475
211863,0.13823366
211866,0.008588761
211869,0.05642721
211872,0.02998561
211894,0.039648153
211901,0.043173984
211902,0.1676948
211903,0.12798826
211946,0.033864815
211950,0.038225483
211959,0.084964566
211964,0.11375185
211965,0.020769589
211979,0.016094169
211983,0.12410296
211986,0.04303199
211987,0.020348676
211988,0.043091457
211999,0.010081427
212002,0.031116914
212004,0.022803588
212009,0.06449259
212015,0.028600609
212023,0.020312814
212048,0.035736285
212055,0.038968362
212067,0.010712377
212079,0.013740803
212080,0.036977086
212083,0.016831033
212085,0.15043634
212088,0.05054475
212089,0.053345
212092,0.035566833
212097,0.057399366
212124,0.026087424
212132,0.016327005
212136,0.04524637
212144,0.023891702
212145,0.05720742
212167,0.020865306
212174,0.1694217
212175,0.026272865
212187,0.18781811
212191,0.07275411
212194,0.11998479
212238,0.02007307
212242,0.030733297
212245,0.16567597
212258,0.021909734
212262,0.0328236
212277,0.010274484
212283,0.04028261
212287,0.039526165
212288,0.087926045
212289,0.04844345
212293,0.04883066
212296,0.10138394
212300,0.16407149
212303,0.20555905
212326,0.033960417
212327,0.048140217
212328,0.0099493805
212329,0.023829311
212339,0.046708345
212340,0.04707125
212343,0.01344176
212360,0.026443202
212389,0.040154893
212401,0.08777807
212407,0.009292651
212409,0.0589551
212422,0.0768094
212424,0.19729318
212440,0.023751777
212441,0.13117062
212443,0.022338804
212448,0.03803671
212472,0.14644358
212478,0.040971436
212481,0.03762287
212493,0.08860576
212508,0.050098017
212511,0.011471562
212525,0.014162294
212531,0.08712808
212533,0.007870268
212555,0.019390453
212592,0.056230444
212610,0.024925651
212621,0.1288092
212629,0.14919055
212635,0.023014834
212636,0.010459801
212637,0.029338438
212643,0.04306259
212648,0.019274596
212654,0.28050798
212655,0.22277103
212660,0.035366274
212661,0.038505822
212664,0.065239444
212669,0.008213199
212670,0.042403623
212674,0.17360939
212676,0.35468885
212690,0.05514178
212691,0.05112228
212696,0.021107104
212710,0.14392772
212712,0.0058814012
212716,0.047320485
212718,0.034836255
212720,0.061609454
212723,0.01753018
212730,0.018272085
212740,0.014636173
212747,0.03994792
212763,0.032852802
212773,0.0088335145
212775,0.03154449
212776,0.04424408
212777,0.21011607
212781,0.13154669
212782,0.22447003
212785,0.009995951
212786,0.06878981
212795,0.008748803
212800,0.06634768
212818,0.06889045
212834,0.114784844
212837,0.07405859
212841,0.030958848
212842,0.02037878
212847,0.07997828
212848,0.017548893
212851,0.043034308
212865,0.011497694
212866,0.011119162
212874,0.090012185
212880,0.026406983
212894,0.043733846
212897,0.030507535
212912,0.12577741
212913,0.016395641
212916,0.027023543
212917,0.015984936
212933,0.061713986
212935,0.03186304
212936,0.021812523
212950,0.10906903
212957,0.030146364
212958,0.040033206
212961,0.051624004
212962,0.010619554
212963,0.16146642
212964,0.19343294
212968,0.0831015
212969,0.042375706
212976,0.014420833
212978,0.023932597
212983,0.049724292
212993,0.12235011
213004,0.014368563
213008,0.020854976
213014,0.00777107
213018,0.03858709
213021,0.038540002
213024,0.03965976
213045,0.036412902
213054,0.015005633
213059,0.2311163
213076,0.026845694
213095,0.04714874
213096,0.04402022
213100,0.008307709
213101,0.095151596
213109,0.042498905
213111,0.016353201
213116,0.009315571
213133,0.13720062
213140,0.048964445
213141,0.04573896
213143,0.17265153
213150,0.013788704
213152,0.029893545
213158,0.023558954
213159,0.022814829
213166,0.030786298
213167,0.2705085
213170,0.1665314
213178,0.07122287
213179,0.008488353
213189,0.12470062
213196,0.065090746
213201,0.013415491
213203,0.020172233
213204,0.020887345
213205,0.020542173
213206,0.083946735
213207,0.10210745
213208,0.01887367
213212,0.0143500585
213214,0.013495032
213220,0.01581179
213240,0.031034995
213244,0.020871129
213263,0.40214834
213264,0.03155993
213265,0.014747711
213270,0.032417975
213283,0.084727764
213287,0.054861113
213292,0.10706742
213295,0.057095382
213299,0.23447639
213303,0.063706554
213307,0.041385468
213308,0.027857568
213312,0.04922778
213313,0.024366241
213316,0.015958248
213317,0.05695115
213338,0.040522635
213357,0.042696327
213368,0.22669351
213374,0.044016495
213375,0.021252139
213386,0.1198216
213390,0.020985717
213393,0.017065194
213401,0.020594217
213423,0.034193106
213430,0.01121374
213431,0.033540796
213447,0.018191788
213465,0.06760503
213468,0.02049842
213473,0.10796438
213475,0.04159734
213476,0.030161131
213482,0.009005535
213493,0.07356484
213531,0.07044705
213534,0.040289167
213542,0.035349652
213546,0.03367129
213569,0.04142431
213570,0.03420274
213588,0.013080608
213591,0.04097079
213595,0.023928182
213597,0.026050428
213598,0.015369402
213604,0.028939001
213622,0.04078087
213623,0.26539683
213633,0.022565695
213639,0.015198572
213641,0.017350238
213649,0.03427511
213671,0.04439205
213675,0.02061582
213679,0.072842896
213680,0.04799791
213684,0.14478439
213685,0.00954777
213689,0.013172676
213691,0.17401189
213693,0.025199369
213712,0.016955934
213717,0.014432166
213734,0.125382
213739,0.15178539
213765,0.06077345
213775,0.057421234
213776,0.07668347
213804,0.29201806
213808,0.01837798
213818,0.12927939
213821,0.034910742
213829,0.01905155
213836,0.0431744
213838,0.032064404
213843,0.024558092
213854,0.024484908
213859,0.15440805
213862,0.5304887
213874,0.1319945
213878,0.13922074
213886,0.009905869
213888,0.03406235
213892,0.02993344
213910,0.026346331
213921,0.073045634
213926,0.059700977
213928,0.018923894
213935,0.01149788
213949,0.03895337
213957,0.09963688
213959,0.01727083
213967,0.041624915
213974,0.014976066
213975,0.04257643
213983,0.043711588
213984,0.006128138
213998,0.07132607
214004,0.024705287
214006,0.024701064
214008,0.028446663
214014,0.012022311
214015,0.037683938
214034,0.018271968
214059,0.044009365
214067,0.0110599045
214077,0.019580469
214078,0.03359261
214079,0.07317079
214085,0.034744576
214088,0.11248641
214099,0.04608356
214138,0.015119027
214141,0.011331339
214152,0.042924903
214154,0.025854634
214155,0.025141194
214177,0.06781663
214188,0.050906423
214192,0.048148315
214207,0.049201835
214217,0.03733583
214219,0.05133039
214228,0.11670924
214229,0.16584343
214233,0.068912715
214236,0.07283859
214242,0.011535698
214249,0.007790319
214263,0.019675493
214264,0.011069702
214265,0.08536253
214268,0.02611878
214281,0.020366278
214282,0.02278988
214295,0.028951447
214311,0.019791462
214315,0.054038014
214325,0.045306683
214334,0.059068315
214336,0.030838594
214337,0.029314818
214342,0.20196535
214344,0.0478497
214349,0.041060753
214355,0.012840519
214356,0.035234712
214358,0.016239017
214363,0.02910114
214364,0.009689128
214371,0.056041848
214377,0.31307626
214379,0.049594223
214383,0.067253694
214406,0.0042242324
214407,0.052495945
214411,0.042559337
214415,0.087191276
214418,0.12719104
214419,0.0394221
214421,0.011848368
214430,0.012553465
214436,0.025199827
214463,0.10346556
214472,0.09392304
214474,0.20640284
214476,0.04240971
214478,0.01635876
214481,0.13132013
214484,0.02382683
214488,0.07979577
214491,0.1044617
214505,0.04182237
214507,0.040892065
214510,0.09370366
214518,0.059254885
214523,0.231893
214539,0.022655824
214542,0.029709619
214544,0.056355793
214553,0.03428615
214554,0.06194685
214561,0.036420256
214563,0.06297611
214566,0.014967779
214581,0.012253974
214587,0.02350197
214588,0.034774244
214589,0.124271244
214593,0.05746096
214620,0.14496508
214630,0.044406522
214643,0.035246417
214644,0.11246452
214647,0.033500735
214654,0.019392384
214657,0.02804241
214658,0.01761683
214662,0.024690935
214666,0.07743537
214680,0.022473367
214685,0.041758966
214693,0.014145563
214701,0.043732535
214705,0.027381198
214706,0.06411587
214719,0.033873748
214721,0.3304352
214724,0.022764355
214741,0.059350654
214769,0.06996094
214777,0.0070896987
214780,0.027429026
214786,0.01740674
214789,0.018344317
214797,0.040058453
214804,0.04697523
214808,0.3165812
214810,0.32863563
214828,0.08807043
214830,0.028701281
214835,0.16769883
214844,0.04719617
214859,0.27865264
214861,0.016956046
214863,0.025451727
214887,0.017566562
214898,0.013489147
214906,0.029265951
214913,0.02259852
214915,0.052244253
214937,0.02768198
214944,0.12526493
214948,0.107087545
214970,0.095087886
214976,0.050258994
214999,0.11186026
215000,0.29075837
215016,0.008887986
215024,0.0076143136
215029,0.36223176
215033,0.54866886
215037,0.14356913
215054,0.021370508
215057,0.13159807
215064,0.032284163
215074,0.03164401
215077,0.079896845
215082,0.021826128
215096,0.021369508
215101,0.017051484
215103,0.016512893
215109,0.0920718
215124,0.05332026
215142,0.12959784
215143,0.02140817
215145,0.017643204
215157,0.02137535
215159,0.006444132
215161,0.2526049
215166,0.044532858
215177,0.053581353
215186,0.032123692
215194,0.123907
215196,0.055536576
215204,0.12603697
215211,0.046419222
215230,0.14662081
215241,0.009098373
215256,0.09168242
215257,0.054873656
215266,0.11854541
215267,0.011292962
215268,0.010423826
215278,0.10556967
215280,0.2251988
215318,0.15181446
215326,0.031372707
215331,0.060025774
215337,0.0086734295
215344,0.04908757
215346,0.03931547
215348,0.10146737
215351,0.0091280285
215358,0.07555106
215360,0.0853979
215367,0.019028584
215369,0.06517883
215383,0.012832619
215395,0.19200231
215407,0.048273224
215408,0.055050865
215412,0.020121252
215433,0.0237138
215454,0.06524068
215463,0.18410908
215488,0.0066905264
215508,0.049628492
215512,0.00673524
215516,0.123891056
215525,0.100717835
215531,0.052445963
215534,0.13618302
215537,0.02001101
215539,0.019893559
215548,0.013729251
215554,0.047883943
215556,0.011615272
215559,0.17207614
215560,0.03316343
215563,0.0246833
215564,0.0070388922
215569,0.08788558
215574,0.30584216
215586,0.05799379
215594,0.0791112
215608,0.02783558
215614,0.036062438
215623,0.1454974
215628,0.09418363
215637,0.23548807
215638,0.12182543
215649,0.02289199
215651,0.02523997
215653,0.03463104
215678,0.043902844
215708,0.018538186
215711,0.075479135
215733,0.033475414
215739,0.012308465
215742,0.017437704
215756,0.06168171
215772,0.080753416
215775,0.09931977
215791,0.024685286
215796,0.1683164
215803,0.048182625
215805,0.019569857
215807,0.026139699
215829,0.039376
215855,0.029093483
215856,0.087335534
215860,0.052675713
215861,0.039494265
215877,0.013124305
215883,0.04969846
215889,0.050051235
215897,0.017073452
215898,0.009910064
215901,0.027109046
215908,0.054459523
215910,0.63642067
215911,0.0087111555
215923,0.0142852785
215928,0.047517132
215934,0.07182351
215936,0.07005215
215947,0.0063288864
215951,0.014648205
215958,0.0100389235
215959,0.019900821
215963,0.18325588
215968,0.080200166
215972,0.029770728
215976,0.08223656
215978,0.026310984
215981,0.020216411
215999,0.023323618
216001,0.18783683
216012,0.02817997
216020,0.07888447
216035,0.024892649
216038,0.22381032
216041,0.05292978
216049,0.045514528
216065,0.0447952
216096,0.27092513
216110,0.010513531
216115,0.04500363
216121,0.014095734
216122,0.27423555
216129,0.0184477
216131,0.12333
216138,0.07215073
216142,0.07368393
216143,0.07121206
216150,0.014059692
216180,0.042166594
216184,0.029598642
216189,0.014312822
216190,0.2689517
216197,0.0134091955
216218,0.1578165
216219,0.07836423
216221,0.07143925
216231,0.01123584
216240,0.12125681
216272,0.04289172
216281,0.052055903
216284,0.022782862
216290,0.06422555
216297,0.03710354
216305,0.015800357
216306,0.030247949
216317,0.017741676
216333,0.0128722675
216338,0.056881245
216339,0.082842045
216346,0.057215363
216349,0.12893791
216350,0.3463865
216351,0.029827593
216353,0.014454892
216355,0.0316615
216364,0.10899112
216387,0.059556514
216392,0.020471375
216393,0.21888858
216399,0.006767468
216416,0.028499497
216433,0.020054808
216435,0.009350479
216442,0.10654354
216458,0.066716194
216461,0.3138849
216468,0.04585187
216469,0.033975277
216471,0.047047358
216473,0.0960025
216475,0.019691715
216496,0.038349323
216510,0.1124401
216511,0.050349988
216515,0.013796516
216516,0.041472387
216521,0.015881598
216532,0.015357898
216548,0.013442972
216551,0.09035233
216560,0.07918208
216562,0.08668439
216563,0.04029734
216565,0.02117234
216582,0.033432595
216587,0.05690077
216589,0.038717844
216597,0.04824226
216606,0.028894825
216607,0.026552029
216608,0.10208846
216621,0.011477973
216622,0.020443512
216627,0.067230254
216636,0.10198554
216647,0.019667394
216655,0.12890236
216659,0.08229744
216666,0.17094758
216676,0.024443619
216677,0.08812933
216679,0.078215405
216681,0.033570044
216686,0.020256443
216687,0.0877471
216694,0.04349727
216697,0.024002071
216714,0.05244201
216719,0.054521248
216720,0.02126421
216721,0.029771592
216723,0.060598142
216740,0.06706336
216746,0.030247718
216747,0.024836948
216751,0.024302596
216758,0.052142963
216768,0.023657562
216778,0.0559615
216786,0.10974923
216801,0.18598111
216802,0.05104666
216807,0.01560172
216808,0.017522763
216810,0.022278357
216818,0.0222872
216823,0.03295371
216826,0.02705034
216827,0.0077875676
216828,0.04755094
216840,0.26025173
216844,0.03885895
216845,0.09605601
216851,0.14678681
216857,0.04828983
216858,0.026329424
216862,0.019768503
216874,0.034137562
216880,0.015600205
216900,0.030559901
216902,0.05073945
216903,0.031155527
216904,0.03294478
216931,0.025445862
216936,0.06457104
216938,0.18324727
216952,0.12005698
216954,0.031503588
216955,0.02264805
216961,0.042615466
216981,0.24836838
216985,0.021058396
216992,0.10923131
216995,0.018129649
216997,0.0103193605
216998,0.032728843
216999,0.02667228
217022,0.06098732
217034,0.05623574
217038,0.023045845
217050,0.04820145
217055,0.043678746
217064,0.08459547
217071,0.011949063
217078,0.073302574
217083,0.10520522
217084,0.01316787
217086,0.056619346
217096,0.20695266
217101,0.22284669
217109,0.36534882
217118,0.019720307
217121,0.058593027
217125,0.0726725
217130,0.19538507
217136,0.025018625
217137,0.07160247
217143,0.012289172
217148,0.053474728
217155,0.022928685
217162,0.008619474
217172,0.066468954
217174,0.052139655
217175,0.06670738
217177,0.110229105
217178,0.1122444
217192,0.031567115
217220,0.0069694533
217221,0.025359942
217223,0.021373885
217232,0.05811092
217243,0.03299824
217248,0.10034888
217250,0.037759695
217271,0.16528986
217283,0.0102867605
217297,0.11470479
217323,0.08459951
217326,0.021014392
217334,0.02753037
217338,0.013832662
217341,0.2817443
217342,0.17073373
217355,0.009040223
217362,0.07352686
217366,0.105044946
217367,0.049888015
217371,0.022760984
217383,0.12410633
217401,0.11000607
217404,0.108538814
217419,0.015744925
217422,0.1298917
217423,0.009348903
217427,0.052821092
217429,0.023826981
217430,0.032906488
217441,0.050899073
217444,0.012912677
217465,0.016761689
217471,0.022119131
217488,0.029405247
217493,0.024358284
217509,0.11836949
217510,0.021390239
217511,0.20073341
217519,0.04264371
217522,0.2096441
217562,0.030854337
217574,0.03788507
217577,0.008498357
217579,0.15291521
217596,0.006832827
217602,0.013605274
217612,0.035144903
217632,0.045489855
217635,0.017206483
217636,0.16239415
217638,0.08672916
217639,0.10866211
217651,0.07339541
217652,0.009441702
217663,0.30563498
217669,0.043709774
217686,0.07022842
217699,0.039175592
217700,0.13818964
217703,0.02862176
217706,0.15489992
217714,0.08414468
217732,0.014443978
217736,0.047653556
217749,0.23610862
217763,0.006757926
217770,0.024030562
217771,0.03179283
217772,0.03221797
217776,0.0352685
217777,0.039663132
217778,0.16671321
217782,0.017308218
217790,0.07446452
217792,0.014988119
217793,0.06760281
217795,0.16177472
217796,0.01768089
217800,0.040400032
217804,0.016524944
217807,0.008057387
217846,0.06939514
217847,0.09103727
217853,0.01389604
217856,0.018072022
217864,0.008954624
217867,0.047192287
217868,0.3320754
217885,0.07817852
217887,0.01906322
217889,0.023577886
217900,0.012133148
217903,0.012140216
217905,0.07532149
217909,0.024513323
217913,0.013889133
217944,0.029691044
217946,0.05471498
217954,0.04138766
217956,0.041529268
217957,0.009847438
217961,0.1283777
217962,0.022442007
217976,0.045665603
217980,0.023657002
217981,0.0227728
218006,0.02869699
218009,0.029825788
218032,0.112663396
218049,0.032756157
218053,0.06516285
218078,0.042003278
218080,0.14975333
218081,0.018053658
218094,0.14800428
218098,0.02488959
218099,0.08076635
218100,0.09143111
218113,0.042595915
218117,0.03769413
218118,0.021110196
218119,0.023211412
218125,0.011021807
218133,0.037099075
218153,0.1025083
218165,0.054508075
218166,0.008789193
218177,0.015819944
218178,0.031092552
218202,0.023834027
218203,0.020612702
218207,0.12524638
218209,0.08522193
218236,0.052014694
218244,0.014927289
218247,0.11096089
218250,0.02896037
218266,0.047137506
218275,0.1459202
218276,0.061051156
218287,0.06915584
218292,0.010847684
218298,0.14174241
218300,0.012708554
218320,0.04371611
218321,0.14698769
218333,0.02454221
218347,0.022078961
218353,0.014804329
218366,0.034533247
218368,0.021819364
218369,0.036086027
218372,0.14511588
218376,0.027373416
218378,0.019649958
218403,0.058089558
218413,0.10748759
218418,0.050841913
218449,0.13550685
218450,0.08170882
218458,0.011262708
218464,0.03372949
218475,0.054355823
218476,0.12249718
218478,0.020929772
218515,0.025573852
218517,0.03685099
218518,0.08992249
218538,0.013470385
218539,0.10872857
218550,0.37881052
218551,0.027765047
218565,0.17284927
218580,0.017473135
218591,0.07974164
218598,0.011788657
218600,0.05102225
218602,0.03940383
218607,0.25585863
218651,0.034113113
218652,0.012050888
218656,0.27184948
218658,0.03313814
218669,0.083023004
218670,0.060656987
218671,0.029899813
218677,0.09300168
218680,0.021112215
218685,0.009427246
218686,0.11706768
218692,0.04126545
218693,0.045214195
218699,0.2605861
218709,0.028194018
218729,0.046772443
218734,0.032620188
218742,0.01640269
218743,0.013044316
218756,0.044463947
218772,0.12828425
218782,0.06605633
218786,0.032982063
218788,0.07327268
218796,0.048727334
218801,0.051852845
218812,0.036182154
218832,0.05658538
218834,0.109843254
218846,0.2269623
218847,0.08622478
218848,0.0075965095
218853,0.25268173
218865,0.025895488
218870,0.02172901
218873,0.010713962
218884,0.013236877
218893,0.11621128
218898,0.010516605
218911,0.12366597
218933,0.04980563
218934,0.027405843
218939,0.013475097
218948,0.027581653
218957,0.10883105
218962,0.07427252
218973,0.012089783
218975,0.017282149
219000,0.006591106
219001,0.034127582
219006,0.019718107
219027,0.08349319
219036,0.038222343
219043,0.07410838
219047,0.09916635
219057,0.01338474
219059,0.17933708
219062,0.0138692465
219074,0.012959514
219085,0.0063926275
219087,0.03107061
219095,0.046406116
219114,0.019339494
219115,0.021737907
219119,0.023002403
219140,0.035922814
219147,0.01190828
219170,0.017183965
219171,0.39309767
219174,0.04670915
219177,0.023940215
219180,0.012855979
219195,0.010289678
219203,0.016074352
219207,0.06269072
219223,0.0488764
219229,0.10153524
219236,0.032189198
219238,0.14123602
219243,0.03788039
219245,0.050136592
219247,0.22787201
219273,0.017455738
219278,0.24196057
219279,0.09170135
219284,0.03641027
219319,0.01025653
219326,0.06635824
219336,0.039011758
219344,0.14375621
219359,0.096048385
219360,0.009342952
219364,0.014306953
219368,0.08772068
219376,0.03749183
219382,0.0062359585
219388,0.040919073
219396,0.15786093
219398,0.13168171
219403,0.04985769
219405,0.02765119
219406,0.044729337
219410,0.10146317
219424,0.21939424
219446,0.010340848
219450,0.010542311
219451,0.06770589
219464,0.031012516
219465,0.026019283
219469,0.014762869
219472,0.12759717
219482,0.04401252
219506,0.031526
219507,0.13846411
219516,0.08470072
219521,0.22574535
219564,0.25797546
219565,0.012306362
219568,0.010704378
219570,0.0076471213
219578,0.013003055
219579,0.15033038
219588,0.07974083
219593,0.13253145
219594,0.016170748
219601,0.025395151
219608,0.011791338
219616,0.06830857
219620,0.060961902
219621,0.020113116
219628,0.036262333
219632,0.06929407
219637,0.049876593
219670,0.065375015
219688,0.008342272
219704,0.02292806
219717,0.093039215
219723,0.13364333
219741,0.05720225
219772,0.08142659
219774,0.040714055
219775,0.052363496
219778,0.026470343
219787,0.048497885
219788,0.1629904
219806,0.08965482
219811,0.03110326
219815,0.016805846
219817,0.03496161
219835,0.0243942
219845,0.0226142
219848,0.007981714
219864,0.08606322
219866,0.01529369
219868,0.04547648
219870,0.07899077
219886,0.04431397
219908,0.024122927
219910,0.10961432
219914,0.029093497
219925,0.11178625
219935,0.28176504
219940,0.056200743
219959,0.036818042
219962,0.07909869
219975,0.017765317
219981,0.13128404
219998,0.05051258
219999,0.10352049
220006,0.07350734
220010,0.5405104
220012,0.011544425
220014,0.024098882
220018,0.031526197
220019,0.15185206
220021,0.07550302
220058,0.013459029
220060,0.16703275
220061,0.012381749
220063,0.024076942
220066,0.11926096
220070,0.018890841
220071,0.20964424
220082,0.034288354
220094,0.05253803
220107,0.033231173
220114,0.0835323
220120,0.015861256
220126,0.058905654
220143,0.017081328
220147,0.16479939
220157,0.060513258
220160,0.07259059
220169,0.022884231
220177,0.025872288
220181,0.015543453
220186,0.07024954
220189,0.018716944
220206,0.13375218
220221,0.07251827
220227,0.08734531
220228,0.13032246
220248,0.030432317
220277,0.15613958
220304,0.07415508
220311,0.033276692
220315,0.062453717
220316,0.09984407
220323,0.010991998
220325,0.03350342
220358,0.012270002
220363,0.04570914
220369,0.03889055
220370,0.011625545
220380,0.051933885
220386,0.13100371
220387,0.032980137
220393,0.011784096
220394,0.06285382
220412,0.13763241
220415,0.0131038185
220416,0.37991583
220417,0.13549753
220418,0.01987915
220422,0.007967729
220431,0.07460284
220439,0.18796563
220456,0.0196767
220458,0.01817354
220468,0.010478271
220474,0.02795925
220479,0.07838655
220494,0.024579866
220501,0.06905942
220503,0.02807146
220511,0.013590931
220514,0.08611696
220516,0.2844009
220521,0.13406457
220530,0.025011685
220562,0.008235829
220565,0.012569458
220582,0.03855398
220594,0.015078053
220600,0.18967938
220614,0.031797286
220621,0.092395514
220624,0.11596894
220629,0.062904805
220632,0.085761376
220639,0.010449328
220655,0.013048378
220664,0.026585173
220670,0.015574339
220686,0.010725789
220699,0.07942614
220714,0.016948976
220729,0.09812446
220732,0.14433464
220733,0.009246884
220735,0.019906893
220740,0.016732113
220741,0.011795262
220747,0.13105144
220748,0.022362206
220749,0.03935662
220755,0.066658184
220764,0.014409134
220767,0.082378075
220772,0.067476876
220779,0.04682691
220781,0.05031243
220790,0.02397032
220806,0.06508271
220811,0.01760494
220816,0.047262125
220822,0.0187487
220827,0.32662857
220828,0.03278901
220829,0.025816837
220832,0.035144277
220833,0.06261018
220841,0.22017488
220842,0.050207667
220856,0.049896926
220874,0.13709894
220881,0.06824603
220882,0.018111276
220887,0.012105761
220893,0.023807904
220909,0.012339406
220916,0.032925434
220917,0.22583963
220918,0.068398975
220924,0.01857241
220931,0.040826134
220932,0.02826456
220949,0.02893296
220950,0.095673986
220956,0.03167124
220972,0.012828549
220994,0.040797375
221004,0.24985887
221008,0.18032646
221011,0.027110156
221030,0.01113887
221032,0.013086373
221035,0.01098231
221058,0.1346901
221059,0.02128975
221075,0.03238204
221079,0.016454192
221080,0.022749446
221107,0.044392046
221116,0.22305036
221129,0.09871516
221148,0.052229535
221158,0.009910416
221165,0.017220099
221169,0.044318266
221171,0.06287759
221198,0.0848224
221202,0.050315697
221205,0.17377132
221223,0.07529868
221227,0.020787872
221228,0.009241197
221234,0.072146386
221242,0.033631742
221252,0.24801037
221256,0.05165164
221260,0.103522
221261,0.057016097
221264,0.018968973
221267,0.05382043
221272,0.022219187
221284,0.11660638
221292,0.12156913
221311,0.02718322
221322,0.05226233
221327,0.06782726
221339,0.023279602
221371,0.02260058
221372,0.05313197
221404,0.02965255
221411,0.033287283
221438,0.03015253
221451,0.024526987
221465,0.060851026
221477,0.064887874
221483,0.037474234
221493,0.06811139
221495,0.016131058
221498,0.080945216
221500,0.10460536
221506,0.09981315
221513,0.099985905
221523,0.07835348
221528,0.026637426
221529,0.07221252
221530,0.02974975
221531,0.040390827
221549,0.039336603
221550,0.013166189
221565,0.09273265
221570,0.1687723
221573,0.01206512
221575,0.02235847
221576,0.07424628
221604,0.059379313
221615,0.046334743
221626,0.023009297
221629,0.14783287
221630,0.021310143
221636,0.032942664
221656,0.021083979
221659,0.016661327
221663,0.063803874
221665,0.018194009
221675,0.099185094
221676,0.017557818
221677,0.094976656
221679,0.019005517
221707,0.034841046
221712,0.069191776
221717,0.04665042
221725,0.04647703
221733,0.064251445
221741,0.013876257
221747,0.012599259
221762,0.061902333
221763,0.009212937
221770,0.03788524
221771,0.023558589
221787,0.017311431
221793,0.0148546295
221804,0.020312544
221805,0.011514479
221825,0.054110162
221827,0.08829724
221828,0.08550802
221829,0.010648201
221845,0.15824807
221859,0.056743197
221860,0.026779894
221867,0.33557653
221868,0.045294758
221870,0.17403913
221876,0.052839972
221884,0.087742515
221895,0.05342056
221911,0.033025593
221921,0.06925968
221931,0.09050745
221935,0.029342066
221955,0.06940194
221959,0.008201897
221966,0.034435388
221974,0.026624449
221981,0.046934757
222002,0.40289545
222010,0.011704201
222012,0.13004117
222013,0.15605226
222023,0.051709298
222034,0.06991783
222048,0.033491507
222052,0.26920426
222059,0.0519348
222060,0.058485303
222061,0.0937426
222067,0.013691127
222076,0.16916548
222081,0.18695772
222120,0.03193898
222121,0.063849375
222133,0.072523005
222149,0.095158115
222150,0.02158938
222153,0.060135327
222154,0.030021686
222159,0.022837806
222165,0.03740158
222167,0.020098217
222170,0.093167216
222178,0.11934991
222179,0.02774149
222188,0.0572713
222189,0.03550852
222195,0.07868394
222198,0.072459914
222224,0.07120328
222234,0.017913429
222254,0.034243412
222256,0.04693491
222264,0.01978478
222281,0.028404456
222296,0.5010648
222303,0.1711785
222309,0.021061365
222310,0.013436662
222313,0.12804486
222321,0.06511029
222322,0.02535235
222328,0.091238365
222333,0.04014499
222334,0.083540216
222338,0.021359228
222347,0.14623657
222349,0.021838589
222351,0.015549516
222352,0.053297512
222357,0.019153595
222362,0.005005392
222381,0.04717777
222392,0.025680743
222401,0.07514183
222413,0.034720775
222422,0.029082064
222423,0.018954374
222430,0.069936484
222432,0.016283195
222452,0.022660704
222459,0.06288539
222473,0.020108549
222475,0.12938273
222481,0.073029995
222482,0.043624654
222489,0.013851095
222496,0.024471665
222505,0.056347795
222516,0.03342083
222537,0.044000417
222555,0.02588693
222566,0.07776797
222572,0.04107346
222577,0.046281748
222618,0.012853926
222619,0.016937133
222624,0.01937948
222625,0.043761015
222626,0.017065061
222629,0.030466523
222634,0.0137644205
222636,0.17781927
222637,0.0104305465
222641,0.02356687
222646,0.028400447
222648,0.095819555
222659,0.0055159284
222663,0.014641848
222665,0.012942296
222671,0.08387402
222674,0.04116349
222675,0.02191571
222707,0.071279615
222709,0.018214103
222711,0.05530348
222717,0.06493833
222728,0.32100338
222752,0.0384136
222753,0.034964506
222755,0.01378822
222765,0.019445285
222768,0.15026633
222769,0.25742203
222783,0.15026104
222799,0.04032178
222821,0.01737536
222825,0.09218777
222837,0.19333409
222862,0.12579271
222863,0.05379785
222869,0.07019412
222876,0.066898346
222892,0.051694393
222898,0.024454594
222912,0.0064867986
222920,0.035233513
222926,0.03934914
222934,0.12825298
222938,0.016597353
222945,0.087138094
222947,0.01268238
222966,0.27971148
222971,0.03666453
222994,0.020212542
223008,0.15923263
223019,0.017114628
223040,0.0557093
223042,0.14013666
223049,0.014799192
223051,0.008823401
223056,0.040482827
223058,0.05248808
223064,0.041246966
223067,0.008144628
223073,0.24516131
223075,0.032206338
223078,0.037324112
223079,0.06498396
223082,0.13321877
223098,0.3370588
223112,0.040562294
223116,0.04660654
223121,0.090334445
223128,0.084484406
223135,0.069694795
223136,0.08167539
223144,0.010046985
223151,0.11888923
223157,0.11169345
223181,0.047018867
223190,0.03474927
223197,0.1425276
223205,0.03592291
223209,0.028053053
223221,0.32621366
223235,0.2815381
223238,0.013711035
223244,0.01527055
223258,0.029448727
223262,0.113207825
223272,0.046272665
223288,0.109636284
223298,0.028640455
223310,0.04531067
223320,0.018940669
223357,0.35024384
223365,0.009732464
223369,0.039003383
223375,0.19372502
223384,0.009865534
223393,0.0080531575
223412,0.019336157
223428,0.027797053
223440,0.32192713
223456,0.3921439
223470,0.022306614
223471,0.031917214
223484,0.01658736
223488,0.12042585
223489,0.016239919
223490,0.033355776
223492,0.020148225
223496,0.029332358
223503,0.009776601
223507,0.071883686
223518,0.046489205
223519,0.05641371
223521,0.012180314
223524,0.010545559
223526,0.015303342
223527,0.08700201
223529,0.027033918
223534,0.015964583
223538,0.09976488
223547,0.018989084
223549,0.02219326
223551,0.13356866
223552,0.062175594
223567,0.023347333
223571,0.16683772
223582,0.018490348
223584,0.019775024
223585,0.12167838
223586,0.02310444
223588,0.010901235
223592,0.013571035
223594,0.03293069
223607,0.06642881
223608,0.0108447
223609,0.20422058
223610,0.008764673
223611,0.03534661
223635,0.049381003
223636,0.01930378
223638,0.0712377
223649,0.008492995
223670,0.08265949
223688,0.029522758
223698,0.041978262
223699,0.14747174
223716,0.050516512
223718,0.039692476
223720,0.01551099
223727,0.018420532
223729,0.008316822
223739,0.04085214
223740,0.029818203
223741,0.018453214
223750,0.027059186
223752,0.045806088
223764,0.14115334
223781,0.011396111
223783,0.16065326
223794,0.06485798
223808,0.012323182
223810,0.12444636
223814,0.03671034
223817,0.047460426
223830,0.095243305
223839,0.026077978
223849,0.1350618
223851,0.21339689
223854,0.07355871
223888,0.13947697
223914,0.06789813
223923,0.042007208
223925,0.016055327
223939,0.013203166
223949,0.03349193
223951,0.20055299
223952,0.0822573
223967,0.030498523
223971,0.3350957
223974,0.01853523
223978,0.08525465
223991,0.08369532
224008,0.010984028
224016,0.023624374
224024,0.06222061
224039,0.028102405
224040,0.091752864
224044,0.09498046
224047,0.07590422
224055,0.012875449
224061,0.054610774
224065,0.018717859
224079,0.045753147
224080,0.01668591
224089,0.028601203
224094,0.12662935
224095,0.16246153
224109,0.11921396
224111,0.031781066
224112,0.09636252
224134,0.121315695
224135,0.009548333
224138,0.052539986
224139,0.03859995
224158,0.026571197
224161,0.12513252
224171,0.03290114
224182,0.22429073
224191,0.036084197
224194,0.02610433
224195,0.08549147
224205,0.06822604
224206,0.15642542
224211,0.021283405
224213,0.013323957
224214,0.056575388
224236,0.08383782
224239,0.24372202
224241,0.24993728
224251,0.040422674
224259,0.11269106
224262,0.06142264
224263,0.034876335
224268,0.050691426
224270,0.016945777
224282,0.087415166
224300,0.010848215
224315,0.028800428
224319,0.021795096
224325,0.01989504
224337,0.01508604
224339,0.06492926
224343,0.0065322667
224344,0.04594549
224347,0.14104581
224353,0.16554594
224363,0.022102643
224370,0.055425696
224379,0.0343687
224380,0.16479583
224393,0.022916164
224395,0.060130406
224407,0.046003323
224408,0.014590073
224426,0.023319397
224427,0.02982365
224428,0.0077499636
224437,0.17530419
224444,0.010768601
224445,0.12910768
224459,0.021012988
224473,0.39931607
224488,0.09972378
224490,0.10534234
224493,0.18270352
224494,0.10515621
224495,0.06226771
224499,0.04057783
224524,0.042749383
224528,0.02773721
224538,0.42522088
224553,0.0775577
224554,0.020473491
224575,0.009351922
224586,0.020648435
224593,0.038713094
224599,0.023251466
224614,0.015901623
224625,0.017649675
224626,0.026579963
224627,0.06761544
224628,0.04808263
224631,0.006871273
224651,0.14974141
224658,0.05378149
224664,0.025640925
224668,0.0065946523
224673,0.065997876
224674,0.044765823
224683,0.05739347
224708,0.09621887
224748,0.0299774
224756,0.027015492
224757,0.05463905
224760,0.009123568
224771,0.11252
224772,0.022566611
224797,0.04778554
224823,0.108317085
224831,0.07774989
224841,0.032491513
224843,0.072433494
224844,0.21426113
224849,0.021551292
224855,0.17672552
224856,0.047012575
224864,0.017212465
224871,0.026784698
224876,0.043100443
224889,0.10066322
224896,0.067105815
224899,0.062866755
224912,0.025234636
224916,0.08120677
224918,0.10848823
224925,0.088605605
224929,0.044146333
224934,0.025471479
224950,0.17174982
224953,0.03908715
224956,0.10013303
224958,0.026231067
224960,0.078656405
224971,0.15458438
224975,0.05011241
224978,0.037272774
224986,0.045856282
224987,0.10389953
224990,0.029956888
225010,0.027462177
225041,0.041728724
225044,0.022585496
225045,0.015878549
225048,0.038574673
225053,0.09004258
225058,0.022720674
225075,0.040117167
225085,0.027263064
225103,0.019421916
225107,0.01389008
225114,0.08002439
225122,0.048348334
225130,0.016548235
225131,0.20258339
225132,0.026991831
225134,0.017165072
225136,0.0284741
225141,0.01772678
225145,0.031569466
225146,0.005809264
225156,0.027527384
225158,0.06831775
225165,0.08152841
225185,0.10371457
225194,0.020187594
225195,0.007986143
225223,0.09142496
225224,0.12623955
225231,0.04877434
225233,0.0610494
225246,0.11574323
225281,0.019583214
225286,0.063748375
225301,0.08479789
225302,0.017601717
225336,0.05343426
225347,0.06813493
225351,0.028946329
225362,0.07457996
225363,0.014108105
225364,0.031200953
225370,0.020790905
225374,0.010048436
225375,0.039661933
225380,0.026325282
225381,0.024056647
225382,0.041264527
225392,0.054754477
225410,0.048062887
225425,0.058950245
225431,0.028015517
225456,0.012777365
225460,0.06177134
225475,0.04111924
225478,0.0155753875
225483,0.08091497
225499,0.10863406
225514,0.37977502
225517,0.025255162
225524,0.24127899
225532,0.021764504
225545,0.07313747
225546,0.06761105
225550,0.024545943
225580,0.07947946
225581,0.08942343
225582,0.05125345
225585,0.05447972
225601,0.06544806
225612,0.07815769
225621,0.09362569
225636,0.07709138
225639,0.07339385
225650,0.008999367
225654,0.02846884
225664,0.01899944
225665,0.3800015
225666,0.00909268
225686,0.032395933
225689,0.024687512
225691,0.021296568
225721,0.007254632
225733,0.04863143
225739,0.027378574
225741,0.20940499
225766,0.015815588
225776,0.16798162
225788,0.032913227
225792,0.026908856
225803,0.11337484
225804,0.036384627
225805,0.36468142
225808,0.019290216
225819,0.036931068
225826,0.045933772
225832,0.086018756
225850,0.044388004
225851,0.15408763
225854,0.055802945
225858,0.03311303
225875,0.02323694
225884,0.0228031
225890,0.012052258
225906,0.03257485
225908,0.042215746
225910,0.041184284
225920,0.2768868
225950,0.107253626
225990,0.0423538
225991,0.015073363
226010,0.024871152
226011,0.011949721
226018,0.05233672
226029,0.055724703
226030,0.027516585
226041,0.023336561
226044,0.018662443
226051,0.03253061
226054,0.06467496
226085,0.15482475
226105,0.1264929
226116,0.3872888
226130,0.12284127
226131,0.034268867
226170,0.024124488
226171,0.029523227
226176,0.11105843
226177,0.049992617
226183,0.019631853
226187,0.025459018
226188,0.18308923
226190,0.12340444
226206,0.033483956
226213,0.081548974
226214,0.12325516
226226,0.015748942
226244,0.09630138
226245,0.010472518
226251,0.11920978
226258,0.014252206
226259,0.026714833
226265,0.06725737
226291,0.28241497
226294,0.03054734
226299,0.01844962
226300,0.049284026
226301,0.08768803
226302,0.060612995
226308,0.02870571
226309,0.022859057
226318,0.0132913105
226319,0.07856599
226320,0.027485158
226325,0.060144007
226334,0.015380867
226337,0.15589619
226348,0.060429677
226353,0.008308972
226361,0.017544705
226387,0.23657617
226395,0.03163964
226413,0.017691595
226416,0.040532287
226427,0.0155723505
226433,0.072015435
226447,0.16996342
226487,0.058482677
226495,0.07438532
226496,0.026673587
226499,0.0116028
226501,0.09318423
226505,0.022354193
226506,0.05392064
226507,0.045270305
226516,0.01879223
226523,0.056420796
226527,0.06396134
226533,0.038232457
226537,0.062038515
226539,0.009363778
226551,0.16091792
226556,0.011759967
226557,0.034588687
226561,0.26097324
226565,0.033219308
226567,0.023522474
226590,0.040432595
226599,0.1495655
226639,0.064545
226654,0.16683477
226664,0.037615664
226668,0.15761267
226677,0.055748023
226682,0.072851926
226689,0.06573714
226691,0.036415618
226698,0.042463712
226713,0.021100778
226720,0.042393737
226734,0.049419917
226735,0.038991284
226738,0.038902484
226742,0.0071142875
226763,0.010583546
226766,0.030771
226772,0.016707765
226779,0.04939813
226780,0.04996077
226787,0.26389533
226790,0.26412126
226792,0.047981326
226797,0.03549946
226803,0.03379277
226807,0.051039472
226827,0.010540159
226828,0.050719123
226836,0.02661391
226837,0.0073666805
226838,0.12790239
226847,0.049201127
226881,0.2491559
226882,0.085856915
226884,0.036555506
226917,0.021852307
226921,0.10701608
226933,0.03067334
226938,0.09167893
226948,0.03247093
226952,0.027375242
226954,0.0821909
226965,0.009376424
226970,0.01709904
226977,0.28121752
226986,0.046201006
227005,0.025690338
227009,0.047182195
227010,0.033661377
227013,0.05507385
227019,0.025712598
227025,0.025212217
227026,0.045283597
227027,0.04676766
227029,0.02869288
227049,0.100756064
227053,0.059698585
227054,0.10012492
227058,0.01908227
227074,0.010196575
227099,0.023516512
227100,0.023940459
227109,0.0111831855
227111,0.05727069
227112,0.031642202
227125,0.2065063
227145,0.048742287
227148,0.09983275
227151,0.03771811
227160,0.15576535
227165,0.08673945
227200,0.13641909
227210,0.04289613
227213,0.11339147
227235,0.037431054
227242,0.06623468
227245,0.10727451
227246,0.010738866
227248,0.06659274
227251,0.06897467
227252,0.01886027
227258,0.023588937
227264,0.050844945
227270,0.05182706
227272,0.017862637
227274,0.01006686
227281,0.018857596
227290,0.08407572
227293,0.0693143
227299,0.070084244
227306,0.023054244
227323,0.0293779
227325,0.06307707
227326,0.043822713
227332,0.074947104
227336,0.025270585
227343,0.017507875
227344,0.014155321
227345,0.033683695
227348,0.1909162
227360,0.012155041
227376,0.03825213
227386,0.12217972
227392,0.090080075
227393,0.09804144
227401,0.023282915
227404,0.11134766
227413,0.027214196
227420,0.13912645
227459,0.015291462
227460,0.008330139
227462,0.029388126
227463,0.1353255
227481,0.0892812
227482,0.0117076915
227485,0.12298638
227486,0.01850076
227493,0.017724816
227500,0.065924905
227501,0.024777003
227502,0.032520205
227506,0.14754298
227523,0.09611049
227525,0.04394069
227531,0.024154635
227532,0.22717829
227535,0.031044837
227542,0.037052706
227545,0.031104755
227566,0.0732227
227578,0.017377261
227585,0.14500256
227586,0.0143935215
227587,0.018320842
227590,0.040308177
227595,0.30599698
227596,0.017786598
227597,0.12085985
227600,0.12644
227621,0.12618217
227637,0.07194811
227640,0.14265601
227649,0.40334636
227653,0.011905048
227674,0.05224282
227675,0.07550395
227680,0.070256636
227696,0.016976517
227701,0.26653343
227707,0.021584582
227713,0.03867662
227715,0.028508596
227728,0.03246601
227730,0.0196173
227731,0.008083399
227732,0.0362837
227736,0.058754865
227739,0.0897021
227740,0.21887101
227741,0.20130157
227742,0.354938
227745,0.024796434
227749,0.1818168
227752,0.01296811
227756,0.31262925
227769,0.045761827
227779,0.053413536
227783,0.05300062
227799,0.03161702
227803,0.013583418
227818,0.052878838
227822,0.05372751
227823,0.011246969
227824,0.01890353
227825,0.031207588
227826,0.108571455
227833,0.022535231
227834,0.1568268
227837,0.07775988
227839,0.04304672
227856,0.033182096
227872,0.01935458
227876,0.0367013
227905,0.2983894
227908,0.16024514
227909,0.21563102
227912,0.06743513
227917,0.06554193
227931,0.07248862
227936,0.06316683
227939,0.029090779
227941,0.012381879
227942,0.017461624
227944,0.03477823
227945,0.11850423
227952,0.11296059
227954,0.061132133
227968,0.00828926
227975,0.017793465
227989,0.0532633
227992,0.031189222
227993,0.041159384
227996,0.026450455
227997,0.04698118
227998,0.014785357
228040,0.0253297
228044,0.024136858
228045,0.021858025
228046,0.029481294
228051,0.08540697
228052,0.084939055
228053,0.03383697
228059,0.031606786
228062,0.042442635
228070,0.016135154
228074,0.06583704
228077,0.056135006
228078,0.04096
228097,0.041578002
228099,0.0699974
228100,0.027540267
228102,0.31330144
228103,0.057087205
228104,0.13936967
228107,0.022674145
228117,0.053887077
228123,0.020250613
228125,0.016223352
228130,0.008039722
228134,0.037738904
228141,0.041902207
228153,0.096471235
228163,0.021449089
228164,0.025530124
228166,0.0802975
228168,0.10009028
228169,0.048459496
228183,0.11981858
228198,0.03596123
228199,0.082431115
228201,0.031207126
228207,0.044832736
228209,0.08832094
228219,0.025320852
228239,0.011090575
228248,0.015527977
228260,0.06678537
228268,0.3907904
228280,0.06551359
228282,0.03205131
228288,0.014314204
228289,0.108171456
228295,0.022549715
228296,0.08796268
228297,0.10954723
228298,0.0183429
228299,0.077627495
228301,0.0056866305
228322,0.11124558
228324,0.038248867
228332,0.013604102
228334,0.046850838
228342,0.15337117
228351,0.016890163
228354,0.035980787
228355,0.008346289
228362,0.009471373
228375,0.031934984
228383,0.07102919
228389,0.047721494
228392,0.19794354
228411,0.0399893
228414,0.025753506
228420,0.035904236
228424,0.024803055
228426,0.16802225
228429,0.010320682
228447,0.4114259
228455,0.01502408
228458,0.052229814
228467,0.11605869
228472,0.0390518
228479,0.0148840025
228482,0.06140958
228488,0.039050423
228489,0.2492952
228499,0.03325444
228501,0.0064114984
228502,0.02858221
228503,0.2793225
228509,0.0143331755
228512,0.106864095
228514,0.022931453
228519,0.14147596
228530,0.01929236
228534,0.31934696
228536,0.007748969
228537,0.017546479
228538,0.055442665
228539,0.021168038
228557,0.11838798
228591,0.07403919
228592,0.014623071
228608,0.10451606
228609,0.051552847
228636,0.080920935
228647,0.04087306
228656,0.08668312
228657,0.027278632
228661,0.1402355
228663,0.07290691
228671,0.022189787
228682,0.19069172
228697,0.15588215
228698,0.04075692
228712,0.04051449
228713,0.033499703
228729,0.024904678
228730,0.05731139
228737,0.045255076
228744,0.018271938
228752,0.028036669
228761,0.3155473
228763,0.096120514
228764,0.008146849
228770,0.02737058
228774,0.007462483
228781,0.020152822
228792,0.033043846
228794,0.18882892
228796,0.012243712
228799,0.050038867
228808,0.14385234
228809,0.05317547
228810,0.036075406
228813,0.021523254
228821,0.37889007
228826,0.025105096
228830,0.023699615
228831,0.03843382
228835,0.08342509
228854,0.016262101
228855,0.048131842
228863,0.09569998
228869,0.107940376
228872,0.11887977
228885,0.13413599
228888,0.023577817
228889,0.083201505
228890,0.060603045
228891,0.024944773
228894,0.12069917
228902,0.050631594
228907,0.018328073
228915,0.047380067
228918,0.058983885
228919,0.01625276
228933,0.010233178
228946,0.011615201
228947,0.07095982
228954,0.030773839
228956,0.069423005
228958,0.03311745
228969,0.16701569
228973,0.08848048
228978,0.011041874
228979,0.34981778
228988,0.023843633
228995,0.07725422
229019,0.050373103
229037,0.015236293
229041,0.018313061
229042,0.012242542
229046,0.014846691
229048,0.015748098
229053,0.021817211
229064,0.1770863
229073,0.05458203
229074,0.020588215
229077,0.06206818
229095,0.09751846
229100,0.11226939
229103,0.037699815
229104,0.031983588
229105,0.01647821
229107,0.012199418
229115,0.020757012
229117,0.116275914
229118,0.028136075
229124,0.09709738
229125,0.006048433
229130,0.13917303
229157,0.020593723
229162,0.013209915
229185,0.14928134
229195,0.018718978
229201,0.20493905
229202,0.017129999
229219,0.04065707
229220,0.016334912
229223,0.14220983
229224,0.041689407
229229,0.09875869
229233,0.024707835
229255,0.023951363
229261,0.10580903
229262,0.058806036
229271,0.07455795
229276,0.08056526
229277,0.028171768
229278,0.08621991
229280,0.03177648
229298,0.005498873
229301,0.074488
229316,0.056484543
229325,0.024073416
229329,0.05612791
229334,0.018949937
229336,0.16880645
229337,0.05779002
229342,0.009405447
229349,0.057980105
229357,0.02827312
229369,0.22717144
229374,0.029194329
229402,0.06376809
229427,0.049317453
229452,0.10203192
229455,0.08125083
229459,0.20515454
229462,0.016544279
229482,0.026707456
229488,0.008881681
229496,0.051403612
229507,0.075343706
229508,0.013994236
229531,0.015640642
229576,0.019355573
229595,0.04493557
229602,0.14128527
229609,0.046112664
229610,0.31308502
229614,0.053490385
229615,0.18290636
229631,0.06897023
229632,0.024016839
229638,0.025394322
229647,0.03519737
229651,0.012824538
229659,0.11036347
229663,0.08475828
229671,0.11088794
229672,0.037019778
229675,0.023840081
229684,0.01868795
229687,0.09001486
229705,0.017550541
229711,0.017402763
229713,0.108689055
229714,0.030667892
229731,0.13992108
229738,0.120116815
229742,0.09481415
229745,0.03806597
229746,0.011772093
229749,0.09120552
229765,0.08419173
229767,0.014406284
229779,0.14578721
229782,0.024555197
229802,0.054669432
229805,0.029671002
229810,0.35209876
229816,0.023282656
229828,0.030439168
229838,0.03107429
229850,0.14860775
229858,0.07645836
229860,0.026359249
229877,0.0152622
229888,0.020077687
229894,0.014860966
229898,0.09867679
229905,0.040560875
229912,0.1598816
229913,0.0248527
229921,0.15384498
229923,0.018631348
229930,0.014163399
229962,0.01934048
229963,0.11278799
229977,0.028508086
229984,0.020819213
229998,0.012652124
230012,0.028260991
230016,0.06685414
230020,0.03847768
230024,0.30446163
230037,0.025729295
230038,0.1912882
230040,0.02601334
230042,0.010748002
230044,0.059194036
230050,0.06334987
230056,0.0134501625
230067,0.031510696
230076,0.034683075
230077,0.06569508
230084,0.10960517
230098,0.064234324
230107,0.072037965
230116,0.03306128
230119,0.03227163
230121,0.03859747
230122,0.093965665
230135,0.27181342
230139,0.012968929
230179,0.0148531245
230180,0.13103972
230185,0.012699645
230192,0.033771615
230203,0.26600415
230216,0.029000815
230226,0.07062255
230260,0.1427523
230268,0.09801793
230289,0.17475876
230296,0.024610162
230317,0.02409947
230328,0.19012846
230329,0.27425838
230330,0.027309015
230332,0.014258513
230338,0.032761756
230343,0.05072099
230344,0.06842219
230349,0.022765623
230369,0.014616398
230379,0.060011603
230391,0.04599119
230393,0.33089963
230394,0.021094568
230402,0.028849488
230404,0.19649777
230416,0.023151778
230417,0.10418218
230423,0.15743375
230427,0.043919988
230448,0.18060297
230449,0.04247862
230451,0.0065718517
230453,0.030136483
230454,0.014278078
230457,0.06852294
230458,0.050307374
230459,0.14945656
230461,0.017205961
230464,0.033284783
230494,0.016166339
230517,0.010829008
230520,0.036840986
230521,0.08360507
230534,0.046256006
230553,0.04174725
230581,0.10135732
230585,0.06277044
230590,0.017955564
230592,0.04936049
230605,0.015417309
230610,0.010389568
230623,0.026967546
230628,0.106352
230629,0.08016753
230640,0.038232695
230641,0.0116124395
230642,0.006452965
230655,0.029745184
230656,0.042917013
230662,0.037513416
230675,0.06791994
230677,0.03700642
230688,0.012683766
230709,0.17464551
230716,0.013701481
230742,0.016384201
230748,0.11269442
230763,0.10592899
230779,0.045262873
230780,0.017693583
230781,0.1860289
230783,0.025710505
230788,0.12215474
230789,0.017365357
230792,0.009352269
230817,0.05768521
230820,0.017113905
230827,0.02278027
230828,0.054659545
230860,0.013773567
230864,0.06589027
230875,0.032193102
230878,0.011251466
230880,0.08140899
230929,0.032898866
230931,0.1999386
230934,0.11069373
230939,0.022135857
230940,0.040393017
230941,0.025766082
230942,0.2826272
230982,0.038998697
231028,0.034099407
231031,0.08950663
231039,0.048666872
231048,0.030929362
231065,0.07262804
231076,0.011208261
231079,0.02090339
231082,0.056957893
231086,0.021239735
231107,0.065710805
231118,0.061057772
231127,0.01063771
231134,0.015994385
231136,0.047403768
231137,0.13816014
231156,0.10363268
231160,0.3533396
231175,0.052950487
231177,0.022512702
231189,0.012479791
231191,0.30887198
231194,0.07343495
231198,0.070381775
231203,0.056659453
231211,0.04163652
231226,0.041222528
231245,0.04945353
231257,0.057336733
231268,0.0533455
231279,0.083611034
231290,0.07699255
231298,0.020951552
231299,0.022845194
231301,0.041143715
231306,0.006519742
231312,0.026084755
231314,0.09335226
231326,0.44295758
231343,0.05085969
231353,0.09939137
231359,0.111051254
231364,0.015856795
231387,0.10139863
231392,0.0327613
231409,0.03548149
231423,0.061427698
231427,0.009813646
231429,0.05334626
231433,0.023628289
231437,0.019048229
231448,0.015447327
231454,0.58681846
231460,0.03460906
231480,0.01821523
231496,0.008976876
231504,0.1460281
231513,0.015373599
231516,0.017521407
231523,0.022263348
231529,0.0119698625
231532,0.030138094
231533,0.051839635
231542,0.022925727
231546,0.028037153
231554,0.02010202
231556,0.2701994
231561,0.024170361
231562,0.08653503
231563,0.011356737
231568,0.08786393
231589,0.01508558
231598,0.12979439
231616,0.03200852
231628,0.021075774
231637,0.024203364
231641,0.071408175
231656,0.23333506
231679,0.17764205
231682,0.31886446
231689,0.039687973
231690,0.08930083
231713,0.20414345
231716,0.027884541
231726,0.021894459
231734,0.11445576
231736,0.031250227
231742,0.016468644
231754,0.07367932
231757,0.010809136
231758,0.014734872
231761,0.025108151
231771,0.033196516
231773,0.029133234
231782,0.054851923
231785,0.117322184
231786,0.023996305
231789,0.012926264
231790,0.0137852
231791,0.100737974
231804,0.075962126
231835,0.025247365
231837,0.020636622
231840,0.20758328
231845,0.078401916
231863,0.10458973
231867,0.08917567
231874,0.23089927
231877,0.021092042
231887,0.020042408
231892,0.020062342
231899,0.025786877
231912,0.43392152
231914,0.044137448
231924,0.043384705
231927,0.049231563
231935,0.040651307
231938,0.16865861
231940,0.3251979
231947,0.02975484
231954,0.014739147
231955,0.08642793
231956,0.011363024
231969,0.01640047
231982,0.00583947
231983,0.019354343
231984,0.024329085
231987,0.028699543
232006,0.009374761
232012,0.005042826
232022,0.021548547
232023,0.07677263
232028,0.030334707
232034,0.028863464
232047,0.033683483
232050,0.013776028
232054,0.04776028
232063,0.06447643
232066,0.011781809
232081,0.0804893
232083,0.15938795
232094,0.04911278
232103,0.014646969
232108,0.008483863
232110,0.03549563
232122,0.03175942
232123,0.014301728
232132,0.0070301574
232148,0.18329361
232149,0.017580913
232152,0.13549955
232157,0.11649586
232164,0.045527793
232170,0.05395153
232172,0.054665014
232174,0.041121066
232177,0.075815454
232227,0.07561888
232228,0.0302015
232237,0.009102489
232256,0.16186725
232275,0.031326275
232278,0.023075934
232279,0.018124443
232282,0.022215396
232285,0.07149623
232288,0.016187362
232301,0.053799335
232303,0.03566161
232309,0.023414005
232325,0.10308781
232329,0.043298557
232331,0.0140413875
232335,0.03108773
232370,0.11838427
232371,0.016940232
232372,0.021001508
232390,0.364326
232391,0.0074798353
232392,0.1029049
232410,0.014444096
232423,0.0071870405
232426,0.13313155
232428,0.40949926
232450,0.03393373
232466,0.099546
232478,0.07216135
232493,0.11071587
232506,0.05830528
232516,0.27191472
232518,0.07683793
232530,0.034042995
232534,0.030845646
232535,0.05023537
232541,0.020840058
232547,0.030962527
232552,0.014556525
232558,0.08609294
232559,0.005322651
232560,0.023103705
232566,0.062382024
232570,0.018315699
232575,0.0883027
232578,0.010816952
232590,0.026382029
232615,0.033542965
232640,0.21874234
232643,0.023001311
232664,0.13831434
232676,0.01438334
232699,0.025445197
232702,0.03109362
232720,0.023295892
232733,0.011311473
232736,0.016488139
232738,0.016925484
232752,0.012523759
232758,0.019415276
232779,0.04952196
232784,0.14687634
232790,0.031088352
232799,0.08543244
232823,0.014946729
232824,0.02311605
232842,0.015500579
232849,0.014091767
232853,0.06873641
232859,0.07179678
232862,0.13356929
232864,0.008432038
232866,0.039527494
232869,0.04274397
232871,0.018465709
232876,0.036433104
232881,0.025041906
232898,0.045141634
232899,0.029064417
232914,0.08653058
232917,0.10499158
232923,0.02985219
232925,0.011264302
232942,0.26120764
232943,0.0555528
232965,0.015285395
232968,0.17899619
232972,0.011220621
232980,0.059486758
232999,0.008998272
233013,0.0727607
233021,0.3163006
233022,0.022527255
233054,0.07054834
233059,0.04191423
233065,0.02851306
233071,0.087701604
233074,0.008136981
233093,0.0075109974
233095,0.12975173
233102,0.035658795
233104,0.07657276
233107,0.013935363
233108,0.02370939
233109,0.1465829
233112,0.17132702
233113,0.010083795
233122,0.09500082
233125,0.080356464
233126,0.05762136
233170,0.022656558
233171,0.06707094
233172,0.21909821
233175,0.03924116
233179,0.036138758
233189,0.041819558
233223,0.039597154
233224,0.012514167
233228,0.035533164
233247,0.25409067
233249,0.053003922
233263,0.019293042
233271,0.029941669
233273,0.08523748
233301,0.016896345
233305,0.05468093
233310,0.10507126
233311,0.025434718
233312,0.06782925
233324,0.013982377
233326,0.054664053
233327,0.019993361
233335,0.112454705
233349,0.03334403
233352,0.20874295
233362,0.035202883
233373,0.023315527
233390,0.16068593
233393,0.095014565
233400,0.06977078
233401,0.20843719
233404,0.07596444
233405,0.049264938
233406,0.08656635
233411,0.032558486
233421,0.016930733
233423,0.024096724
233424,0.044506
233427,0.03330262
233429,0.1482937
233431,0.04381805
233432,0.016370948
233438,0.019022295
233448,0.039775364
233450,0.0309842
233451,0.026304226
233453,0.10465826
233480,0.08622024
233482,0.03539958
233483,0.012304542
233489,0.25753543
233490,0.058601327
233496,0.22158742
233497,0.039578643
233508,0.11780262
233509,0.15353104
233512,0.018484749
233517,0.13702351
233526,0.11078116
233528,0.027592424
233544,0.023334287
233554,0.12512702
233566,0.07676777
233572,0.010297219
233575,0.018994471
233578,0.015209757
233582,0.31332794
233583,0.0765271
233589,0.052647293
233594,0.12174548
233603,0.08369551
233627,0.028344868
233632,0.069218114
233639,0.024380164
233651,0.20382066
233652,0.1623234
233658,0.011485446
233675,0.035871744
233677,0.03253909
233682,0.03200213
233688,0.082965136
233689,0.13945118
233692,0.028508272
233697,0.17760152
233704,0.111822985
233709,0.083315596
233711,0.057926875
233721,0.029212788
233729,0.013150865
233734,0.0327439
233744,0.013817239
233764,0.087776646
233775,0.07650543
233783,0.21434152
233792,0.04240956
233796,0.10662906
233797,0.034114193
233798,0.035158277
233810,0.02971129
233818,0.0418872
233819,0.03394254
233830,0.016036298
233831,0.027406957
233838,0.02254577
233852,0.028919218
233854,0.018668272
233856,0.01966091
233858,0.015041407
233883,0.011122623
233888,0.027791308
233889,0.016954102
233892,0.0153767755
233893,0.0073314672
233894,0.11111707
233895,0.28127596
233901,0.010037235
233927,0.13413331
233928,0.043827552
233929,0.14772694
233960,0.03195673
233965,0.081766956
233970,0.017588789
233975,0.06749547
233981,0.072687
233991,0.25169027
234012,0.062605634
234016,0.01727599
234024,0.019891227
234025,0.010587605
234027,0.11894056
234034,0.098214835
234035,0.010966966
234048,0.02962253
234069,0.01676694
234077,0.011594301
234086,0.09949051
234103,0.036092628
234110,0.03888774
234115,0.024142621
234126,0.022448685
234135,0.27753037
234136,0.038622215
234147,0.030544486
234151,0.038559064
234159,0.012758285
234163,0.034411307
234174,0.01004135
234186,0.012816864
234187,0.09490085
234192,0.036244713
234198,0.023710068
234205,0.02714937
234215,0.056974757
234220,0.03764264
234225,0.020186659
234227,0.018823288
234228,0.013410576
234231,0.12462711
234232,0.10288738
234236,0.075898506
234239,0.009871711
234240,0.06961531
234242,0.035436187
234262,0.03330993
234267,0.19056737
234283,0.045222238
234284,0.04482501
234286,0.023897052
234291,0.09677776
234302,0.11806832
234303,0.09864918
234308,0.01516898
234320,0.034306407
234326,0.058362283
234336,0.0418806
234340,0.15446004
234362,0.008095352
234365,0.022426251
234371,0.029818349
234373,0.067178234
234395,0.0101096155
234400,0.047568172
234404,0.06842915
234412,0.03928603
234431,0.04638528
234433,0.26645815
234440,0.12082571
234453,0.123561755
234454,0.036543358
234460,0.03250164
234470,0.14077796
234473,0.026397046
234502,0.069165275
234503,0.041758075
234507,0.26498398
234529,0.18571658
234531,0.022852693
234543,0.013862862
234550,0.20088576
234556,0.0147030875
234560,0.057481132
234567,0.004725985
234580,0.059080057
234582,0.20454822
234594,0.01494223
234599,0.13440587
234604,0.017654423
234605,0.1440709
234611,0.02459453
234617,0.025841955
234648,0.02825172
234660,0.012873305
234661,0.05563871
234663,0.056282688
234664,0.010064331
234670,0.013467294
234671,0.12268124
234673,0.038931094
234687,0.12129053
234688,0.038521506
234690,0.035431337
234694,0.019754075
234695,0.004198253
234704,0.15588205
234705,0.044705823
234710,0.052831907
234718,0.09436919
234719,0.035636634
234732,0.06932858
234739,0.030167395
234755,0.15200613
234760,0.016680162
234778,0.019472554
234781,0.06430737
234786,0.10743438
234788,0.088744074
234789,0.015291944
234802,0.039310515
234809,0.5726534
234814,0.04664976
234823,0.019747203
234825,0.03594307
234829,0.020495566
234838,0.10812347
234847,0.038280368
234876,0.013760078
234908,0.1998558
234914,0.01637188
234917,0.041369297
234935,0.10613597
234936,0.01653867
234941,0.039942604
234942,0.16952905
234943,0.0515925
234946,0.02017076
234947,0.017740818
234960,0.040395975
234967,0.044409234
234980,0.09207883
234990,0.36744148
234996,0.04048782
234999,0.017747952
235002,0.05631578
235021,0.060935847
235025,0.20973307
235034,0.015312042
235037,0.033463188
235046,0.01665721
235051,0.038840838
235052,0.011739507
235054,0.014782175
235061,0.042324074
235066,0.019697322
235076,0.018957186
235087,0.013470797
235089,0.2133036
235091,0.05720925
235107,0.020377288
235118,0.034536306
235123,0.03954947
235134,0.025803646
235137,0.082666785
235146,0.011429135
235147,0.03287302
235153,0.016044736
235166,0.1337772
235168,0.07050589
235183,0.021101553
235187,0.022468934
235189,0.012802266
235202,0.08020865
235214,0.030982647
235215,0.006183658
235216,0.23324962
235219,0.079482876
235223,0.026074436
235231,0.07158512
235240,0.03857577
235252,0.02371956
235253,0.0062635643
235254,0.021568354
235259,0.06533202
235270,0.04703445
235275,0.018236918
235283,0.13728881
235291,0.008757144
235306,0.00676502
235327,0.022482142
235337,0.09108547
235342,0.0076221256
235356,0.010897318
235357,0.023456864
235372,0.031894807
235378,0.16636631
235386,0.022943625
235401,0.0063697295
235403,0.013731248
235423,0.029684674
235424,0.016731229
235434,0.014175717
235435,0.029535068
235438,0.06404921
235451,0.023387399
235452,0.010519422
235454,0.13173318
235456,0.007410559
235459,0.032710306
235460,0.014898617
235463,0.09382182
235491,0.18279289
235492,0.12472382
235501,0.042326313
235505,0.09362517
235512,0.31903467
235519,0.11955974
235549,0.06200889
235592,0.022369724
235597,0.040095482
235601,0.03217773
235602,0.16156413
235612,0.01763538
235617,0.039544042
235622,0.018742535
235636,0.017771533
235641,0.042286143
235644,0.022028646
235645,0.016493982
235651,0.06501942
235664,0.026185686
235668,0.31482694
235677,0.012042581
235692,0.030503115
235693,0.013341211
235698,0.06359671
235722,0.24830447
235741,0.021608777
235743,0.13896078
235752,0.008959843
235757,0.041255057
235766,0.00891414
235768,0.040127993
235769,0.030861555
235775,0.025089035
235778,0.10471555
235782,0.35454673
235791,0.15413684
235792,0.054566246
235796,0.049046773
235797,0.17423202
235799,0.17391057
235803,0.037830945
235804,0.32609046
235809,0.061270174
235811,0.044797618
235812,0.010726619
235827,0.1309742
235837,0.018155038
235839,0.015201977
235850,0.39072073
235852,0.011394509
235854,0.116673775
235860,0.01489041
235862,0.06361428
235869,0.035863955
235877,0.015210082
235889,0.0729614
235890,0.17992328
235891,0.038211375
235893,0.031209756
235900,0.022020314
235901,0.025934005
235914,0.013595513
235915,0.25663346
235924,0.121190414
235950,0.058435615
235968,0.03061549
235977,0.1062638
235978,0.047261864
235980,0.05506116
235990,0.023286074
235999,0.01064628
236002,0.1917367
236022,0.06015024
236033,0.048775483
236034,0.02645892
236037,0.30797374
236038,0.12200981
236039,0.04112475
236040,0.013700351
236053,0.19564596
236064,0.0547527
236068,0.032448076
236069,0.05311069
236094,0.01810865
236107,0.07796766
236123,0.088083774
236143,0.025123406
236214,0.023892147
236215,0.014109008
236221,0.26829642
236229,0.045847274
236234,0.032891475
236236,0.028786711
236237,0.025668142
236239,0.06786558
236266,0.3919222
236271,0.02375198
236283,0.021746516
236286,0.0076234033
236287,0.32101113
236289,0.007984347
236293,0.037567735
236302,0.045664996
236303,0.07667545
236313,0.033799697
236324,0.037563324
236330,0.07302271
236332,0.07954014
236345,0.08373592
236350,0.076313645
236352,0.09911799
236359,0.017635692
236362,0.035172135
236373,0.019857552
236378,0.061696827
236391,0.0205747
236395,0.06383843
236412,0.057045788
236418,0.012077928
236421,0.021087818
236451,0.045573547
236454,0.017015548
236457,0.013577532
236463,0.08539773
236469,0.020408502
236476,0.05924474
236485,0.057511497
236508,0.03669394
236509,0.062379852
236525,0.07034814
236527,0.10536103
236529,0.036341924
236555,0.088490106
236562,0.17711632
236568,0.124749675
236569,0.16507816
236580,0.035253845
236581,0.010956534
236583,0.054844372
236586,0.07055918
236594,0.0846549
236631,0.008711741
236632,0.056062236
236634,0.046105098
236638,0.016161742
236643,0.15430883
236648,0.08227503
236655,0.24218085
236656,0.021300418
236657,0.046096943
236663,0.081321895
236681,0.015373742
236683,0.03524383
236691,0.012826542
236698,0.07758509
236713,0.021942502
236727,0.18449013
236732,0.025441887
236733,0.010932764
236735,0.028395094
236737,0.005578612
236749,0.03045593
236750,0.0223881
236752,0.027520612
236765,0.042514037
236766,0.03625638
236769,0.024949547
236771,0.101169586
236774,0.13274062
236775,0.038379896
236790,0.13660455
236793,0.02027168
236797,0.33013403
236798,0.030521331
236809,0.05506146
236821,0.05782204
236831,0.09105491
236836,0.02497616
236838,0.028094353
236849,0.07708297
236852,0.073376104
236860,0.084757626
236862,0.016745139
236865,0.02631899
236873,0.018411562
236885,0.042248983
236891,0.008880356
236894,0.03197874
236904,0.050626308
236905,0.022418141
236911,0.025076412
236939,0.014093091
236948,0.026468381
236950,0.012754569
236957,0.00957519
236965,0.022432283
236974,0.02793271
236975,0.0188093
236981,0.034940843
236985,0.020383991
236995,0.16991585
237023,0.044596087
237025,0.008158125
237038,0.015611356
237058,0.024033414
237060,0.026209684
237078,0.07470463
237079,0.036470655
237080,0.16897427
237084,0.03592056
237086,0.012515197
237087,0.013237537
237091,0.15674321
237092,0.019319378
237093,0.048963856
237094,0.06949821
237103,0.0074425996
237116,0.037254646
237118,0.02380494
237126,0.105553836
237136,0.0232915
237144,0.13299929
237149,0.066932596
237150,0.15516804
237157,0.015147929
237158,0.02282938
237170,0.053820346
237171,0.016128497
237193,0.009198086
237196,0.038008183
237200,0.015304024
237248,0.09927198
237254,0.09752531
237256,0.031910628
237257,0.018186193
237267,0.015657334
237268,0.02103007
237269,0.011127741
237271,0.023624571
237280,0.03071357
237301,0.036158703
237304,0.15915708
237308,0.009859145
237311,0.074398085
237334,0.05060311
237338,0.20996563
237344,0.054119486
237361,0.012757692
237362,0.07116437
237368,0.24627888
237369,0.12821287
237371,0.083129704
237373,0.068013266
237377,0.032431394
237378,0.017771352
237383,0.08197573
237386,0.008201094
237392,0.023465637
237399,0.032384656
237408,0.033169527
237411,0.02965054
237414,0.039569426
237417,0.07883489
237424,0.089383356
237439,0.017407529
237457,0.040757857
237458,0.028905697
237459,0.018122053
237471,0.029236225
237474,0.08271179
237475,0.060553715
237476,0.04638415
237490,0.03193144
237491,0.03983889
237495,0.094746985
237501,0.05607034
237512,0.07130523
237516,0.011241223
237518,0.040130462
237528,0.056325383
237529,0.15327175
237537,0.18421641
237543,0.03416843
237547,0.03220836
237552,0.02895465
237563,0.061976276
237585,0.06994038
237598,0.0310908
237606,0.018986018
237624,0.106856994
237632,0.015916936
237635,0.040932897
237640,0.041302945
237642,0.06292566
237647,0.049398854
237648,0.08774387
237651,0.22528249
237657,0.043538157
237663,0.16113183
237692,0.08496876
237701,0.068181254
237715,0.019590747
237726,0.019993259
237728,0.08289851
237731,0.008308877
237732,0.065552734
237746,0.025901958
237759,0.027749375
237768,0.019609958
237772,0.29460913
237780,0.23812404
237787,0.105900295
237792,0.10161792
237804,0.20642246
237812,0.012563826
237815,0.062871486
237821,0.015499348
237827,0.025018265
237845,0.094532825
237862,0.015657108
237869,0.01938455
237872,0.060976002
237900,0.26460937
237909,0.025199825
237917,0.0221839
237921,0.010469046
237951,0.067259945
237952,0.09935456
237957,0.0064935684
237960,0.087475345
237963,0.049821995
237973,0.011476209
237984,0.037790436
237990,0.09582548
237997,0.06037992
237998,0.1657595
238025,0.10699801
238027,0.0103357155
238052,0.0118354
238053,0.05287711
238054,0.14618438
238065,0.011517333
238066,0.0187476
238075,0.29175967
238082,0.072858214
238087,0.04664878
238114,0.0138130905
238117,0.09646378
238127,0.08469163
238129,0.05298938
238133,0.036709987
238135,0.017838651
238152,0.06476924
238157,0.018720582
238163,0.010063266
238170,0.017827734
238176,0.032145306
238180,0.10601268
238195,0.027584188
238198,0.046132147
238199,0.015991816
238206,0.19366184
238218,0.028346922
238219,0.06029914
238222,0.027612839
238224,0.037527017
238230,0.05258914
238237,0.044857085
238238,0.044268303
238247,0.024378927
238254,0.05923
238256,0.00862165
238257,0.020572226
238270,0.14568101
238278,0.028501064
238279,0.056194
238282,0.022103718
238286,0.014654905
238293,0.12474203
238298,0.015173416
238299,0.0072248075
238306,0.18104762
238307,0.008779293
238308,0.04009883
238322,0.02121966
238327,0.05492138
238328,0.10699373
238330,0.01005986
238335,0.046473794
238347,0.073477075
238355,0.15598086
238356,0.12374514
238361,0.05651978
238367,0.05797294
238377,0.04022245
238413,0.009438098
238419,0.04475685
238436,0.020764261
238437,0.054962516
238443,0.012212595
238450,0.008104899
238452,0.018721845
238453,0.12650362
238454,0.22289169
238457,0.04930114
238467,0.06331015
238469,0.02232524
238470,0.016369857
238474,0.19925334
238478,0.16473593
238480,0.077116035
238492,0.013058084
238496,0.07015592
238500,0.026799545
238508,0.4107569
238512,0.024745174
238520,0.014245629
238540,0.054148562
238548,0.024561083
238549,0.015152274
238550,0.021814957
238563,0.01539459
238586,0.01934356
238607,0.03276633
238608,0.034606338
238615,0.023878312
238623,0.09723621
238627,0.016610855
238630,0.03689038
238635,0.078291625
238638,0.048454978
238642,0.0070711337
238646,0.07568061
238656,0.0413534
238665,0.03797469
238674,0.026871163
238687,0.035931457
238702,0.06812059
238703,0.02469675
238705,0.066240236
238712,0.3357451
238716,0.021495903
238717,0.047152746
238718,0.043413296
238747,0.053180777
238754,0.12738524
238767,0.057487648
238793,0.014579134
238794,0.19768107
238796,0.10962081
238806,0.023253808
238832,0.14501227
238833,0.025798347
238840,0.2533838
238850,0.010024941
238853,0.021069437
238855,0.026676618
238858,0.013711231
238867,0.27713993
238868,0.035317108
238869,0.13779375
238873,0.03602057
238879,0.06776497
238893,0.25548086
238903,0.020274598
238904,0.021592455
238906,0.13587376
238928,0.021532932
238933,0.05384369
238941,0.06681505
238945,0.033411738
238947,0.020820787
238954,0.01839129
238963,0.03892611
238986,0.08344028
239003,0.1646235
239018,0.04029617
239019,0.15380713
239020,0.14401071
239021,0.052923374
239031,0.0563842
239042,0.022841115
239051,0.015634855
239056,0.11664251
239058,0.030117974
239075,0.03747193
239078,0.01444682
239079,0.018552132
239081,0.0071197944
239082,0.18207791
239085,0.06782077
239100,0.03368459
239104,0.02524455
239120,0.042451516
239123,0.025315672
239140,0.325463
239144,0.017066266
239145,0.060700018
239146,0.054556623
239153,0.022619165
239155,0.012113161
239161,0.09201475
239168,0.08113658
239177,0.05780951
239180,0.045797314
239193,0.019748377
239199,0.02898781
239206,0.025942374
239207,0.03677697
239209,0.05410191
239221,0.12280352
239225,0.03154275
239227,0.033166047
239237,0.023890609
239249,0.011579232
239273,0.5514949
239282,0.010966841
239290,0.18686609
239298,0.020183105
239302,0.13102391
239307,0.24960014
239309,0.11946191
239314,0.054364264
239319,0.087013975
239328,0.0557571
239334,0.00827736
239343,0.032344177
239344,0.018247563
239356,0.026624948
239357,0.15201938
239428,0.02139092
239429,0.040381618
239453,0.009289382
239471,0.13112526
239479,0.033504013
239480,0.10369096
239485,0.025107171
239489,0.10499589
239518,0.23673627
239522,0.014349278
239525,0.06520963
239540,0.15695247
239567,0.02389385
239573,0.056668438
239574,0.059941117
239578,0.060606956
239587,0.026519973
239588,0.12976085
239597,0.054066494
239603,0.016701452
239612,0.085178375
239616,0.47406977
239617,0.06840222
239618,0.20932207
239631,0.23445667
239639,0.13257188
239644,0.0520439
239672,0.046831872
239680,0.091187
239685,0.020988533
239687,0.011418238
239715,0.060077205
239722,0.057886977
239733,0.021610785
239746,0.0074338485
239748,0.00674868
239760,0.20494017
239765,0.045054678
239766,0.092507854
239774,0.030660413
239775,0.015474515
239788,0.1989235
239795,0.06222379
239796,0.017290227
239801,0.041517925
239808,0.03690482
239816,0.006793823
239819,0.008063583
239825,0.049653705
239832,0.17843424
239840,0.0625494
239845,0.01800656
239853,0.02124426
239862,0.04951053
239867,0.10154558
239873,0.046836063
239884,0.033578854
239920,0.02183946
239924,0.1547914
239937,0.01816893
239938,0.018558893
239948,0.058532007
239951,0.024501704
239952,0.02721867
239996,0.02337422
239998,0.059165075
240013,0.028151158
240027,0.038163535
240028,0.01611783
240036,0.078295484
240041,0.10720926
240046,0.030434594
240063,0.025982171
240076,0.016681325
240082,0.10569115
240086,0.041198313
240087,0.018524136
240089,0.12794769
240090,0.01870491
240093,0.29787037
240110,0.110908724
240111,0.036512062
240113,0.0068921978
240117,0.029261962
240118,0.087343805
240120,0.033335768
240125,0.2545534
240130,0.0879879
240131,0.127
240133,0.021201262
240138,0.2781821
240149,0.13364403
240161,0.026606956
240177,0.18287355
240188,0.024814092
240197,0.0365419
240204,0.12481721
240215,0.057455953
240257,0.016995661
240266,0.03012837
240284,0.052796036
240296,0.061697986
240300,0.034965254
240312,0.006491149
240314,0.04805713
240320,0.019590331
240321,0.14074275
240337,0.039999913
240339,0.11475256
240341,0.05880993
240342,0.08366492
240346,0.0142987445
240348,0.07594988
240364,0.025000112
240378,0.040624343
240382,0.057547092
240387,0.027764149
240404,0.026754282
240409,0.021884922
240412,0.022126308
240413,0.15719831
240414,0.027791534
240415,0.016333258
240416,0.059023477
240427,0.019697292
240428,0.12147543
240438,0.08347973
240447,0.009765333
240489,0.29758206
240494,0.43543965
240495,0.033954646
240507,0.04198421
240526,0.11281919
240530,0.114329986
240531,0.16868058
240554,0.03766968
240559,0.08510909
240561,0.025147803
240577,0.032628343
240578,0.07061619
240585,0.06880034
240587,0.04606502
240594,0.04945945
240603,0.017749108
240615,0.014813699
240629,0.025784042
240631,0.016712487
240637,0.009315201
240646,0.16796774
240649,0.030903682
240657,0.039590925
240664,0.1480113
240665,0.46841848
240668,0.025007594
240670,0.17716229
240685,0.23163417
240689,0.14290877
240702,0.019340925
240707,0.029908748
240709,0.09171192
240712,0.081328176
240716,0.03972033
240717,0.038195565
240725,0.006416654
240733,0.017985005
240742,0.16165686
240744,0.028460348
240819,0.039964795
240820,0.012761025
240826,0.0533726
240836,0.2217092
240839,0.0069087083
240847,0.37031674
240859,0.150088
240866,0.28126743
240868,0.02678251
240875,0.036712065
240878,0.037234765
240888,0.010488253
240896,0.09361777
240897,0.024906691
240898,0.15648147
240899,0.16064835
240900,0.03602562
240901,0.10058044
240902,0.023068268
240903,0.06788568
240904,0.04199952
240910,0.032710575
240916,0.035808925
240921,0.050001234
240923,0.051110893
240929,0.06525355
240930,0.038846683
240931,0.010382893
240932,0.044978764
240938,0.09051028
240943,0.0333139
240948,0.015601326
240954,0.023912115
240972,0.027391162
240992,0.027549287
240993,0.112602815
240994,0.07573212
241018,0.027582826
241026,0.012359798
241031,0.10858007
241052,0.027637396
241060,0.042984504
241076,0.17952964
241113,0.038795464
241116,0.118858054
241118,0.044083964
241121,0.052325502
241130,0.08410674
241142,0.01135372
241146,0.024840932
241159,0.02403538
241160,0.022278845
241161,0.18066786
241163,0.16919076
241176,0.041378792
241187,0.022508686
241188,0.06224495
241191,0.07729289
241192,0.13936868
241198,0.18836495
241208,0.22026512
241210,0.023296282
241226,0.060608603
241244,0.03836704
241252,0.07878404
241254,0.01524812
241256,0.13545142
241264,0.08592193
241266,0.07657713
241267,0.15053208
241274,0.047293305
241279,0.020993693
241281,0.25967783
241284,0.016912095
241293,0.0151682915
241330,0.03643187
241333,0.014390441
241344,0.103894204
241348,0.14673272
241359,0.056676324
241362,0.099476434
241372,0.022556704
241377,0.00821952
241381,0.19573767
241390,0.0117022395
241395,0.0077953823
241397,0.012345785
241401,0.030376349
241402,0.20800574
241415,0.04951307
241417,0.041658185
241426,0.2460852
241432,0.027365513
241436,0.0068937615
241444,0.0135866
241447,0.16157843
241456,0.04111902
241457,0.022461427
241464,0.043867975
241465,0.12676053
241469,0.034191363
241479,0.025027337
241482,0.03433269
241488,0.15535952
241489,0.024038397
241507,0.05339683
241509,0.018351706
241511,0.011662418
241520,0.019263886
241523,0.016283901
241536,0.037514493
241545,0.18891166
241574,0.024156589
241577,0.19085634
241599,0.17342429
241608,0.04756773
241627,0.01665913
241631,0.020767104
241640,0.041602816
241642,0.037901215
241645,0.02964302
241647,0.011069017
241649,0.21203414
241654,0.37508273
241655,0.023572233
241657,0.06345671
241665,0.024082068
241671,0.045424048
241678,0.14763862
241683,0.019292854
241686,0.02441903
241699,0.019742513
241704,0.17180267
241706,0.030099394
241709,0.010163021
241718,0.027936092
241723,0.10142874
241729,0.020067304
241739,0.090916276
241741,0.057704132
241752,0.04595557
241756,0.022810306
241763,0.020475607
241779,0.056316793
241793,0.015062187
241797,0.03442613
241804,0.033627145
241813,0.017205171
241816,0.053821716
241817,0.07498893
241821,0.0060434956
241838,0.09781875
241839,0.042026237
241855,0.04138
241857,0.018502932
241887,0.008754708
241888,0.013347598
241899,0.12226988
241903,0.037186094
241908,0.09712026
241914,0.019828008
241919,0.034942873
241933,0.079060204
241943,0.008259094
241947,0.1162197
241957,0.058602598
241960,0.099974595
241961,0.027766358
241965,0.10406256
241971,0.037745945
241982,0.04056897
241990,0.03879126
242011,0.02321197
242022,0.018067656
242023,0.03863754
242025,0.20173106
242035,0.07816743
242037,0.15151893
242043,0.032119304
242067,0.018345723
242075,0.016560085
242077,0.0067727817
242088,0.09003836
242103,0.030213732
242125,0.030404828
242134,0.23240456
242143,0.05337377
242144,0.042393357
242148,0.03384445
242155,0.019000877
242163,0.011944352
242171,0.1115672
242182,0.07044904
242185,0.04541532
242188,0.07812074
242201,0.14893745
242203,0.020784948
242204,0.018969882
242208,0.19279352
242210,0.058684327
242217,0.08177679
242219,0.091187105
242222,0.09770666
242224,0.2870242
242229,0.07652898
242231,0.43514982
242236,0.23563632
242256,0.1065903
242264,0.018195016
242269,0.02324419
242280,0.17231475
242281,0.01872427
242285,0.11585718
242295,0.021714628
242302,0.14603993
242314,0.031739548
242319,0.08448154
242332,0.054858323
242338,0.013105547
242342,0.09823155
242343,0.10357758
242345,0.00968831
242354,0.026046835
242361,0.06683943
242365,0.06320788
242373,0.02036184
242378,0.035769157
242383,0.039429594
242385,0.06960985
242389,0.024253523
242397,0.13147485
242404,0.23950228
242406,0.07775569
242410,0.13537395
242436,0.029110506
242439,0.008311256
242440,0.28413606
242444,0.03714243
242445,0.13609703
242455,0.06211061
242477,0.066554435
242479,0.08563
242484,0.051549003
242491,0.058648113
242492,0.021363735
242497,0.040516086
242498,0.012985659
242499,0.30863518
242500,0.10695872
242501,0.036997177
242502,0.10930723
242516,0.062085748
242518,0.027365979
242523,0.051998988
242525,0.025732301
242537,0.03503739
242549,0.016112376
242550,0.037869122
242553,0.005087245
242554,0.017470762
242561,0.024224203
242566,0.2707352
242567,0.2156873
242587,0.040794764
242598,0.0842793
242609,0.27076778
242611,0.036087044
242614,0.05155085
242617,0.13605192
242622,0.09010652
242623,0.027534053
242629,0.024447413
242633,0.027930738
242636,0.08830507
242637,0.08428917
242642,0.082387656
242651,0.021933129
242655,0.024947831
242667,0.024434552
242668,0.022630272
242670,0.014403114
242681,0.029768601
242689,0.021361083
242690,0.40427268
242692,0.09971388
242693,0.03246983
242699,0.030847171
242706,0.024184797
242712,0.17410359
242714,0.039669186
242715,0.010293634
242721,0.040407073
242725,0.013943614
242728,0.050848432
242740,0.009437626
242741,0.018370979
242762,0.098158285
242766,0.041522026
242772,0.018762104
242779,0.02611979
242782,0.031207923
242795,0.098032504
242796,0.014706453
242800,0.014261598
242810,0.022889031
242816,0.047640555
242824,0.06897744
242829,0.13610882
242833,0.00712194
242837,0.05777616
242851,0.03827948
242857,0.076747105
242858,0.0319648
242860,0.04577082
242874,0.03895302
242876,0.05485627
242877,0.010074658
242879,0.0107873455
242890,0.13072084
242897,0.01489581
242898,0.02040623
242904,0.017226841
242916,0.006774482
242920,0.053454638
242924,0.073629215
242930,0.068699375
242936,0.071423545
242938,0.009742444
242951,0.09981396
242952,0.12561756
242956,0.02475806
242970,0.29422462
242972,0.012456265
242973,0.013146156
242975,0.012345858
242979,0.0832151
242985,0.021460718
242989,0.01219153
242994,0.19229108
242996,0.19829203
243004,0.13808544
243013,0.010409772
243015,0.04114571
243017,0.018781148
243022,0.014850134
243075,0.23314239
243077,0.014746576
243089,0.01081612
243096,0.036000833
243099,0.0108052455
243109,0.024246603
243110,0.055687565
243111,0.012101969
243112,0.05737801
243114,0.049514975
243124,0.1900847
243128,0.419578
243136,0.0309446
243143,0.03842216
243148,0.11201193
243151,0.016654246
243152,0.03742096
243163,0.03423357
243170,0.09883657
243173,0.016979508
243184,0.0317423
243187,0.07650904
243193,0.13061288
243206,0.105268195
243208,0.0078266645
243236,0.0131372195
243237,0.039625704
243241,0.029411254
243244,0.02471181
243251,0.072003
243256,0.027883722
243257,0.02258188
243263,0.045528755
243265,0.045987193
243276,0.03999876
243283,0.042371035
243287,0.008467153
243289,0.1833881
243291,0.007314949
243294,0.029962137
243299,0.26992345
243301,0.15342604
243302,0.18335646
243310,0.09408872
243313,0.21749316
243334,0.15713191
243335,0.050517127
243345,0.012846311
243353,0.014376307
243369,0.021981478
243371,0.08526921
243375,0.10245229
243383,0.22852941
243387,0.0054787463
243390,0.17454578
243398,0.009999445
243399,0.097838916
243401,0.009400534
243412,0.014492563
243430,0.022972068
243433,0.024192225
243440,0.04434813
243445,0.19525197
243475,0.07198506
243481,0.03340461
243501,0.18303083
243518,0.24482068
243528,0.017919917
243544,0.02575898
243550,0.027448596
243555,0.022307105
243558,0.102892734
243559,0.11978762
243569,0.06896344
243580,0.026831686
243581,0.012768468
243590,0.012497576
243611,0.02389956
243619,0.011531737
243643,0.0894755
243659,0.07470836
243664,0.025892362
243665,0.34177974
243679,0.027060341
243680,0.09677517
243681,0.041121837
243689,0.056937493
243699,0.14138268
243700,0.18406156
243703,0.05076588
243714,0.30259547
243734,0.01826211
243741,0.26711458
243747,0.041154914
243757,0.12138446
243764,0.2335747
243766,0.07558966
243770,0.031468302
243774,0.08420937
243777,0.015365037
243778,0.028890975
243783,0.06309693
243788,0.110617384
243801,0.053298313
243802,0.011741971
243805,0.31594276
243821,0.08480851
243828,0.037412524
243831,0.08757647
243838,0.26584744
243850,0.0140109975
243861,0.027143564
243871,0.13061711
243873,0.05563354
243874,0.060261663
243875,0.02190318
243891,0.089503214
243893,0.110604435
243900,0.039167155
243907,0.174352
243908,0.35369313
243916,0.085236594
243921,0.03953821
243943,0.028302593
243958,0.25539112
243963,0.24376501
243965,0.068724036
243968,0.023949595
243978,0.059565306
243993,0.02327268
243996,0.04054695
244004,0.22210456
244006,0.10869459
244045,0.069396675
244046,0.01735758
244047,0.05770971
244049,0.011434896
244051,0.10411315
244058,0.044722836
244093,0.0446244
244100,0.06684805
244102,0.10129225
244104,0.03162712
244108,0.030766942
244112,0.08277905
244114,0.06473166
244134,0.0559531
244136,0.03314568
244140,0.008996708
244151,0.007574549
244152,0.0703805
244164,0.1488609
244168,0.02514382
244173,0.022062147
244176,0.027524935
244179,0.0085282335
244189,0.07349325
244201,0.04548932
244205,0.12476361
244212,0.048154607
244216,0.012977
244226,0.05526653
244228,0.051700864
244238,0.035363376
244246,0.028721381
244252,0.037107754
244257,0.031995345
244266,0.08173566
244268,0.117598295
244280,0.10675704
244290,0.050685555
244294,0.19873542
244295,0.2033637
244296,0.11272755
244298,0.10795619
244307,0.093601525
244321,0.013602987
244322,0.031564422
244324,0.019759463
244335,0.027672183
244346,0.082710624
244364,0.02105803
244372,0.24050629
244377,0.14664376
244387,0.3657395
244388,0.17283635
244395,0.15695977
244396,0.011507294
244403,0.014589153
244416,0.05053214
244417,0.017056234
244420,0.044540193
244421,0.054219335
244428,0.03293775
244429,0.11967409
244432,0.13800472
244456,0.08874848
244460,0.049971566
244461,0.06055485
244464,0.012060677
244470,0.017531034
244475,0.09281012
244484,0.11574863
244487,0.014515388
244489,0.035256576
244498,0.07998812
244526,0.08427614
244529,0.21374093
244534,0.04286776
244536,0.058983877
244543,0.31382772
244545,0.031618673
244555,0.031689744
244560,0.13055883
244562,0.034760527
244570,0.12858927
244572,0.07750662
244574,0.074004345
244605,0.05920065
244612,0.060905017
244624,0.05883601
244631,0.010040852
244632,0.11286734
244643,0.007469535
244652,0.038907617
244666,0.012028148
244671,0.03712119
244672,0.025268823
244683,0.015886702
244690,0.06560791
244696,0.021088667
244703,0.014819557
244710,0.05416905
244713,0.03739152
244719,0.018034615
244724,0.079318546
244736,0.054958925
244763,0.101349644
244764,0.09706323
244765,0.2655356
244767,0.09846619
244772,0.05438593
244786,0.037821524
244789,0.016267393
244794,0.030007245
244799,0.009733561
244810,0.008718401
244815,0.023771314
244830,0.02805056
244848,0.04675598
244852,0.009866089
244866,0.019936621
244867,0.10068794
244874,0.07305058
244887,0.036594234
244891,0.04929148
244897,0.22252274
244898,0.01261164
244909,0.07595915
244910,0.13238463
244913,0.11204812
244925,0.056683995
244928,0.070356235
244932,0.029409338
244942,0.026452024
244943,0.079327606
244949,0.07675205
244954,0.009844341
244971,0.027100075
244973,0.25962883
244989,0.20251983
245001,0.04618409
245012,0.05508595
245026,0.32475907
245030,0.040941052
245036,0.029693376
245049,0.17903553
245057,0.019747283
245062,0.0876715
245063,0.03950196
245074,0.017427828
245076,0.033111487
245105,0.0625569
245106,0.025099427
245121,0.018512666
245124,0.038572542
245129,0.015317075
245133,0.046918243
245138,0.037989665
245150,0.11045342
245156,0.06772374
245157,0.07632727
245168,0.115869425
245170,0.020174537
245177,0.03787972
245178,0.025486201
245182,0.030152764
245208,0.067240044
245219,0.21698543
245221,0.014468886
245222,0.014345901
245224,0.030178063
245225,0.011233741
245233,0.06925731
245234,0.034864746
245244,0.04393643
245253,0.4234522
245260,0.0705207
245272,0.04982435
245281,0.02077183
245296,0.26440087
245297,0.17533386
245303,0.0069827996
245309,0.099210605
245313,0.012288484
245316,0.030441433
245328,0.015847191
245344,0.040380117
245351,0.031700596
245357,0.061801586
245367,0.0142337205
245369,0.2821725
245376,0.08128157
245381,0.028021345
245411,0.09797229
245426,0.03871679
245428,0.007787711
245430,0.1156337
245437,0.35195857
245443,0.027529411
245450,0.008677205
245452,0.0605361
245468,0.044513814
245481,0.017791266
245486,0.019169634
245496,0.05520738
245501,0.114184946
245502,0.06858427
245503,0.016449815
245564,0.2875465
245567,0.101481594
245568,0.19081734
245576,0.24851534
245577,0.02573723
245578,0.019255437
245595,0.019959938
245598,0.029597579
245604,0.018764647
245611,0.01576071
245615,0.11754948
245617,0.017568981
245627,0.055639
245659,0.019842114
245661,0.056178883
245681,0.032304373
245687,0.031498075
245697,0.051603805
245708,0.021948028
245713,0.024969451
245717,0.013861902
245720,0.03722415
245721,0.08207062
245724,0.015483875
245728,0.05328291
245738,0.024231978
245746,0.03924623
245747,0.045559593
245748,0.050981365
245766,0.022744205
245767,0.13006446
245784,0.04079358
245792,0.098599754
245802,0.25101063
245804,0.01941444
245815,0.019325277
245820,0.07661876
245830,0.034295768
245834,0.028845305
245836,0.03132424
245844,0.06549389
245853,0.02551473
245862,0.017504683
245863,0.07423224
245882,0.14520717
245892,0.018034477
245906,0.052663654
245913,0.02919865
245926,0.009920999
245932,0.026969612
245933,0.012037188
245934,0.051086746
245939,0.15180725
245948,0.10245749
245955,0.04234301
245957,0.007700376
245967,0.08417529
245979,0.026200244
245980,0.050765038
245989,0.033307616
245992,0.027598416
245994,0.10932674
246006,0.040685527
246010,0.0150589
246017,0.11524547
246041,0.031850252
246045,0.02425382
246053,0.068581685
246057,0.028205039
246059,0.042816207
246061,0.04130389
246079,0.009724094
246082,0.019046487
246089,0.020769453
246091,0.023986667
246102,0.019908674
246127,0.29078436
246134,0.020485265
246135,0.04588546
246138,0.3336784
246143,0.04604458
246146,0.068121
246148,0.031106832
246152,0.14519367
246155,0.036494784
246164,0.031266715
246171,0.12679075
246185,0.013980329
246192,0.17930034
246200,0.097643554
246208,0.019128555
246210,0.026919542
246213,0.052764945
246214,0.078550495
246229,0.02879839
246242,0.02217455
246250,0.09343176
246258,0.012903719
246267,0.17169532
246273,0.021891966
246287,0.024628377
246289,0.018773694
246290,0.061351776
246302,0.021652376
246303,0.02356063
246304,0.029865155
246312,0.10897234
246319,0.4218797
246321,0.039765105
246335,0.051214423
246337,0.03334809
246348,0.017828394
246358,0.035152487
246362,0.11941227
246369,0.0134692
246374,0.040420227
246382,0.10946672
246384,0.045024086
246386,0.29216492
246390,0.09412488
246396,0.018805454
246400,0.048757143
246401,0.017388515
246405,0.05145243
246415,0.13934235
246416,0.07274565
246418,0.1968685
246422,0.0076414756
246423,0.022501212
246426,0.12701258
246429,0.1694303
246432,0.049742717
246444,0.03536875
246448,0.07241378
246455,0.09223345
246469,0.07512443
246482,0.013806385
246488,0.01917593
246489,0.103304565
246491,0.027944013
246502,0.011353315
246516,0.030548532
246524,0.1397045
246525,0.09922887
246543,0.056287028
246550,0.13636829
246554,0.030301182
246558,0.005964069
246559,0.060718864
246560,0.062827766
246561,0.018438645
246562,0.03163497
246564,0.026155077
246585,0.28091228
246615,0.16013911
246618,0.02156507
246619,0.015471246
246621,0.10013148
246624,0.033297956
246625,0.012766096
246627,0.1261484
246628,0.029618464
246631,0.043664053
246633,0.086113214
246654,0.020471718
246660,0.03562722
246665,0.15353699
246669,0.059673093
246681,0.014665827
246700,0.21860518
246705,0.018068183
246708,0.058312546
246711,0.11730384
246724,0.066840045
246740,0.017571071
246744,0.054130413
246745,0.15187615
246746,0.036716267
246748,0.009291609
246752,0.13865155
246758,0.093988866
246762,0.022826131
246765,0.033737708
246786,0.04810854
246798,0.01967791
246807,0.04266204
246816,0.10627321
246820,0.021259578
246833,0.027278405
246835,0.5135321
246836,0.059871357
246845,0.033921883
246849,0.05620261
246857,0.08245273
246861,0.018417515
246871,0.0166032
246872,0.13182408
246877,0.013479967
246879,0.015060453
246894,0.2762601
246896,0.018071389
246905,0.038838796
246907,0.08139021
246928,0.011672902
246935,0.010465254
246939,0.035800368
246947,0.033961907
246951,0.028038276
246956,0.030194847
246972,0.082042634
246979,0.022620238
247003,0.017929515
247005,0.085267484
247006,0.07412155
247008,0.013688563
247014,0.07993974
247027,0.016834404
247032,0.06795511
247036,0.06957472
247080,0.079288915
247083,0.03557582
247086,0.03599865
247092,0.03262503
247098,0.049793854
247103,0.14143932
247105,0.024061853
247108,0.041743644
247118,0.14847171
247123,0.04521355
247129,0.054212093
247139,0.0785855
247147,0.05656289
247153,0.08031885
247157,0.038939744
247179,0.016979026
247190,0.06492997
247213,0.035695944
247220,0.033397555
247234,0.009955005
247260,0.018884646
247265,0.04075984
247269,0.14099222
247272,0.01715413
247277,0.02005281
247278,0.23629852
247280,0.029963851
247290,0.03942329
247296,0.024692839
247314,0.09064752
247316,0.089700796
247328,0.06931779
247332,0.029674405
247336,0.20620702
247340,0.08975992
247342,0.045978867
247347,0.044611443
247350,0.060354136
247351,0.021612734
247353,0.057218082
247354,0.024086824
247360,0.020295992
247371,0.035352
247378,0.01245467
247394,0.075805455
247402,0.022917315
247406,0.03377753
247409,0.020874873
247446,0.039576385
247453,0.021874344
247455,0.11083229
247463,0.014346637
247484,0.016086686
247485,0.0550572
247492,0.11279917
247497,0.06848332
247510,0.034491174
247521,0.079657756
247527,0.10683287
247534,0.14881004
247537,0.03051037
247558,0.06215391
247559,0.013897153
247560,0.095838085
247567,0.097944565
247572,0.07072734
247582,0.012863332
247583,0.19015755
247594,0.072567746
247595,0.012883284
247597,0.065836646
247598,0.035889555
247607,0.10280391
247619,0.13110225
247632,0.08760294
247638,0.041069068
247639,0.08116564
247646,0.038893953
247655,0.01358881
247660,0.028687403
247672,0.06450061
247677,0.015676161
247682,0.041747037
247685,0.15166163
247690,0.024008654
247701,0.011427378
247708,0.14819057
247715,0.033089753
247734,0.024096036
247758,0.035917383
247761,0.018127337
247763,0.019466624
247766,0.03659179
247774,0.012924999
247775,0.03538469
247779,0.028537154
247781,0.028555106
247783,0.082878076
247785,0.027638368
247787,0.016523307
247793,0.02271632
247798,0.04508352
247802,0.090646945
247805,0.020765524
247814,0.0055607995
247816,0.033186153
247834,0.01225285
247836,0.015199445
247844,0.17323203
247849,0.17081772
247852,0.0069969795
247859,0.02454298
247861,0.14928895
247867,0.037002925
247868,0.016662816
247883,0.019588655
247890,0.014057361
247892,0.28843814
247896,0.012842714
247897,0.018131169
247902,0.5080918
247904,0.033251457
247909,0.010193823
247910,0.031681463
247911,0.079071194
247929,0.029106775
247930,0.015088128
247935,0.011609127
247942,0.14552991
247950,0.024149787
247951,0.05444374
247972,0.079202294
247989,0.034483694
247993,0.09335751
247995,0.07729055
248012,0.028741408
248018,0.02590742
248019,0.08765339
248036,0.0068920916
248037,0.04957006
248039,0.020551153
248040,0.14392388
248043,0.06111141
248054,0.010013666
248056,0.016624562
248068,0.17693707
248075,0.08288477
248085,0.015753394
248087,0.047798228
248089,0.036966354
248095,0.012850184
248105,0.059317525
248109,0.07810593
248115,0.0229613
248131,0.18699354
248135,0.11008614
248148,0.048523977
248154,0.2217474
248156,0.06283527
248165,0.12675007
248169,0.029240474
248173,0.014059693
248179,0.017117476
248187,0.016752884
248204,0.015871812
248207,0.14403051
248210,0.088569075
248212,0.033260636
248214,0.01319506
248229,0.019512614
248236,0.049816497
248239,0.054044724
248240,0.19372211
248246,0.011523949
248249,0.037117086
248261,0.040610544
248267,0.02676312
248268,0.0409123
248272,0.019594809
248276,0.025706556
248293,0.083065026
248303,0.060606748
248307,0.05552515
248308,0.18429266
248327,0.05804485
248330,0.063191
248345,0.027936233
248355,0.017074825
248364,0.08654359
248368,0.1810847
248373,0.08062103
248375,0.17643869
248378,0.04014493
248390,0.01810499
248394,0.05069076
248405,0.011697626
248409,0.059160717
248411,0.01809886
248415,0.0683721
248416,0.013712501
248419,0.13238838
248421,0.016192112
248422,0.022164404
248424,0.018213347
248427,0.055608295
248429,0.19151226
248435,0.009273386
248452,0.03546524
248461,0.042659372
248467,0.014680263
248472,0.068927586
248473,0.027966531
248476,0.02615314
248488,0.3408254
248489,0.07247508
248505,0.019401979
248509,0.050869375
248510,0.096214525
248512,0.022701453
248524,0.3698005
248526,0.11204001
248528,0.021825504
248533,0.012463404
248546,0.037110068
248568,0.02489206
248570,0.033205822
248579,0.051026154
248583,0.057522494
248585,0.006077599
248586,0.034294795
248596,0.013642836
248597,0.1444114
248601,0.009602944
248605,0.035720658
248613,0.018507272
248618,0.033574052
248622,0.026921645
248626,0.005545539
248627,0.013864897
248628,0.012777809
248635,0.017335841
248636,0.01276402
248644,0.03305897
248667,0.099469826
248675,0.04476041
248677,0.033219073
248693,0.0658643
248694,0.070930704
248699,0.007429146
248706,0.13849626
248726,0.08510584
248728,0.019331161
248731,0.08071463
248736,0.37290582
248738,0.26160896
248739,0.025617555
248744,0.2246936
248745,0.07927762
248756,0.016955908
248760,0.07754276
248767,0.35690707
248770,0.023963392
248772,0.07516507
248773,0.018481866
248785,0.023748439
248789,0.022574391
248791,0.026952565
248797,0.03417057
248826,0.010129341
248853,0.027606856
248854,0.013568253
248856,0.04421045
248861,0.07099101
248869,0.08419643
248871,0.036357243
248877,0.029614894
248883,0.06193173
248891,0.014013249
248892,0.5006153
248905,0.029308513
248910,0.012912471
248914,0.041311648
248921,0.07129272
248931,0.10188675
248934,0.056419857
248951,0.04221868
248954,0.094299965
248961,0.017555865
248966,0.029511437
248968,0.30411237
248977,0.022567268
248978,0.043039158
248986,0.12900345
249000,0.0213853
249005,0.07149104
249025,0.0061570117
249040,0.052949414
249045,0.013384773
249056,0.0397782
249057,0.006461961
249075,0.03969378
249084,0.06510593
249089,0.103765406
249095,0.1832399
249101,0.09503745
249113,0.012710784
249116,0.021705162
249118,0.03330773
249137,0.08682463
249140,0.027018609
249149,0.11262304
249151,0.014658867
249154,0.031004876
249155,0.05751469
249171,0.019753838
249173,0.16177638
249190,0.018973868
249191,0.0161313
249197,0.05052294
249205,0.23133634
249212,0.08123839
249228,0.06479991
249235,0.07805958
249266,0.024371855
249269,0.017019102
249277,0.08528683
249298,0.027651027
249305,0.085214846
249310,0.01350741
249313,0.10469483
249320,0.06598689
249321,0.006798544
249332,0.012252994
249333,0.038693134
249339,0.08873163
249343,0.142847
249345,0.04273835
249347,0.053308968
249348,0.034577053
249358,0.00828898
249370,0.16074327
249382,0.1391487
249397,0.013548684
249398,0.10435709
249400,0.049946606
249403,0.2022821
249412,0.1557461
249421,0.13716707
249422,0.041851126
249426,0.027830686
249445,0.022337627
249460,0.02678249
249465,0.0072433976
249467,0.018577266
249481,0.09351792
249495,0.03207785
249496,0.07431178
249505,0.035208434
249507,0.011364945
249523,0.09033673
249528,0.025386062
249532,0.05374402
249534,0.074351326
249540,0.013172475
249542,0.08961296
249557,0.047793932
249559,0.26923415
249578,0.009448708
249581,0.008011373
249588,0.11847314
249595,0.017202783
249603,0.20987809
249615,0.016256616
249630,0.048943058
249636,0.026083283
249640,0.036847062
249648,0.015258487
249657,0.015475209
249661,0.015102953
249664,0.017243246
249668,0.106406614
249677,0.08142853
249681,0.067742355
249687,0.05465801
249688,0.067751706
249695,0.15704045
249703,0.03523311
249705,0.053424813
249718,0.16127455
249719,0.11606429
249720,0.051636353
249726,0.014611961
249728,0.06512974
249742,0.034404993
249764,0.07708219
249768,0.04535585
249770,0.0747021
249774,0.026926678
249779,0.05988608
249783,0.022590835
249801,0.46054643
249808,0.032359317
249818,0.012315567
249820,0.147084
249832,0.43613872
249839,0.022443345
249843,0.18981388
249845,0.044269938
249847,0.060762353
249878,0.1692884
249883,0.021900393
249895,0.11890756
249898,0.044164993
249906,0.18563323
249909,0.0120147355
249913,0.035023957
249920,0.23080133
249921,0.011487425
249928,0.12086139
249941,0.01859038
249951,0.011431759
249955,0.072193936
250020,0.034965694
250022,0.023415342
250026,0.036030024
250038,0.049768258
250045,0.1537223
250048,0.04292176
250049,0.01732099
250051,0.026060976
250056,0.18367921
250073,0.014111014
250085,0.009858502
250088,0.1224559
250091,0.034177944
250092,0.22460584
250093,0.016810698
250095,0.034484655
250098,0.09015003
250105,0.022248456
250114,0.3683682
250127,0.07269949
250134,0.119247526
250137,0.004965458
250153,0.05559058
250156,0.045285072
250176,0.06308448
250188,0.049697917
250189,0.036451712
250211,0.039687123
250212,0.1699737
250217,0.00731868
250226,0.042028762
250236,0.33098388
250237,0.09089755
250246,0.024089295
250270,0.0868775
250276,0.0637301
250299,0.049273722
250311,0.0064581297
250312,0.058126744
250319,0.066593066
250324,0.01514505
250331,0.014109815
250340,0.08067209
250347,0.019656144
250354,0.024756424
250358,0.055478554
250359,0.010379683
250361,0.24993046
250363,0.037951753
250371,0.1117834
250377,0.030851748
250381,0.04555179
250391,0.012647834
250415,0.015592888
250416,0.069762476
250430,0.22387083
250431,0.054863587
250438,0.07804942
250444,0.08806683
250453,0.047904577
250458,0.052836128
250462,0.21116944
250469,0.011459675
250473,0.041269906
250481,0.11232722
250498,0.10597937
250502,0.0956388
250508,0.13164645
250514,0.022047166
250521,0.034257956
250522,0.26895362
250530,0.013864503
250531,0.006332745
250533,0.009305134
250539,0.053109966
250541,0.025944445
250545,0.2491799
250557,0.25590107
250576,0.027676495
250579,0.012164722
250585,0.27646497
250586,0.023323467
250591,0.1216095
250592,0.035386328
250596,0.015217876
250616,0.014764065
250617,0.024580456
250632,0.24889804
250636,0.022689931
250640,0.08148404
250657,0.07324683
250658,0.07255313
250661,0.022812039
250684,0.086237736
250685,0.04861606
250691,0.110413715
250692,0.023674987
250712,0.010737808
250713,0.010968816
250719,0.056901798
250737,0.09941386
250749,0.014273513
250772,0.023636717
250773,0.19948307
250774,0.05180994
250781,0.19031417
250783,0.026144207
250810,0.079195604
250814,0.026510391
250819,0.028802052
250831,0.022116907
250855,0.019770697
250867,0.10605366
250878,0.02172153
250887,0.01637553
250889,0.012213416
250890,0.040056556
250900,0.110158205
250904,0.0442895
250909,0.040882904
250913,0.035202164
250914,0.01839545
250915,0.08952624
250918,0.07629792
250922,0.26315165
250925,0.082310155
250939,0.08866593
250949,0.012597626
250956,0.027748723
250961,0.038215853
250963,0.10145678
250965,0.14951667
250968,0.020456195
250970,0.023990834
250981,0.06340487
250990,0.023762532
251001,0.19492008
251002,0.016033866
251011,0.19639084
251013,0.014940189
251021,0.017726924
251022,0.017135162
251029,0.016400399
251046,0.014389906
251047,0.030324034
251058,0.0091482
251063,0.08649847
251064,0.044476718
251073,0.3957528
251083,0.057849836
251085,0.1248979
251091,0.14252369
251096,0.034921005
251105,0.46431416
251115,0.14953473
251123,0.017402448
251133,0.08480915
251152,0.0567637
251165,0.07312058
251180,0.049535315
251196,0.2315605
251197,0.096281916
251214,0.016509745
251215,0.28980082
251217,0.073414475
251219,0.01735539
251233,0.011707692
251234,0.15214027
251245,0.026840633
251248,0.1887099
251255,0.009099789
251267,0.0062628393
251272,0.024118995
251276,0.011694629
251288,0.030674161
251297,0.021675467
251298,0.089150205
251300,0.026779287
251301,0.062092412
251302,0.15353385
251303,0.08692609
251311,0.039323412
251314,0.025300547
251322,0.011839874
251324,0.06642311
251333,0.048464954
251336,0.1273542
251341,0.015572472
251346,0.019507686
251370,0.026456827
251378,0.04138124
251396,0.042996902
251401,0.046428666
251413,0.023248715
251422,0.014984298
251423,0.021319546
251434,0.108933985
251436,0.06074347
251443,0.055832263
251445,0.062368557
251455,0.02032283
251465,0.037817165
251470,0.032906257
251475,0.4141837
251488,0.018660236
251498,0.025876697
251504,0.05021041
251506,0.11984989
251530,0.089225575
251534,0.0554968
251538,0.11558559
251543,0.022642398
251557,0.0928746
251558,0.061553665
251567,0.012648493
251575,0.021240711
251579,0.042983554
251598,0.120911635
251599,0.04663825
251606,0.027900482
251608,0.02575481
251620,0.101805285
251624,0.022789087
251629,0.024790058
251631,0.053571515
251654,0.14472201
251671,0.015745807
251677,0.04919897
251682,0.050455414
251684,0.10518303
251689,0.09474601
251700,0.049590334
251716,0.02338298
251719,0.078859344
251727,0.019647658
251731,0.09630178
251732,0.025535176
251737,0.029415514
251744,0.031731453
251750,0.033029325
251754,0.23310944
251759,0.0069821756
251761,0.32858762
251762,0.11396619
251765,0.02825924
251768,0.054834355
251770,0.02156102
251777,0.022963285
251786,0.016806282
251795,0.10330421
251805,0.037064884
251833,0.18319306
251839,0.027085762
251848,0.19024746
251851,0.026316218
251893,0.015790723
251909,0.020445382
251918,0.036427796
251920,0.07539925
251922,0.18155587
251923,0.23030367
251926,0.07705912
251933,0.015001397
251938,0.13355958
251948,0.084968224
251955,0.038820487
251956,0.06859858
251957,0.009955926
251964,0.049704567
251965,0.046376083
251966,0.014091469
251972,0.02011082
251980,0.018579459
252003,0.01844354
252016,0.045533422
252028,0.09407145
252032,0.01552229
252046,0.00878427
252054,0.0048778
252060,0.10953294
252073,0.016698195
252088,0.018757211
252092,0.01127872
252096,0.17060019
252113,0.026720224
252115,0.0100435475
252121,0.0067025907
252133,0.10094403
252135,0.017568244
252145,0.06575178
252151,0.008927376
252167,0.036196887
252169,0.18476453
252175,0.19264701
252189,0.102664374
252190,0.14747234
252191,0.122133076
252198,0.050738864
252212,0.04975996
252223,0.052982632
252224,0.07070623
252228,0.15762831
252253,0.013094107
252257,0.092321046
252261,0.05010958
252265,0.024509273
252272,0.08878524
252273,0.13137902
252286,0.35436285
252312,0.009767875
252322,0.07708146
252326,0.10479486
252332,0.02505482
252345,0.031648878
252348,0.03537497
252354,0.034800358
252358,0.02910715
252364,0.057393502
252366,0.24089235
252369,0.06861639
252374,0.039720193
252382,0.047536485
252417,0.21284819
252425,0.15138924
252426,0.123876646
252429,0.028940454
252434,0.23250367
252447,0.027745131
252450,0.015858976
252452,0.15476212
252460,0.023579925
252463,0.06406972
252465,0.03910799
252492,0.07169366
252493,0.16899455
252518,0.07571821
252522,0.11785484
252524,0.020818282
252531,0.021024413
252533,0.108370855
252540,0.08576686
252543,0.029062327
252544,0.012886269
252555,0.030979091
252558,0.07931441
252562,0.018033383
252565,0.22369686
252568,0.009494618
252569,0.024033125
252573,0.04649526
252582,0.02173033
252596,0.046223335
252599,0.023003666
252603,0.022825383
252606,0.036563944
252630,0.014236592
252636,0.025228158
252651,0.046086658
252653,0.006021926
252679,0.26181716
252682,0.13145648
252687,0.15901901
252713,0.00984845
252715,0.0068476256
252721,0.24641803
252726,0.029285332
252746,0.116116874
252754,0.0071086586
252760,0.014727769
252762,0.4927911
252763,0.023343746
252764,0.106287934
252768,0.020384017
252773,0.04662289
252774,0.030897204
252782,0.092887565
252784,0.014227039
252797,0.026977528
252798,0.015956014
252809,0.08913937
252819,0.012096773
252840,0.04767055
252862,0.007026069
252863,0.14089096
252865,0.05787026
252870,0.03716585
252880,0.118848555
252881,0.066374734
252888,0.13306178
252889,0.07159172
252894,0.05167677
252899,0.041867666
252911,0.007973837
252918,0.004785953
252926,0.02491813
252929,0.05923357
252932,0.0593094
252939,0.03588292
252940,0.0295314
252970,0.008058421
252971,0.051183738
252980,0.080764964
252981,0.031030154
252986,0.015763126
252990,0.008659229
253004,0.06580099
253011,0.013949234
253015,0.010708188
253022,0.010937263
253032,0.016723745
253044,0.3613581
253056,0.01326032
253065,0.063430764
253066,0.043856494
253067,0.028828787
253079,0.03614194
253088,0.03161704
253098,0.07830562
253099,0.07048871
253112,0.021699311
253113,0.0608264
253133,0.07440311
253149,0.016441312
253151,0.02198006
253153,0.083548054
253160,0.021877138
253164,0.012802752
253169,0.114258945
253177,0.01032009
253183,0.10419314
253198,0.046635024
253206,0.061542287
253214,0.09415801
253218,0.03584386
253224,0.018326199
253227,0.0100634135
253231,0.018927133
253247,0.026242
253251,0.04925516
253262,0.062220886
253264,0.10272939
253265,0.09785341
253273,0.09019323
253275,0.025479957
253278,0.014155795
253284,0.09052469
253298,0.043777443
253313,0.14956963
253317,0.018239673
253322,0.13255857
253326,0.028828956
253332,0.16379964
253338,0.025028478
253339,0.0086939
253346,0.006107097
253348,0.12940292
253350,0.026208641
253357,0.038975634
253363,0.029510858
253365,0.008244876
253369,0.018478677
253373,0.11056565
253378,0.017960252
253383,0.0941083
253392,0.016266264
253395,0.03382506
253398,0.034915462
253410,0.18913089
253419,0.018466467
253420,0.09284416
253421,0.16601059
253441,0.05872231
253442,0.018996743
253446,0.014159247
253447,0.19610319
253465,0.029606353
253488,0.14233786
253492,0.017145697
253499,0.5379373
253500,0.14626761
253501,0.03662215
253509,0.018423378
253521,0.036250085
253534,0.013947264
253544,0.045462795
253555,0.041763
253557,0.10808761
253559,0.012348923
253583,0.11761141
253587,0.02785487
253589,0.04226377
253591,0.030843744
253596,0.012112066
253600,0.015390087
253605,0.014196156
253620,0.03647071
253628,0.014308813
253631,0.08620298
253634,0.015192212
253639,0.03177151
253641,0.12641795
253661,0.019943941
253672,0.06413784
253679,0.023090228
253683,0.053748287
253696,0.01317219
253706,0.018923398
253708,0.049122468
253712,0.019226085
253717,0.016838646
253720,0.029927108
253731,0.087856226
253734,0.042326156
253743,0.03140573
253744,0.06554934
253748,0.038872235
253754,0.19318035
253761,0.027672654
253787,0.11588011
253788,0.035881568
253796,0.20390731
253826,0.15534496
253829,0.104028694
253837,0.059443846
253841,0.20753103
253843,0.032645375
253844,0.037724677
253845,0.03531742
253849,0.12642872
253854,0.013048754
253861,0.0213318
253863,0.024567124
253875,0.073365115
253891,0.039831016
253894,0.077761166
253895,0.45275187
253918,0.18177542
253930,0.014863377
253939,0.081928626
253940,0.063356236
253945,0.117177434
253950,0.015733976
253951,0.00911017
253964,0.11962342
253967,0.025471618
253975,0.49139678
253986,0.01775004
253998,0.42574137
254017,0.060860965
254025,0.115881614
254026,0.01352583
254031,0.06345243
254035,0.047394127
254040,0.11447724
254042,0.02863001
254047,0.046610825
254051,0.15007927
254056,0.018585
254060,0.06198192
254068,0.026949076
254073,0.09178206
254088,0.024792597
254100,0.022544418
254110,0.0858252
254115,0.017210677
254116,0.32486352
254125,0.038687844
254130,0.01804584
254135,0.109339505
254149,0.03900543
254161,0.044045143
254167,0.03666778
254176,0.06238719
254205,0.012907379
254226,0.012491612
254228,0.09008913
254238,0.010646043
254242,0.07638182
254257,0.29713848
254261,0.02669764
254280,0.038354173
254295,0.02079343
254316,0.13175347
254325,0.29542297
254326,0.081658274
254327,0.020631263
254335,0.029694676
254342,0.06785567
254347,0.061362505
254355,0.06652701
254358,0.015326413
254359,0.016415007
254368,0.03859289
254376,0.046363715
254382,0.072225094
254383,0.11129041
254390,0.06531593
254392,0.08176558
254394,0.01394518
254400,0.005863378
254406,0.026499206
254411,0.029040314
254421,0.03024827
254435,0.11010692
254437,0.015239997
254440,0.009992598
254460,0.09881214
254470,0.018281396
254471,0.06399452
254472,0.007884325
254483,0.13445736
254493,0.026582483
254513,0.014783278
254518,0.16192436
254520,0.053021602
254534,0.08031423
254537,0.122416764
254562,0.028649045
254567,0.028099079
254577,0.06560921
254578,0.14452177
254580,0.17326686
254586,0.024113629
254591,0.05842401
254593,0.015413713
254597,0.32617578
254599,0.013062747
254613,0.019324511
254629,0.06005694
254631,0.03655933
254633,0.040900115
254639,0.034181792
254642,0.042104673
254650,0.08138058
254659,0.031235605
254662,0.052941572
254671,0.058409993
254672,0.01811269
254674,0.13709895
254676,0.119584225
254679,0.013022061
254701,0.05037142
254722,0.008556073
254728,0.022099815
254742,0.02701468
254748,0.0885676
254750,0.015415927
254751,0.039912462
254753,0.084410846
254773,0.16232347
254783,0.017527888
254805,0.057687163
254806,0.114260375
254810,0.034022413
254817,0.042647287
254820,0.021162253
254829,0.1287988
254835,0.013505471
254837,0.05411604
254843,0.032965515
254850,0.037338253
254858,0.034459796
254861,0.023801643
254884,0.019948885
254885,0.12092961
254890,0.015471464
254910,0.15026885
254916,0.04481528
254917,0.012848671
254920,0.013435634
254926,0.013095794
254928,0.03746834
254930,0.12531893
254937,0.14776155
254940,0.012788139
254953,0.16081846
254956,0.01198264
254969,0.051037148
254982,0.05862232
254988,0.04151855
254998,0.042983428
255013,0.12825592
255017,0.013140108
255018,0.027581928
255029,0.034555335
255033,0.3820239
255035,0.08101638
255061,0.14133945
255067,0.008351302
255068,0.02141577
255070,0.10180644
255084,0.019277882
255096,0.07423592
255106,0.0084228525
255114,0.039461423
255117,0.02644772
255135,0.10337927
255142,0.060579654
255143,0.02990307
255146,0.08781517
255155,0.018742334
255156,0.11377585
255158,0.026479205
255167,0.037409905
255172,0.017464994
255199,0.009714488
255204,0.03406861
255206,0.03283577
255210,0.033117197
255226,0.044621244
255230,0.030923452
255253,0.029184854
255259,0.034520805
255260,0.021111658
255278,0.04292646
255288,0.020728588
255312,0.059574228
255317,0.013314944
255319,0.03918229
255320,0.043531887
255322,0.03154545
255332,0.33618796
255337,0.04055057
255344,0.014586529
255347,0.06847943
255348,0.011528881
255351,0.033040956
255366,0.05026105
255371,0.016744977
255372,0.0081053255
255373,0.084241785
255377,0.06930999
255378,0.05408181
255405,0.09730425
255408,0.061562266
255425,0.07148954
255434,0.097022995
255441,0.025492564
255442,0.19659364
255451,0.14658414
255486,0.0136713665
255490,0.3497038
255493,0.017699953
255501,0.10951507
255503,0.028171904
255515,0.051154688
255522,0.048429295
255526,0.022619635
255538,0.14399843
255541,0.04493151
255546,0.143003
255549,0.006833477
255557,0.026597051
255564,0.19516768
255568,0.027959827
255572,0.037814807
255581,0.02361729
255585,0.009345405
255586,0.18309389
255596,0.14162298
255598,0.035589837
255600,0.0788104
255619,0.040836968
255620,0.009878735
255623,0.028482296
255631,0.06473283
255632,0.11102459
255633,0.044908416
255646,0.027305242
255647,0.03923015
255649,0.022169478
255659,0.04873482
255666,0.007962666
255669,0.040781505
255674,0.01427662
255675,0.019071044
255678,0.09249194
255682,0.21372388
255690,0.15579806
255691,0.014387815
255694,0.30373287
255706,0.027349174
255717,0.023284698
255720,0.015810106
255723,0.06168594
255724,0.10345735
255729,0.010625118
255731,0.064498305
255733,0.013860282
255734,0.07911678
255738,0.06385052
255760,0.0070219305
255766,0.020185532
255770,0.022219427
255772,0.01370331
255775,0.049348712
255776,0.017011888
255786,0.013618901
255795,0.016268153
255797,0.117281705
255810,0.025366316
255813,0.012487556
255829,0.03646201
255830,0.014812034
255832,0.018619452
255847,0.02642465
255853,0.09875426
255876,0.042426076
255881,0.011653937
255883,0.015730275
255891,0.09052497
255899,0.02234023
255900,0.09692744
255906,0.062232293
255907,0.12608694
255911,0.13009536
255921,0.055652887
255925,0.1523894
255930,0.19454259
255941,0.007381059
255948,0.014731709
255969,0.23142485
255973,0.14568178
255974,0.040866006
255976,0.08969012
255977,0.029233055
255978,0.02554869
255981,0.026126878
255988,0.028485287
255990,0.031947467
255992,0.1233107
255998,0.00701073
256015,0.09486291
256016,0.030042734
256036,0.08876854
256045,0.036824778
256050,0.048084132
256066,0.19666544
256076,0.084113464
256080,0.01559994
256083,0.13782303
256086,0.032955207
256103,0.05838862
256108,0.00870317
256114,0.025912514
256115,0.09665502
256139,0.03662619
256141,0.019535162
256146,0.020935941
256150,0.01678596
256177,0.03796633
256179,0.024427712
256194,0.060874842
256195,0.091606826
256200,0.0822313
256204,0.044485603
256205,0.13464515
256213,0.04464711
256222,0.02966077
256224,0.093436845
256235,0.10186433
256264,0.011213943
256268,0.03986242
256276,0.10327504
256277,0.020995358
256282,0.020054644
256285,0.013640185
256293,0.010881675
256294,0.045919828
256296,0.13187683
256297,0.013507171
256315,0.02710026
256317,0.024518382
256334,0.22973558
256339,0.018411484
256342,0.29820704
256345,0.040550217
256348,0.04746519
256350,0.07603963
256351,0.025423452
256357,0.0789134
256375,0.1459838
256377,0.05736971
256379,0.012626595
256392,0.005853099
256398,0.013766469
256419,0.06808747
256422,0.009736678
256424,0.019848209
256431,0.013714399
256432,0.026118513
256438,0.25419316
256459,0.015167522
256460,0.22622375
256506,0.19621897
256507,0.029424787
256511,0.02440795
256513,0.13539179
256519,0.0274227
256533,0.028425679
256539,0.09772915
256590,0.03561224
256606,0.2953766
256614,0.111205004
256642,0.0881312
256644,0.009124101
256653,0.050944887
256663,0.013831379
256666,0.051577494
256669,0.04800952
256678,0.016738959
256685,0.059059095
256705,0.025929455
256708,0.036489252
256713,0.037680596
256715,0.052272655
256718,0.06200065
256745,0.1021972
256752,0.022585979
256753,0.052029323
256754,0.019357903
256763,0.010463358
256772,0.05476416
256773,0.14912592
256774,0.29470074
256776,0.19762653
256783,0.06866236
256790,0.024079995
256801,0.35543746
256802,0.29427925
256803,0.10838742
256808,0.018393297
256809,0.06289505
256810,0.19615994
256818,0.07606242
256824,0.017625432
256825,0.030371157
256826,0.014274014
256829,0.019268692
256834,0.047452554
256843,0.30028522
256866,0.13019335
256875,0.019597216
256876,0.021680176
256887,0.03461628
256888,0.030779842
256894,0.043898985
256909,0.020174317
256918,0.23135428
256927,0.061800916
256931,0.018954052
256933,0.040787525
256937,0.110346645
256950,0.07241595
256955,0.015424605
256962,0.08083998
256972,0.009284828
256985,0.045870766
256987,0.10783408
256993,0.012867817
257000,0.13202952
257017,0.013382314
257019,0.07604818
257020,0.113076836
257022,0.023354948
257023,0.03839071
257025,0.0455438
257050,0.0569462
257056,0.014010702
257060,0.0622612
257064,0.019527713
257066,0.012370878
257071,0.09430878
257073,0.014343192
257076,0.0108958725
257084,0.045998733
257088,0.05311055
257102,0.04075045
257118,0.037355583
257119,0.06665453
257120,0.027140094
257131,0.045103826
257145,0.102476396
257150,0.024951627
257154,0.10135132
257169,0.09202643
257192,0.19845456
257200,0.019457642
257204,0.020861086
257205,0.079517595
257213,0.021904102
257216,0.031989038
257219,0.01646462
257232,0.080510564
257234,0.020854782
257244,0.07368774
257251,0.024914194
257255,0.050181538
257260,0.020585163
257263,0.14824605
257267,0.050961398
257277,0.03843528
257293,0.014927145
257294,0.05108349
257304,0.012283957
257307,0.010112427
257312,0.022146579
257324,0.06668217
257325,0.05500192
257326,0.0482648
257353,0.025501505
257354,0.014529639
257369,0.043701317
257372,0.02193841
257375,0.032405432
257388,0.0984616
257393,0.013055168
257395,0.023243222
257399,0.043985344
257406,0.015029587
257409,0.067803815
257437,0.072548546
257441,0.019887015
257442,0.060688496
257473,0.015069716
257476,0.054507907
257477,0.31827182
257483,0.1809212
257500,0.09466526
257506,0.097757414
257508,0.029289149
257511,0.18744594
257514,0.011079581
257527,0.4028341
257528,0.09071521
257545,0.045058753
257546,0.028005682
257548,0.018869286
257551,0.013932441
257564,0.114158675
257565,0.21318515
257567,0.07694719
257572,0.02576356
257575,0.08611471
257577,0.35148045
257578,0.01309612
257585,0.019178802
257589,0.1197678
257590,0.04082008
257594,0.028995007
257596,0.030370485
257614,0.10143312
257618,0.1373405
257624,0.21024013
257632,0.022061728
257638,0.033355076
257644,0.068073794
257650,0.05103916
257653,0.052777696
257660,0.20158572
257663,0.0389878
257665,0.099192165
257677,0.1469257
257678,0.022131853
257690,0.091955155
257700,0.05156335
257711,0.14674297
257712,0.10647878
257715,0.027643481
257718,0.010532932
257720,0.062003594
257740,0.1331274
257748,0.07726887
257765,0.07257376
257768,0.08947239
257777,0.023327356
257778,0.05983848
257785,0.09219719
257789,0.073649675
257794,0.02770307
257796,0.034306806
257821,0.022823747
257823,0.21543509
257832,0.054802373
257844,0.27344576
257848,0.09252277
257854,0.04464678
257861,0.30451795
257872,0.023287136
257875,0.03487958
257876,0.037465837
257883,0.015464681
257888,0.008439003
257895,0.048569635
257900,0.026474003
257906,0.00885532
257907,0.1623641
257920,0.19552648
257921,0.093927965
257926,0.030003885
257932,0.029154781
257940,0.015588064
257947,0.09164794
257953,0.15258248
257958,0.010327942
257967,0.11135044
257977,0.032696426
257986,0.017908236
258012,0.103139594
258013,0.06718692
258031,0.014942324
258034,0.01245094
258037,0.16735771
258051,0.104750134
258056,0.022218825
258058,0.051535763
258066,0.07840441
258074,0.052592497
258077,0.015636107
258090,0.11830904
258109,0.02499723
258114,0.013021482
258124,0.019701274
258127,0.16505846
258141,0.014192701
258148,0.029239953
258151,0.10875209
258163,0.015243042
258166,0.02571353
258169,0.023568466
258179,0.13206266
258190,0.08551686
258193,0.019726127
258207,0.27813473
258220,0.037062302
258222,0.044880524
258223,0.039167017
258225,0.007603569
258227,0.021018403
258231,0.08348801
258233,0.18040921
258249,0.005845866
258255,0.030014787
258259,0.017664935
258276,0.036107786
258281,0.26234907
258302,0.020403322
258305,0.11807242
258310,0.07018352
258334,0.10265344
258335,0.047962748
258338,0.0122702345
258345,0.016179428
258360,0.009627516
258363,0.04899559
258381,0.11050842
258384,0.05717569
258387,0.06183739
258400,0.064192474
258402,0.02304482
258406,0.14585333
258408,0.19506457
258432,0.007758314
258443,0.010500726
258461,0.01459297
258488,0.060458325
258489,0.044247814
258508,0.08384054
258524,0.006601912
258527,0.009204671
258545,0.00971161
258549,0.08808132
258560,0.23388377
258565,0.111373805
258567,0.028918853
258575,0.06735282
258590,0.019014534
258591,0.033945132
258592,0.043220196
258603,0.15342584
258606,0.02828701
258610,0.059459105
258627,0.05610714
258631,0.010069223
258637,0.10735338
258638,0.06749249
258640,0.17017512
258645,0.007408575
258651,0.05780993
258652,0.11977205
258653,0.026939012
258662,0.08750657
258663,0.01657156
258671,0.01626204
258679,0.015595116
258685,0.036869388
258686,0.18956593
258697,0.009868908
258705,0.2829638
258723,0.1329543
258724,0.04292093
258734,0.01194663
258763,0.051202938
258764,0.01794087
258771,0.026112836
258773,0.067733794
258782,0.09883049
258784,0.0075340625
258790,0.064632766
258811,0.030101255
258817,0.077813566
258818,0.046325736
258832,0.120883614
258837,0.43645784
258841,0.052984215
258842,0.025909714
258843,0.06774139
258860,0.0073520998
258875,0.029757297
258881,0.033060476
258887,0.005828924
258889,0.06058662
258924,0.11065048
258925,0.083444096
258948,0.033366807
258949,0.021329721
258963,0.08659923
258964,0.047959853
258966,0.29979458
258973,0.08486119
258974,0.00950659
258979,0.0935406
258989,0.04867304
258997,0.026027266
259001,0.061736878
259013,0.28020588
259018,0.01849751
259020,0.285484
259031,0.0799218
259044,0.114825875
259050,0.16200599
259064,0.035313733
259078,0.07640328
259088,0.25170103
259124,0.010855793
259125,0.056756657
259135,0.03709947
259137,0.09319317
259146,0.027657673
259148,0.14508897
259168,0.06498714
259178,0.03130116
259194,0.028034264
259198,0.02598626
259204,0.029828757
259209,0.012925855
259223,0.01362329
259228,0.029730175
259234,0.3753057
259237,0.020469235
259246,0.02697546
259247,0.007932305
259249,0.066859424
259264,0.0246411
259274,0.034231868
259281,0.13509612
259283,0.035045817
259284,0.039204918
259285,0.038289554
259286,0.010659241
259291,0.045268
259304,0.016745651
259309,0.024895087
259322,0.033694882
259323,0.14922965
259331,0.061418205
259339,0.021841107
259344,0.03206719
259350,0.08158352
259353,0.02927242
259356,0.02047123
259365,0.10665341
259377,0.106270775
259397,0.01805295
259403,0.0984722
259411,0.017326608
259415,0.024463477
259420,0.048651434
259423,0.12464425
259424,0.020951072
259431,0.03433199
259434,0.053782932
259438,0.046311334
259439,0.027036175
259441,0.010987589
259452,0.015043198
259460,0.065094426
259471,0.034309655
259483,0.05862512
259494,0.030705553
259496,0.04660512
259500,0.08723666
259512,0.015387838
259526,0.035623483
259528,0.06944689
259548,0.013326971
259568,0.082894795
259593,0.076576464
259603,0.046662647
259611,0.010342503
259620,0.067684636
259621,0.2450149
259623,0.05747846
259633,0.02653085
259648,0.023160823
259678,0.012824414
259691,0.006552367
259693,0.017067477
259708,0.061251413
259720,0.06773099
259734,0.021935087
259741,0.08402865
259749,0.027756978
259750,0.0067539345
259752,0.0065310295
259755,0.020366756
259759,0.04347976
259776,0.044048976
259779,0.047101673
259790,0.124595165
259797,0.017526709
259799,0.048633143
259804,0.045091525
259807,0.08240884
259810,0.13686647
259811,0.21370514
259822,0.013086286
259833,0.010903676
259838,0.0098496275
259844,0.1351701
259846,0.049725972
259848,0.017897405
259861,0.057069506
259867,0.014820531
259876,0.04704449
259880,0.015028074
259897,0.04542785
259908,0.16579008
259912,0.012003643
259920,0.08549888
259922,0.014593149
259928,0.08872777
259932,0.0059468895
259946,0.009066424
259962,0.067735404
259982,0.01925147
259985,0.008477817
259994,0.08307689
259996,0.1323781
260000,0.021991145
260007,0.3246356
260018,0.10350609
260021,0.09330557
260038,0.017824665
260051,0.21835782
260052,0.014011647
260070,0.027670009
260074,0.028698238
260080,0.056909125
260092,0.032468595
260097,0.01025985
260101,0.006140611
260108,0.018045163
260117,0.047374863
260129,0.021175532
260142,0.019963033
260145,0.024925902
260146,0.06687228
260147,0.08055558
260148,0.2863014
260153,0.017317858
260156,0.022050355
260171,0.036186114
260202,0.008864941
260221,0.071825236
260222,0.09945894
260226,0.082112275
260227,0.091355346
260247,0.023207884
260251,0.016946755
260261,0.008858413
260264,0.024923807
260266,0.026489694
260268,0.033219624
260289,0.034077685
260301,0.055926837
260316,0.042595167
260348,0.022812432
260359,0.088733755
260364,0.11753253
260391,0.083573185
260422,0.06235519
260435,0.017271131
260438,0.14675668
260446,0.014808089
260447,0.2638993
260458,0.04800238
260461,0.19971207
260469,0.055211563
260471,0.052908026
260482,0.15547416
260484,0.020555073
260487,0.15642248
260489,0.046853565
260500,0.1382758
260508,0.03216784
260509,0.062142566
260512,0.07955309
260525,0.02128895
260530,0.05788868
260533,0.024054153
260538,0.15900221
260541,0.35220522
260546,0.0490304
260551,0.00800962
260556,0.1056359
260561,0.017240379
260566,0.013215797
260572,0.037867457
260579,0.2358307
260582,0.20904157
260583,0.03879804
260584,0.07252039
260586,0.065344475
260589,0.059275128
260608,0.100522555
260632,0.013273263
260634,0.012885174
260635,0.07564759
260645,0.053756822
260659,0.04222814
260665,0.072084084
260673,0.0674648
260675,0.19069244
260676,0.036303297
260700,0.27712613
260721,0.3110686
260723,0.12801585
260732,0.009561307
260738,0.012508243
260748,0.06263721
260782,0.11722677
260806,0.030345533
260820,0.0500904
260825,0.11462988
260830,0.024188815
260844,0.08482706
260858,0.056911904
260860,0.04447888
260863,0.08275652
260867,0.011322632
260875,0.031454798
260877,0.2421329
260902,0.17144138
260910,0.023646537
260913,0.025464674
260923,0.03417585
260926,0.18555138
260936,0.022311442
260937,0.2590621
260948,0.067797124
260949,0.042771555
260959,0.0578104
260962,0.32875875
260986,0.052979972
260988,0.021351792
260992,0.09226379
260997,0.028805668
261007,0.071797505
261031,0.016129116
261039,0.05876664
261044,0.021299338
261055,0.051223714
261058,0.067760825
261069,0.029983215
261079,0.039627664
261084,0.0075130733
261097,0.08479033
261101,0.017264307
261111,0.11674267
261115,0.018984672
261116,0.15206562
261121,0.010596182
261124,0.11761412
261126,0.019972399
261132,0.011672716
261161,0.018033082
261162,0.027116546
261175,0.033502392
261187,0.03764548
261191,0.04875794
261195,0.012241978
261197,0.100473605
261204,0.050356034
261231,0.009761539
261248,0.018847916
261263,0.019187411
261268,0.14870663
261273,0.0693545
261274,0.02435508
261277,0.122972555
261283,0.013201134
261293,0.058548797
261302,0.31934813
261309,0.030974617
261318,0.0260588
261340,0.08136317
261346,0.01274819
261355,0.024357108
261357,0.024554586
261365,0.03707872
261366,0.1558919
261376,0.03360891
261380,0.072647035
261385,0.3957363
261403,0.031341787
261416,0.19368513
261424,0.071365654
261425,0.038191378
261431,0.0085730115
261433,0.017136421
261435,0.08472622
261440,0.05484774
261450,0.0077684615
261456,0.15218197
261464,0.18113415
261465,0.043264933
261473,0.015137483
261475,0.059365083
261476,0.046836894
261480,0.020206094
261481,0.028240707
261495,0.020778084
261500,0.019210571
261506,0.012329735
261544,0.01592609
261551,0.009036222
261566,0.12877709
261573,0.17316316
261587,0.02634697
261592,0.025673274
261594,0.0073863026
261626,0.013287373
261635,0.017239932
261649,0.009769017
261653,0.019568577
261660,0.06977526
261668,0.037844826
261669,0.031592377
261676,0.015699865
261688,0.027870195
261691,0.027744167
261699,0.013605954
261704,0.10477937
261718,0.19071555
261719,0.022331111
261735,0.022150306
261742,0.012191424
261746,0.113271296
261749,0.03286639
261759,0.09488906
261763,0.033231366
261772,0.015364394
261795,0.04162162
261798,0.0319018
261804,0.01160582
261806,0.031218551
261813,0.18721879
261814,0.05500445
261827,0.0113962805
261835,0.008720636
261839,0.08871728
261840,0.06292494
261845,0.018715894
261846,0.010678861
261850,0.017462077
261853,0.021919414
261870,0.22190155
261871,0.02116497
261883,0.21396662
261885,0.021722224
261888,0.062133327
261892,0.008877773
261895,0.027468959
261906,0.043019716
261912,0.27321717
261918,0.012362789
261926,0.02661914
261930,0.0072130333
261947,0.02789352
261956,0.04056708
261958,0.08751343
261960,0.08830842
261961,0.19400944
261965,0.039404884
261967,0.32352555
261968,0.015048649
261974,0.059866566
261980,0.08590055
261981,0.06396765
261983,0.03600187
261992,0.06832085
261998,0.076587394
262002,0.040709056
262006,0.038917437
262014,0.011425902
262017,0.031007543
262021,0.35176292
262038,0.086950846
262040,0.03540609
262043,0.016005531
262052,0.058655746
262054,0.013127696
262056,0.01995004
262058,0.02647212
262062,0.2973255
262065,0.11831514
262067,0.023555648
262070,0.066646844
262078,0.015225697
262084,0.039382182
262091,0.5134011
262092,0.09836936
262112,0.062131625
262114,0.01704646
262132,0.020284358
262140,0.23504554
262152,0.08187756
262159,0.029075027
262172,0.050419167
262180,0.020140102
262181,0.03495013
262188,0.30473042
262202,0.013295339
262206,0.011866609
262213,0.08846347
262227,0.09376512
262239,0.0443193
262243,0.017185522
262246,0.024947995
262251,0.027914453
262269,0.0058004134
262272,0.05084487
262276,0.042209595
262277,0.034471076
262278,0.07888239
262281,0.012769156
262298,0.013736481
262308,0.012860261
262316,0.01154051
262320,0.004499509
262321,0.2157487
262337,0.08528119
262354,0.1459831
262362,0.024312474
262364,0.030390326
262365,0.019184778
262372,0.039879493
262373,0.08350186
262380,0.056058273
262392,0.08518058
262399,0.038880445
262407,0.11966358
262418,0.10687795
262429,0.04606568
262430,0.006448271
262446,0.14607401
262455,0.007988188
262459,0.05008857
262475,0.031290688
262478,0.11923429
262492,0.03143202
262520,0.017097633
262535,0.1328389
262537,0.01343471
262538,0.05478075
262541,0.006720002
262554,0.3643947
262559,0.026813798
262561,0.08140237
262562,0.031426426
262575,0.1321499
262576,0.050901942
262579,0.017768908
262581,0.4878719
262590,0.086818695
262599,0.02780234
262607,0.038185544
262608,0.03250297
262613,0.040111557
262620,0.13109884
262621,0.33453858
262622,0.009967844
262623,0.22135516
262629,0.013675838
262633,0.03618609
262650,0.010091865
262655,0.07242611
262659,0.06298752
262660,0.07806324
262663,0.11352715
262665,0.044948764
262666,0.025471784
262679,0.08232981
262681,0.16635978
262702,0.02317367
262705,0.03958575
262716,0.039097823
262725,0.14397454
262732,0.023859872
262743,0.012391299
262749,0.075605445
262752,0.12955134
262756,0.04680381
262758,0.106577024
262772,0.106807
262784,0.073353864
262791,0.029617535
262793,0.19185472
262802,0.11192016
262814,0.3283108
262817,0.02660048
262820,0.020290747
262827,0.04778178
262832,0.013817145
262845,0.014853738
262847,0.028989092
262859,0.067231275
262862,0.2821498
262864,0.033100657
262865,0.10734594
262887,0.009890239
262914,0.022981636
262939,0.044800885
262943,0.1389345
262958,0.08045116
262963,0.07481383
262970,0.025999049
262979,0.11427232
262986,0.07682038
263004,0.020801619
263015,0.013472415
263016,0.039438702
263028,0.05381383
263029,0.2066929
263031,0.0315494
263044,0.050186038
263046,0.034393422
263056,0.07888977
263059,0.022409929
263061,0.24009643
263077,0.054410577
263087,0.019448325
263105,0.12209893
263116,0.16316596
263120,0.022071037
263127,0.5267751
263137,0.07209169
263166,0.019961622
263175,0.074254
263184,0.06417401
263185,0.032604247
263205,0.027060498
263208,0.02054833
263210,0.27168134
263220,0.04039543
263224,0.10604603
263228,0.026712138
263240,0.019248698
263243,0.138842
263288,0.032125354
263290,0.04888945
263306,0.0177244
263312,0.01268393
263319,0.01743107
263326,0.01092413
263331,0.019065661
263339,0.08821261
263347,0.01977708
263353,0.04831927
263355,0.04563149
263368,0.112728685
263408,0.024994723
263414,0.026774954
263421,0.025074666
263440,0.01627357
263458,0.026374983
263460,0.03894081
263475,0.040835395
263477,0.04131183
263479,0.089518405
263489,0.1454406
263492,0.0979138
263493,0.033853136
263498,0.07423413
263510,0.04078512
263513,0.07664715
263514,0.016121447
263517,0.103132725
263518,0.0133462725
263548,0.016468653
263561,0.03831984
263564,0.027409643
263565,0.10699596
263576,0.007228986
263580,0.15908651
263582,0.011695905
263584,0.014909105
263593,0.23088773
263594,0.06321442
263598,0.035047386
263602,0.053228706
263611,0.015006983
263640,0.2832685
263642,0.04261901
263643,0.042344134
263646,0.02914142
263658,0.028185684
263664,0.022186123
263683,0.010087648
263703,0.09983694
263705,0.051626556
263709,0.011301612
263715,0.005705637
263728,0.034626007
263732,0.0480946
263735,0.064705744
263748,0.11131616
263750,0.023260308
263751,0.054065384
263759,0.0330557
263763,0.013444761
263765,0.01848222
263780,0.018812923
263783,0.027281344
263786,0.09425115
263794,0.042154457
263799,0.009299258
263802,0.05705326
263803,0.046569996
263820,0.18679082
263846,0.14254962
263857,0.014358105
263858,0.014337045
263860,0.06783236
263864,0.057026673
263870,0.0095315
263879,0.018617563
263881,0.026359519
263882,0.018631957
263895,0.037276916
263909,0.23609747
263918,0.101468116
263940,0.05163626
263945,0.009031785
263946,0.104576804
263947,0.024226803
263948,0.024789235
263962,0.15803201
263972,0.13165927
263974,0.00776612
263981,0.009642022
263984,0.046219375
263992,0.2935775
264001,0.01672123
264007,0.083984494
264010,0.009610603
264011,0.2250031
264015,0.0068497574
264023,0.07875154
264030,0.0955751
264033,0.02294118
264037,0.029512353
264043,0.037453536
264044,0.033214323
264045,0.24773368
264050,0.008342594
264055,0.04172987
264059,0.012719516
264060,0.2024895
264062,0.063250534
264069,0.032007683
264077,0.02531752
264078,0.036007654
264087,0.019234123
264094,0.10288616
264095,0.18648055
264112,0.07709037
264113,0.073455244
264131,0.016685912
264145,0.010716241
264148,0.023480145
264157,0.122580916
264161,0.022739729
264173,0.18568857
264188,0.013185186
264195,0.10224943
264198,0.1326126
264199,0.018175831
264207,0.025095176
264209,0.020040717
264226,0.009829346
264227,0.10646781
264243,0.12802427
264246,0.3006908
264252,0.011450006
264254,0.06831904
264259,0.03843447
264274,0.02164425
264280,0.19573514
264285,0.024045309
264299,0.044117644
264331,0.011823507
264334,0.008367176
264338,0.019419987
264341,0.008901755
264344,0.12757216
264347,0.32892296
264350,0.04687985
264360,0.013686305
264365,0.042970844
264367,0.03379324
264378,0.055304535
264381,0.13620204
264397,0.040247925
264401,0.12177563
264405,0.025843954
264417,0.071425445
264422,0.026121493
264423,0.083474666
264424,0.008043898
264436,0.2553225
264441,0.01864103
264451,0.02854938
264453,0.042310506
264457,0.023318369
264460,0.02645781
264464,0.067427605
264469,0.11028179
264485,0.012005752
264491,0.02941716
264505,0.04722348
264535,0.07318642
264538,0.082454
264541,0.015221513
264544,0.013834353
264545,0.076486506
264549,0.098326035
264557,0.14615332
264563,0.06872673
264569,0.008791324
264574,0.114051
264587,0.06862497
264608,0.038075693
264610,0.14360143
264621,0.019354075
264627,0.041871034
264642,0.055893455
264644,0.014076664
264655,0.034552164
264660,0.06943486
264667,0.099187315
264691,0.053807076
264694,0.1387211
264695,0.018033743
264700,0.026998665
264709,0.011108856
264712,0.048853286
264714,0.024231885
264722,0.029471
264728,0.023208823
264742,0.04293234
264744,0.023914374
264748,0.029465953
264760,0.04632205
264763,0.238139
264771,0.034524046
264773,0.055261895
264782,0.10639492
264786,0.079903014
264787,0.035862528
264809,0.0278414
264811,0.043408137
264822,0.048204288
264823,0.08235267
264831,0.033122353
264834,0.11133355
264841,0.02969179
264848,0.10827545
264849,0.10711717
264863,0.31414825
264867,0.02748163
264874,0.12514831
264875,0.011700145
264877,0.050886665
264897,0.11931167
264900,0.15091738
264906,0.02005727
264909,0.123023815
264913,0.014536884
264922,0.02852663
264924,0.034549996
264927,0.095467255
264935,0.018519524
264938,0.38322616
264968,0.028212037
264975,0.0770423
264979,0.0070109926
264989,0.03437898
265001,0.0577621
265009,0.13118017
265014,0.036800224
265016,0.025270477
265027,0.28021163
265049,0.03221835
265061,0.21369036
265062,0.017997075
265068,0.020514589
265072,0.13886166
265100,0.03707621
265105,0.026166668
265106,0.040967245
265110,0.017247422
265123,0.033174053
265126,0.2451942
265131,0.0914013
265134,0.024968958
265144,0.019865084
265146,0.15734397
265154,0.058023818
265164,0.05382155
265170,0.056250587
265172,0.012971072
265173,0.016745314
265178,0.037918802
265187,0.10772861
265191,0.05689016
265194,0.33697718
265216,0.021426955
265228,0.017641429
265231,0.009678009
265232,0.041321874
265233,0.038495366
265242,0.047037214
265243,0.033551276
265246,0.03316163
265259,0.1906623
265265,0.47470134
265266,0.021375693
265268,0.14933866
265280,0.021718176
265287,0.008457781
265297,0.025820022
265298,0.0953591
265300,0.036661465
265301,0.05429295
265305,0.13508339
265307,0.025237298
265314,0.03434141
265320,0.017602442
265331,0.069216
265333,0.11819855
265336,0.017352711
265337,0.10504905
265344,0.041167837
265346,0.007256306
265371,0.014511012
265380,0.07103026
265386,0.022049285
265389,0.026949357
265409,0.13763858
265414,0.018690953
265415,0.019268768
265419,0.0162097
265422,0.028017301
265457,0.04800943
265461,0.05225978
265463,0.05269158
265468,0.16136031
265474,0.105462
265478,0.0129162995
265480,0.3142877
265488,0.06795585
265493,0.04232614
265510,0.06126156
265519,0.106216826
265521,0.1969757
265529,0.035799194
265533,0.16963124
265577,0.027735334
265591,0.024794191
265596,0.25868547
265607,0.015217516
265618,0.039324164
265619,0.018491048
265620,0.010407126
265628,0.07869254
265661,0.025401657
265669,0.025240693
265680,0.07420611
265707,0.16939364
265714,0.0495837
265716,0.012421467
265717,0.2003515
265718,0.05116433
265723,0.121420816
265730,0.06971721
265732,0.02291068
265744,0.19534951
265751,0.09158689
265760,0.09524779
265777,0.052456286
265783,0.08256489
265791,0.07540515
265792,0.030851629
265797,0.046640694
265798,0.017044835
265806,0.025517555
265815,0.035944078
265816,0.25244376
265821,0.015675617
265833,0.010581459
265854,0.013425335
265856,0.05406232
265858,0.016496053
265862,0.18397732
265863,0.03359661
265879,0.034588058
265881,0.016266655
265894,0.07223596
265895,0.6656395
265896,0.04949859
265898,0.07288888
265900,0.060383867
265907,0.013191297
265910,0.08384672
265917,0.03461769
265941,0.07601428
265955,0.038782332
265957,0.05853658
265961,0.027675264
265966,0.021509968
265969,0.11507296
265974,0.12725374
265976,0.028172376
265979,0.18196273
265985,0.039214615
265988,0.034406606
265990,0.056944814
265991,0.06873307
265993,0.026238183
265995,0.15847923
266009,0.041354172
266010,0.035530634
266014,0.18551421
266020,0.15235986
266022,0.07081138
266029,0.095152825
266045,0.0263334
266057,0.2765531
266060,0.23217525
266065,0.021747345
266071,0.024298094
266072,0.012288327
266074,0.012815295
266076,0.022930754
266089,0.0256675
266091,0.015662052
266097,0.04546163
266099,0.03994544
266106,0.10048114
266117,0.03182427
266120,0.109002426
266129,0.027756717
266132,0.048717424
266139,0.16207913
266140,0.052903816
266141,0.038823463
266146,0.27150756
266149,0.012336741
266159,0.029399503
266165,0.011500558
266171,0.106540486
266173,0.032515176
266177,0.11160735
266179,0.05056741
266186,0.0082338825
266210,0.18264925
266227,0.02977512
266266,0.027320314
266291,0.02614998
266319,0.16842717
266321,0.022281788
266323,0.0114682475
266329,0.022718992
266331,0.051887896
266333,0.22954395
266334,0.07725039
266338,0.030178392
266340,0.040789034
266344,0.28113568
266354,0.018609736
266359,0.05569636
266362,0.049378376
266364,0.034139965
266365,0.0642791
266379,0.02039466
266380,0.12441322
266387,0.012758659
266393,0.022964567
266396,0.015646158
266406,0.018830366
266418,0.07159314
266424,0.013215073
266440,0.05456615
266442,0.02306905
266444,0.06730407
266453,0.07740415
266455,0.03289595
266461,0.041731678
266462,0.011730431
266465,0.027822187
266466,0.09076612
266468,0.47130588
266471,0.06866637
266479,0.016277386
266499,0.1654482
266536,0.15673837
266543,0.023079228
266544,0.049060337
266556,0.04080655
266561,0.018763693
266573,0.05133885
266578,0.08920891
266590,0.117585555
266596,0.11073557
266624,0.13193165
266629,0.018537547
266635,0.012721944
266644,0.007008695
266650,0.050964095
266659,0.08071808
266666,0.03104225
266668,0.03468188
266674,0.17218854
266680,0.042297497
266686,0.21183898
266714,0.025391363
266730,0.028342288
266734,0.075183816
266740,0.28660476
266745,0.018592786
266749,0.09361313
266750,0.01698557
266751,0.033232052
266752,0.08265593
266753,0.015717926
266759,0.13964446
266763,0.026167898
266766,0.019148711
266783,0.039074942
266805,0.01119521
266812,0.011533877
266813,0.13850737
266816,0.07498155
266819,0.05591911
266820,0.26925704
266833,0.054704398
266842,0.044630084
266847,0.037173323
266848,0.015666714
266865,0.16898961
266867,0.13659541
266874,0.048935764
266885,0.052888673
266888,0.014075599
266890,0.12708989
266932,0.027215939
266941,0.0945356
266942,0.037202604
266948,0.015719222
266959,0.011110896
266977,0.035347782
266983,0.028979173
266984,0.05901941
266999,0.18800923
267000,0.10863143
267023,0.12567952
267031,0.08542424
267035,0.019880561
267046,0.033878185
267050,0.017815271
267058,0.04344239
267070,0.033650003
267079,0.07206461
267080,0.018889146
267093,0.06995217
267094,0.031251702
267102,0.0306215
267107,0.023525607
267108,0.026755191
267113,0.027527537
267127,0.032895453
267136,0.04307085
267143,0.00959098
267155,0.21635872
267180,0.013594091
267182,0.015596905
267184,0.023503983
267192,0.03200026
267195,0.15736794
267220,0.027522098
267228,0.013632869
267237,0.08788732
267241,0.07455781
267242,0.21519059
267247,0.055041265
267259,0.054125812
267260,0.22117704
267265,0.040509596
267269,0.27840397
267272,0.052544527
267275,0.010520124
267282,0.18136655
267284,0.34029707
267294,0.033137962
267298,0.012978518
267304,0.1305673
267316,0.09004283
267324,0.03049166
267327,0.016853247
267333,0.017688587
267338,0.019495983
267341,0.07836044
267342,0.040465485
267344,0.061901085
267345,0.12811613
267347,0.0069776205
267361,0.10785204
267374,0.023749685
267379,0.03758709
267380,0.0197903
267382,0.048066664
267394,0.037294075
267403,0.16737907
267405,0.07801959
267412,0.02458772
267421,0.14899017
267437,0.034472268
267438,0.02619377
267443,0.012342556
267446,0.019469755
267460,0.16740084
267466,0.14614268
267469,0.016828202
267474,0.029433487
267488,0.036902674
267490,0.016666822
267496,0.24008758
267499,0.085490964
267501,0.050178077
267518,0.06516427
267522,0.28477663
267524,0.029529968
267532,0.053007457
267535,0.24683343
267547,0.017425722
267550,0.015293371
267559,0.09932089
267581,0.04526999
267586,0.060341246
267588,0.20794138
267592,0.029224053
267597,0.019056484
267600,0.017368816
267608,0.024204936
267620,0.029027132
267625,0.08122566
267628,0.047356963
267633,0.047067534
267639,0.029860135
267649,0.09954649
267659,0.080826744
267662,0.053714033
267671,0.04844839
267672,0.007816161
267677,0.026238654
267679,0.112594165
267682,0.036622185
267687,0.1374724
267689,0.021697484
267690,0.02367338
267707,0.1261894
267709,0.027876979
267716,0.015899392
267738,0.013973229
267744,0.07301332
267752,0.025467703
267754,0.17926323
267755,0.2948783
267757,0.027695684
267758,0.07870796
267767,0.33767253
267771,0.023216005
267808,0.1194689
267815,0.1043746
267833,0.11520407
267841,0.044548225
267843,0.036606573
267847,0.050250452
267857,0.010847751
267869,0.09939467
267881,0.15263554
267887,0.06473849
267890,0.015204802
267892,0.33164912
267895,0.057508685
267899,0.029150767
267906,0.026601387
267912,0.087234475
267917,0.14845121
267927,0.012964516
267930,0.010773141
267934,0.030470382
267950,0.01598463
267965,0.058053337
267966,0.024534713
267976,0.012813296
267998,0.016129497
267999,0.016734332
268012,0.03971227
268013,0.10783231
268014,0.025758041
268020,0.034825984
268028,0.1494602
268032,0.031770602
268039,0.024539007
268041,0.02266811
268046,0.018535137
268059,0.06602606
268064,0.083428904
268066,0.03491354
268073,0.20396316
268077,0.013930436
268085,0.027089449
268090,0.15282689
268109,0.11149906
268139,0.06656369
268151,0.085722044
268153,0.02715826
268155,0.064429596
268163,0.072766796
268166,0.0052141408
268185,0.016483651
268189,0.023071188
268190,0.03485603
268192,0.043641657
268211,0.04213187
268213,0.026085287
268214,0.014411323
268220,0.04128661
268225,0.038520105
268227,0.13516955
268230,0.07002607
268247,0.1775746
268250,0.07443391
268268,0.10401344
268269,0.023773327
268271,0.09175537
268274,0.04496534
268280,0.18080729
268291,0.103758335
268299,0.016886089
268301,0.049613554
268306,0.012301542
268307,0.045174204
268310,0.028418832
268317,0.18367812
268328,0.013402088
268329,0.0071374173
268337,0.07829086
268338,0.014201285
268357,0.013408468
268363,0.063141815
268373,0.016460039
268380,0.07737143
268386,0.076163836
268394,0.018346183
268407,0.006792974
268411,0.031428747
268417,0.03376921
268421,0.24286006
268422,0.06483124
268426,0.09405844
268427,0.06382948
268439,0.08874829
268445,0.051188707
268446,0.029313294
268459,0.07169708
268465,0.11243279
268466,0.05430382
268495,0.006578355
268497,0.07501325
268504,0.12023982
268508,0.14864467
268513,0.23826057
268525,0.021994393
268545,0.04918433
268546,0.026000386
268550,0.015475819
268568,0.022524826
268570,0.35517132
268590,0.022896308
268591,0.2145807
268602,0.020637428
268609,0.026920523
268616,0.021421604
268623,0.067112245
268645,0.15035439
268652,0.18137784
268668,0.0814106
268685,0.011180058
268707,0.0149851125
268711,0.09946763
268714,0.013078375
268736,0.02581478
268746,0.24435337
268747,0.021392671
268749,0.090527534
268760,0.15807937
268761,0.0069725285
268764,0.15911448
268781,0.016779482
268790,0.06653828
268799,0.01587738
268809,0.053078044
268814,0.04760064
268817,0.0215235
268822,0.0044769943
268827,0.09680252
268828,0.01700446
268829,0.09244926
268845,0.04761992
268853,0.0058388496
268859,0.012196936
268900,0.0075885262
268911,0.038401384
268913,0.1622947
268917,0.10192642
268930,0.061481453
268934,0.016452469
268935,0.08125924
268938,0.024091084
268948,0.0074878624
268950,0.11201182
268958,0.011798694
268975,0.022657407
268982,0.021283936
268983,0.035690922
268997,0.029099928
269009,0.06860216
269012,0.043137625
269017,0.12931135
269031,0.11659938
269038,0.1716971
269041,0.051780082
269045,0.055779196
269050,0.012954285
269056,0.02100291
269058,0.025215715
269060,0.059520982
269067,0.15016991
269082,0.044032104
269098,0.12442341
269105,0.035707887
269117,0.11054048
269123,0.10537947
269128,0.028821021
269143,0.0898719
269149,0.07543693
269162,0.20567213
269168,0.046366945
269172,0.24869078
269175,0.1618262
269189,0.07901887
269194,0.022315275
269197,0.027385037
269204,0.0772603
269211,0.014081965
269217,0.11601988
269222,0.045658372
269227,0.035710353
269228,0.09432664
269232,0.042673647
269250,0.09770646
269251,0.017373264
269257,0.047663786
269262,0.020996995
269263,0.06157627
269267,0.023326464
269275,0.03083873
269276,0.020631364
269279,0.01443818
269293,0.29425573
269300,0.14573497
269305,0.03092346
269309,0.022287562
269317,0.15121742
269352,0.1641045
269377,0.10783959
269378,0.015252678
269389,0.020597812
269392,0.02938651
269394,0.028315034
269402,0.15182681
269408,0.014442008
269410,0.022294087
269417,0.047681227
269421,0.10237644
269462,0.049109776
269481,0.011268338
269488,0.15510139
269489,0.014630034
269491,0.0848515
269495,0.015036573
269503,0.0081982855
269510,0.12912665
269515,0.2651016
269522,0.021949217
269523,0.02870203
269536,0.014230687
269537,0.04476913
269549,0.019599535
269571,0.0875019
269576,0.018437628
269587,0.12273775
269595,0.018701438
269601,0.03843446
269610,0.35565072
269618,0.02077836
269620,0.10464581
269623,0.008281279
269637,0.04920555
269642,0.021323135
269652,0.041194543
269655,0.009368477
269661,0.12280891
269663,0.04530214
269665,0.00933861
269666,0.057683997
269667,0.009939469
269673,0.06012813
269693,0.037590455
269701,0.058455527
269702,0.027873786
269704,0.14272037
269718,0.13697873
269727,0.014325797
269732,0.03465823
269736,0.04011655
269738,0.054987114
269741,0.014773355
269744,0.025185362
269749,0.2577871
269750,0.040060814
269758,0.09180552
269775,0.08216527
269776,0.051368248
269777,0.036511604
269789,0.014623857
269794,0.046086352
269797,0.05713928
269807,0.28101724
269813,0.02518056
269844,0.078926764
269848,0.10320703
269871,0.019642565
269877,0.018181276
269878,0.042476054
269887,0.040536765
269904,0.015641691
269913,0.28991655
269938,0.07478678
269941,0.16407526
269953,0.08652961
269954,0.016388314
269955,0.027933342
269958,0.159049
269960,0.023363749
269966,0.034892008
269975,0.016957438
269978,0.066913754
269989,0.07924557
269993,0.025341209
269998,0.07783177
270001,0.09822676
270020,0.037865803
270023,0.07105309
270028,0.058895666
270048,0.052766338
270061,0.09254142
270062,0.112361394
270096,0.26829603
270108,0.01701366
270118,0.025124375
270120,0.061467998
270122,0.02639521
270127,0.047914203
270131,0.094775215
270142,0.019156419
270146,0.024382582
270148,0.031787664
270152,0.0069048353
270165,0.007658732
270170,0.020945672
270188,0.025546938
270204,0.072750196
270235,0.036012415
270243,0.21135038
270254,0.057099875
270265,0.02217459
270270,0.12896053
270287,0.06630837
270295,0.018211586
270296,0.0053861504
270302,0.033126608
270304,0.12521182
270307,0.014687308
270310,0.082026966
270317,0.026228314
270324,0.079753324
270326,0.03853918
270337,0.017384216
270363,0.08109033
270371,0.015599626
270373,0.012919739
270375,0.0146009065
270376,0.019836016
270379,0.007390028
270383,0.22935808
270390,0.02028207
270393,0.019290004
270402,0.014170897
270410,0.080391854
270411,0.051254515
270412,0.122155145
270415,0.020532094
270417,0.15156516
270436,0.21976283
270440,0.010510396
270449,0.025796855
270450,0.16359493
270457,0.20287643
270460,0.0096499035
270461,0.014056618
270467,0.016933754
270473,0.05388831
270486,0.121730104
270488,0.03733916
270513,0.037169803
270518,0.061933994
270522,0.041706875
270526,0.014980249
270532,0.02941596
270545,0.2231269
270548,0.10537255
270550,0.00727595
270562,0.19943784
270564,0.017918596
270571,0.026612703
270572,0.045393825
270574,0.071791865
270575,0.07578325
270579,0.032970045
270612,0.10128222
270613,0.12728502
270622,0.0065629687
270636,0.023700077
270643,0.016925542
270644,0.015651781
270645,0.014340358
270658,0.12690347
270661,0.018097935
270665,0.058654353
270676,0.16297165
270685,0.045786254
270695,0.057307903
270712,0.035943747
270719,0.027588459
270740,0.019523483
270753,0.016693853
270756,0.031491578
270759,0.15162218
270760,0.01791935
270764,0.062604696
270767,0.031040244
270778,0.0061523686
270782,0.073050566
270794,0.08392215
270795,0.35358047
270799,0.06079706
270807,0.18520583
270821,0.028445845
270826,0.05198601
270829,0.02817541
270831,0.034947023
270843,0.039867498
270844,0.11844969
270847,0.0217507
270854,0.0117037725
270856,0.11298113
270861,0.008480595
270862,0.028049655
270864,0.16741878
270881,0.023651255
270883,0.14845103
270885,0.27568156
270888,0.036307193
270894,0.0078124395
270906,0.06072407
270914,0.018865753
270919,0.038837098
270935,0.033038586
270945,0.060647868
270957,0.13157824
270966,0.028462876
270970,0.09393881
270971,0.042377587
270976,0.0502884
270977,0.38057587
270978,0.01958989
270979,0.05123396
270982,0.05655489
270987,0.081878945
270989,0.062263463
270991,0.13427672
270992,0.007111937
270993,0.012872275
270997,0.39730686
271010,0.2116193
271025,0.018824916
271037,0.043794535
271038,0.022328507
271054,0.011671109
271056,0.30518693
271065,0.011325458
271070,0.04671065
271095,0.016135061
271099,0.011372021
271102,0.0212204
271103,0.03840398
271105,0.22777595
271106,0.07217796
271117,0.049745154
271134,0.1696868
271135,0.11034681
271137,0.11830018
271145,0.1591321
271149,0.10780385
271195,0.032131962
271199,0.06904523
271200,0.20235823
271220,0.015270537
271233,0.07024193
271234,0.085730866
271236,0.037313066
271248,0.0058255233
271250,0.18230459
271251,0.038650215
271255,0.0672226
271261,0.021166902
271269,0.018999022
271276,0.01594929
271296,0.24727423
271304,0.1649326
271314,0.0070671146
271318,0.00849431
271322,0.008134412
271325,0.026541406
271354,0.054774158
271355,0.028702833
271359,0.02234979
271361,0.020338874
271363,0.23935117
271367,0.1451876
271368,0.017414868
271369,0.027151557
271393,0.29668874
271409,0.07813996
271415,0.031661913
271418,0.17032947
271429,0.20029265
271431,0.019815942
271432,0.35774347
271442,0.07918717
271446,0.13185729
271448,0.07344897
271450,0.2710857
271452,0.019815918
271460,0.06697612
271461,0.17485186
271472,0.024881149
271496,0.05381778
271515,0.049390033
271527,0.04437167
271537,0.06870943
271544,0.054819487
271562,0.050744552
271565,0.015935786
271566,0.07500178
271567,0.05009879
271570,0.11197374
271576,0.03914456
271582,0.13259172
271586,0.046236664
271593,0.06577359
271598,0.026166815
271606,0.012384294
271607,0.037254587
271616,0.09518881
271617,0.0604802
271624,0.030051528
271638,0.028230693
271652,0.042778555
271657,0.023207381
271662,0.036358472
271665,0.022208847
271667,0.024455827
271670,0.13691284
271675,0.047621135
271679,0.14672224
271682,0.50058997
271696,0.047966056
271699,0.011124518
271733,0.017607832
271739,0.024126776
271746,0.023268549
271753,0.07514404
271756,0.14094637
271762,0.060270917
271777,0.014990307
271781,0.012220042
271785,0.0247916
271786,0.024476886
271790,0.035838902
271801,0.10219017
271806,0.038075805
271807,0.085632175
271810,0.046458513
271811,0.030715799
271815,0.061006367
271847,0.006338625
271875,0.1836876
271878,0.08763248
271880,0.090440415
271883,0.036893036
271911,0.23521534
271912,0.030979425
271914,0.08528767
271922,0.040812433
271933,0.01296337
271945,0.04579284
271952,0.008262444
271954,0.028505247
271961,0.056344308
271967,0.015305711
271969,0.0129933385
271980,0.11253296
271989,0.017404903
271991,0.10176286
272000,0.036165275
272004,0.072838806
272010,0.03767869
272013,0.09620821
272029,0.101306945
272030,0.04818763
272031,0.019426199
272035,0.006486265
272040,0.25464976
272043,0.021367302
272055,0.06928062
272068,0.11676213
272075,0.11641307
272081,0.011499685
272090,0.03748391
272104,0.029471671
272116,0.015850559
272121,0.008167438
272129,0.055647984
272143,0.036290705
272146,0.034920692
272148,0.36424488
272152,0.11997977
272167,0.03178823
272180,0.042637944
272192,0.0077721225
272201,0.023625817
272205,0.023179831
272209,0.21755546
272211,0.032793187
272228,0.030447802
272233,0.22758374
272235,0.07972691
272249,0.15574892
272267,0.03435985
272270,0.021607593
272276,0.022408493
272302,0.042894747
272303,0.023449834
272308,0.10863483
272309,0.07415335
272311,0.05422226
272313,0.013709593
272353,0.042160824
272366,0.03755386
272367,0.054006793
272371,0.026045498
272381,0.012133876
272404,0.067021646
272405,0.054424822
272418,0.11386779
272419,0.017274976
272425,0.021454994
272438,0.04197479
272444,0.045250036
272445,0.060457364
272462,0.022452667
272474,0.017344967
272478,0.06461034
272479,0.13170892
272480,0.032849193
272482,0.0467182
272511,0.15055642
272512,0.015483281
272516,0.047838934
272517,0.020878194
272522,0.029022094
272537,0.050477825
272555,0.034659468
272564,0.10966242
272566,0.027669836
272573,0.018550597
272575,0.009612083
272583,0.038894344
272593,0.021962734
272627,0.03643231
272628,0.07170629
272630,0.023230897
272632,0.018177353
272635,0.27332819
272636,0.03204847
272661,0.0124725625
272669,0.05235943
272672,0.016700044
272681,0.17204106
272682,0.056899548
272691,0.029749593
272697,0.021908494
272706,0.041169915
272708,0.016916018
272717,0.07267952
272722,0.011850826
272723,0.008420879
272737,0.0069014626
272744,0.0086799655
272752,0.28566688
272757,0.014704613
272760,0.012283874
272763,0.033070542
272768,0.030688489
272779,0.017014276
272781,0.22019137
272787,0.072786696
272795,0.11715406
272799,0.047746666
272820,0.1351398
272821,0.018177046
272829,0.06117016
272852,0.059648056
272863,0.08684495
272878,0.07699491
272886,0.008728417
272891,0.11846767
272903,0.13155751
272914,0.0066119735
272928,0.061004743
272937,0.092276976
272938,0.0986757
272944,0.07002092
272965,0.19132134
272967,0.041510068
272969,0.11897181
272983,0.15401432
272998,0.11485333
273002,0.12631218
273005,0.021500891
273010,0.050714806
273011,0.01458847
273017,0.020949628
273021,0.25259137
273023,0.1484561
273027,0.06316513
273035,0.010759785
273047,0.22205354
273053,0.018213073
273060,0.28232354
273062,0.02389868
273074,0.05792688
273078,0.024448037
273079,0.047288492
273087,0.06522877
273107,0.016091798
273109,0.00968042
273112,0.014977289
273113,0.08143137
273117,0.037339397
273121,0.14600107
273137,0.036782905
273156,0.019801266
273157,0.05459602
273177,0.1314229
273192,0.01841357
273193,0.0112856105
273194,0.05018453
273198,0.1015359
273199,0.036063176
273206,0.024704557
273213,0.016555093
273235,0.025163298
273244,0.04747968
273247,0.116230935
273248,0.25795454
273254,0.05792226
273259,0.018376417
273270,0.025285853
273272,0.041237406
273287,0.052982517
273289,0.03236885
273294,0.008045954
273301,0.04749851
273304,0.06099588
273313,0.056843676
273314,0.035229065
273333,0.0519985
273336,0.32756352
273343,0.013319313
273353,0.024005288
273359,0.036620054
273371,0.014134735
273402,0.04371463
273415,0.016019354
273420,0.26213703
273424,0.027705923
273428,0.026004098
273429,0.022586796
273443,0.093454644
273457,0.0191983
273458,0.024482828
273467,0.17199862
273477,0.049553074
273482,0.041782267
273495,0.035616927
273496,0.011763491
273503,0.039046116
273507,0.08929709
273508,0.091590345
273510,0.024145346
273524,0.09839624
273552,0.012512818
273556,0.051555082
273566,0.04026697
273579,0.039483584
273584,0.038957268
273595,0.06123874
273606,0.016847342
273623,0.051935505
273625,0.053988658
273638,0.15046248
273660,0.01526788
273664,0.03894695
273683,0.033416048
273686,0.02514971
273687,0.0358618
273699,0.16241688
273700,0.24891016
273719,0.018776456
273721,0.07580664
273728,0.079806514
273764,0.015995031
273770,0.018212507
273774,0.16541272
273792,0.08451459
273806,0.012224447
273807,0.05176694
273818,0.014087078
273823,0.05962859
273835,0.30564916
273856,0.024926046
273861,0.011549629
273863,0.025319329
273864,0.09764351
273874,0.10886715
273879,0.13027705
273892,0.15799493
273895,0.1307121
273899,0.016043484
273900,0.06392295
273912,0.03696272
273921,0.011038618
273941,0.034570433
273946,0.017420009
273954,0.11074595
273956,0.01788012
273962,0.03384966
273968,0.060821194
273985,0.0490747
274000,0.23116925
274003,0.027005617
274004,0.013091684
274006,0.0382483
274019,0.19840647
274022,0.11000129
274023,0.09634647
274034,0.106653355
274043,0.03320572
274052,0.036346547
274054,0.3596548
274058,0.1265009
274063,0.07196417
274070,0.035923153
274072,0.046515908
274081,0.03633479
274108,0.19319448
274118,0.45169
274125,0.044444244
274129,0.011938528
274140,0.038244456
274142,0.025949456
274146,0.029860076
274147,0.37535757
274155,0.010879363
274163,0.05178251
274165,0.026368603
274174,0.009254567
274182,0.24747926
274186,0.02574591
274188,0.024123352
274193,0.07608697
274198,0.040010475
274216,0.04378026
274219,0.02282616
274225,0.19154781
274229,0.022222769
274248,0.03747459
274268,0.021087619
274274,0.009382174
274286,0.015165017
274289,0.06889295
274297,0.036556773
274302,0.019471852
274326,0.037372775
274346,0.028388087
274348,0.06232017
274349,0.09594827
274350,0.017731614
274353,0.04281016
274359,0.30141905
274364,0.017771125
274368,0.01745864
274373,0.03242775
274378,0.15833473
274389,0.02040479
274390,0.04830154
274391,0.008311369
274392,0.039028455
274396,0.19337156
274408,0.09622167
274409,0.032319184
274424,0.14918447
274453,0.04785576
274460,0.016777588
274465,0.03409539
274468,0.011939354
274481,0.19018592
274482,0.010574717
274484,0.052486673
274490,0.12553722
274509,0.020177547
274511,0.020071656
274515,0.07779268
274521,0.061904173
274523,0.14145438
274525,0.057616092
274539,0.02002355
274541,0.033028506
274574,0.053933877
274585,0.01852861
274587,0.2245013
274594,0.04619961
274600,0.105488844
274605,0.030906264
274611,0.020096544
274619,0.12762657
274641,0.05756686
274666,0.27105945
274688,0.05474145
274690,0.08767941
274699,0.05850636
274703,0.051920682
274715,0.017781079
274717,0.038301755
274760,0.10871964
274774,0.11076542
274791,0.2259905
274801,0.018323788
274804,0.15247843
274808,0.20090792
274813,0.027957227
274815,0.043843567
274818,0.016171332
274820,0.01565137
274829,0.04256494
274847,0.17974456
274865,0.07562008
274870,0.049271204
274881,0.1602874
274890,0.062311884
274894,0.042621464
274902,0.031933073
274905,0.084483586
274911,0.030785158
274912,0.11849271
274914,0.011194169
274927,0.021168832
274931,0.030508526
274944,0.2364046
274951,0.12679578
274953,0.10762946
274954,0.023063501
274961,0.01712335
274965,0.09029023
274972,0.08284005
274978,0.034544148
274984,0.033955008
274993,0.032779194
274996,0.013394158
275043,0.008028827
275048,0.08581873
275052,0.11097169
275059,0.013207436
275060,0.018227965
275071,0.034921955
275077,0.044555563
275078,0.060232125
275091,0.014275289
275098,0.1007206
275111,0.057992153
275120,0.106340624
275121,0.23016706
275125,0.038340695
275129,0.031831704
275139,0.023650503
275150,0.09675196
275153,0.049398463
275166,0.1379627
275185,0.15126893
275199,0.25116628
275201,0.023647295
275203,0.019171476
275216,0.07074573
275225,0.18218054
275226,0.034141034
275232,0.021033356
275254,0.06581439
275256,0.45571768
275272,0.09665865
275278,0.010630021
275280,0.053280048
275286,0.049059696
275288,0.0164066
275299,0.007149206
275306,0.11234975
275313,0.017344002
275314,0.050680313
275319,0.33027908
275324,0.07761775
275330,0.021706793
275334,0.05052069
275335,0.15700759
275337,0.09350707
275339,0.1092423
275351,0.04432863
275352,0.044579037
275367,0.033779655
275384,0.019669116
275392,0.012036335
275393,0.07975688
275408,0.07648616
275411,0.044988155
275413,0.18802288
275415,0.013077813
275416,0.041172344
275422,0.017580917
275424,0.03574669
275438,0.073785156
275440,0.03301063
275468,0.012369165
275469,0.03669124
275473,0.16518974
275482,0.030857556
275488,0.028248034
275502,0.10514461
275503,0.030889023
275511,0.06311791
275518,0.034609217
275520,0.014729755
275524,0.04025673
275531,0.09632633
275537,0.036133364
275558,0.047325086
275574,0.058553867
275576,0.055982046
275583,0.00867543
275588,0.14349239
275605,0.30954552
275612,0.0653609
275627,0.055129915
275633,0.024728544
275646,0.19396263
275647,0.05002658
275653,0.10979526
275661,0.054304883
275683,0.03358716
275688,0.022317026
275691,0.09743112
275713,0.14642683
275731,0.011270579
275735,0.34671798
275739,0.016002677
275761,0.13568474
275762,0.02415485
275767,0.026725817
275768,0.13234979
275769,0.13370433
275774,0.020654822
275776,0.012172768
275783,0.01835544
275800,0.0772649
275805,0.19788705
275836,0.009028109
275842,0.035994664
275855,0.4307521
275860,0.023060596
275870,0.13404877
275884,0.13687058
275897,0.03786852
275899,0.011282715
275900,0.064195424
275906,0.0474293
275912,0.07318701
275922,0.13927886
275929,0.19859904
275931,0.0679526
275932,0.017732423
275936,0.13222432
275937,0.024808932
275947,0.17455411
275949,0.18027388
275954,0.15360495
275958,0.01401032
275966,0.15874738
275967,0.030953692
275970,0.13424355
275989,0.17203617
275993,0.037806656
275995,0.01181449
275998,0.035215206
276007,0.0526085
276011,0.03982363
276029,0.12196192
276047,0.009982424
276048,0.055126075
276050,0.10664085
276054,0.033929344
276056,0.061166614
276057,0.1309363
276060,0.013358739
276084,0.0127766235
276089,0.01791275
276118,0.025903339
276121,0.11926966
276122,0.09814821
276130,0.022276897
276134,0.20289932
276135,0.019506834
276142,0.1607756
276164,0.018184178
276195,0.11481565
276210,0.09504577
276235,0.022372147
276238,0.025627404
276242,0.019972583
276244,0.07976591
276247,0.020536996
276263,0.13515022
276306,0.16008568
276309,0.027429366
276319,0.054811887
276334,0.033974957
276338,0.005612842
276343,0.012851062
276344,0.075102374
276345,0.012673509
276348,0.02113063
276359,0.032581266
276363,0.056467667
276365,0.05391205
276366,0.04796536
276373,0.026377754
276378,0.07566895
276386,0.03948554
276405,0.0267922
276419,0.009807639
276422,0.022932637
276430,0.044053137
276437,0.044319667
276442,0.080272295
276444,0.018579323
276446,0.03151701
276455,0.090322584
276470,0.027329583
276472,0.03295253
276475,0.16673027
276479,0.022799477
276484,0.013722592
276487,0.18272798
276488,0.20840189
276495,0.045795467
276497,0.20786414
276508,0.61234003
276509,0.06108739
276516,0.020362977
276521,0.014362131
276525,0.06345323
276550,0.03925808
276560,0.016115375
276569,0.019790435
276584,0.025223615
276603,0.017236091
276615,0.01264366
276617,0.024064854
276622,0.02454835
276625,0.029597167
276629,0.050760154
276642,0.024762353
276664,0.013867647
276674,0.013343293
276675,0.2919971
276678,0.07297494
276692,0.04484609
276693,0.019915279
276697,0.018688051
276703,0.054406114
276705,0.078603536
276717,0.06093364
276728,0.015915079
276744,0.05012128
276762,0.0837618
276764,0.020681553
276781,0.030722933
276793,0.03931125
276798,0.029835321
276800,0.036230527
276805,0.015075149
276824,0.028354328
276826,0.03672989
276848,0.1679276
276854,0.10408397
276862,0.18592104
276865,0.047049806
276869,0.07258391
276880,0.0099742105
276882,0.052497506
276886,0.022709474
276889,0.05796134
276892,0.05931841
276903,0.0063281637
276906,0.046048045
276936,0.013288015
276945,0.013115392
276956,0.015623039
276958,0.018914992
276963,0.008194318
276966,0.020070633
276987,0.02922379
276993,0.048352033
276994,0.016560208
277004,0.08230197
277015,0.011112466
277021,0.12250458
277024,0.007722225
277032,0.02729917
277054,0.116026975
277055,0.03983924
277061,0.03924291
277065,0.2089185
277070,0.044694066
277079,0.1371433
277088,0.012985616
277108,0.05142967
277114,0.033647697
277121,0.03008974
277137,0.14406714
277148,0.063861385
277158,0.22097504
277162,0.051443193
277165,0.28636172
277167,0.01168316
277170,0.018099155
277172,0.022373008
277177,0.03352193
277179,0.44391492
277182,0.023114165
277185,0.02857256
277191,0.02539662
277200,0.29523847
277211,0.01737801
277217,0.02238712
277221,0.06342878
277226,0.051206056
277227,0.066197
277228,0.1455306
277229,0.026206722
277244,0.26458338
277271,0.016054628
277274,0.085563116
277282,0.019016512
277286,0.016813943
277288,0.040103108
277290,0.010959994
277291,0.007642307
277296,0.013228971
277297,0.016159901
277320,0.04768294
277327,0.2134453
277335,0.22857021
277336,0.037748724
277338,0.04502247
277342,0.20702645
277344,0.03339749
277345,0.032479092
277349,0.058912937
277356,0.06068869
277370,0.03734461
277371,0.18782789
277379,0.13440688
277386,0.1590705
277390,0.10085567
277400,0.030257754
277401,0.14650288
277412,0.03226337
277413,0.09093585
277415,0.03373982
277417,0.20800963
277419,0.05363009
277422,0.13131166
277423,0.026568064
277425,0.013493265
277432,0.021403365
277438,0.013336674
277445,0.049721573
277447,0.07368103
277456,0.02524034
277457,0.018930411
277474,0.039030988
277488,0.03649572
277494,0.087448046
277501,0.0312286
277503,0.07834793
277510,0.0381739
277516,0.072874255
277521,0.19258693
277522,0.014970331
277530,0.05296588
277531,0.19922948
277536,0.06451751
277548,0.05059549
277550,0.02630417
277554,0.02192936
277555,0.056944944
277562,0.097414434
277565,0.07092055
277566,0.021737337
277572,0.10796025
277592,0.1056738
277593,0.016245553
277610,0.062399708
277621,0.07521651
277654,0.063219815
277668,0.0124138985
277673,0.006579952
277675,0.024031907
277694,0.010947395
277697,0.18063512
277699,0.021234475
277700,0.012678733
277701,0.017332923
277708,0.33652294
277710,0.011989491
277717,0.09916189
277725,0.04298394
277731,0.050797634
277746,0.07664362
277753,0.025044173
277757,0.28220314
277764,0.058288198
277772,0.028374884
277775,0.099943705
277777,0.016834663
277787,0.031610053
277797,0.030276066
277798,0.046614144
277802,0.11758461
277812,0.024861809
277816,0.17573597
277820,0.01046994
277821,0.011028463
277822,0.083034255
277838,0.08229842
277845,0.011803151
277846,0.022387363
277854,0.081138715
277856,0.12446629
277866,0.19169106
277874,0.09474781
277893,0.15418096
277900,0.021589883
277964,0.033771336
277970,0.023694128
277976,0.035750557
277983,0.054876357
277994,0.014795637
278011,0.04229677
278025,0.17663294
278045,0.117983125
278048,0.13773677
278066,0.015844116
278088,0.04328199
278098,0.025133666
278101,0.110415
278113,0.029215189
278114,0.06202461
278128,0.060559858
278152,0.03393383
278157,0.036253907
278168,0.073998384
278169,0.02172655
278174,0.025811354
278176,0.008999128
278181,0.18258035
278185,0.09454782
278225,0.02382854
278236,0.123171054
278242,0.012387561
278244,0.0156064
278251,0.05236511
278252,0.029997846
278272,0.1902968
278279,0.01191167
278287,0.15214464
278288,0.033851944
278309,0.05063165
278310,0.06609713
278316,0.041237533
278318,0.3464514
278320,0.041189488
278344,0.1618495
278356,0.11765924
278359,0.0074639022
278361,0.030487478
278368,0.0179548
278372,0.028957618
278384,0.22717068
278388,0.011494839
278409,0.12447746
278414,0.07557104
278415,0.1708265
278416,0.035208054
278422,0.026456872
278423,0.2250694
278432,0.089489944
278436,0.07775114
278455,0.04456459
278461,0.163946
278469,0.13507546
278482,0.09685582
278487,0.068903126
278493,0.043334924
278501,0.081779584
278508,0.18890136
278511,0.030727323
278519,0.028911792
278526,0.050528027
278530,0.058280863
278533,0.013607022
278539,0.17890443
278545,0.015334854
278556,0.019656641
278559,0.07116781
278587,0.017431244
278601,0.03923033
278603,0.10859236
278604,0.13262011
278605,0.030145584
278606,0.01104719
278613,0.042783268
278616,0.11158158
278618,0.056524996
278632,0.057355847
278633,0.13267225
278637,0.01569823
278645,0.11206925
278649,0.16237317
278653,0.11219928
278662,0.01737244
278673,0.09926429
278700,0.0790686
278703,0.06766336
278704,0.05827572
278723,0.043369085
278725,0.06957119
278730,0.08776824
278750,0.016810149
278765,0.05778067
278770,0.02869029
278779,0.024606207
278787,0.033969723
278791,0.020626977
278804,0.014143473
278807,0.047446843
278810,0.06840319
278812,0.03165145
278815,0.24245274
278821,0.099541366
278825,0.009851767
278832,0.029465854
278836,0.035874426
278838,0.1325825
278840,0.07489393
278844,0.047074713
278862,0.008266503
278863,0.025758583
278871,0.04505824
278875,0.012929751
278892,0.42009705
278899,0.056873955
278903,0.033405382
278909,0.026255995
278913,0.2360579
278931,0.028345123
278932,0.04416786
278933,0.083112836
278937,0.017253397
278952,0.019684479
278954,0.013888699
278960,0.1263566
278967,0.061220143
278968,0.018482912
278972,0.1922651
278976,0.06880869
278982,0.068708934
278983,0.08127741
279001,0.1359832
279015,0.027261004
279018,0.17601684
279035,0.05807083
279040,0.09053321
279043,0.07934243
279046,0.0195815
279061,0.07816809
279063,0.016992822
279065,0.010021478
279068,0.01984946
279070,0.045232244
279074,0.16681407
279076,0.03316948
279086,0.0071181925
279095,0.019332489
279107,0.14364606
279108,0.097659245
279109,0.0098012
279110,0.056399427
279111,0.05469341
279129,0.025814911
279134,0.042723164
279137,0.03381245
279142,0.058033757
279146,0.01190765
279153,0.008833783
279157,0.026662635
279165,0.017692275
279166,0.0077508884
279172,0.06440346
279173,0.06105207
279174,0.09489012
279179,0.13345782
279182,0.008591854
279186,0.0443162
279187,0.01791514
279189,0.017234739
279201,0.02536023
279202,0.04902452
279213,0.016709004
279214,0.015737731
279217,0.013931352
279230,0.071112305
279232,0.028779602
279233,0.019777514
279235,0.037308395
279250,0.041584477
279252,0.028685343
279257,0.031285346
279265,0.029573113
279266,0.033409957
279279,0.0333765
279281,0.014073898
279282,0.017579177
279285,0.051330164
279286,0.08450251
279297,0.017972196
279300,0.03808007
279318,0.023409601
279324,0.04013232
279334,0.021578245
279335,0.033174235
279336,0.051906236
279341,0.05032129
279342,0.26170814
279353,0.040714215
279357,0.05459822
279371,0.26670575
279376,0.043494113
279391,0.038743056
279392,0.015408502
279402,0.095131055
279406,0.15508829
279408,0.098913856
279434,0.046387006
279439,0.009952534
279448,0.0150316525
279450,0.06613452
279456,0.02362942
279461,0.048221968
279466,0.013259844
279470,0.07654898
279471,0.0067619514
279493,0.026492812
279500,0.061103567
279506,0.013617812
279512,0.050474696
279519,0.06182225
279533,0.01579664
279549,0.041598007
279551,0.41893348
279556,0.009446722
279557,0.07737133
279558,0.07524472
279566,0.041129418
279592,0.0361975
279595,0.12768547
279604,0.12013372
279608,0.014456233
279614,0.031152375
279618,0.04583732
279622,0.13656753
279648,0.098947704
279652,0.012566582
279653,0.059165284
279679,0.011796689
279690,0.06492133
279691,0.11222614
279694,0.32925823
279698,0.050885547
279702,0.014227724
279712,0.019943908
279713,0.10651192
279715,0.020373672
279725,0.014759692
279727,0.106456906
279733,0.051573534
279742,0.06652849
279748,0.03128218
279754,0.022507107
279756,0.18929464
279776,0.04162645
279778,0.06746447
279779,0.008141617
279782,0.06657989
279793,0.018746886
279794,0.0401821
279804,0.26481283
279810,0.010468904
279817,0.17582943
279828,0.03884676
279830,0.04339446
279831,0.077185884
279834,0.059038624
279835,0.030244581
279840,0.012710657
279847,0.033909008
279852,0.044350114
279854,0.087622225
279856,0.044285674
279859,0.04113272
279862,0.018245012
279876,0.099604286
279878,0.04899508
279889,0.0071710255
279894,0.03538249
279897,0.022779763
279903,0.029327739
279904,0.024237022
279906,0.039284244
279909,0.1772423
279922,0.27566454
279925,0.029526532
279939,0.22933327
279940,0.06893882
279942,0.07015779
279948,0.010785333
279952,0.006516355
279960,0.013463246
279968,0.0451558
279969,0.04493888
279977,0.43500924
279980,0.082054295
279994,0.049340103
279997,0.110429876
279998,0.102425456
280007,0.22946648
280009,0.15998967
280010,0.46664116
280020,0.025596377
280021,0.027833194
280022,0.15687253
280052,0.017665442
280058,0.027642034
280074,0.05345138
280076,0.0266812
280085,0.3210239
280091,0.023896903
280095,0.009825223
280107,0.21101256
280116,0.08505485
280140,0.031069495
280144,0.17046848
280156,0.048733253
280177,0.009928657
280191,0.030654496
280205,0.022836551
280226,0.12522843
280230,0.077272765
280234,0.013088843
280264,0.06131946
280274,0.01653054
280298,0.014364397
280299,0.0576126
280300,0.08176148
280301,0.062287003
280308,0.0089164125
280317,0.030320484
280319,0.030163672
280322,0.029721469
280342,0.014959732
280348,0.10412529
280350,0.035564687
280353,0.09027265
280366,0.023057451
280372,0.051418394
280374,0.009257124
280376,0.21839702
280381,0.016052324
280384,0.02416758
280388,0.029367713
280397,0.20154494
280401,0.015493168
280409,0.16340941
280413,0.009607685
280422,0.3531168
280424,0.034911122
280426,0.06478524
280429,0.12001881
280430,0.12769258
280435,0.08683604
280444,0.021843519
280450,0.036595434
280455,0.21216181
280459,0.023738515
280462,0.035354078
280466,0.2665882
280470,0.016688257
280473,0.024399152
280517,0.042353805
280524,0.27537125
280527,0.010212158
280531,0.013717355
280548,0.05664946
280558,0.55238926
280563,0.01959693
280598,0.077689305
280599,0.32334757
280603,0.011743447
280607,0.018146805
280610,0.09697935
280612,0.05815911
280625,0.013612762
280631,0.02283166
280650,0.047317576
280653,0.41754633
280657,0.03641883
280669,0.01889153
280675,0.013935008
280679,0.09042188
280685,0.008270843
280691,0.03903828
280693,0.014492635
280706,0.066958085
280714,0.02008436
280719,0.20426516
280724,0.07011059
280725,0.024596512
280737,0.03594536
280738,0.02998409
280744,0.0133927595
280746,0.14111151
280760,0.07342626
280772,0.0951907
280777,0.068748645
280784,0.01668373
280785,0.022235917
280791,0.026099756
280793,0.011504855
280794,0.014633616
280800,0.062052604
280805,0.020831022
280806,0.026397299
280815,0.21015021
280823,0.015507933
280831,0.035270333
280832,0.03385791
280841,0.033650674
280845,0.03742293
280846,0.01688214
280854,0.019518863
280857,0.0083316285
280861,0.056533758
280862,0.10623254
280867,0.06309582
280877,0.048373945
280879,0.04122816
280890,0.02020964
280891,0.17975861
280903,0.351817
280916,0.028712973
280929,0.018839657
280934,0.09901118
280941,0.17267798
280947,0.042803593
280962,0.049471885
280963,0.09840075
280966,0.0257079
280967,0.019759882
280971,0.2985658
281005,0.019030944
281007,0.066441186
281008,0.009447622
281009,0.025168782
281016,0.017142296
281024,0.07943173
281039,0.07699202
281045,0.006324025
281054,0.1615439
281055,0.09242988
281056,0.03928029
281068,0.13020203
281092,0.059368912
281094,0.008471439
281118,0.2414283
281133,0.013754845
281137,0.015609965
281164,0.10766321
281176,0.012730129
281177,0.02588376
281184,0.031633925
281187,0.14363505
281192,0.018538676
281195,0.107399434
281220,0.029385913
281222,0.10050379
281227,0.03231511
281234,0.024569571
281251,0.02432228
281278,0.013095979
281298,0.10906168
281303,0.13734157
281306,0.30573043
281314,0.03023087
281320,0.0153677035
281322,0.04379634
281337,0.05533903
281347,0.37432468
281357,0.018531
281362,0.05349571
281365,0.033403184
281366,0.030658465
281367,0.03144167
281373,0.031836513
281376,0.034301043
281400,0.29398683
281417,0.014948107
281420,0.013377373
281422,0.08376791
281435,0.054151386
281439,0.020401582
281448,0.04892551
281451,0.08133705
281453,0.019544737
281482,0.03421145
281494,0.04114957
281514,0.03535501
281515,0.02953459
281542,0.08144857
281556,0.051992305
281568,0.049247783
281592,0.060201313
281593,0.0048016408
281607,0.11095894
281613,0.042320408
281618,0.40526915
281620,0.07739434
281628,0.14508292
281629,0.025000948
281633,0.024897631
281634,0.018976472
281642,0.025837421
281643,0.029857224
281653,0.086238995
281661,0.016654553
281671,0.032814816
281675,0.0204694
281684,0.010760594
281692,0.09974402
281697,0.017430399
281730,0.08729376
281731,0.10583812
281734,0.046218257
281737,0.016314067
281750,0.15441605
281752,0.066217
281764,0.06820231
281782,0.08136937
281791,0.021813346
281793,0.06214355
281795,0.018942561
281824,0.05615888
281831,0.108776666
281845,0.021457793
281848,0.011691062
281854,0.03602217
281855,0.031419497
281867,0.022394603
281873,0.020449704
281875,0.022611737
281876,0.20761268
281881,0.009860012
281905,0.011094876
281906,0.19708103
281907,0.016053198
281914,0.089445665
281929,0.022511445
281936,0.23143923
281938,0.0063423524
281940,0.02375883
281941,0.035563305
281950,0.012440439
281954,0.014985746
281955,0.08694963
281956,0.03255173
281957,0.040411033
281968,0.122164145
281972,0.10472116
281974,0.043889213
281987,0.017709633
281996,0.09635001
281998,0.017533794
282002,0.020948498
282004,0.041890208
282005,0.027474571
282020,0.05824209
282021,0.058514208
282041,0.04283169
282045,0.06918131
282046,0.018260412
282048,0.027767807
282056,0.13741393
282063,0.032614473
282068,0.068154655
282072,0.05938304
282100,0.06838803
282104,0.03585336
282105,0.042419747
282106,0.03482511
282108,0.023941908
282114,0.14876537
282132,0.052852117
282133,0.022588346
282136,0.034089707
282145,0.24824965
282146,0.09939319
282150,0.047119524
282151,0.031017872
282152,0.06864986
282157,0.2751542
282165,0.025541354
282167,0.017261196
282178,0.014443473
282179,0.041760396
282204,0.008121106
282208,0.027075157
282218,0.027681805
282221,0.2704961
282223,0.014369896
282226,0.011937955
282230,0.010047438
282232,0.075787716
282235,0.01434301
282236,0.05622168
282239,0.04482834
282246,0.018353166
282250,0.19321778
282259,0.013443748
282270,0.014399992
282272,0.007990286
282282,0.18937407
282292,0.047643308
282306,0.031023921
282311,0.04126789
282317,0.23580974
282318,0.03423414
282331,0.03697204
282338,0.113926515
282349,0.033894196
282350,0.2062399
282355,0.016385002
282359,0.39370716
282382,0.014542207
282396,0.17028052
282399,0.069804356
282408,0.0306111
282421,0.051385738
282427,0.03872069
282437,0.027015
282446,0.02731923
282448,0.008986161
282453,0.019267444
282456,0.033844307
282457,0.1348318
282465,0.14168847
282476,0.0921338
282478,0.07173484
282482,0.016570326
282485,0.15477367
282492,0.041021064
282498,0.15196387
282503,0.017581884
282512,0.21693996
282521,0.13583225
282531,0.21639834
282548,0.032125477
282582,0.017098121
282585,0.026377326
282605,0.030168781
282618,0.0105024
282633,0.011968391
282642,0.19538477
282645,0.11579703
282647,0.05196874
282649,0.03358298
282654,0.051591948
282661,0.033886272
282667,0.016487869
282668,0.17232677
282678,0.04083103
282679,0.14935285
282687,0.02497921
282688,0.037740335
282691,0.0463597
282702,0.009226917
282709,0.058283173
282712,0.042506654
282715,0.24179222
282726,0.010813297
282735,0.03139825
282737,0.011152038
282746,0.22300355
282751,0.0041770656
282754,0.2416204
282758,0.08466089
282773,0.39851618
282787,0.021383476
282794,0.016944008
282812,0.009106441
282822,0.1294198
282827,0.05375015
282836,0.020116523
282841,0.023616377
282854,0.097041145
282862,0.036712952
282873,0.04551903
282890,0.054978505
282900,0.2934797
282906,0.024903093
282910,0.17503786
282915,0.008858514
282929,0.0067825513
282933,0.032524854
282944,0.19768181
282945,0.04629471
282950,0.010297252
282954,0.023784926
282960,0.018482115
282961,0.11953025
282962,0.052026995
282965,0.09357953
282971,0.052530106
282974,0.019517178
282975,0.023830874
282979,0.027136598
282984,0.05231385
282990,0.10434112
282998,0.04192721
283005,0.035152823
283013,0.26184365
283018,0.15505852
283029,0.43257886
283032,0.009076744
283036,0.043525893
283041,0.13881978
283046,0.12871745
283050,0.020156091
283057,0.07224335
283065,0.06125417
283069,0.22361909
283074,0.015771784
283076,0.077854306
283077,0.04627512
283089,0.06633952
283090,0.017692575
283094,0.06815437
283110,0.06565362
283118,0.15056552
283127,0.011883931
283130,0.034527577
283139,0.1222538
283143,0.08056102
283144,0.114090085
283146,0.03440321
283150,0.024980843
283161,0.4360291
283177,0.0945251
283180,0.021687053
283184,0.028768806
283191,0.042918712
283193,0.016655635
283196,0.084836386
283199,0.13860379
283202,0.06705785
283205,0.019826734
283213,0.046401087
283216,0.015405672
283218,0.023641225
283220,0.019261217
283227,0.10354696
283233,0.115224674
283248,0.062835835
283250,0.07910352
283261,0.022076994
283264,0.039610554
283267,0.06460029
283269,0.024624769
283271,0.024806079
283282,0.08688019
283283,0.022920068
283290,0.028905554
283295,0.038453076
283298,0.021035705
283303,0.25906244
283309,0.014250323
283310,0.019995235
283314,0.13169977
283317,0.023285676
283318,0.024391666
283323,0.23848048
283327,0.09517276
283328,0.091701545
283336,0.15841779
283340,0.04341863
283344,0.047791567
283345,0.23423305
283360,0.026738022
283361,0.010160775
283383,0.1762518
283387,0.030745357
283390,0.023042938
283412,0.020371195
283426,0.025590472
283429,0.16902703
283433,0.037623603
283437,0.019334616
283438,0.007812045
283461,0.07826428
283466,0.024021342
283477,0.035254367
283479,0.09503591
283483,0.0281641
283484,0.01941872
283486,0.05602412
283500,0.017120084
283512,0.10820134
283515,0.027502937
283517,0.35805374
283519,0.0140773
283523,0.0514424
283528,0.07709922
283555,0.052103095
283565,0.024509884
283572,0.02291869
283576,0.020926725
283586,0.13437045
283590,0.048906505
283606,0.047261097
283615,0.01470424
283619,0.053613182
283632,0.2393054
283635,0.02595897
283636,0.013155088
283641,0.1225238
283642,0.01736327
283647,0.024030333
283667,0.012476971
283683,0.058317073
283684,0.07514925
283687,0.061935525
283691,0.032796953
283693,0.13027757
283701,0.03230867
283702,0.035090376
283711,0.13533214
283713,0.30520833
283726,0.0166694
283730,0.030848539
283736,0.03390323
283737,0.071199894
283740,0.021471616
283748,0.05704651
283750,0.08956004
283756,0.011347466
283757,0.00925959
283774,0.26893246
283776,0.090843506
283784,0.08561561
283790,0.20811203
283796,0.017403126
283806,0.040890533
283816,0.0038142568
283825,0.097679354
283827,0.048116203
283835,0.0131841395
283839,0.16020921
283843,0.07275202
283874,0.16676682
283880,0.023132455
283881,0.19257802
283882,0.38169587
283887,0.026528731
283891,0.06152825
283893,0.04204295
283895,0.018474525
283900,0.22465815
283906,0.06422706
283938,0.010645548
283943,0.026381275
283953,0.19713756
283958,0.11775702
283961,0.0057369443
283972,0.019222446
283973,0.02417119
283986,0.14230262
283990,0.006442745
283994,0.21672441
284000,0.007261309
284002,0.051958542
284003,0.047678456
284035,0.29272303
284049,0.010000525
284055,0.011596643
284060,0.020208932
284061,0.14636044
284069,0.10064797
284072,0.113556266
284075,0.05221416
284087,0.04519564
284093,0.039832953
284095,0.022781415
284096,0.05270443
284106,0.014707318
284109,0.041213766
284112,0.034889087
284126,0.047033027
284152,0.022282857
284155,0.028538257
284157,0.023388745
284159,0.03170403
284194,0.046344336
284207,0.07852762
284211,0.012609082
284220,0.203414
284232,0.065726265
284239,0.19233821
284246,0.012462352
284257,0.092332006
284259,0.025304358
284272,0.02530258
284277,0.040423565
284279,0.34714237
284283,0.061487798
284294,0.02827765
284298,0.011791578
284305,0.1179916
284309,0.023424072
284311,0.03790964
284315,0.006683636
284338,0.34751728
284340,0.11587919
284342,0.11363231
284344,0.022770127
284348,0.016589329
284361,0.10998311
284373,0.01530624
284380,0.23846343
284408,0.01300425
284422,0.013427669
284423,0.057114013
284427,0.06336373
284433,0.12723611
284442,0.014139573
284462,0.13915235
284481,0.07223652
284487,0.02426526
284492,0.019244973
284495,0.02137423
284499,0.20430991
284503,0.06251673
284506,0.12962432
284507,0.016434291
284511,0.46658492
284512,0.039588995
284513,0.021162402
284520,0.08185845
284537,0.020718578
284557,0.12397178
284560,0.023371182
284571,0.106267646
284573,0.21075246
284574,0.008582865
284575,0.027485657
284576,0.058037385
284578,0.029057799
284592,0.030277673
284606,0.1618686
284609,0.04118248
284614,0.02445915
284627,0.024165003
284630,0.044946723
284633,0.009762691
284647,0.02081636
284650,0.03743661
284655,0.070564546
284661,0.0058773793
284664,0.009018328
284668,0.018244063
284682,0.03464464
284683,0.1577481
284691,0.05366453
284692,0.07747063
284695,0.05548045
284751,0.15705985
284785,0.046752885
284796,0.006295155
284797,0.009822372
284799,0.017448878
284805,0.017318575
284811,0.022786342
284844,0.019545382
284856,0.17431445
284861,0.042800214
284864,0.022607869
284866,0.06511953
284867,0.025495645
284871,0.011140874
284873,0.013267862
284888,0.1560528
284895,0.0037506493
284906,0.06686987
284907,0.12631094
284908,0.014279857
284914,0.025051966
284916,0.017879274
284920,0.04951341
284926,0.02466105
284934,0.0337517
284937,0.022463677
284949,0.034299634
284986,0.015675254
285002,0.0573226
285006,0.058300603
285007,0.091600835
285008,0.053719036
285016,0.006988101
285040,0.01584549
285041,0.007162831
285050,0.08744618
285051,0.010506534
285059,0.08945195
285077,0.06220661
285078,0.2424863
285097,0.011104604
285102,0.042750683
285104,0.009494677
285117,0.03353082
285119,0.048661795
285120,0.016448777
285122,0.02928814
285131,0.15422589
285137,0.019372884
285139,0.04804525
285147,0.032983735
285176,0.016390659
285177,0.03927499
285183,0.044691417
285184,0.015159529
285200,0.008591538
285213,0.13322213
285224,0.03907835
285232,0.04827936
285245,0.13407107
285249,0.012637254
285253,0.02799607
285268,0.018367311
285276,0.008015019
285282,0.13995613
285284,0.2078166
285297,0.09977964
285304,0.023965882
285305,0.019454734
285337,0.018112604
285346,0.0136248525
285349,0.01805597
285354,0.110638045
285359,0.053238407
285366,0.099972166
285367,0.2144519
285368,0.17361984
285376,0.09596911
285382,0.014247568
285385,0.12239058
285389,0.042821754
285396,0.015623978
285398,0.08519247
285399,0.035726488
285403,0.05147317
285405,0.084612146
285407,0.1480976
285417,0.0733271
285419,0.09360247
285431,0.014753551
285457,0.057902817
285462,0.09604842
285463,0.0060019353
285472,0.111678675
285476,0.011677988
285479,0.10838954
285482,0.047515754
285486,0.07757066
285487,0.036241423
285497,0.0072984863
285498,0.07045247
285507,0.32722628
285509,0.018584553
285514,0.02141862
285516,0.010382694
285521,0.019919692
285525,0.004635658
285528,0.020838872
285555,0.024656143
285559,0.05103298
285561,0.014579023
285562,0.07952828
285565,0.051269006
285571,0.02829644
285583,0.102973975
285588,0.15519355
285603,0.057316806
285612,0.060646176
285628,0.44440058
285635,0.03407653
285649,0.028703079
285651,0.025193691
285653,0.04960947
285662,0.06347925
285665,0.016319696
285678,0.017495546
285681,0.051135294
285694,0.13509734
285695,0.019665478
285701,0.025206642
285721,0.050243914
285730,0.06632687
285733,0.011748992
285743,0.045596376
285744,0.057758354
285746,0.020747636
285778,0.035783865
285784,0.034273833
285808,0.014644527
285810,0.0861605
285831,0.080932885
285833,0.023593638
285841,0.031157605
285842,0.015772842
285844,0.05348857
285847,0.029627979
285853,0.011905821
285861,0.072434925
285863,0.021478478
285867,0.1175981
285870,0.44999647
285879,0.05121143
285880,0.039244846
285882,0.019099029
285893,0.005682828
285897,0.11288437
285912,0.056636997
285914,0.025001366
285918,0.09522939
285927,0.15192375
285931,0.06479112
285932,0.08157031
285962,0.023210995
285975,0.09047703
285978,0.16948217
285996,0.03358428
286000,0.067337535
286010,0.024096062
286011,0.13137205
286018,0.03161876
286033,0.046569094
286038,0.24767973
286042,0.030470932
286044,0.05107549
286047,0.009012923
286050,0.21878147
286052,0.02694373
286056,0.13343586
286058,0.019817505
286083,0.030172806
286088,0.11241731
286094,0.056846865
286107,0.14282256
286112,0.3244046
286124,0.01696972
286128,0.070606805
286141,0.046342533
286146,0.06454228
286147,0.036443718
286153,0.00614861
286163,0.022922022
286169,0.036008816
286175,0.059833433
286185,0.015288403
286194,0.06715879
286198,0.06868392
286201,0.01737889
286202,0.12068149
286213,0.036485553
286218,0.03704281
286250,0.01356753
286257,0.12041012
286264,0.09106333
286265,0.054591436
286266,0.01713698
286287,0.1289366
286292,0.0051402533
286294,0.038686126
286295,0.10369284
286299,0.10007112
286300,0.09850778
286302,0.08382652
286310,0.036822945
286316,0.028934378
286332,0.10792263
286353,0.07033731
286354,0.028385118
286357,0.019889887
286375,0.010171179
286382,0.114545256
286389,0.1138412
286404,0.018384866
286405,0.07215029
286411,0.07829802
286412,0.04071059
286421,0.10277045
286423,0.035512913
286426,0.11529681
286433,0.053652167
286438,0.08226236
286441,0.044896528
286444,0.011314547
286447,0.012184864
286459,0.24233234
286473,0.038755372
286484,0.02310481
286485,0.3015731
286501,0.047484457
286502,0.052877143
286509,0.021630477
286511,0.33247775
286516,0.41318694
286547,0.22654706
286549,0.07344657
286553,0.06343718
286558,0.026492616
286566,0.022878217
286572,0.07992741
286582,0.029576547
286587,0.014011592
286590,0.07794064
286594,0.07930584
286598,0.0137333125
286602,0.022883857
286608,0.11308849
286610,0.048239823
286627,0.07259644
286661,0.021937773
286664,0.09669682
286668,0.014876417
286683,0.015597179
286684,0.017861892
286689,0.01774405
286696,0.09437095
286697,0.018393815
286703,0.14727174
286705,0.02754251
286707,0.0471989
286708,0.050925396
286711,0.015038359
286714,0.038036942
286734,0.03853944
286747,0.044324566
286760,0.08779622
286763,0.019208353
286772,0.016346399
286773,0.017021589
286791,0.02896913
286813,0.059790682
286814,0.026421126
286817,0.01832738
286836,0.016151397
286838,0.098655246
286844,0.06482017
286854,0.0462941
286856,0.060749006
286859,0.041371085
286864,0.010026679
286865,0.15340053
286868,0.18385531
286881,0.1190439
286882,0.10897265
286888,0.009709105
286890,0.4370482
286892,0.048922826
286895,0.04058203
286906,0.058454305
286924,0.018743658
286930,0.01389987
286931,0.07478252
286942,0.052859478
286955,0.022222405
286960,0.054441772
286962,0.03206275
286966,0.019966902
286967,0.00995391
286971,0.034887258
286983,0.02301078
286985,0.026447218
286986,0.121963345
286987,0.10400191
286992,0.03228774
287003,0.02956434
287004,0.011772818
287006,0.034513444
287029,0.021948857
287036,0.020184679
287038,0.09999446
287049,0.04001813
287050,0.011123336
287057,0.026149414
287065,0.010679004
287066,0.12478111
287089,0.119673416
287093,0.30062276
287096,0.055078924
287103,0.066049196
287104,0.06965873
287109,0.03031629
287133,0.29170775
287137,0.019753687
287141,0.24161889
287146,0.021382585
287148,0.008598548
287177,0.01746664
287184,0.019510183
287197,0.07098241
287204,0.11557572
287206,0.05786071
287208,0.029700283
287225,0.03633452
287228,0.018608859
287252,0.09202529
287260,0.020246672
287264,0.13379222
287270,0.05001516
287271,0.043272637
287272,0.008947995
287274,0.019045146
287280,0.014225835
287281,0.056135796
287290,0.031157106
287298,0.01778581
287299,0.073412016
287301,0.013887705
287314,0.052118376
287321,0.10339181
287322,0.014774393
287329,0.19111072
287331,0.06770171
287337,0.04876905
287349,0.021282036
287358,0.06097342
287370,0.19168404
287371,0.01143011
287376,0.0138514135
287378,0.018769577
287386,0.10040841
287394,0.10559791
287397,0.034354977
287419,0.02224041
287428,0.02687895
287438,0.012682842
287439,0.038141545
287449,0.085775726
287450,0.016400479
287460,0.042785265
287472,0.15995282
287474,0.11513381
287483,0.025756858
287495,0.034755487
287510,0.022740042
287512,0.015150618
287530,0.018899873
287531,0.016147222
287543,0.023043774
287549,0.043942653
287564,0.12850292
287574,0.023138281
287580,0.01477343
287587,0.042770643
287594,0.029686458
287605,0.0678267
287617,0.034425918
287621,0.017111374
287626,0.025193525
287629,0.08948677
287632,0.046026126
287636,0.1695753
287644,0.051842198
287648,0.0243768
287666,0.061373528
287672,0.04359207
287701,0.091280594
287708,0.03046062
287718,0.037837412
287724,0.12602066
287726,0.008743744
287729,0.07472877
287732,0.07995412
287733,0.017151505
287734,0.27610412
287750,0.11382389
287755,0.07297725
287762,0.15553682
287764,0.018510992
287766,0.019886082
287775,0.020981496
287781,0.018615609
287785,0.034105577
287789,0.025739886
287792,0.28263676
287796,0.012886887
287804,0.09572647
287822,0.035858102
287835,0.019943442
287840,0.042679317
287850,0.041617617
287851,0.030446446
287852,0.07944103
287858,0.048528112
287859,0.018786721
287860,0.12478684
287861,0.03980696
287866,0.012261883
287868,0.10387849
287873,0.12023339
287876,0.059340905
287877,0.020587709
287878,0.016428027
287879,0.062431864
287883,0.022059327
287888,0.012737315
287894,0.4313991
287895,0.023981918
287912,0.07872398
287915,0.08525374
287920,0.017556636
287922,0.038987134
287926,0.04369149
287929,0.08500073
287931,0.11861514
287936,0.090595014
287942,0.03927996
287946,0.18156946
287948,0.12777954
287963,0.18701851
288003,0.010324118
288005,0.014601052
288012,0.06367495
288013,0.16559027
288026,0.012684726
288027,0.024893932
288031,0.09959561
288039,0.012278406
288041,0.12634401
288045,0.08050547
288065,0.18939897
288068,0.060371548
288079,0.05426604
288084,0.43425655
288111,0.22611232
288129,0.045063328
288138,0.5545349
288154,0.12468478
288167,0.0100418385
288178,0.037344445
288184,0.02224447
288193,0.0124093965
288203,0.14034493
288207,0.2445551
288223,0.12272241
288226,0.20676805
288237,0.027388439
288257,0.29164645
288259,0.052062683
288269,0.12107203
288273,0.022460885
288276,0.04547772
288280,0.07050242
288283,0.027866453
288291,0.071637906
288299,0.042685874
288305,0.045177218
288316,0.009699199
288322,0.056683537
288333,0.013848247
288337,0.07205954
288341,0.011117276
288345,0.06987568
288348,0.017749744
288350,0.10084957
288353,0.09224814
288372,0.042544134
288375,0.101407796
288395,0.021360997
288408,0.071527466
288425,0.0215131
288430,0.15398632
288433,0.026266612
288459,0.09585345
288462,0.04600074
288463,0.081016436
288470,0.036392964
288472,0.103671394
288475,0.04074289
288495,0.17324072
288517,0.11154694
288530,0.23357944
288535,0.0604102
288539,0.020855077
288540,0.03329483
288547,0.457443
288553,0.10203229
288555,0.2608534
288556,0.030514292
288562,0.021078493
288564,0.03372883
288567,0.0841809
288576,0.027451077
288579,0.019997211
288580,0.08128646
288589,0.021249006
288596,0.12874337
288597,0.06325509
288599,0.020967605
288601,0.03443657
288617,0.02858404
288621,0.13140449
288635,0.033555996
288656,0.004543552
288666,0.04245936
288670,0.09888297
288671,0.027317798
288673,0.02382892
288678,0.21590509
288693,0.17650922
288699,0.026360363
288706,0.18158469
288728,0.06145236
288739,0.05166032
288741,0.038152844
288755,0.018123575
288763,0.015545507
288766,0.031951956
288775,0.21183386
288780,0.011256894
288793,0.057553418
288811,0.089646265
288821,0.037546527
288829,0.15131567
288835,0.007658312
288836,0.037802827
288838,0.10175645
288851,0.0354122
288853,0.01925199
288854,0.013908596
288855,0.020566564
288876,0.028033372
288879,0.27522
288884,0.23252378
288886,0.021629814
288891,0.0336086
288898,0.04663722
288911,0.22502068
288913,0.020669825
288927,0.0103909895
288928,0.013860841
288931,0.09877387
288955,0.020634146
288961,0.052097216
288969,0.27097943
288971,0.07511668
288973,0.06907888
288982,0.027499834
288983,0.011748921
288986,0.03305992
288992,0.057492103
288993,0.03106077
288996,0.067463316
289007,0.115358405
289008,0.04743141
289014,0.031906325
289015,0.026910845
289016,0.029827954
289017,0.023036027
289028,0.017140288
289030,0.16287474
289040,0.040858522
289048,0.03966454
289051,0.07034673
289055,0.0056759873
289057,0.008514329
289062,0.12575816
289063,0.1896877
289069,0.056296676
289073,0.023541313
289074,0.02233022
289085,0.04102748
289092,0.02236324
289097,0.010174635
289111,0.04870723
289112,0.07511759
289116,0.07156705
289123,0.016261823
289145,0.38425216
289146,0.06356396
289158,0.07998293
289165,0.0635824
289166,0.04723867
289167,0.09726156
289170,0.1666612
289193,0.048680436
289198,0.033651914
289209,0.035812594
289211,0.049977742
289215,0.056572087
289220,0.045552425
289232,0.038901452
289244,0.069944166
289258,0.07567763
289271,0.041154385
289274,0.0832152
289312,0.118191324
289321,0.122453764
289325,0.048307545
289333,0.08120341
289340,0.059939526
289368,0.012909408
289375,0.06886735
289380,0.11255366
289381,0.023409901
289384,0.05204171
289403,0.014401445
289408,0.053000644
289416,0.012051362
289463,0.024863653
289488,0.09402509
289495,0.19769801
289498,0.030840233
289499,0.025935955
289515,0.015380389
289531,0.010764657
289541,0.07485952
289554,0.016202832
289565,0.03668797
289590,0.012388479
289596,0.10444498
289601,0.06477498
289602,0.030047935
289603,0.032201424
289608,0.027049953
289622,0.083247855
289623,0.013685091
289625,0.016239868
289634,0.032864686
289648,0.123418495
289650,0.0074826903
289662,0.080388516
289667,0.20775107
289674,0.010099551
289682,0.023855338
289702,0.029175717
289706,0.027793396
289709,0.1084714
289716,0.11717499
289725,0.011517091
289732,0.039403215
289743,0.02324991
289762,0.008934213
289766,0.033918794
289770,0.11698983
289775,0.13934854
289777,0.03142776
289783,0.033298887
289797,0.068979345
289798,0.011571934
289802,0.058091372
289812,0.04454881
289814,0.0076117106
289819,0.03240435
289828,0.07424709
289831,0.07341604
289835,0.03863707
289844,0.025568482
289850,0.014041627
289851,0.05201474
289865,0.01759521
289869,0.11600414
289891,0.1831328
289907,0.039506517
289919,0.045337193
289923,0.13013116
289924,0.058395106
289927,0.035642743
289929,0.13477822
289951,0.01599764
289959,0.040502388
289964,0.07878543
289965,0.05138589
289966,0.01456329
289971,0.07675982
289988,0.050454095
289989,0.029239718
289995,0.40492758
290005,0.06757451
290013,0.15311314
290031,0.09659325
290036,0.07521289
290038,0.23935755
290041,0.20806013
290056,0.11957677
290058,0.034626216
290065,0.114506915
290069,0.06714566
290070,0.02885539
290074,0.11340451
290076,0.06494684
290082,0.0548039
290105,0.0330935
290111,0.006369758
290114,0.024376601
290116,0.12307471
290117,0.056428194
290128,0.06837184
290130,0.055540524
290139,0.061935205
290151,0.030316358
290154,0.013145249
290158,0.080344565
290180,0.15358783
290183,0.01693957
290190,0.10266122
290191,0.10344124
290199,0.058494143
290200,0.073361024
290202,0.017115198
290205,0.2478061
290206,0.035010178
290219,0.06287038
290227,0.012639036
290232,0.032411695
290233,0.13883483
290242,0.14600772
290246,0.03235576
290247,0.07131134
290257,0.10129571
290259,0.041345663
290260,0.03787768
290270,0.009971467
290273,0.038737442
290276,0.11131949
290281,0.20820975
290296,0.035936244
290303,0.017473245
290306,0.05883307
290331,0.04204687
290340,0.037817884
290349,0.08005059
290355,0.04149262
290365,0.08786996
290379,0.24464017
290389,0.010692416
290408,0.030599602
290409,0.09222981
290433,0.08039487
290437,0.028449032
290440,0.039723374
290448,0.02967264
290466,0.017699545
290467,0.03204095
290479,0.015050619
290490,0.073674224
290492,0.012394853
290503,0.031665035
290508,0.020704811
290524,0.04889909
290526,0.076333165
290527,0.040114388
290541,0.07209608
290557,0.0626962
290564,0.0570492
290572,0.018497406
290576,0.13396776
290588,0.020069199
290589,0.026162494
290595,0.08460752
290598,0.029987998
290605,0.07634787
290609,0.008542675
290610,0.03408706
290612,0.07751228
290634,0.021552652
290635,0.18305293
290644,0.1672159
290672,0.13560367
290681,0.023958564
290693,0.06481555
290695,0.018296821
290702,0.015984284
290703,0.014511047
290711,0.34158382
290713,0.2908216
290727,0.07065425
290730,0.025564343
290734,0.031788632
290745,0.049769066
290746,0.06628113
290751,0.070508406
290758,0.00628354
290766,0.023713876
290784,0.0827075
290786,0.010484565
290813,0.30631468
290849,0.07544167
290852,0.012594109
290881,0.36236483
290884,0.016120536
290885,0.0726942
290889,0.017336976
290911,0.07181564
290913,0.12222779
290923,0.03085398
290926,0.008535295
290936,0.07277272
290941,0.074044384
290945,0.08953565
290955,0.017519936
290961,0.03074982
290964,0.024774637
290967,0.051663607
290970,0.012407156
290974,0.065689854
290976,0.023820808
290978,0.015322674
290981,0.022619635
290991,0.04771087
291005,0.014033158
291009,0.010370981
291011,0.12648976
291012,0.1744005
291018,0.1098761
291023,0.025526844
291028,0.039286114
291034,0.06707555
291038,0.018965574
291039,0.22597575
291041,0.2496195
291045,0.09019601
291048,0.06547134
291052,0.03342371
291055,0.02428122
291082,0.028493512
291085,0.059306655
291086,0.011520068
291094,0.022596858
291103,0.13937834
291108,0.031702023
291110,0.13262221
291113,0.0136784455
291117,0.017790517
291124,0.05417838
291129,0.014182251
291142,0.18865038
291155,0.20303181
291157,0.069340885
291177,0.015508074
291178,0.02480036
291180,0.01259334
291188,0.25214106
291198,0.04586111
291200,0.010353072
291202,0.03956178
291207,0.008883411
291218,0.01359012
291231,0.06766938
291232,0.045891374
291240,0.014794938
291241,0.107128896
291245,0.04040724
291256,0.010754892
291273,0.079786316
291274,0.0571207
291277,0.060495023
291290,0.11643531
291303,0.04410546
291310,0.011152803
291311,0.06662102
291319,0.24816917
291324,0.07608587
291331,0.054102004
291334,0.019252814
291348,0.1811305
291349,0.25274676
291359,0.012941541
291365,0.010287792
291379,0.05275074
291396,0.011494447
291411,0.03978133
291424,0.058364518
291425,0.011315906
291428,0.14196116
291446,0.1859779
291449,0.019917846
291461,0.060623776
291465,0.012216917
291480,0.05143624
291486,0.02931652
291487,0.046624187
291491,0.009695632
291499,0.006829772
291505,0.09560441
291512,0.088429816
291513,0.018603235
291521,0.013746772
291523,0.006899943
291543,0.069269836
291545,0.026687985
291546,0.21137099
291550,0.025505502
291552,0.01981334
291561,0.036916576
291579,0.051026635
291584,0.2707912
291586,0.024937205
291590,0.027740113
291592,0.5571341
291593,0.012291843
291599,0.0729723
291615,0.01281634
291617,0.011024502
291628,0.07193836
291654,0.054970637
291658,0.16262898
291659,0.027679877
291661,0.13847046
291671,0.09408889
291677,0.0061008586
291689,0.07957342
291693,0.026137903
291695,0.031421196
291696,0.111309536
291697,0.020838652
291702,0.037467964
291711,0.011702836
291713,0.034380518
291715,0.08935645
291718,0.03112084
291733,0.028128427
291742,0.080925666
291748,0.029724758
291765,0.016148139
291771,0.03355851
291773,0.09952842
291788,0.023470588
291789,0.032356523
291796,0.15206216
291800,0.09034247
291817,0.047643
291822,0.32134414
291840,0.2795043
291843,0.01116376
291855,0.12433948
291858,0.010156896
291870,0.043135274
291872,0.013882184
291874,0.015067812
291883,0.024672646
291888,0.016324097
291894,0.0517278
291901,0.007724062
291928,0.17141359
291930,0.0064175134
291949,0.026475903
291951,0.06381313
291953,0.012135318
291955,0.024061311
291963,0.26949316
291969,0.054537673
291980,0.22716469
292010,0.022763366
292022,0.04273904
292023,0.024061067
292031,0.021843787
292034,0.03744544
292043,0.02972363
292049,0.03479457
292055,0.055316214
292062,0.0552056
292070,0.021096785
292072,0.28132492
292073,0.013701492
292082,0.1431537
292096,0.07061835
292098,0.03375347
292116,0.044683546
292118,0.049572043
292126,0.12409024
292128,0.025892941
292137,0.054643128
292138,0.019635314
292142,0.09336045
292149,0.23207052
292181,0.32641685
292189,0.012400239
292191,0.052379005
292205,0.023117222
292219,0.07716246
292227,0.012753019
292231,0.09843213
292238,0.026318224
292246,0.029078197
292248,0.051196177
292259,0.05734451
292261,0.066878125
292266,0.055784594
292267,0.019478574
292272,0.07747855
292278,0.3228767
292281,0.04092478
292286,0.039741635
292288,0.1899731
292289,0.019830532
292304,0.07728095
292307,0.035581477
292319,0.098418616
292320,0.020943735
292325,0.056200504
292326,0.1874431
292331,0.015418291
292332,0.010657499
292333,0.010858437
292334,0.036305442
292337,0.022780597
292338,0.13232389
292342,0.021889146
292347,0.016287133
292350,0.033142515
292355,0.017811691
292360,0.03134609
292362,0.009784961
292363,0.14367825
292364,0.012813827
292383,0.09287605
292397,0.065990366
292409,0.08444965
292417,0.08318806
292426,0.016043274
292428,0.016912663
292439,0.21091698
292443,0.137809
292448,0.03517902
292451,0.035247095
292452,0.03297688
292456,0.011297873
292460,0.019519202
292463,0.04091953
292464,0.19123763
292476,0.07751223
292480,0.041151553
292483,0.027294155
292493,0.022157764
292501,0.19319846
292506,0.023335502
292508,0.02394142
292513,0.050540958
292525,0.038409412
292533,0.035912044
292540,0.1561207
292541,0.00868074
292544,0.008776444
292549,0.03604033
292550,0.06529954
292557,0.1060487
292558,0.006326109
292562,0.024823932
292564,0.007389506
292583,0.087268785
292612,0.025189709
292618,0.016328422
292623,0.2700742
292631,0.011840668
292633,0.110345334
292641,0.029528903
292643,0.027825195
292649,0.024819734
292650,0.03672529
292651,0.084225565
292655,0.021848453
292659,0.060198195
292677,0.013257952
292693,0.017627988
292697,0.019461486
292700,0.06908872
292702,0.026354846
292710,0.0126173105
292727,0.22469242
292731,0.06409006
292732,0.03161935
292734,0.012196215
292735,0.00814989
292737,0.008529969
292739,0.05189467
292741,0.009745869
292767,0.014703874
292778,0.014877658
292807,0.14907661
292813,0.13221924
292834,0.10132588
292837,0.020252893
292839,0.009858499
292844,0.03558814
292869,0.017704234
292874,0.03176246
292892,0.035556197
292894,0.028547771
292916,0.20313773
292921,0.100431964
292925,0.12183636
292929,0.20211436
292933,0.03488759
292935,0.091789976
292938,0.026727699
292945,0.108025976
292946,0.04970087
292953,0.08276151
292966,0.1339236
292968,0.036195718
292983,0.024413062
292988,0.08989409
292992,0.016619481
292997,0.05242572
293002,0.0490176
293013,0.019697288
293030,0.13951233
293043,0.20748526
293070,0.23405881
293093,0.018681139
293103,0.038075343
293104,0.009998161
293117,0.45262885
293123,0.050831057
293126,0.19816203
293128,0.010645198
293136,0.010505148
293142,0.049293134
293146,0.2144816
293149,0.17608377
293159,0.020485012
293169,0.017227877
293172,0.052757178
293175,0.021243788
293176,0.035548463
293192,0.011085733
293213,0.052277025
293218,0.09088247
293219,0.07409403
293224,0.061156828
293225,0.021329239
293234,0.068074524
293243,0.04061168
293249,0.012452437
293256,0.04468977
293276,0.118381724
293283,0.38417572
293295,0.033965167
293308,0.024220493
293309,0.07082035
293316,0.017597795
293326,0.018516777
293330,0.01600192
293351,0.069431104
293361,0.0115183685
293366,0.14642122
293376,0.1567165
293377,0.031552907
293382,0.07099832
293383,0.09245642
293385,0.04447863
293402,0.109860644
293403,0.05679907
293405,0.026033256
293412,0.027826726
293430,0.024017595
293435,0.012798805
293438,0.026194263
293445,0.04761913
293447,0.12645628
293451,0.09691786
293463,0.0091909645
293471,0.0142135285
293482,0.08836717
293485,0.02578734
293493,0.101639435
293496,0.012492745
293505,0.28605804
293507,0.020168228
293508,0.059964094
293518,0.035065547
293524,0.02974158
293527,0.04034128
293537,0.030656656
293542,0.04727645
293556,0.010409621
293560,0.12908599
293563,0.22746992
293565,0.014886228
293597,0.06761878
293603,0.032663457
293607,0.05113188
293621,0.020296155
293622,0.033811554
293623,0.10233315
293636,0.083649494
293643,0.0531433
293659,0.09573582
293678,0.02161054
293679,0.04679396
293681,0.03434974
293684,0.060199756
293692,0.017988924
293696,0.019900931
293733,0.016118491
293734,0.010498552
293745,0.09529857
293751,0.023416156
293770,0.15297636
293778,0.07507002
293789,0.00854677
293809,0.014801178
293815,0.01938331
293816,0.12957
293819,0.0742578
293822,0.049488276
293846,0.16867778
293849,0.0071238973
293850,0.029072879
293851,0.14945549
293860,0.014024407
293863,0.07896319
293881,0.118221104
293900,0.060275733
293907,0.03420572
293915,0.009577578
293931,0.012952755
293935,0.025452033
293942,0.056943297
293944,0.40791938
293967,0.03926087
293968,0.1443383
293971,0.0059537347
293972,0.046572197
293974,0.093813926
293976,0.07152792
293985,0.019115513
293996,0.4677985
294004,0.0379542
294007,0.12967514
294010,0.020188626
294013,0.09003298
294016,0.06565483
294018,0.12972347
294028,0.15480614
294041,0.032185413
294047,0.025245378
294055,0.046783675
294062,0.037431765
294069,0.018300999
294075,0.08947536
294091,0.008889434
294108,0.039877087
294116,0.062831506
294125,0.0830066
294129,0.019877868
294130,0.0074143615
294134,0.013336098
294135,0.10277256
294136,0.079789355
294141,0.05660375
294160,0.008795735
294164,0.06557292
294184,0.114756495
294191,0.03191418
294195,0.053185552
294199,0.009270614
294208,0.23582081
294221,0.009658761
294225,0.08646235
294230,0.031520903
294236,0.055355668
294256,0.025524296
294257,0.004423295
294258,0.17458376
294282,0.06623083
294287,0.06350844
294290,0.015397711
294300,0.044502687
294302,0.011357458
294313,0.00730211
294314,0.10665458
294322,0.010760543
294336,0.086080946
294339,0.1098589
294348,0.069189586
294365,0.18051645
294373,0.31912833
294383,0.026855953
294403,0.035279058
294406,0.042461157
294417,0.46764007
294452,0.35743332
294463,0.0918286
294471,0.05098667
294486,0.015873363
294501,0.067584015
294504,0.09635311
294509,0.024834339
294511,0.04946375
294519,0.012115328
294530,0.044075936
294532,0.13589366
294547,0.10727385
294548,0.018413898
294554,0.008094069
294577,0.051897805
294578,0.016753003
294580,0.06081774
294583,0.034904532
294592,0.04201117
294595,0.020342885
294602,0.014151081
294613,0.13909474
294617,0.014879931
294631,0.23434654
294641,0.03660798
294653,0.07703884
294657,0.02499541
294661,0.15776736
294665,0.015347865
294668,0.02456134
294671,0.032179713
294682,0.016043875
294685,0.028733907
294688,0.068495825
294690,0.3626035
294698,0.07300108
294717,0.11598394
294724,0.018468643
294726,0.010344895
294738,0.072474845
294744,0.056775834
294758,0.049916077
294762,0.008349979
294776,0.13535826
294777,0.018363757
294807,0.069278724
294816,0.117584124
294821,0.011388943
294825,0.064528435
294834,0.025802286
294835,0.03251388
294836,0.022658084
294840,0.052578166
294842,0.19022372
294864,0.01798797
294874,0.11337441
294880,0.054653745
294881,0.023809442
294897,0.018892167
294898,0.0658265
294920,0.15381934
294923,0.12511596
294926,0.05038063
294937,0.055262353
294941,0.040408567
294951,0.12018719
294952,0.01097943
294953,0.035240762
294982,0.044312425
294989,0.06062726
294995,0.20220725
295009,0.17783107
295010,0.060885042
295013,0.02782482
295016,0.029596526
295022,0.06850984
295024,0.049619317
295040,0.1165906
295045,0.01889263
295047,0.05680111
295056,0.08340638
295073,0.08916167
295080,0.036461968
295093,0.02774924
295094,0.15207243
295095,0.0447268
295107,0.008027413
295116,0.06597294
295140,0.014966044
295150,0.09957595
295154,0.12961534
295155,0.04646209
295162,0.05559898
295163,0.024823043
295168,0.13975002
295176,0.012369862
295182,0.023661237
295183,0.12872052
295216,0.03472552
295219,0.025311012
295239,0.034905285
295246,0.016817492
295255,0.06628213
295257,0.1890352
295261,0.0065993154
295263,0.015978228
295265,0.033789676
295274,0.109130025
295281,0.07460539
295286,0.074868254
295299,0.043345515
295304,0.008913459
295306,0.010755874
295321,0.029252123
295339,0.031344
295342,0.018354313
295346,0.1734345
295348,0.05815562
295354,0.024109207
295367,0.043687418
295372,0.024654092
295373,0.026798472
295374,0.02634847
295387,0.017175257
295389,0.08049102
295396,0.05616581
295415,0.0799725
295418,0.039393976
295421,0.02003295
295425,0.015821647
295431,0.023248017
295434,0.025174294
295443,0.13773896
295453,0.02051834
295473,0.017833944
295476,0.061180986
295477,0.08461474
295488,0.10608868
295499,0.06182863
295504,0.009027071
295505,0.2611612
295524,0.011648586
295529,0.034182377
295533,0.0702346
295534,0.010913665
295549,0.020566834
295565,0.014990161
295584,0.026649298
295585,0.030704422
295597,0.08434478
295599,0.15181363
295604,0.013014029
295616,0.034422953
295635,0.04366602
295637,0.009267157
295670,0.014231715
295678,0.022108382
295701,0.01322781
295711,0.11915217
295713,0.10657169
295734,0.09683033
295739,0.033088323
295750,0.039480194
295773,0.24727702
295783,0.06418027
295787,0.012540864
295790,0.06335443
295795,0.022590179
295820,0.014782336
295821,0.062280674
295826,0.03656554
295836,0.021753503
295837,0.11288225
295842,0.07684343
295848,0.017183516
295850,0.08495711
295869,0.017608248
295871,0.079607844
295873,0.042530805
295879,0.029613055
295880,0.1234085
295892,0.04796909
295904,0.38658464
295907,0.013247871
295908,0.052285135
295913,0.03710186
295918,0.058572363
295921,0.16369249
295924,0.18134432
295949,0.023597868
295953,0.02638691
295961,0.019774772
295968,0.10181316
295971,0.06105815
295985,0.033348873
295986,0.05588625
295987,0.027531072
295993,0.08059022
295997,0.11142922
296005,0.06900823
296007,0.06660803
296012,0.122826695
296022,0.077999204
296024,0.009953123
296032,0.027252024
296034,0.017531823
296062,0.013878081
296070,0.028725367
296074,0.0337216
296084,0.017175632
296087,0.016336214
296088,0.045678183
296089,0.09334484
296143,0.016510837
296172,0.012700137
296183,0.023132684
296185,0.01754265
296194,0.022346357
296199,0.27948904
296204,0.165242
296206,0.18777338
296209,0.0826677
296229,0.18664494
296239,0.008236164
296253,0.037767366
296259,0.38027042
296264,0.008467005
296270,0.29047215
296273,0.08016683
296284,0.0860039
296285,0.19781697
296287,0.010677578
296288,0.036549974
296292,0.08429723
296300,0.036800705
296301,0.025696065
296321,0.3154077
296324,0.059602104
296335,0.15133677
296348,0.02049946
296354,0.02072474
296369,0.15793744
296376,0.04237616
296391,0.032031324
296393,0.072461985
296398,0.025028106
296428,0.101279706
296432,0.087862685
296433,0.03699678
296449,0.073114626
296450,0.109338894
296490,0.048433285
296498,0.10022714
296499,0.017664436
296500,0.07660468
296509,0.10898681
296514,0.025029166
296518,0.022784252
296527,0.013113489
296532,0.024982175
296541,0.016559621
296544,0.07529092
296546,0.0074553154
296573,0.3313894
296578,0.03372219
296589,0.029365836
296594,0.0757706
296616,0.047679823
296623,0.028711691
296624,0.042281426
296632,0.00757756
296633,0.07996346
296639,0.16705221
296647,0.032912266
296656,0.18807597
296678,0.023017425
296679,0.08957772
296695,0.016864693
296696,0.2791018
296714,0.032074038
296721,0.042974353
296739,0.0075285533
296744,0.2529489
296747,0.051667135
296758,0.042020164
296760,0.014896745
296766,0.018510118
296769,0.01206041
296776,0.022100594
296780,0.03792623
296782,0.06304533
296790,0.120634116
296795,0.046308227
296801,0.012094399
296803,0.09851804
296806,0.06218712
296811,0.03432445
296813,0.0075981133
296818,0.2588709
296822,0.04145088
296839,0.057131313
296848,0.015506891
296863,0.09277192
296871,0.020997997
296872,0.3831537
296877,0.024360634
296882,0.12530078
296885,0.040136285
296903,0.16337575
296906,0.048721306
296912,0.015816327
296916,0.04127917
296922,0.029313978
296926,0.20316559
296927,0.019332116
296935,0.064250715
296939,0.034802347
296942,0.040098354
296954,0.120399706
296968,0.033076733
296971,0.030264597
296984,0.056086436
297004,0.013409677
297011,0.10386661
297017,0.03153439
297019,0.11772372
297021,0.02266564
297025,0.014438648
297033,0.1313946
297038,0.19685023
297042,0.28848886
297065,0.034560997
297089,0.012934903
297093,0.2218667
297098,0.06973218
297100,0.008291336
297111,0.06518773
297115,0.16901664
297121,0.06507009
297123,0.105762735
297129,0.032546595
297132,0.0123209525
297139,0.058371775
297147,0.16224502
297148,0.41419405
297161,0.061773475
297167,0.014980708
297171,0.030513506
297173,0.020360269
297179,0.019831192
297189,0.1416323
297200,0.006606796
297201,0.0513999
297220,0.042321846
297229,0.07363386
297234,0.018921072
297252,0.13113703
297266,0.13049936
297269,0.005673016
297276,0.17341991
297292,0.017916765
297300,0.08792584
297303,0.022016138
297305,0.085120924
297307,0.022279447
297313,0.038310077
297336,0.06967476
297340,0.31287858
297344,0.012726337
297349,0.011686805
297358,0.021645546
297363,0.07207985
297369,0.023033185
297372,0.012544546
297380,0.1274174
297384,0.034018934
297385,0.26037854
297389,0.021339744
297390,0.11509045
297415,0.0330503
297419,0.10735418
297421,0.18384969
297424,0.022163764
297431,0.02613602
297447,0.083589554
297456,0.040338557
297457,0.024883144
297463,0.02441407
297464,0.05539056
297474,0.026883338
297479,0.015990712
297480,0.11562815
297494,0.011681864
297495,0.011167835
297507,0.01764855
297514,0.07470226
297515,0.014380361
297516,0.082937
297521,0.026890226
297534,0.045366675
297553,0.00831257
297575,0.034002967
297584,0.15370692
297586,0.022838619
297606,0.0069406424
297630,0.029465195
297636,0.028679334
297646,0.011055037
297650,0.01867409
297651,0.048126955
297656,0.013698041
297675,0.09722363
297681,0.06984861
297699,0.013442334
297702,0.08955217
297712,0.035617784
297718,0.084645964
297730,0.09895539
297731,0.022393966
297745,0.012740029
297768,0.1256298
297771,0.0407947
297774,0.016269673
297781,0.011301832
297786,0.14599533
297798,0.115150206
297809,0.030629713
297822,0.01766933
297828,0.022341121
297840,0.048386283
297852,0.027602747
297859,0.0144044105
297868,0.029768083
297883,0.06213431
297887,0.015547536
297896,0.066888966
297898,0.01636491
297917,0.19327697
297943,0.0049272855
297954,0.054838233
297965,0.011867422
297992,0.0069213854
297993,0.07086034
298001,0.05926481
298005,0.08979862
298010,0.008539364
298013,0.01579263
298014,0.19758233
298015,0.03699318
298025,0.26757002
298026,0.068162926
298032,0.074816056
298039,0.1340099
298049,0.030195003
298051,0.011064481
298058,0.037287444
298062,0.02082554
298070,0.1003409
298078,0.14688423
298084,0.20234567
298108,0.20055395
298113,0.050737567
298115,0.1003329
298126,0.019007681
298131,0.01615142
298134,0.048383445
298135,0.07613053
298139,0.0104249045
298142,0.020860828
298152,0.023522547
298154,0.027421145
298155,0.023679864
298161,0.08420387
298165,0.071605116
298166,0.33125463
298171,0.019419823
298179,0.03687743
298182,0.022563402
298187,0.03724177
298192,0.06020369
298194,0.04713901
298213,0.18422167
298215,0.14643674
298216,0.02936501
298217,0.009961342
298223,0.14222084
298256,0.04377699
298275,0.006876205
298277,0.073223226
298279,0.030754095
298285,0.04272549
298286,0.27403334
298296,0.027542146
298309,0.053983536
298312,0.048201934
298323,0.03366544
298330,0.013790186
298340,0.023367159
298341,0.015368441
298349,0.0383956
298353,0.014258612
298363,0.033741705
298367,0.01903175
298378,0.060927242
298380,0.03730773
298392,0.21528617
298395,0.060293462
298405,0.08480888
298426,0.11029273
298427,0.021138573
298444,0.019179236
298450,0.023600895
298458,0.012877638
298462,0.012451476
298463,0.005977871
298479,0.027711865
298480,0.035629574
298487,0.06136785
298499,0.03233253
298500,0.03056983
298506,0.03664503
298507,0.018585075
298512,0.061982393
298515,0.104975596
298517,0.077382825
298532,0.32767463
298533,0.04438119
298560,0.040215626
298564,0.03428888
298567,0.3641279
298568,0.037097488
298569,0.068513684
298570,0.23852676
298579,0.023473212
298583,0.010871794
298591,0.029914431
298593,0.13197488
298600,0.020066041
298609,0.009950137
298620,0.09877538
298622,0.058875717
298628,0.01391156
298633,0.043247268
298657,0.12524755
298669,0.079902895
298671,0.14557712
298677,0.035988305
298692,0.05173839
298703,0.026311044
298705,0.012292414
298711,0.018270029
298713,0.051350534
298757,0.1365256
298766,0.008377517
298768,0.19074704
298770,0.03679488
298776,0.30807889
298785,0.037651714
298787,0.02125079
298792,0.20025522
298795,0.03172496
298799,0.02896478
298806,0.084493354
298810,0.079064116
298818,0.08830006
298822,0.19384278
298823,0.01871366
298834,0.009969536
298837,0.05619599
298841,0.021789722
298845,0.078179166
298852,0.07170973
298855,0.03491053
298858,0.074695475
298860,0.01678745
298861,0.014673823
298863,0.0077925865
298866,0.06981663
298873,0.32718375
298880,0.08802128
298889,0.020837944
298896,0.17008153
298917,0.15236919
298929,0.046674408
298940,0.080902934
298946,0.107883275
298949,0.009883827
298966,0.060057085
298984,0.07872218
298994,0.027341722
299004,0.2882142
299012,0.0178876
299022,0.21299079
299024,0.02458114
299026,0.019976998
299035,0.03921973
299036,0.030086126
299039,0.045714743
299061,0.1148058
299064,0.06459759
299067,0.023498358
299074,0.10809792
299075,0.021457545
299078,0.052963905
299109,0.10385565
299117,0.12016722
299121,0.03129566
299127,0.21499619
299134,0.261903
299136,0.0167504
299137,0.118741706
299139,0.25443476
299168,0.008756901
299176,0.018847493
299184,0.04085447
299188,0.064216934
299191,0.12004469
299208,0.1294258
299229,0.013782618
299238,0.042677756
299241,0.1147622
299257,0.051409453
299260,0.054578606
299264,0.0673718
299279,0.094476536
299308,0.008843412
299310,0.02076894
299311,0.030580057
299317,0.056985155
299325,0.09562148
299329,0.04132986
299334,0.0906308
299335,0.20845157
299339,0.12983799
299351,0.038383793
299352,0.013257586
299365,0.08570798
299393,0.054890923
299400,0.054910313
299404,0.05001174
299406,0.111556984
299410,0.18245135
299413,0.038583
299434,0.2246275
299448,0.022879094
299463,0.06304314
299464,0.10426595
299470,0.047104213
299480,0.0325846
299488,0.00824598
299496,0.07214175
299501,0.11183465
299504,0.14798044
299532,0.048541825
299536,0.02760193
299550,0.07951605
299554,0.03538402
299564,0.07762375
299577,0.034762498
299581,0.044651214
299594,0.089578226
299632,0.010081222
299633,0.11153483
299650,0.49578723
299678,0.07232214
299682,0.05556069
299705,0.06404853
299719,0.058456905
299720,0.0722235
299724,0.06733845
299730,0.0107648475
299750,0.035442073
299766,0.049124625
299774,0.11112267
299787,0.020483822
299817,0.01317969
299818,0.062093377
299826,0.036045372
299833,0.033414863
299845,0.1553274
299847,0.45689595
299850,0.08215097
299866,0.084374845
299869,0.027852992
299870,0.099311925
299874,0.008849042
299877,0.06192606
299891,0.19226566
299898,0.12249817
299900,0.08001201
299904,0.018963173
299912,0.037615884
299914,0.027855022
299919,0.017136903
299931,0.033405967
299934,0.079202935
299941,0.4391769
299946,0.010304142
299947,0.07501489
299972,0.0612196
299973,0.17106566
299975,0.054983854
299979,0.030553639
299981,0.032886006
299983,0.0778732
299985,0.07295339
299986,0.038156748
300011,0.18180461
300013,0.043338932
300028,0.01626216
300042,0.011062977
300043,0.19506101
300058,0.15867299
300073,0.027588932
300075,0.044912208
300087,0.01004259
300090,0.030506205
300107,0.04156688
300115,0.016737005
300119,0.016424745
300122,0.25721538
300125,0.045862727
300126,0.050052974
300137,0.36592978
300139,0.031321455
300145,0.05794652
300155,0.03170067
300169,0.010243618
300170,0.02965284
300175,0.021673372
300177,0.048826195
300186,0.02202746
300188,0.011059718
300194,0.029363245
300207,0.06787922
300210,0.07621221
300217,0.063587874
300221,0.030646127
300235,0.022058075
300238,0.0065932088
300240,0.28230205
300241,0.0201909
300249,0.012830124
300255,0.06802877
300259,0.03313737
300272,0.022981811
300274,0.07419642
300276,0.1462102
300284,0.0091022905
300293,0.017957848
300306,0.022606624
300310,0.1508208
300324,0.14630598
300339,0.0059896316
300346,0.013387229
300348,0.0457895
300354,0.010688836
300356,0.012766953
300358,0.025372153
300363,0.033016182
300366,0.06245288
300368,0.021610873
300370,0.07121589
300385,0.038919173
300392,0.5229771
300393,0.017788444
300403,0.06933669
300411,0.11758513
300420,0.030561443
300421,0.05512864
300435,0.22326513
300437,0.03476107
300440,0.029258013
300443,0.035189338
300456,0.21632722
300458,0.09081675
300459,0.056371123
300460,0.013347492
300462,0.09669146
300481,0.021776231
300486,0.15391445
300488,0.02270452
300503,0.037823256
300506,0.06745798
300517,0.047072086
300523,0.02414034
300525,0.025422765
300526,0.19986275
300552,0.02269647
300560,0.04454437
300570,0.029309561
300583,0.0798306
300585,0.056858625
300587,0.028613701
300598,0.048070326
300600,0.01990755
300608,0.07315134
300612,0.018124295
300618,0.02493427
300621,0.05269523
300640,0.019334987
300641,0.05822926
300651,0.040650606
300653,0.021069258
300667,0.016036471
300678,0.024341367
300680,0.052523628
300687,0.02850955
300702,0.25181267
300717,0.0503199
300722,0.008755069
300723,0.024259232
300732,0.06325038
300752,0.059133686
300761,0.24840498
300775,0.097205155
300786,0.08874291
300787,0.012050586
300788,0.02640051
300789,0.07514754
300794,0.06322223
300808,0.041571207
300834,0.021574164
300842,0.04110313
300844,0.11474047
300850,0.039387316
300851,0.26771137
300854,0.03103326
300866,0.031472974
300867,0.025031582
300868,0.14896943
300882,0.09459628
300883,0.025024047
300891,0.08036663
300894,0.009849262
300901,0.19132562
300904,0.038949776
300910,0.19205591
300914,0.089732274
300918,0.07737538
300948,0.36050105
300954,0.030042343
300958,0.07504358
300959,0.016568577
300970,0.021507384
300971,0.045850437
300975,0.10314663
300981,0.0651342
300983,0.090876654
300993,0.5838788
300996,0.020031834
301001,0.01376166
301005,0.032894075
301010,0.11910318
301021,0.4672473
301026,0.03943755
301029,0.018953966
301032,0.04274567
301061,0.11893602
301073,0.02001878
301083,0.02223046
301089,0.09935117
301093,0.0323622
301098,0.060701087
301103,0.08683316
301105,0.099234484
301112,0.24209061
301120,0.023322342
301122,0.043717608
301124,0.07789515
301137,0.026019903
301169,0.021933539
301173,0.06574711
301177,0.15758413
301179,0.0076920046
301180,0.0762297
301185,0.014973359
301195,0.2606972
301199,0.024232429
301201,0.02256865
301206,0.048781127
301209,0.036973454
301210,0.038392916
301216,0.19718611
301224,0.23605296
301226,0.03680493
301227,0.055533864
301243,0.018219765
301246,0.0065450026
301248,0.022409849
301252,0.008188956
301259,0.08144502
301260,0.017100178
301267,0.009790746
301268,0.056733612
301274,0.027137129
301281,0.028440258
301287,0.044418227
301288,0.01608524
301299,0.014070909
301304,0.011895301
301325,0.04659652
301327,0.0464204
301331,0.15390746
301332,0.026949994
301336,0.025595052
301345,0.1590622
301348,0.0075543295
301356,0.047873206
301358,0.029360794
301360,0.00909137
301364,0.036026616
301389,0.034197643
301415,0.013531131
301421,0.1786665
301422,0.027850483
301424,0.05575443
301426,0.026884375
301433,0.057479657
301459,0.34353152
301460,0.072562434
301478,0.01547127
301483,0.01456667
301493,0.011090755
301494,0.0141504295
301503,0.04083395
301510,0.071251735
301516,0.00972444
301530,0.14337349
301531,0.02267174
301549,0.012781012
301550,0.02421845
301555,0.08585923
301573,0.08864766
301588,0.02415678
301593,0.07534579
301613,0.04601699
301625,0.11976804
301643,0.043437675
301650,0.011522016
301651,0.06391676
301652,0.0186831
301653,0.07066667
301665,0.029600767
301684,0.03593044
301686,0.39604905
301694,0.08522508
301697,0.017154071
301698,0.058203258
301717,0.019120982
301725,0.010603054
301728,0.042094305
301734,0.019640036
301749,0.16577208
301761,0.22879368
301766,0.055796433
301775,0.06460044
301782,0.1472832
301784,0.1363705
301787,0.019208621
301789,0.27403215
301790,0.07978662
301804,0.14365877
301806,0.033751797
301817,0.03968956
301826,0.018332558
301837,0.035026923
301842,0.027848784
301848,0.020758037
301859,0.051135253
301860,0.018421657
301867,0.026076153
301877,0.0114500355
301883,0.020368818
301902,0.031910703
301908,0.029532626
301916,0.014577656
301920,0.021325208
301921,0.0150237605
301931,0.009945784
301939,0.061371714
301941,0.061847717
301943,0.017735876
301949,0.01751621
301955,0.045912653
301963,0.03639415
301968,0.02378161
301975,0.15840337
301988,0.115250275
302000,0.12480335
302005,0.009499094
302007,0.06033323
302016,0.14337116
302028,0.022105262
302038,0.022938374
302043,0.014069609
302051,0.016666543
302056,0.006322541
302063,0.035453636
302072,0.010983384
302074,0.02872127
302080,0.024144381
302093,0.039177574
302096,0.05840434
302123,0.009544335
302125,0.006877482
302128,0.034546006
302145,0.0943908
302146,0.035979845
302160,0.074885756
302166,0.01944364
302174,0.028738564
302175,0.027339801
302186,0.21148612
302190,0.040893078
302202,0.059906095
302207,0.051025417
302211,0.02299911
302215,0.019885644
302216,0.05743765
302217,0.010845607
302225,0.32682177
302231,0.03709252
302233,0.017067112
302259,0.02582344
302263,0.040878046
302281,0.06604617
302285,0.015514009
302288,0.035829123
302292,0.273886
302303,0.1517761
302306,0.040775962
302309,0.10274169
302332,0.024590435
302341,0.007150011
302350,0.13447879
302352,0.08349577
302356,0.083883956
302361,0.020742089
302364,0.08874949
302373,0.032025643
302378,0.06331816
302385,0.032465972
302389,0.052121796
302393,0.14253554
302403,0.015528403
302422,0.010727269
302425,0.05177521
302431,0.18262835
302443,0.037642416
302448,0.014724748
302449,0.08745625
302455,0.1527614
302460,0.020272685
302462,0.037681356
302466,0.030058533
302467,0.08298351
302470,0.0604238
302472,0.05191326
302480,0.08514863
302481,0.011733357
302491,0.05191628
302494,0.016217219
302503,0.1445018
302504,0.21441738
302507,0.09820396
302527,0.06230689
302571,0.048960306
302580,0.18499875
302583,0.029128129
302591,0.01010981
302601,0.044026777
302613,0.031420976
302621,0.023534022
302638,0.015587576
302639,0.09378475
302655,0.03473501
302670,0.03538511
302673,0.15969115
302675,0.036719393
302691,0.030913524
302701,0.02961919
302705,0.015866973
302727,0.024228029
302750,0.019366996
302751,0.030419793
302757,0.098729335
302758,0.19754425
302761,0.14020155
302767,0.10815011
302787,0.027734226
302797,0.024264352
302799,0.09656936
302800,0.057164088
302815,0.054653056
302826,0.33950815
302827,0.016059242
302842,0.014932012
302856,0.013589513
302877,0.01705914
302879,0.06880426
302881,0.043390352
302882,0.058374807
302885,0.061313532
302905,0.023899052
302911,0.007586247
302916,0.089481555
302919,0.25520024
302947,0.028273897
302957,0.0575992
302968,0.021505738
302978,0.0728245
302984,0.08526452
302991,0.0059777442
303007,0.044205543
303010,0.04390557
303012,0.039262597
303013,0.14721596
303024,0.015005983
303027,0.031816885
303034,0.023753647
303036,0.14380585
303037,0.07451288
303050,0.06635261
303060,0.10012013
303062,0.03832781
303066,0.012014026
303068,0.13380349
303077,0.15702026
303080,0.017641174
303082,0.04083716
303083,0.029803656
303085,0.04558407
303087,0.04271386
303089,0.039205708
303103,0.007883631
303105,0.013388106
303106,0.06372996
303120,0.03841394
303121,0.01690947
303127,0.027014079
303130,0.019555053
303142,0.008189289
303162,0.031685576
303169,0.06146865
303189,0.012247786
303220,0.031104172
303222,0.14278552
303223,0.03701567
303227,0.031286255
303262,0.030649215
303264,0.011844295
303277,0.06517068
303288,0.01182181
303292,0.027333342
303294,0.22663523
303301,0.21900317
303312,0.041457757
303328,0.0826593
303330,0.022046877
303347,0.011991483
303354,0.017445529
303356,0.00803042
303362,0.020697044
303377,0.11731164
303386,0.101366855
303393,0.013592236
303397,0.016568433
303403,0.12714772
303413,0.005009668
303416,0.11414617
303428,0.046154916
303429,0.07040309
303432,0.03899283
303446,0.0761931
303455,0.09816793
303464,0.041445516
303465,0.018630493
303473,0.12349634
303476,0.11478241
303479,0.069464274
303482,0.02796835
303484,0.07257009
303492,0.16996105
303493,0.095327854
303497,0.059706207
303498,0.053375803
303499,0.04931651
303509,0.0070571774
303513,0.019167114
303524,0.0115219345
303525,0.11006582
303540,0.063296355
303544,0.021840466
303548,0.034573384
303551,0.0256399
303569,0.05562993
303584,0.05910313
303592,0.19588876
303602,0.16903764
303607,0.06758402
303619,0.037060805
303630,0.02397513
303643,0.49213
303644,0.13564497
303670,0.086505465
303671,0.029753223
303678,0.017403655
303689,0.012517458
303698,0.045914736
303702,0.023389246
303704,0.030025752
303711,0.016111664
303727,0.03534986
303728,0.011245269
303741,0.22144672
303752,0.01914052
303755,0.026048798
303777,0.017744433
303790,0.10497895
303798,0.014722094
303804,0.17384449
303812,0.059197012
303814,0.07935066
303817,0.47094846
303818,0.1567185
303848,0.015244193
303850,0.012022847
303854,0.016383434
303857,0.023793442
303860,0.017784126
303870,0.14035164
303877,0.021280646
303884,0.08243574
303893,0.007880291
303899,0.016620006
303900,0.25428447
303902,0.11813553
303906,0.13092841
303920,0.1742123
303937,0.024000052
303939,0.027766556
303941,0.02364165
303962,0.061893687
303963,0.17102623
303971,0.023256082
303978,0.01682466
303980,0.10704613
303986,0.04980176
304018,0.0933695
304025,0.010785468
304027,0.08415424
304028,0.13477598
304029,0.042999737
304030,0.014870718
304035,0.04275935
304040,0.071006365
304058,0.05457383
304083,0.04847219
304089,0.35723785
304092,0.05022631
304093,0.05374849
304100,0.02036219
304121,0.030116066
304142,0.051692665
304154,0.059725344
304158,0.13109715
304164,0.050940048
304173,0.30836794
304175,0.022262977
304182,0.022951618
304194,0.033805106
304201,0.068342656
304202,0.0382877
304206,0.026267998
304210,0.033073507
304226,0.013011615
304237,0.01120319
304256,0.20882158
304257,0.01568603
304265,0.011929491
304271,0.16022986
304274,0.16039489
304286,0.07878311
304292,0.08864595
304299,0.033415914
304350,0.031162862
304352,0.016578183
304355,0.02283925
304360,0.030353114
304361,0.12409146
304363,0.04864707
304375,0.08275767
304378,0.018437315
304382,0.24002999
304385,0.28474256
304386,0.056523446
304387,0.07353568
304388,0.018410483
304391,0.04568503
304398,0.040052168
304406,0.0138521595
304420,0.033799347
304431,0.054735065
304436,0.3936738
304438,0.017475795
304440,0.040104628
304441,0.023550393
304450,0.01972454
304451,0.2270387
304454,0.029540855
304462,0.15359065
304466,0.16675952
304469,0.12159532
304472,0.014370982
304475,0.15920128
304481,0.016856618
304483,0.06776476
304485,0.040027764
304486,0.009615254
304504,0.036709923
304505,0.040409118
304512,0.028597394
304516,0.21185923
304517,0.0133854095
304528,0.011762276
304530,0.045205593
304536,0.014580174
304549,0.015805604
304552,0.051987298
304554,0.05313968
304581,0.045089573
304593,0.034505505
304596,0.17968935
304604,0.041863713
304610,0.03909515
304614,0.034643408
304628,0.1632822
304629,0.047127172
304637,0.030953938
304644,0.01250512
304654,0.12425452
304664,0.2664694
304676,0.04041202
304680,0.030656487
304687,0.0068958355
304696,0.1566926
304698,0.09583816
304700,0.032570783
304703,0.09625969
304704,0.027874433
304710,0.040131617
304717,0.045374326
304729,0.12282252
304732,0.027638048
304736,0.05184967
304738,0.055272162
304756,0.016455535
304771,0.014216841
304773,0.008900267
304776,0.023420986
304778,0.012628927
304779,0.14215288
304780,0.013786508
304790,0.045873187
304793,0.0115337875
304805,0.21996054
304811,0.039085962
304825,0.08330753
304828,0.12446437
304829,0.036873385
304842,0.0603347
304851,0.06870374
304857,0.016615292
304884,0.13292976
304891,0.040667955
304897,0.07424394
304898,0.049983606
304905,0.018057197
304907,0.14590229
304917,0.026888635
304931,0.02264766
304935,0.014778236
304942,0.098031335
304954,0.10509418
304959,0.0058054803
304968,0.09714095
304971,0.016338153
304977,0.057855856
304982,0.029191684
304985,0.039113857
304991,0.025878843
304992,0.11386228
304997,0.07564149
305004,0.044707827
305008,0.018980656
305019,0.037337955
305020,0.09483252
305025,0.03153214
305037,0.12510155
305046,0.17058593
305056,0.022578234
305062,0.012116718
305064,0.27602923
305065,0.014664229
305076,0.09172215
305108,0.07432401
305110,0.019287955
305115,0.090137154
305121,0.36109948
305125,0.02713092
305141,0.02493571
305151,0.02378357
305159,0.017544115
305162,0.038560785
305165,0.018563371
305174,0.059278853
305178,0.032347128
305180,0.062964246
305182,0.038902014
305183,0.016505795
305194,0.03681939
305199,0.19273326
305210,0.05095204
305214,0.15755257
305215,0.071351305
305218,0.046379104
305225,0.022228234
305229,0.04076798
305231,0.004583703
305233,0.04799416
305237,0.013093817
305260,0.028422512
305261,0.02996726
305278,0.057909578
305286,0.16188547
305293,0.015308128
305300,0.011547714
305301,0.16182968
305326,0.20251548
305334,0.023770396
305340,0.25904766
305348,0.03209428
305352,0.03164847
305359,0.027464226
305360,0.008313585
305362,0.048383676
305383,0.00690418
305406,0.05629707
305408,0.09179875
305412,0.28964067
305413,0.047478944
305414,0.18270496
305417,0.015027893
305421,0.025876813
305422,0.025733776
305447,0.026853925
305448,0.047084346
305450,0.016017573
305452,0.07360452
305459,0.018231861
305460,0.051889494
305474,0.026396643
305475,0.026778432
305481,0.10825761
305494,0.030683734
305503,0.124373116
305507,0.015191326
305508,0.12244444
305513,0.11352522
305518,0.06012301
305523,0.05265404
305526,0.09530049
305529,0.027098708
305532,0.09693502
305543,0.10807651
305555,0.019462451
305562,0.02722135
305571,0.009363184
305578,0.09931415
305579,0.0072614467
305584,0.03381241
305603,0.041338246
305620,0.22640818
305626,0.0321318
305636,0.04810963
305640,0.018197525
305653,0.025512598
305662,0.13197958
305663,0.054119043
305667,0.026403751
305683,0.034313485
305698,0.016465327
305699,0.078531265
305707,0.036378276
305717,0.13292128
305723,0.01295449
305735,0.02832847
305738,0.4135828
305746,0.025151119
305766,0.07288795
305773,0.0047963895
305776,0.012055108
305777,0.01703212
305809,0.040429216
305813,0.018695762
305816,0.055683523
305820,0.041421592
305826,0.05870179
305838,0.063636154
305839,0.026672991
305846,0.18993679
305861,0.040813874
305863,0.14183283
305869,0.030783094
305872,0.04818902
305876,0.016690994
305881,0.14980964
305887,0.038257804
305894,0.05534979
305898,0.020078138
305905,0.10372394
305908,0.016460113
305914,0.07576303
305915,0.010804614
305922,0.011492245
305938,0.22629622
305946,0.026826695
305956,0.01821283
305963,0.035090465
305965,0.015896851
305988,0.075013146
305990,0.03276211
305991,0.0379089
305994,0.03579648
305998,0.059344254
306003,0.0151143605
306012,0.025216196
306016,0.028259628
306021,0.08490239
306025,0.049899105
306030,0.18733063
306047,0.013171298
306051,0.040536225
306063,0.19857892
306066,0.09183962
306069,0.054479145
306074,0.0746545
306091,0.059082776
306094,0.040364135
306095,0.017469792
306114,0.031994544
306116,0.008737901
306121,0.030090785
306127,0.15333779
306128,0.09322806
306133,0.059892915
306142,0.056662362
306144,0.013318198
306150,0.039603665
306153,0.03906133
306156,0.09275378
306159,0.33149725
306161,0.008638485
306173,0.054293536
306175,0.09331046
306193,0.080299154
306194,0.045673482
306198,0.15837425
306203,0.05837917
306209,0.12693435
306212,0.039387107
306216,0.22937942
306233,0.024942815
306247,0.058167998
306264,0.018562999
306267,0.023772068
306293,0.021111345
306302,0.1703465
306305,0.017752085
306311,0.024968456
306345,0.047850866
306357,0.026492212
306368,0.008867913
306372,0.21433021
306378,0.1290805
306389,0.011307372
306398,0.04620734
306414,0.0805907
306419,0.053354677
306437,0.016664663
306438,0.043941073
306441,0.12094958
306443,0.15877531
306450,0.038578883
306464,0.04273275
306468,0.14261322
306469,0.008582907
306484,0.056881692
306527,0.03471291
306538,0.038954355
306547,0.19343378
306554,0.09963125
306557,0.28035438
306560,0.014114183
306561,0.020211294
306565,0.0052752956
306569,0.024487223
306576,0.021179311
306587,0.020350682
306604,0.052546
306624,0.027804233
306625,0.11921457
306628,0.13467318
306647,0.03569743
306651,0.07135411
306658,0.0401887
306660,0.17437926
306664,0.024714436
306670,0.3189967
306699,0.06307361
306701,0.048273712
306712,0.018976618
306716,0.039433666
306727,0.022498516
306729,0.0754628
306735,0.011594246
306739,0.016293764
306756,0.04513681
306757,0.04568337
306767,0.056263506
306775,0.017579643
306795,0.024767533
306799,0.06121386
306800,0.04863303
306805,0.0644124
306812,0.011319319
306820,0.03373389
306840,0.07553263
306845,0.083434075
306848,0.027664507
306856,0.059723023
306862,0.025571635
306863,0.018494487
306868,0.35490865
306873,0.4745015
306876,0.17310089
306893,0.044735815
306896,0.17173825
306899,0.018271519
306907,0.10376011
306908,0.032805946
306917,0.110908225
306927,0.08247339
306930,0.010089418
306935,0.05073587
306942,0.036835458
306951,0.017953835
306961,0.044772927
306970,0.43685007
306972,0.28421828
306973,0.0256394
306976,0.011442463
306978,0.03922286
306990,0.076577455
306992,0.1533064
306995,0.01584685
307001,0.1658432
307004,0.11693498
307005,0.098943934
307006,0.015975771
307010,0.032264065
307011,0.040587757
307014,0.0065168506
307016,0.0563367
307022,0.011586681
307027,0.15997341
307052,0.020148683
307061,0.043097045
307072,0.24386692
307078,0.005884885
307111,0.01164195
307112,0.024754599
307134,0.10811049
307143,0.027947675
307147,0.03564387
307148,0.058595106
307162,0.040410373
307166,0.017997729
307168,0.091027975
307174,0.013104407
307177,0.0075531574
307197,0.026444513
307198,0.11765443
307199,0.07648948
307205,0.04167797
307207,0.017173715
307210,0.008500564
307212,0.025782196
307223,0.017156858
307224,0.009137991
307236,0.09058368
307241,0.051753066
307242,0.060988188
307259,0.053988464
307271,0.10501301
307274,0.023681523
307281,0.07084216
307288,0.041029386
307294,0.008371108
307302,0.11373469
307308,0.05470674
307313,0.031196691
307344,0.08984418
307350,0.049217343
307366,0.05371548
307372,0.01782547
307373,0.104709744
307374,0.03046637
307378,0.020909574
307384,0.03165698
307398,0.045575902
307406,0.09810442
307416,0.016393384
307420,0.0472047
307424,0.031421676
307427,0.045681447
307429,0.041794173
307436,0.016729008
307456,0.039879616
307491,0.034336276
307494,0.024616702
307496,0.014458479
307500,0.025539963
307504,0.14307992
307509,0.19619903
307511,0.29521942
307520,0.018105391
307527,0.015591463
307537,0.07377134
307539,0.03534136
307558,0.028920121
307561,0.03619505
307575,0.05855649
307577,0.028455079
307588,0.062259912
307636,0.058123052
307639,0.20077889
307641,0.012907542
307646,0.053051755
307653,0.07975437
307661,0.3631729
307669,0.06719228
307674,0.0065787463
307678,0.040336367
307691,0.013474839
307697,0.016613739
307699,0.007162491
307702,0.008596869
307708,0.094712034
307712,0.08438234
307716,0.015809916
307729,0.025247045
307753,0.03421027
307765,0.40954503
307781,0.084055185
307787,0.066029854
307788,0.038627617
307798,0.04989681
307799,0.050880242
307800,0.082343005
307801,0.25499666
307804,0.026629312
307816,0.105412565
307820,0.0068388386
307824,0.04027783
307828,0.015809048
307832,0.07346473
307836,0.04545178
307842,0.037410013
307851,0.25839263
307856,0.0076530464
307861,0.07244474
307879,0.027362216
307904,0.16167597
307911,0.022666384
307912,0.02227399
307913,0.1608108
307922,0.021698572
307924,0.024730822
307925,0.04339617
307929,0.017853662
307933,0.24481902
307945,0.046930403
307948,0.017938852
307961,0.21277829
307962,0.024295306
307963,0.023191825
307971,0.056460038
307983,0.06794635
307984,0.07897496
307988,0.052148435
307993,0.11330956
307994,0.044424213
308007,0.107534885
308008,0.050883196
308018,0.09054048
308023,0.005231429
308026,0.016136343
308028,0.021073567
308030,0.037768606
308034,0.069272965
308053,0.01454273
308065,0.053719062
308095,0.008432075
308096,0.09540115
308100,0.0188938
308114,0.015596948
308116,0.17132999
308120,0.032378696
308128,0.040311567
308132,0.012615709
308134,0.05686146
308140,0.08059128
308142,0.098556995
308164,0.017244108
308168,0.15883812
308169,0.2458681
308171,0.10029188
308176,0.026722908
308177,0.027466862
308179,0.009367771
308180,0.24307853
308184,0.025941443
308188,0.09961971
308189,0.011562921
308190,0.023764625
308200,0.1312447
308210,0.021648534
308211,0.107144825
308218,0.08360829
308220,0.045071714
308228,0.018414877
308231,0.028591214
308236,0.01851361
308247,0.017542413
308251,0.063545614
308260,0.03650255
308266,0.034497764
308267,0.015961736
308280,0.14110829
308298,0.026601424
308301,0.008835731
308309,0.050736822
308312,0.20527741
308325,0.040123664
308334,0.1322976
308339,0.05111857
308346,0.07936926
308359,0.019607939
308360,0.0371919
308380,0.06987836
308391,0.07244387
308403,0.005998658
308408,0.04097043
308410,0.3549018
308415,0.4348299
308420,0.07923809
308427,0.023145067
308442,0.014015564
308447,0.21411791
308462,0.029487219
308464,0.03446409
308465,0.059130467
308467,0.08307179
308468,0.043279607
308476,0.018667035
308488,0.2689076
308498,0.030898292
308504,0.033912227
308507,0.009752616
308509,0.015498908
308521,0.051922783
308536,0.0991331
308537,0.028053716
308543,0.025208827
308547,0.041575357
308559,0.089199096
308565,0.071402594
308569,0.100477666
308584,0.018456958
308591,0.24975556
308608,0.019685257
308610,0.0390958
308613,0.03481702
308618,0.02031302
308623,0.02150471
308632,0.017970052
308636,0.12672855
308641,0.03502557
308643,0.01935662
308664,0.16221413
308678,0.0083974805
308679,0.029437486
308691,0.013524801
308692,0.045296777
308701,0.017002262
308709,0.10429684
308711,0.10072815
308719,0.07756469
308723,0.03344526
308727,0.084783494
308732,0.04318551
308738,0.009141611
308747,0.032972407
308749,0.016260711
308755,0.022448456
308756,0.0925094
308761,0.015487556
308779,0.057128455
308780,0.056069195
308784,0.04386103
308789,0.06269187
308807,0.03437574
308818,0.4790123
308819,0.042460524
308822,0.24948409
308827,0.035976283
308831,0.033116087
308833,0.021126904
308842,0.06953066
308868,0.01858045
308871,0.016742403
308881,0.028702404
308889,0.017913902
308892,0.031965338
308900,0.07001435
308903,0.031857595
308912,0.06836547
308916,0.0455061
308919,0.11494732
308920,0.0699388
308921,0.020794878
308928,0.030064117
308929,0.16836624
308934,0.050539017
308940,0.08430879
308941,0.012624379
308946,0.034864426
308956,0.036414616
308958,0.0128261
308963,0.011732057
308965,0.05610776
308971,0.01909034
308977,0.021884248
308985,0.013697549
308987,0.043667596
308995,0.06616886
309005,0.045153093
309007,0.33422822
309015,0.0074128066
309016,0.12767276
309018,0.09547414
309019,0.14507744
309035,0.028575823
309042,0.070674546
309044,0.0109181795
309052,0.067418635
309061,0.041738246
309064,0.058048263
309072,0.04575838
309075,0.03711287
309083,0.07981471
309099,0.09358773
309124,0.008183266
309125,0.04587434
309146,0.010198583
309159,0.012081458
309161,0.027403155
309168,0.16646326
309180,0.018222148
309185,0.18695709
309195,0.05701039
309198,0.030067194
309200,0.046555452
309202,0.04373341
309204,0.044911522
309213,0.09432065
309227,0.085790664
309234,0.012574386
309241,0.032978736
309242,0.056012373
309244,0.023585042
309246,0.09257297
309250,0.042832147
309251,0.093742184
309274,0.109585084
309276,0.08488065
309280,0.15751189
309298,0.17091577
309301,0.095936894
309302,0.0380928
309326,0.020158587
309335,0.09515065
309341,0.041958716
309343,0.14334413
309344,0.04483641
309354,0.031958394
309362,0.020648345
309399,0.050970934
309406,0.08971067
309409,0.04428491
309411,0.08359323
309418,0.45653012
309421,0.060979705
309435,0.020092756
309443,0.16202147
309455,0.105878845
309462,0.06356203
309473,0.05899471
309476,0.37484914
309478,0.02486427
309493,0.019533962
309502,0.050952908
309508,0.07190708
309526,0.18311897
309536,0.0060629426
309544,0.013532328
309547,0.051999737
309555,0.010361135
309562,0.030839348
309569,0.06622011
309574,0.073968
309577,0.01610756
309578,0.081889205
309579,0.10179615
309585,0.029484829
309588,0.10510282
309603,0.061506294
309604,0.03448503
309617,0.045647662
309620,0.009609556
309623,0.014364891
309648,0.15245526
309665,0.06436849
309682,0.01632184
309694,0.028253004
309702,0.032351747
309711,0.015690941
309713,0.14584166
309729,0.00825046
309735,0.037792005
309744,0.0420935
309749,0.04778764
309750,0.012494128
309759,0.053860284
309761,0.01881595
309770,0.06149103
309776,0.04771367
309777,0.015748637
309789,0.02003643
309790,0.01640787
309800,0.082293406
309813,0.039724864
309814,0.057962164
309815,0.20283039
309825,0.07105188
309826,0.024500275
309829,0.013870589
309831,0.007627518
309837,0.025072109
309846,0.03978131
309849,0.14404576
309855,0.009372542
309860,0.11497016
309879,0.012406888
309882,0.29999486
309887,0.07712007
309892,0.039373793
309895,0.0902067
309902,0.017208038
309915,0.031217255
309923,0.0102664605
309941,0.24851319
309942,0.09744132
309945,0.024417188
309950,0.12380513
309955,0.021063102
309963,0.018381823
309964,0.017518045
309967,0.49660417
309969,0.05356425
309971,0.031464525
309978,0.09978513
309987,0.049719483
309990,0.14652047
309992,0.023437327
309993,0.04026835
310010,0.04234751
310012,0.014437841
310017,0.020185933
310018,0.028037071
310022,0.04085213
310031,0.018944781
310033,0.018461676
310034,0.07489767
310038,0.16025303
310044,0.109389305
310062,0.01779727
310071,0.030825585
310075,0.022432936
310082,0.06314168
310093,0.06931633
310101,0.008329166
310106,0.008398071
310118,0.17345184
310123,0.031246796
310126,0.0073393816
310130,0.042398855
310141,0.054605827
310145,0.1522425
310148,0.06398121
310150,0.016103493
310159,0.049855035
310162,0.029786421
310163,0.055758115
310166,0.0077037252
310167,0.022095216
310170,0.035718866
310181,0.06369993
310187,0.03952537
310191,0.009613316
310192,0.032139566
310197,0.076887816
310200,0.0106428545
310201,0.31426594
310203,0.009814104
310204,0.03557244
310213,0.01939405
310215,0.030957632
310218,0.2641536
310236,0.079396725
310238,0.012938486
310241,0.022860698
310245,0.27743053
310252,0.05201641
310259,0.03359226
310260,0.12487014
310261,0.01759447
310262,0.016507149
310274,0.048992973
310294,0.26672626
310296,0.14476056
310298,0.025183847
310306,0.06692723
310307,0.07008423
310316,0.016508404
310329,0.05942914
310338,0.06154867
310342,0.04126016
310343,0.13746849
310360,0.04968063
310362,0.38741943
310378,0.048185807
310379,0.032291498
310383,0.10568795
310385,0.088634714
310387,0.15476102
310388,0.018761082
310400,0.02205968
310408,0.13291836
310414,0.1313854
310423,0.008026582
310424,0.08679506
310428,0.14061964
310432,0.04315502
310456,0.022181759
310463,0.29249364
310475,0.0847903
310476,0.047377545
310482,0.04359281
310485,0.015025058
310490,0.02131832
310496,0.00800666
310505,0.07273818
310519,0.018105902
310546,0.060413647
310547,0.023571506
310553,0.06916837
310555,0.0108131785
310556,0.30497706
310568,0.013972461
310573,0.027568934
310574,0.0799734
310577,0.032876324
310580,0.054364543
310581,0.009770183
310583,0.10155703
310586,0.031161072
310591,0.03496386
310598,0.033784565
310606,0.054386247
310628,0.021051325
310634,0.053717446
310638,0.03099008
310646,0.007218308
310648,0.08027951
310654,0.008043332
310659,0.11299022
310663,0.061157163
310669,0.020927913
310670,0.04407916
310674,0.031138036
310691,0.045477886
310693,0.069334075
310702,0.021041902
310706,0.017926794
310709,0.012487685
310711,0.098805785
310720,0.12580177
310739,0.08632822
310742,0.16331029
310743,0.046251833
310752,0.06324767
310753,0.059642747
310757,0.58234817
310763,0.026289485
310764,0.03232788
310769,0.012178515
310771,0.05839122
310775,0.015349193
310779,0.15295231
310781,0.05106906
310784,0.037627645
310793,0.049183372
310794,0.009425629
310816,0.097952686
310823,0.06137866
310837,0.031244176
310856,0.04467584
310865,0.029114263
310866,0.02488202
310872,0.07435829
310877,0.28170717
310879,0.10239483
310883,0.016386092
310884,0.08057216
310908,0.01086753
310928,0.025366796
310935,0.016308375
310954,0.02547884
310964,0.14642882
310971,0.06554882
310972,0.11501939
310983,0.18259709
310988,0.008908331
310994,0.047635294
311003,0.010283099
311020,0.025417719
311024,0.10231095
311037,0.018643051
311064,0.047351103
311070,0.044135377
311086,0.18332328
311087,0.11689225
311108,0.008599669
311110,0.023369445
311115,0.01832316
311116,0.16141817
311117,0.07194678
311128,0.06987324
311136,0.102436095
311146,0.028267335
311155,0.03533477
311157,0.050110016
311159,0.08947737
311170,0.27574533
311184,0.028760174
311199,0.008922441
311208,0.05629733
311209,0.019342205
311220,0.13807441
311230,0.04366012
311233,0.009961969
311241,0.08802408
311261,0.010245977
311262,0.05327875
311268,0.008262598
311277,0.07861631
311296,0.09658302
311298,0.024711955
311310,0.11977791
311313,0.09184845
311316,0.055137787
311324,0.021337118
311327,0.024814121
311331,0.03267056
311335,0.014451731
311343,0.042183075
311346,0.027715426
311357,0.080359414
311358,0.009919172
311365,0.009986584
311370,0.060923073
311376,0.04009236
311380,0.0465943
311393,0.019442722
311399,0.023871535
311404,0.03817402
311409,0.02098864
311425,0.040628936
311436,0.02989077
311455,0.02261397
311459,0.11333751
311475,0.15743895
311499,0.032419115
311509,0.018741
311518,0.00675375
311535,0.023261853
311536,0.02771335
311540,0.04341602
311542,0.13495296
311552,0.18442918
311562,0.32670844
311580,0.008853302
311583,0.05821298
311588,0.075372465
311595,0.018060947
311601,0.112006806
311605,0.083522916
311609,0.3615936
311612,0.05544328
311621,0.056095418
311623,0.012126844
311625,0.07967475
311636,0.015676849
311637,0.065373845
311646,0.07925959
311648,0.014624669
311654,0.04418413
311663,0.064376496
311676,0.099111736
311679,0.017291682
311683,0.048327707
311685,0.040752873
311691,0.03777579
311695,0.038369335
311700,0.017606556
311710,0.04676645
311714,0.017859295
311716,0.11585498
311725,0.039259575
311727,0.18961696
311728,0.016657487
311737,0.18028775
311738,0.033358786
311743,0.027806258
311746,0.011676886
311747,0.06802398
311761,0.1722384
311765,0.020432454
311773,0.013701079
311776,0.015384954
311786,0.10986134
311801,0.02354834
311820,0.022483673
311822,0.144837
311829,0.027611924
311835,0.030998634
311846,0.034266844
311851,0.14302723
311854,0.02228547
311872,0.020750832
311875,0.03332094
311888,0.045364384
311916,0.13294552
311928,0.033090852
311931,0.034474015
311933,0.232497
311934,0.015466161
311948,0.03749696
311949,0.1287216
311950,0.02577914
311952,0.11812279
311954,0.11617372
311962,0.12297095
311965,0.013638595
311968,0.14930142
311976,0.11782013
311977,0.021285692
311983,0.038831383
311989,0.0074443207
311996,0.109288424
311999,0.030053573
312007,0.2803993
312022,0.11081697
312023,0.066288084
312034,0.018864762
312042,0.013351317
312049,0.013812096
312077,0.040438928
312088,0.039143484
312091,0.12538175
312114,0.027464796
312115,0.04446793
312117,0.14642605
312119,0.07297128
312126,0.21464959
312127,0.010979143
312134,0.13950272
312164,0.025983114
312176,0.020270392
312178,0.015191242
312184,0.014386531
312185,0.10113673
312186,0.020178296
312191,0.04181562
312197,0.017272463
312213,0.308578
312223,0.13294375
312224,0.33155268
312225,0.034940265
312226,0.083261654
312231,0.014307637
312239,0.04243668
312251,0.047773276
312271,0.0108266985
312278,0.029101117
312281,0.009017757
312289,0.014188543
312291,0.032612123
312301,0.013958454
312302,0.026214687
312316,0.08039447
312324,0.048152708
312338,0.0048515815
312361,0.009774273
312363,0.13872747
312368,0.021715596
312382,0.017353127
312384,0.10497392
312390,0.02372694
312395,0.04123452
312396,0.08753433
312400,0.089956075
312406,0.06443431
312412,0.012428718
312414,0.05429127
312417,0.035023708
312425,0.054919217
312428,0.012528045
312431,0.098615095
312437,0.23656604
312442,0.017412275
312451,0.0834266
312460,0.12098995
312464,0.0784879
312466,0.011301486
312470,0.03246431
312473,0.09183145
312490,0.021284247
312493,0.17987093
312503,0.014397923
312509,0.30767286
312520,0.055533156
312528,0.009428218
312543,0.072080724
312544,0.03618652
312553,0.017191483
312558,0.013723831
312565,0.13354696
312568,0.06813585
312579,0.016400103
312581,0.030841544
312582,0.03221575
312596,0.07275738
312597,0.01850042
312598,0.02152357
312617,0.21074632
312627,0.097789265
312635,0.0147858905
312637,0.09639187
312639,0.026443418
312640,0.2020139
312642,0.24296129
312651,0.038002606
312663,0.018038765
312668,0.049700424
312685,0.01216276
312691,0.038277697
312693,0.050870378
312710,0.049823
312711,0.010170103
312712,0.028352901
312720,0.037577573
312746,0.22105747
312763,0.0152572505
312770,0.084637575
312791,0.32638463
312795,0.044845127
312796,0.032005224
312797,0.23288195
312804,0.051436633
312812,0.021806188
312813,0.05548715
312825,0.014876607
312827,0.053119678
312841,0.018749151
312842,0.22671208
312845,0.013962527
312856,0.019971292
312866,0.016572539
312870,0.34787115
312879,0.083693154
312895,0.009749442
312901,0.052679658
312909,0.006837926
312910,0.025351506
312916,0.02343376
312926,0.03647174
312942,0.11098168
312946,0.10590997
312950,0.035167575
312952,0.0287538
312963,0.018095225
312968,0.10299916
312976,0.014649739
312980,0.13030231
312984,0.08363
312987,0.07136879
312994,0.031108236
312996,0.061459936
312997,0.06809172
313019,0.01771688
313020,0.011795342
313028,0.02960608
313041,0.26085013
313045,0.01483928
313048,0.1355916
313052,0.12277717
313062,0.043736603
313063,0.056437876
313066,0.01794974
313071,0.0580262
313085,0.013397701
313099,0.46796682
313109,0.10258721
313131,0.017391628
313139,0.059971735
313141,0.034427613
313142,0.17111869
313145,0.20598249
313153,0.12722085
313157,0.0140960235
313161,0.07092047
313165,0.033629708
313179,0.095056176
313208,0.18558142
313228,0.30698752
313236,0.03286662
313243,0.019996786
313245,0.038484626
313249,0.015204655
313275,0.03549811
313276,0.0730532
313280,0.01856402
313284,0.12379092
313285,0.044354
313292,0.014989141
313297,0.12886518
313304,0.009813929
313322,0.019468153
313323,0.037181403
313325,0.011622941
313326,0.23640208
313334,0.017807642
313336,0.02929045
313337,0.14863253
313339,0.038098942
313340,0.034811962
313341,0.124057986
313343,0.21976501
313346,0.19811411
313348,0.2608133
313359,0.04957964
313365,0.02456151
313375,0.13677205
313381,0.04142106
313382,0.03323522
313389,0.037665166
313390,0.008840082
313391,0.12195904
313410,0.097826876
313416,0.036641393
313417,0.03736192
313426,0.15939216
313429,0.04448983
313469,0.008782465
313479,0.015682952
313485,0.17804606
313494,0.0063028587
313496,0.045835476
313501,0.06004922
313506,0.036521923
313521,0.049488213
313524,0.03130621
313538,0.081070416
313550,0.14125694
313557,0.18580088
313573,0.01559498
313583,0.026136506
313592,0.10259279
313602,0.027506782
313604,0.10191121
313606,0.15222088
313617,0.070942864
313622,0.018161241
313625,0.07832076
313638,0.013796888
313639,0.055680938
313645,0.051596258
313655,0.09852649
313656,0.5252375
313663,0.074179836
313669,0.071386114
313670,0.120782
313676,0.054928984
313689,0.4103228
313699,0.030522987
313711,0.019296804
313720,0.14718448
313731,0.3014668
313736,0.34011674
313741,0.03512144
313744,0.027163558
313749,0.12815838
313750,0.042511888
313753,0.048294693
313763,0.027152484
313765,0.23220219
313776,0.01375713
313778,0.061313495
313781,0.05897279
313786,0.29213038
313787,0.013047736
313795,0.02161142
313809,0.027198786
313810,0.046999335
313811,0.17640449
313818,0.2995588
313825,0.04786686
313830,0.029352779
313831,0.037118413
313834,0.020294756
313837,0.33552843
313841,0.04067283
313859,0.00863114
313882,0.018668812
313887,0.18945765
313900,0.025754046
313902,0.0615251
313906,0.0082806675
313930,0.013576006
313932,0.048086192
313943,0.030892277
313944,0.014385182
313957,0.01775176
313970,0.14055097
313980,0.015691254
313982,0.00787354
313999,0.099768914
314000,0.027505971
314003,0.122608304
314004,0.03273735
314005,0.2759062
314007,0.018229421
314010,0.12411543
314011,0.014607837
314016,0.12651834
314023,0.029961456
314024,0.04229869
314031,0.011625071
314038,0.07537977
314041,0.018682472
314061,0.025499964
314073,0.024138493
314091,0.08042667
314097,0.10538433
314099,0.06597671
314107,0.019644571
314124,0.092087485
314127,0.049957734
314131,0.009271
314132,0.005620674
314137,0.07424407
314139,0.011388892
314143,0.03111207
314149,0.008982583
314153,0.017703969
314154,0.20519936
314160,0.030785978
314167,0.0108643565
314171,0.010067696
314182,0.05933713
314190,0.011130318
314194,0.011773735
314198,0.06198384
314211,0.024736764
314220,0.07513803
314245,0.02333325
314247,0.014119139
314256,0.0142793525
314259,0.10789316
314267,0.038930252
314271,0.022431076
314278,0.057281934
314282,0.009656886
314283,0.0691874
314294,0.07008006
314298,0.06457302
314299,0.27545625
314306,0.031414263
314307,0.07388115
314308,0.017693933
314309,0.012933327
314317,0.10117138
314323,0.060581975
314332,0.018826846
314334,0.021686427
314335,0.053015187
314337,0.06469291
314343,0.026972566
314344,0.020696955
314346,0.009762993
314351,0.050513223
314354,0.058048572
314355,0.066347286
314359,0.04120595
314364,0.034553517
314366,0.06342331
314367,0.17002636
314374,0.02450707
314376,0.034387607
314387,0.09029335
314405,0.05158772
314412,0.014996722
314418,0.16875745
314429,0.06719927
314438,0.2376747
314442,0.019965805
314477,0.01870565
314480,0.040917058
314486,0.087050796
314487,0.09333863
314488,0.1496667
314490,0.012767999
314523,0.017759945
314528,0.14930533
314535,0.014795781
314542,0.15666713
314560,0.055508994
314585,0.11509995
314594,0.076414704
314596,0.12144346
314601,0.023454946
314603,0.022696406
314612,0.19083452
314615,0.24188308
314619,0.018829023
314621,0.06262177
314627,0.0772165
314629,0.09688163
314635,0.466457
314639,0.029738192
314646,0.06489147
314650,0.22022648
314661,0.047198784
314690,0.013648253
314699,0.02311787
314705,0.098890334
314709,0.018841194
314710,0.02423583
314711,0.013606932
314714,0.057685424
314719,0.034961686
314722,0.017801158
314723,0.05859394
314729,0.05704862
314732,0.058591053
314734,0.055058092
314746,0.013278449
314761,0.49042356
314769,0.24238212
314773,0.08104398
314774,0.03197607
314776,0.051573306
314780,0.031626508
314785,0.06560803
314789,0.20455024
314796,0.20830247
314810,0.018897407
314812,0.042155888
314817,0.009029867
314822,0.06665721
314840,0.15164933
314843,0.0151831955
314853,0.022321146
314856,0.031960815
314862,0.03886854
314864,0.017173234
314878,0.03436311
314894,0.018632421
314906,0.5209048
314912,0.010976261
314914,0.018053904
314933,0.06793382
314941,0.0074592084
314949,0.01778528
314950,0.07414076
314952,0.05324996
314961,0.082755834
314970,0.16286
314972,0.115448624
314975,0.073603496
314985,0.043745376
314986,0.021371154
314991,0.08016535
314995,0.024083497
314997,0.021271918
315003,0.014559844
315035,0.030358117
315038,0.076227136
315040,0.0301863
315046,0.013143056
315053,0.011189009
315054,0.1285605
315060,0.12089324
315061,0.017066583
315067,0.22991122
315076,0.06794201
315079,0.020817546
315083,0.034629975
315084,0.031659734
315092,0.026180374
315095,0.18101093
315112,0.17865469
315122,0.03670405
315123,0.011619179
315125,0.09725928
315136,0.2586385
315143,0.0838001
315145,0.03506708
315153,0.019884076
315164,0.06092824
315169,0.009722951
315178,0.15792616
315179,0.06830978
315189,0.0066661546
315192,0.07015445
315194,0.23996231
315198,0.0085676275
315210,0.038191047
315211,0.013175834
315221,0.22172166
315222,0.030524995
315228,0.12172289
315231,0.10642156
315233,0.042845406
315235,0.12100997
315240,0.035542663
315244,0.03377464
315257,0.03186302
315261,0.06945753
315271,0.025230993
315278,0.03059024
315282,0.24007633
315287,0.024334533
315288,0.09875669
315291,0.0623015
315306,0.013531922
315309,0.029678902
315312,0.010569505
315330,0.039457165
315335,0.20324641
315337,0.08047168
315343,0.17577545
315344,0.2755093
315366,0.009084063
315389,0.15249406
315403,0.024853602
315414,0.16503295
315425,0.0056983856
315430,0.020214057
315432,0.07604526
315436,0.030897437
315437,0.031994466
315445,0.022541357
315451,0.011731876
315460,0.008261452
315462,0.014333679
315476,0.04308473
315480,0.047205217
315489,0.02502439
315494,0.010859983
315499,0.0033255648
315503,0.027303573
315507,0.17558561
315540,0.008298254
315541,0.05724752
315546,0.058178023
315553,0.12054242
315569,0.27324232
315571,0.049864616
315574,0.0492945
315580,0.041703235
315587,0.032154925
315609,0.03357788
315610,0.041838344
315617,0.045884684
315623,0.010180306
315629,0.014407322
315635,0.013479048
315637,0.02719127
315641,0.041054904
315644,0.05060656
315654,0.119818345
315662,0.018205523
315663,0.06362164
315673,0.041747212
315677,0.027319368
315679,0.055036664
315680,0.16454381
315681,0.031168511
315682,0.26387128
315684,0.028991539
315693,0.052126635
315701,0.02212701
315705,0.0384645
315706,0.029256068
315711,0.12521836
315714,0.15037265
315725,0.050348543
315738,0.02989272
315740,0.05366327
315749,0.20444253
315753,0.021766976
315757,0.050421283
315778,0.052001145
315781,0.08258064
315793,0.022046588
315813,0.07020922
315822,0.024417687
315827,0.08977456
315831,0.008098039
315843,0.25950018
315857,0.08384511
315864,0.07193622
315869,0.016650623
315870,0.02543233
315878,0.043097135
315891,0.07993175
315894,0.11124058
315895,0.19210863
315903,0.06080813
315917,0.07582489
315920,0.027580433
315937,0.04359404
315938,0.034053873
315947,0.075785644
315970,0.39189646
315971,0.017025176
315974,0.016421001
315984,0.04816704
315985,0.11655402
315988,0.0058351313
315993,0.13259031
315995,0.25571674
315997,0.0096299015
316000,0.017236954
316009,0.011924045
316011,0.09315
316014,0.025037657
316021,0.035666004
316022,0.024746511
316023,0.027433533
316060,0.039163433
316063,0.04046973
316065,0.078144185
316066,0.023789015
316077,0.15240896
316083,0.007167582
316093,0.04590397
316100,0.019453429
316110,0.012441812
316118,0.013087841
316135,0.030382551
316139,0.10676254
316154,0.18756817
316156,0.008176438
316171,0.025462512
316173,0.029639227
316186,0.013099118
316188,0.025879497
316190,0.08152065
316195,0.11344711
316205,0.03533886
316214,0.04208063
316216,0.06388531
316220,0.15274675
316222,0.030583583
316224,0.07860659
316226,0.013192268
316230,0.02562837
316248,0.06693468
316258,0.20229049
316269,0.02968322
316270,0.025319355
316279,0.05604368
316286,0.043329794
316295,0.031575367
316297,0.038693883
316305,0.04133568
316312,0.01775579
316313,0.005551817
316314,0.1197343
316320,0.033012573
316321,0.018577453
316328,0.066691
316329,0.025401324
316334,0.01630386
316364,0.010627571
316372,0.020782817
316382,0.008739968
316407,0.0073984438
316411,0.12791957
316433,0.08084348
316435,0.06252421
316441,0.041232772
316456,0.009263859
316457,0.0495797
316462,0.03766954
316465,0.023948494
316466,0.01617223
316468,0.018379161
316469,0.029578205
316479,0.13381168
316481,0.032576792
316484,0.02480241
316502,0.075523555
316517,0.018837301
316525,0.042956308
316531,0.006054757
316546,0.023626521
316549,0.049513683
316557,0.008053471
316561,0.08953062
316564,0.06859417
316565,0.14862211
316594,0.19298913
316595,0.1090663
316600,0.049210716
316625,0.010751843
316645,0.028649759
316647,0.15563989
316659,0.09768436
316683,0.06657967
316694,0.045647617
316697,0.009792456
316701,0.03920982
316702,0.014334697
316703,0.017013423
316718,0.14857472
316723,0.09339117
316748,0.1494023
316756,0.0152513515
316758,0.048510045
316763,0.063665956
316764,0.06492413
316768,0.026297495
316769,0.035692073
316772,0.0256465
316777,0.06567091
316781,0.034931175
316785,0.099586524
316786,0.027326137
316815,0.49877235
316816,0.063057624
316828,0.028334025
316831,0.019546648
316837,0.014193208
316843,0.04540341
316849,0.11610728
316854,0.011361471
316862,0.014103658
316867,0.009048473
316902,0.05078665
316903,0.00972558
316906,0.02200826
316914,0.03037735
316915,0.019521791
316923,0.012724969
316928,0.076475926
316930,0.030945834
316932,0.24186163
316940,0.017362569
316947,0.01741455
316948,0.024146616
316977,0.048526812
316983,0.084356666
316987,0.04891412
317003,0.04545072
317005,0.018737396
317035,0.032009304
317036,0.010154481
317043,0.06955705
317048,0.017215073
317056,0.019137038
317065,0.025123669
317079,0.01450073
317080,0.020071639
317083,0.08814115
317087,0.043122075
317103,0.01415792
317117,0.14042561
317119,0.024769437
317125,0.074844554
317126,0.08993971
317134,0.065377586
317138,0.028184133
317142,0.008463599
317150,0.009042205
317184,0.077760816
317190,0.046273157
317196,0.03609515
317197,0.053329825
317206,0.060267344
317210,0.030159421
317221,0.045102216
317226,0.08276689
317227,0.28431466
317236,0.019186527
317237,0.048671335
317241,0.008036816
317249,0.018727764
317256,0.023713924
317282,0.044206157
317294,0.026912915
317298,0.023694683
317300,0.018827327
317307,0.14860643
317311,0.017873326
317318,0.073604114
317322,0.042203896
317323,0.2240126
317332,0.021262098
317338,0.010917233
317346,0.015484607
317347,0.024098458
317349,0.06076539
317354,0.06277463
317369,0.33447605
317386,0.048775665
317389,0.013568764
317410,0.17389035
317411,0.077864826
317422,0.019120038
317434,0.017654628
317446,0.0319008
317449,0.04888472
317455,0.07065065
317469,0.007460554
317475,0.017683657
317476,0.03799591
317487,0.07023311
317488,0.039340325
317499,0.04032962
317500,0.033240102
317506,0.045070417
317515,0.089591086
317518,0.025707949
317520,0.45762622
317546,0.07639885
317549,0.05052725
317554,0.042184576
317565,0.02961251
317579,0.054626144
317591,0.065251075
317592,0.17821977
317593,0.095980726
317594,0.012709914
317601,0.14510839
317603,0.108590886
317606,0.06242545
317608,0.017441027
317611,0.034479357
317618,0.043941367
317628,0.02881642
317629,0.1014484
317642,0.11322919
317644,0.017423036
317648,0.14884424
317650,0.011075539
317665,0.03784302
317675,0.03419263
317695,0.059143662
317696,0.047611386
317704,0.081618324
317713,0.012659755
317730,0.022143533
317735,0.22854167
317736,0.045004025
317738,0.17586853
317747,0.077704675
317764,0.07375555
317765,0.06635662
317772,0.29073352
317774,0.020611696
317786,0.01512455
317788,0.013178082
317806,0.04919291
317809,0.17057925
317811,0.037528515
317814,0.07290501
317815,0.088655755
317830,0.04899405
317835,0.032677874
317843,0.06846273
317856,0.040844835
317863,0.20328045
317876,0.10466274
317889,0.038698
317902,0.1649919
317910,0.02155057
317914,0.040362053
317933,0.019954808
317936,0.1735472
317940,0.015037764
317944,0.025262048
317952,0.037835866
317955,0.10820201
317958,0.011661635
317965,0.040280417
317966,0.1074496
317978,0.037130825
318000,0.024136158
318007,0.049363617
318008,0.113286674
318012,0.018200906
318016,0.011763668
318019,0.053148154
318020,0.010735744
318021,0.01602316
318025,0.027978841
318036,0.012639527
318044,0.020833522
318055,0.014847705
318056,0.1308366
318057,0.042063568
318065,0.10106014
318075,0.019790543
318081,0.4773166
318094,0.042448398
318096,0.01979226
318104,0.035821043
318105,0.012010184
318109,0.07002717
318113,0.017010055
318121,0.040283233
318122,0.0739799
318126,0.03455888
318127,0.054495458
318131,0.049324688
318135,0.098620936
318155,0.027581466
318156,0.016142637
318161,0.030358637
318164,0.10606846
318169,0.08565799
318173,0.1575418
318176,0.31713474
318177,0.12522762
318181,0.04169555
318187,0.013363102
318193,0.011347214
318203,0.047204588
318206,0.02721454
318214,0.031715494
318220,0.025668446
318232,0.03628427
318250,0.1663852
318251,0.09727832
318252,0.008126082
318254,0.031007648
318260,0.01920155
318261,0.0036305168
318263,0.07718335
318264,0.094524965
318266,0.0869038
318267,0.044612568
318268,0.023369806
318270,0.01714709
318274,0.091492675
318282,0.045873404
318286,0.033047974
318292,0.007056307
318297,0.013448998
318320,0.08352119
318337,0.03370353
318343,0.050525233
318347,0.042158466
318351,0.09143334
318357,0.38834554
318360,0.015215648
318384,0.00717046
318385,0.010811756
318387,0.052539617
318390,0.04981066
318391,0.03348838
318393,0.015202322
318406,0.013100365
318408,0.1939806
318410,0.15337354
318424,0.09304387
318428,0.04461831
318432,0.038645864
318433,0.16409534
318445,0.09477519
318452,0.35977206
318467,0.0339798
318473,0.15744883
318480,0.052423976
318486,0.11340956
318496,0.014187425
318505,0.22039141
318511,0.056963608
318517,0.062634155
318522,0.033427678
318527,0.08134127
318530,0.034879185
318531,0.035613302
318533,0.01769691
318535,0.011689659
318536,0.02396622
318548,0.06683225
318551,0.074596524
318557,0.07335737
318576,0.018456312
318581,0.2349311
318607,0.028473038
318609,0.015091343
318615,0.37184507
318634,0.04301015
318640,0.4696874
318651,0.14233053
318657,0.09221774
318669,0.050622463
318674,0.07114485
318675,0.03047199
318686,0.07132286
318694,0.021707393
318760,0.06986537
318762,0.006216632
318763,0.013875934
318765,0.026739378
318766,0.046785526
318769,0.10274773
318775,0.12345318
318782,0.026136072
318786,0.30956194
318792,0.011437824
318801,0.06622038
318802,0.0646031
318803,0.06274068
318805,0.052042853
318813,0.10851069
318817,0.05766566
318821,0.027943417
318827,0.10108095
318834,0.20807679
318835,0.02163793
318851,0.0074642505
318857,0.007141265
318862,0.02259339
318874,0.056705635
318878,0.043700352
318897,0.015024486
318909,0.2241798
318924,0.037168466
318927,0.048238717
318942,0.14679027
318946,0.06302046
318957,0.17781994
318959,0.011565014
318975,0.014714394
318982,0.009399101
318987,0.00978984
318993,0.0125920195
318995,0.027275678
318996,0.008710282
318997,0.02406979
318999,0.06615158
319012,0.40445104
319014,0.15085617
319018,0.06791456
319020,0.1191359
319048,0.012604637
319052,0.07020254
319067,0.03018786
319083,0.020535506
319088,0.017682176
319089,0.052152447
319090,0.18524624
319096,0.03013729
319099,0.07249116
319108,0.016145974
319116,0.04300809
319117,0.05057704
319119,0.06215739
319126,0.21064097
319133,0.10009797
319135,0.05585274
319137,0.0353637
319143,0.074680306
319168,0.073978074
319170,0.06809786
319174,0.03712611
319181,0.013674372
319192,0.01698043
319193,0.015255908
319198,0.011226105
319211,0.020730548
319219,0.07019912
319220,0.049169596
319226,0.096288584
319240,0.025586076
319248,0.024270272
319257,0.034539245
319261,0.05425383
319264,0.029290196
319268,0.01983633
319289,0.12393355
319292,0.033454
319295,0.043456428
319302,0.03817131
319308,0.29285792
319310,0.18010272
319313,0.03548928
319322,0.008404962
319329,0.016405275
319331,0.020411626
319334,0.07350731
319346,0.01410309
319352,0.29893118
319358,0.18178871
319363,0.020799898
319365,0.10246925
319370,0.0073511144
319371,0.13646641
319372,0.04088282
319385,0.052189104
319387,0.010756864
319393,0.017641794
319396,0.060345948
319406,0.03410111
319439,0.010757731
319440,0.058868866
319441,0.26097172
319462,0.033769548
319471,0.037075188
319475,0.008514531
319476,0.107829675
319486,0.08848555
319487,0.034129024
319489,0.0742404
319491,0.04150188
319494,0.011850014
319496,0.12726101
319512,0.05444825
319519,0.019536164
319522,0.019099398
319530,0.035861284
319540,0.013208644
319547,0.025100313
319549,0.029799597
319559,0.03140411
319561,0.021207975
319566,0.013224815
319569,0.039085437
319574,0.025661808
319579,0.036170527
319580,0.038976755
319582,0.017717693
319583,0.052534334
319585,0.028112486
319598,0.047645822
319600,0.038185567
319602,0.009079534
319603,0.035441134
319604,0.021902774
319608,0.011569373
319622,0.03899111
319623,0.091885984
319625,0.06795308
319628,0.05715795
319637,0.15105522
319639,0.042504363
319658,0.018886503
319669,0.038337287
319677,0.034871038
319683,0.053865343
319688,0.025260853
319697,0.028358398
319700,0.01804514
319727,0.12344482
319747,0.036999233
319751,0.025048899
319758,0.0259218
319759,0.042727105
319765,0.009908989
319768,0.025359426
319774,0.05726382
319776,0.036817983
319777,0.025497463
319785,0.022501897
319789,0.02862281
319792,0.027912889
319799,0.021648914
319814,0.01405623
319815,0.014360498
319822,0.034126863
319829,0.022614893
319836,0.073208675
319837,0.019088708
319839,0.120132804
319843,0.027980821
319860,0.053146176
319876,0.14121929
319877,0.00680477
319887,0.05699853
319889,0.013283901
319892,0.04455693
319893,0.052357275
319897,0.061086763
319898,0.03256434
319911,0.07205697
319917,0.094983496
319923,0.025676614
319927,0.022596013
319929,0.07397963
319931,0.18399289
319948,0.050102167
319949,0.02475053
319992,0.046715207
319999,0.022610765
320001,0.05809113
320003,0.016277988
320004,0.37410447
320011,0.12580837
320012,0.065556705
320021,0.14075842
320026,0.028093725
320034,0.040833727
320041,0.24164253
320042,0.03287956
320046,0.019544218
320056,0.008357882
320062,0.023522425
320093,0.17001936
320094,0.049711052
320101,0.09094364
320114,0.0431321
320126,0.08512567
320128,0.030795272
320137,0.041620165
320149,0.016503751
320165,0.020388223
320172,0.05986447
320173,0.08659072
320175,0.1966619
320179,0.022124292
320181,0.03783073
320191,0.05489679
320192,0.023185525
320195,0.010054935
320199,0.042247903
320202,0.019111743
320203,0.11890885
320205,0.057695173
320224,0.16923365
320227,0.1513872
320228,0.03454289
320248,0.18567608
320252,0.0067268107
320254,0.06974504
320259,0.04332521
320267,0.16535504
320276,0.011497891
320287,0.15877964
320291,0.016454747
320295,0.02940068
320297,0.031022698
320305,0.22549888
320321,0.19386522
320331,0.11588916
320336,0.03986499
320341,0.032913376
320344,0.055591006
320356,0.0060786568
320362,0.063499555
320369,0.010591818
320379,0.05036597
320387,0.018293148
320397,0.025124947
320412,0.037151046
320421,0.044332653
320428,0.25031745
320429,0.1495326
320430,0.02181119
320434,0.03729044
320453,0.060823597
320462,0.028879546
320469,0.0059006466
320475,0.03381541
320478,0.047125038
320484,0.025841577
320494,0.010913857
320499,0.0153438235
320541,0.20558377
320550,0.017235886
320561,0.013886401
320562,0.053365733
320564,0.080898
320566,0.21426453
320568,0.025365802
320593,0.020265386
320609,0.030440316
320614,0.033150733
320621,0.008613943
320639,0.29114306
320640,0.05987885
320656,0.030156719
320657,0.052179478
320670,0.027341746
320672,0.03875441
320691,0.112651646
320693,0.009566042
320698,0.06284218
320699,0.05073172
320704,0.034107372
320709,0.013564626
320711,0.021853155
320724,0.029914666
320737,0.026233217
320744,0.042097837
320747,0.047007434
320750,0.08908154
320752,0.046900738
320760,0.21151382
320765,0.25398615
320767,0.055355404
320778,0.24656457
320784,0.013316619
320789,0.06299928
320793,0.0064898496
320795,0.2688495
320805,0.050576653
320806,0.23126692
320823,0.019368973
320828,0.06975246
320833,0.1683897
320843,0.030799989
320846,0.008683619
320851,0.07068528
320852,0.0676787
320869,0.026288217
320873,0.09436337
320890,0.023147564
320905,0.13141942
320912,0.037339095
320914,0.0071591698
320915,0.013912365
320920,0.04674068
320924,0.024594968
320925,0.016883548
320936,0.08513553
320937,0.016040027
320940,0.032333594
320943,0.031056082
320954,0.009124804
320959,0.077560976
320960,0.01937854
320966,0.014867787
320968,0.015538075
320975,0.02304253
320978,0.0072105424
320979,0.05689886
320981,0.0065749055
320987,0.04993307
320989,0.075966135
321009,0.17508736
321021,0.20781018
321035,0.0989251
321038,0.04364223
321039,0.07469255
321051,0.02616245
321058,0.020637397
321066,0.21944508
321075,0.12883754
321092,0.005776217
321098,0.07259982
321107,0.17455885
321116,0.22516714
321118,0.043411896
321124,0.026922839
321131,0.039166752
321134,0.24183197
321140,0.0803178
321143,0.07108686
321145,0.010274744
321150,0.006320906
321151,0.026424076
321153,0.12452785
321154,0.04525371
321156,0.013290954
321160,0.04542277
321176,0.02827692
321183,0.0656376
321187,0.06569005
321196,0.027399957
321197,0.05523886
321204,0.25239944
321208,0.036993228
321209,0.041621085
321223,0.06652169
321226,0.0134885665
321227,0.013504336
321236,0.07690154
321249,0.18553527
321250,0.026161741
321253,0.02042188
321256,0.030008769
321276,0.28404826
321298,0.018290857
321303,0.008234942
321309,0.041150287
321313,0.046123892
321322,0.1854866
321345,0.025715094
321350,0.064388596
321355,0.029104423
321358,0.03463018
321370,0.1336036
321377,0.12516193
321385,0.17997274
321398,0.09928256
321401,0.017479507
321415,0.014262211
321416,0.3005495
321419,0.017491503
321427,0.030501131
321433,0.012569213
321439,0.07919656
321455,0.048921194
321463,0.09050893
321465,0.07395687
321480,0.009080346
321486,0.019143201
321498,0.08044466
321502,0.07720102
321510,0.04516812
321524,0.04662615
321526,0.1003499
321528,0.15868975
321533,0.2621615
321536,0.080933854
321548,0.10632253
321557,0.028652633
321564,0.042399682
321567,0.01279626
321602,0.07312605
321625,0.090445384
321627,0.11002942
321640,0.058345832
321645,0.012384355
321648,0.07586212
321649,0.05857904
321652,0.044029806
321659,0.094767846
321667,0.0126126185
321676,0.03139785
321696,0.033582844
321697,0.068041965
321702,0.024508465
321704,0.029841963
321706,0.014288811
321710,0.0575059
321722,0.040914062
321760,0.038103
321770,0.05424802
321779,0.04921949
321784,0.12628211
321786,0.08519119
321792,0.040703747
321795,0.115057915
321801,0.023255263
321804,0.017978918
321806,0.13947323
321807,0.023917725
321808,0.42347488
321809,0.15971875
321825,0.09048887
321828,0.032457512
321843,0.033968262
321848,0.019720476
321854,0.07943103
321869,0.033234324
321870,0.103510626
321887,0.014461076
321896,0.05429239
321898,0.06987851
321908,0.031201541
321910,0.014989635
321915,0.15498422
321919,0.105123535
321922,0.025897577
321928,0.11636356
321929,0.03315182
321932,0.093783356
321934,0.12110459
321936,0.26670521
321956,0.026102457
321957,0.038014345
321965,0.010404345
321970,0.018557768
321974,0.007894447
321980,0.02662329
321985,0.013932466
321992,0.025190243
321999,0.020086396
322005,0.0067252307
322018,0.03126239
322020,0.011557611
322021,0.07634417
322023,0.02581362
322024,0.03491524
322039,0.009324527
322054,0.054452933
322061,0.04751406
322082,0.013311399
322088,0.19603506
322093,0.05946122
322105,0.09308238
322111,0.019549511
322113,0.18126298
322117,0.014667874
322120,0.016895043
322123,0.021738771
322132,0.06835562
322136,0.1084246
322141,0.1239458
322147,0.068319865
322169,0.2138431
322170,0.33801502
322172,0.05033047
322196,0.027253244
322198,0.11703022
322217,0.047893822
322226,0.1280963
322227,0.079035185
322229,0.00929675
322242,0.021474224
322244,0.04844606
322249,0.015912954
322250,0.06107223
322253,0.03976742
322254,0.18728766
322267,0.010880515
322269,0.048970863
322274,0.25558874
322285,0.220667
322309,0.028000403
322320,0.06503529
322327,0.024708524
322331,0.033773683
322332,0.018619148
322334,0.22683808
322339,0.1003862
322348,0.21804869
322350,0.44283253
322354,0.032583818
322356,0.027050745
322367,0.09289645
322369,0.046207685
322372,0.095721826
322374,0.024071038
322383,0.19673648
322388,0.31140408
322393,0.042999387
322395,0.051668108
322407,0.012919464
322413,0.03560852
322416,0.009940357
322419,0.018426292
322424,0.027653527
322432,0.015579632
322442,0.029863998
322447,0.023735099
322448,0.16547428
322460,0.0085154055
322461,0.20202968
322468,0.012918441
322472,0.109146856
322473,0.21715221
322488,0.019109651
322490,0.028585762
322491,0.04695201
322497,0.06005659
322503,0.03217921
322521,0.19650295
322525,0.14881311
322533,0.1515523
322549,0.08374188
322561,0.1283091
322566,0.046427112
322570,0.24890405
322574,0.025666602
322578,0.010391683
322579,0.041040566
322586,0.03972834
322596,0.021536967
322598,0.04069393
322603,0.07963448
322614,0.1535179
322626,0.00989193
322630,0.105043165
322639,0.21450108
322640,0.065087736
322642,0.074384764
322651,0.094770566
322652,0.07533776
322656,0.013925504
322662,0.0360874
322664,0.044960216
322681,0.2846394
322684,0.012292945
322685,0.168863
322711,0.27019262
322717,0.042017374
322719,0.021244897
322730,0.04528241
322740,0.024408428
322743,0.13064489
322749,0.0076083597
322757,0.027682858
322759,0.07904926
322760,0.031845115
322770,0.011927573
322786,0.12660152
322797,0.08420232
322800,0.043853275
322815,0.009766694
322831,0.019229356
322835,0.16974281
322841,0.034613572
322845,0.016552035
322846,0.010818416
322851,0.06748079
322852,0.02026296
322877,0.04249822
322880,0.043201514
322893,0.056372035
322911,0.017214637
322928,0.28892502
322934,0.08282943
322938,0.14320338
322950,0.06473878
322959,0.012925887
322961,0.035921626
322965,0.13886628
322966,0.02480273
322968,0.013854573
322977,0.015517307
322979,0.05262566
322986,0.11254029
322990,0.07784141
322998,0.018219737
323005,0.019024841
323008,0.03309171
323014,0.03377442
323015,0.01222267
323025,0.058228917
323030,0.059016086
323033,0.024232883
323036,0.03366063
323043,0.06292964
323049,0.032864764
323051,0.24717489
323053,0.01230689
323056,0.045477487
323059,0.041023955
323076,0.06464493
323088,0.055885248
323108,0.44871455
323112,0.056819722
323127,0.01727606
323135,0.054025516
323137,0.031264022
323141,0.056557715
323142,0.030649832
323147,0.15604854
323150,0.14787099
323153,0.17057467
323156,0.047278777
323161,0.020249141
323171,0.038034834
323173,0.041783996
323176,0.014131801
323184,0.037596483
323189,0.05004892
323193,0.04315557
323209,0.080960244
323218,0.32289752
323224,0.28347608
323235,0.10634187
323236,0.020085841
323242,0.009591036
323252,0.053408027
323253,0.1831054
323254,0.008497372
323271,0.069970645
323276,0.06112749
323278,0.064938664
323281,0.011090737
323285,0.02859385
323289,0.041108154
323292,0.014101969
323297,0.07840546
323312,0.01113942
323318,0.00798109
323319,0.014292746
323324,0.03800182
323325,0.050596297
323328,0.068746895
323334,0.071321115
323338,0.14943555
323340,0.01723497
323343,0.07939438
323354,0.046131272
323373,0.027113961
323376,0.06196933
323381,0.04501536
323382,0.06282685
323383,0.36161548
323387,0.01676322
323394,0.07754191
323398,0.019694496
323405,0.105938666
323407,0.10387869
323428,0.27301168
323436,0.18704177
323451,0.07906708
323455,0.09619495
323463,0.040805083
323466,0.052057605
323475,0.07349234
323477,0.013561637
323481,0.0080342945
323485,0.0529135
323488,0.031137511
323493,0.05349155
323494,0.04613196
323505,0.06532534
323506,0.036154088
323509,0.0077018654
323518,0.031594727
323530,0.081185505
323539,0.011355643
323549,0.04551245
323557,0.025601428
323568,0.042003136
323569,0.024134198
323571,0.019723676
323573,0.18033332
323585,0.019905178
323588,0.021427598
323599,0.3566202
323615,0.007112992
323617,0.054058027
323620,0.17365071
323636,0.030709544
323665,0.023866735
323670,0.0130747
323675,0.13533032
323688,0.07056218
323693,0.015387964
323694,0.023452645
323696,0.05244665
323710,0.016109545
323716,0.08700682
323718,0.052597333
323719,0.020961333
323720,0.060907762
323722,0.11375341
323729,0.30233687
323738,0.053973258
323740,0.022277102
323787,0.017170526
323795,0.009302693
323801,0.008395396
323810,0.027034953
323822,0.052721076
323825,0.055069637
323833,0.030121535
323860,0.005240014
323871,0.007748653
323879,0.038776398
323888,0.0154944705
323891,0.21065071
323894,0.20507637
323909,0.027823696
323911,0.033869345
323920,0.1895425
323923,0.087172404
323930,0.01409692
323935,0.034602024
323937,0.11370944
323938,0.018223153
323948,0.030088421
323956,0.04897518
323962,0.07616466
323964,0.029136142
323966,0.019127473
323970,0.011420952
323972,0.020894026
323977,0.032613695
323985,0.06253154
323989,0.03242573
323994,0.025023047
324010,0.044421993
324020,0.071016915
324033,0.020814352
324052,0.16688387
324055,0.02209146
324075,0.01887894
324087,0.08077893
324088,0.016233072
324091,0.028051673
324104,0.0431203
324109,0.052533485
324114,0.028025253
324118,0.021223325
324125,0.0716415
324130,0.17369698
324146,0.018724397
324149,0.019557314
324156,0.0129795065
324170,0.047676884
324171,0.06170049
324172,0.032506537
324178,0.26086402
324180,0.10343051
324220,0.026303876
324222,0.014068975
324227,0.08632928
324229,0.06568094
324230,0.0983202
324235,0.0791749
324243,0.028230226
324247,0.36455822
324264,0.17845082
324269,0.057137467
324270,0.03570982
324271,0.05636708
324291,0.36833704
324293,0.020112015
324296,0.07851652
324298,0.14988004
324302,0.0933218
324305,0.005556805
324310,0.035310928
324325,0.020979047
324339,0.040081535
324345,0.06260112
324347,0.04625067
324356,0.015556014
324383,0.08412639
324387,0.06501544
324393,0.107784145
324400,0.055886526
324401,0.024759036
324412,0.08666398
324414,0.020064741
324415,0.171398
324416,0.034550507
324420,0.1762101
324437,0.008442462
324445,0.12511106
324464,0.09427839
324472,0.02853372
324496,0.055685587
324499,0.052782033
324512,0.03238091
324544,0.04582876
324545,0.029713867
324552,0.0414363
324553,0.03480969
324558,0.13381426
324559,0.013112831
324572,0.034896955
324582,0.04492662
324595,0.294295
324596,0.4561987
324598,0.04260081
324614,0.112481266
324620,0.54896396
324621,0.036304094
324624,0.1168296
324651,0.05590726
324655,0.2514342
324669,0.0070249806
324674,0.40051365
324677,0.0786081
324681,0.02756564
324689,0.0075032157
324708,0.013716151
324714,0.10606261
324716,0.13307507
324719,0.057305753
324731,0.29236826
324733,0.071080685
324741,0.11343484
324745,0.033835355
324747,0.14149782
324748,0.019520389
324764,0.17058979
324772,0.092780516
324788,0.0653824
324795,0.010442214
324801,0.017601483
324811,0.020130001
324816,0.2688671
324821,0.06868824
324825,0.0088262
324840,0.24256438
324841,0.06546509
324854,0.027085122
324866,0.012884021
324884,0.08770075
324894,0.058458857
324895,0.01807181
324913,0.035873286
324914,0.015652845
324944,0.054652445
324949,0.27469736
324978,0.028442957
324983,0.017194597
324987,0.020854231
324995,0.007937809
325000,0.016755283
325001,0.33001924
325005,0.018832304
325017,0.024274196
325019,0.06015526
325020,0.012834258
325021,0.39991856
325041,0.049411114
325063,0.52677524
325066,0.07992937
325070,0.082618356
325102,0.09522217
325117,0.037094984
325121,0.13468331
325136,0.03285741
325153,0.017423516
325157,0.029358849
325158,0.018165298
325163,0.08869167
325180,0.03711217
325181,0.048559558
325185,0.3194779
325194,0.020711506
325196,0.048878342
325206,0.017695986
325212,0.018130224
325217,0.16031063
325218,0.053614642
325223,0.029001111
325238,0.09042492
325254,0.08245674
325258,0.030398918
325268,0.012594462
325269,0.050266318
325275,0.023738105
325277,0.027792167
325282,0.015383881
325284,0.01475361
325289,0.052572366
325291,0.31786636
325300,0.04869053
325303,0.05663902
325306,0.01860695
325313,0.06406507
325316,0.059327625
325318,0.0067117065
325332,0.047029432
325344,0.13427925
325354,0.043819338
325360,0.007881394
325364,0.036347367
325375,0.17393328
325377,0.0059975507
325380,0.022956843
325390,0.07733141
325392,0.009043202
325395,0.0913794
325411,0.017597836
325412,0.043885432
325420,0.08448592
325424,0.024045203
325433,0.029937452
325438,0.017371828
325439,0.018008854
325443,0.044130594
325454,0.043332655
325464,0.037809778
325473,0.020693813
325476,0.009164419
325495,0.09174557
325525,0.0713735
325529,0.055589803
325552,0.06536816
325553,0.3124075
325564,0.018874267
325565,0.06609706
325580,0.09187598
325590,0.4696656
325591,0.024557136
325596,0.034590915
325601,0.025455777
325602,0.16781998
325623,0.009641458
325625,0.01739227
325641,0.22382586
325645,0.06734062
325657,0.088475
325680,0.019981459
325691,0.028833106
325701,0.032689653
325710,0.054857463
325712,0.02365409
325714,0.04428009
325716,0.04599977
325724,0.21316463
325744,0.110316955
325751,0.24285941
325757,0.012246607
325765,0.030360585
325767,0.34526914
325770,0.18076256
325778,0.06113915
325784,0.058813665
325791,0.2646057
325809,0.21873942
325814,0.100350514
325817,0.20058009
325820,0.44586647
325822,0.12550882
325830,0.027003832
325832,0.11796671
325840,0.04562488
325849,0.05835072
325852,0.041915826
325859,0.05072504
325864,0.047722556
325865,0.15882269
325879,0.029318647
325890,0.013005409
325899,0.01877911
325908,0.05223903
325916,0.11229148
325918,0.032464985
325919,0.009468598
325922,0.012953172
325925,0.041342948
325934,0.03396951
325939,0.015091573
325942,0.03413552
325948,0.39159846
325954,0.05716514
325962,0.037893146
325966,0.12414516
325969,0.035301436
325971,0.015823357
325972,0.0074782846
325976,0.043793343
325981,0.012040117
325992,0.0972946
326013,0.03395792
326017,0.0126579385
326019,0.023849405
326027,0.02449543
326028,0.024686795
326033,0.07006779
326041,0.011728211
326043,0.04051441
326049,0.028115842
326054,0.019036394
326057,0.03615111
326074,0.007984429
326078,0.01605465
326083,0.020636782
326084,0.023554666
326085,0.06029411
326087,0.018920818
326088,0.15348718
326102,0.2950887
326117,0.05052008
326145,0.10509533
326150,0.033600587
326160,0.12413118
326166,0.044615995
326170,0.021258626
326180,0.024874823
326182,0.0989088
326186,0.018149788
326188,0.25630134
326190,0.20397119
326196,0.17046714
326199,0.04218977
326201,0.15134585
326204,0.012546765
326209,0.016424682
326211,0.039588444
326218,0.039763622
326239,0.02453434
326259,0.039326668
326260,0.027031593
326284,0.14655355
326289,0.05283781
326290,0.055444717
326295,0.026490908
326299,0.06887545
326305,0.015020936
326309,0.07574214
326323,0.030962737
326364,0.05044882
326369,0.0132795945
326385,0.06763352
326410,0.14806086
326411,0.004691516
326418,0.022413075
326428,0.06410538
326435,0.113017574
326437,0.014118342
326438,0.039668433
326451,0.015287904
326464,0.26729882
326471,0.061320174
326472,0.19713475
326475,0.08513931
326477,0.00800054
326480,0.013851521
326486,0.04806657
326502,0.04317411
326506,0.091328785
326513,0.020420287
326516,0.027716715
326528,0.020469818
326530,0.02557186
326531,0.066897556
326532,0.011763964
326538,0.02350293
326551,0.03911703
326559,0.02542362
326576,0.09161433
326577,0.08278373
326602,0.06431669
326606,0.03411486
326618,0.089552075
326620,0.013653676
326624,0.062125273
326639,0.080266215
326647,0.44312495
326652,0.046711907
326661,0.05976078
326667,0.06088845
326670,0.14505713
326672,0.03258297
326693,0.13563779
326704,0.01668617
326723,0.042987276
326734,0.07928159
326738,0.091960564
326746,0.054474358
326753,0.020757811
326754,0.015457317
326763,0.042495884
326779,0.016331697
326785,0.06443466
326786,0.023761485
326787,0.16556661
326789,0.013635125
326799,0.009701839
326802,0.016846737
326804,0.015373661
326823,0.08080339
326827,0.06819061
326833,0.15187927
326838,0.04241748
326842,0.030386627
326856,0.22234511
326867,0.009716282
326870,0.008439919
326871,0.036844976
326875,0.038076594
326879,0.090307474
326884,0.091208756
326900,0.08743746
326904,0.0100526195
326905,0.099150985
326917,0.02033568
326919,0.018648066
326921,0.21474786
326929,0.046507128
326942,0.13892905
326944,0.008418253
326953,0.107984625
326968,0.06544383
326985,0.10476727
326987,0.05199094
326988,0.029781982
326994,0.023002362
327005,0.012156658
327010,0.058106147
327017,0.038924575
327026,0.07348661
327030,0.02011455
327031,0.014783543
327045,0.10890287
327054,0.006212604
327078,0.01781067
327080,0.007858881
327087,0.4143347
327137,0.08196661
327147,0.05113352
327150,0.047798567
327153,0.10116097
327160,0.11587531
327164,0.0101342425
327169,0.13185228
327187,0.11704075
327188,0.057154384
327189,0.02664858
327194,0.018289797
327196,0.15427434
327202,0.056824796
327207,0.014222583
327215,0.012667939
327216,0.20529717
327220,0.09214723
327222,0.045416042
327230,0.049596615
327231,0.18933362
327238,0.04191288
327247,0.012756851
327262,0.03746671
327265,0.069671705
327267,0.013050105
327273,0.0065522883
327276,0.13984011
327280,0.12342976
327287,0.021103175
327301,0.059728622
327307,0.0627039
327309,0.101743035
327316,0.05942412
327327,0.13046347
327334,0.14463523
327335,0.19808055
327338,0.008243164
327341,0.08919486
327350,0.016186323
327355,0.016533073
327370,0.01915484
327386,0.022066323
327391,0.10665237
327393,0.08922719
327408,0.01763866
327415,0.15511629
327431,0.12893185
327445,0.022852384
327449,0.18419197
327457,0.068323866
327488,0.007893916
327489,0.030195631
327523,0.04922473
327537,0.016436689
327550,0.23186585
327556,0.010921741
327562,0.013192802
327567,0.14498511
327587,0.044646196
327594,0.048595108
327602,0.0681655
327604,0.087857194
327609,0.037143502
327618,0.02633759
327620,0.043346513
327626,0.08182812
327628,0.014587414
327629,0.05640898
327631,0.080887526
327633,0.050418627
327638,0.010235704
327665,0.013961691
327689,0.026466385
327697,0.03218713
327702,0.052465055
327704,0.09590229
327723,0.048896886
327726,0.03435502
327732,0.077506825
327739,0.09788974
327750,0.022239588
327751,0.030619688
327765,0.11937072
327766,0.010701995
327771,0.043654412
327772,0.18468846
327774,0.09870131
327784,0.016836468
327789,0.00760141
327794,0.016805995
327799,0.11930075
327803,0.09817062
327817,0.032731812
327819,0.054855887
327823,0.04918804
327828,0.5338623
327834,0.12706964
327835,0.019973006
327866,0.22053625
327871,0.028274095
327886,0.066631146
327900,0.08327667
327901,0.2582102
327904,0.011608833
327906,0.14463797
327908,0.046941087
327909,0.0072118333
327914,0.5539745
327917,0.13583106
327928,0.10987966
327947,0.018351259
327949,0.028848464
327952,0.030953595
327954,0.023537412
327962,0.048637085
327964,0.26617628
327985,0.0218099
327996,0.030426012
327997,0.053582985
328013,0.013731899
328017,0.0707119
328027,0.07261602
328029,0.15730199
328042,0.060285278
328043,0.0314683
328064,0.11760282
328072,0.021417774
328074,0.24913532
328080,0.010216954
328086,0.061005384
328122,0.032513123
328126,0.007893718
328127,0.06957692
328142,0.007914136
328144,0.03797482
328150,0.06270082
328154,0.14578797
328160,0.026253974
328171,0.042839706
328179,0.035801273
328192,0.013035162
328195,0.03428722
328196,0.023847347
328201,0.01073709
328203,0.055103645
328217,0.033049166
328218,0.018840503
328228,0.04961294
328231,0.07604835
328246,0.061777167
328252,0.049980965
328255,0.035450995
328264,0.013668227
328281,0.045059063
328282,0.0055545717
328291,0.07424657
328303,0.03644818
328305,0.17651267
328313,0.023370283
328336,0.07633136
328340,0.020130318
328343,0.024305563
328368,0.4939705
328372,0.01831617
328381,0.05016522
328383,0.03403404
328385,0.018588979
328393,0.014752885
328395,0.02978355
328409,0.014238355
328424,0.06328886
328427,0.047212303
328456,0.039572954
328463,0.05618252
328489,0.088639766
328491,0.040638816
328509,0.018719811
328516,0.1956329
328524,0.014921052
328535,0.0848551
328536,0.010242965
328539,0.06061764
328542,0.49823937
328545,0.3874767
328549,0.052070733
328554,0.027574014
328558,0.103178665
328571,0.0430888
328576,0.020565666
328578,0.039415363
328588,0.17715284
328601,0.024462663
328604,0.07619392
328624,0.01582032
328629,0.1641671
328632,0.024111869
328634,0.033249743
328636,0.052637056
328637,0.019716214
328647,0.041453894
328668,0.0124574285
328669,0.020830153
328678,0.029335536
328684,0.03237113
328694,0.04237517
328705,0.05983889
328712,0.026253194
328720,0.035453603
328729,0.15646864
328730,0.029169701
328733,0.038569048
328758,0.15961084
328761,0.016792772
328764,0.02559085
328777,0.027004145
328783,0.07479896
328813,0.05825624
328819,0.034659375
328826,0.025024138
328829,0.06770054
328834,0.018396027
328845,0.025263982
328856,0.10493533
328865,0.056096416
328868,0.16798952
328878,0.1334174
328896,0.020120941
328899,0.011811665
328909,0.037948977
328914,0.006319985
328926,0.018931052
328934,0.017838575
328935,0.018012375
328949,0.031391077
328954,0.027415045
328957,0.013782786
328968,0.21853308
328974,0.01898032
328984,0.008042967
328991,0.036298893
328997,0.03437182
329000,0.03759648
329005,0.09424661
329007,0.06330026
329018,0.056349568
329034,0.07419486
329051,0.14212841
329052,0.048284046
329055,0.120530136
329062,0.14967962
329064,0.15686122
329070,0.16503862
329075,0.01672485
329078,0.11695299
329081,0.01238239
329086,0.0634744
329101,0.01775238
329105,0.20947301
329113,0.11579958
329119,0.10463624
329133,0.024869625
329135,0.033759076
329138,0.020673348
329143,0.023303403
329157,0.057424426
329165,0.049655158
329170,0.021229647
329176,0.089448445
329177,0.07134116
329179,0.042711087
329196,0.114571184
329209,0.10282886
329219,0.2717937
329241,0.017199202
329245,0.11724594
329248,0.024113191
329249,0.027673282
329251,0.017097853
329252,0.02214982
329256,0.0492872
329261,0.03928615
329264,0.248216
329297,0.108218595
329310,0.04534669
329320,0.03518579
329328,0.007516778
329340,0.10431722
329347,0.022721484
329351,0.05657846
329356,0.03941519
329360,0.5040401
329364,0.02502713
329365,0.013171919
329381,0.072206415
329383,0.08802862
329385,0.0661448
329388,0.049054593
329390,0.022283373
329393,0.03962158
329403,0.086760215
329409,0.018405793
329418,0.2770888
329428,0.019004863
329433,0.02447266
329439,0.039365247
329459,0.016887931
329463,0.12407794
329475,0.056665264
329479,0.033766754
329494,0.091234595
329500,0.16235945
329503,0.008524875
329512,0.007443698
329514,0.1207677
329521,0.071458355
329526,0.08646281
329531,0.008297456
329534,0.16458324
329545,0.036478076
329553,0.012616661
329569,0.03312508
329571,0.036969557
329580,0.042912018
329585,0.03509258
329588,0.1462883
329603,0.09478703
329605,0.063600935
329611,0.041599125
329613,0.08352916
329615,0.110430084
329618,0.039342023
329623,0.025921602
329626,0.0817683
329678,0.025976129
329690,0.0185797
329693,0.08693287
329698,0.11708286
329700,0.008440168
329706,0.019231623
329709,0.055881105
329713,0.11313176
329716,0.025584873
329717,0.014370972
329719,0.049016804
329720,0.016621282
329737,0.01041434
329741,0.037353765
329742,0.015523246
329749,0.12234649
329765,0.05570901
329771,0.030314544
329775,0.030785922
329779,0.030599497
329781,0.05221337
329788,0.031725712
329798,0.12856498
329799,0.009380886
329810,0.14270821
329811,0.010091489
329812,0.009130328
329819,0.05478047
329822,0.029102888
329826,0.012688372
329843,0.03644063
329846,0.015851818
329856,0.057989873
329871,0.025596235
329882,0.02218149
329885,0.043977413
329893,0.06666893
329898,0.018322585
329903,0.13872023
329916,0.05895778
329918,0.018718032
329934,0.01852676
329942,0.10055167
329949,0.052487884
329958,0.13582659
329965,0.092127755
329969,0.015626183
329972,0.061350375
329981,0.29979607
329988,0.030245624
329989,0.05507018
330004,0.29243833
330006,0.15644279
330014,0.11399938
330025,0.16790897
330040,0.0108174095
330047,0.08124134
330070,0.04092645
330074,0.02329979
330075,0.011541773
330085,0.028372139
330095,0.14763506
330106,0.05056168
330119,0.01709579
330122,0.04314822
330129,0.22326717
330145,0.14773542
330148,0.021472117
330154,0.056380596
330156,0.015311175
330162,0.07254887
330164,0.032518547
330187,0.04071988
330188,0.06484459
330189,0.019809144
330192,0.018961368
330193,0.02591746
330200,0.043744914
330205,0.036901563
330207,0.043022215
330220,0.024446025
330228,0.25293863
330243,0.052730326
330245,0.022355553
330270,0.020565994
330272,0.039739735
330279,0.036359057
330288,0.21152188
330289,0.031256743
330299,0.016576204
330308,0.032089084
330314,0.09732413
330317,0.06925313
330322,0.022446787
330332,0.07988437
330356,0.06495077
330358,0.042610362
330360,0.006632963
330363,0.038304478
330364,0.08160506
330368,0.016373571
330376,0.01923324
330378,0.08357327
330381,0.040905394
330386,0.0600254
330387,0.009361314
330395,0.13263576
330396,0.025902022
330406,0.034112256
330423,0.06182938
330430,0.015507041
330467,0.052615285
330469,0.011360291
330473,0.065620795
330479,0.050872855
330486,0.11052377
330523,0.36035478
330524,0.074619964
330540,0.08059837
330564,0.045937464
330565,0.047103874
330567,0.039990842
330568,0.040280223
330602,0.029265279
330616,0.059471034
330617,0.0115949875
330625,0.08349144
330635,0.021768136
330636,0.06606335
330639,0.03747917
330661,0.045208473
330666,0.009526203
330670,0.0053265598
330682,0.030694617
330690,0.013283953
330708,0.055176657
330726,0.0406475
330730,0.018942121
330765,0.015286218
330776,0.041363932
330789,0.017139874
330791,0.011875173
330803,0.067593835
330805,0.01008159
330807,0.027568612
330821,0.014677776
330822,0.023989625
330836,0.028287243
330837,0.036700733
330839,0.033227783
330840,0.007928006
330861,0.039061494
330878,0.04462541
330881,0.005877396
330888,0.02276615
330890,0.079889864
330903,0.123983406
330904,0.027922401
330905,0.031025933
330907,0.034362543
330915,0.006938357
330921,0.05704978
330922,0.050513744
330925,0.0187512
330942,0.045265242
330945,0.07494382
330957,0.057293072
330965,0.038676675
330973,0.089315735
330979,0.016504783
330981,0.02816145
331005,0.045899674
331018,0.0991431
331026,0.012766896
331032,0.0051374156
331033,0.042596582
331036,0.00719192
331037,0.019587632
331048,0.04009238
331054,0.097731054
331058,0.034810632
331063,0.03419998
331077,0.035818286
331079,0.0141394725
331081,0.10483299
331082,0.017378796
331090,0.015203722
331110,0.01676644
331127,0.12618741
331141,0.034161225
331153,0.13928936
331165,0.05509741
331171,0.055534482
331179,0.031680185
331191,0.12513395
331193,0.08009589
331197,0.019761892
331204,0.025278969
331207,0.21972573
331212,0.011300908
331220,0.096542224
331242,0.055250738
331244,0.10449414
331273,0.025582384
331281,0.012414877
331289,0.020174522
331293,0.027563697
331294,0.039694346
331299,0.027624756
331300,0.017471246
331302,0.03636002
331322,0.03008754
331334,0.030440101
331347,0.014017314
331353,0.026332054
331361,0.017434923
331370,0.010327536
331379,0.044809975
331382,0.09474537
331388,0.20615166
331390,0.02337493
331400,0.036794808
331411,0.040267505
331431,0.007152726
331451,0.021532897
331455,0.03800046
331456,0.011100324
331461,0.029302174
331468,0.06652562
331480,0.23376533
331491,0.032672152
331505,0.13237724
331508,0.018389512
331517,0.018311426
331519,0.113228545
331526,0.024700755
331530,0.043252856
331533,0.03517984
331554,0.084949285
331579,0.020992158
331590,0.006438464
331599,0.042368285
331604,0.04368779
331605,0.068702
331611,0.026097633
331616,0.32633638
331620,0.014436236
331623,0.08436617
331641,0.020280361
331645,0.025439119
331657,0.1205696
331662,0.016849594
331678,0.005277031
331684,0.04238323
331686,0.17711665
331691,0.037931487
331697,0.37190604
331707,0.050478473
331709,0.007896384
331716,0.047264732
331719,0.03526891
331729,0.016926654
331735,0.020016855
331743,0.019529834
331761,0.08253112
331772,0.081502914
331777,0.016516559
331794,0.109390736
331813,0.097647496
331818,0.09075219
331834,0.030965202
331848,0.057722636
331849,0.053320877
331868,0.043387875
331875,0.034159303
331879,0.016465139
331886,0.010989982
331888,0.048514556
331891,0.032809537
331903,0.013577834
331905,0.032483716
331913,0.021398038
331914,0.011943294
331937,0.014752232
331938,0.037635606
331939,0.083810925
331944,0.05616065
331948,0.108627796
331968,0.014391769
331976,0.28552565
331977,0.078040704
332007,0.06123651
332014,0.02571131
332017,0.026419533
332027,0.042258143
332033,0.018735267
332041,0.015191229
332042,0.22892855
332047,0.025767157
332050,0.04352259
332056,0.013690568
332071,0.0040615946
332075,0.20792153
332076,0.018482983
332077,0.031978447
332083,0.056842666
332093,0.2894113
332111,0.038280748
332119,0.02387817
332121,0.044492915
332135,0.03959728
332144,0.17002669
332147,0.03282237
332155,0.064031534
332156,0.011064664
332164,0.106385425
332166,0.023507359
332170,0.07280552
332180,0.22172132
332181,0.2676065
332184,0.11263667
332192,0.08765743
332204,0.030351207
332225,0.026925795
332234,0.034509744
332243,0.028777117
332253,0.24433357
332261,0.04075927
332266,0.036453415
332270,0.03527353
332285,0.2697317
332290,0.008365346
332296,0.01637603
332298,0.069501676
332302,0.029862825
332303,0.016975652
332317,0.014124522
332318,0.08413972
332327,0.06172818
332337,0.08803443
332351,0.06723372
332373,0.046257205
332377,0.012880824
332384,0.045114085
332398,0.027037911
332404,0.09551817
332405,0.04497917
332454,0.020199725
332456,0.055488452
332464,0.2002359
332468,0.036381513
332476,0.07238378
332482,0.014111373
332483,0.07232736
332508,0.027568415
332519,0.26981497
332529,0.23258823
332537,0.12838265
332545,0.1110114
332551,0.053703777
332552,0.09456966
332570,0.020035451
332574,0.16933422
332579,0.05585352
332607,0.010140771
332618,0.08878516
332626,0.054229826
332628,0.016671903
332645,0.039328024
332652,0.2616589
332666,0.05290907
332694,0.14137883
332697,0.08727135
332698,0.009728255
332700,0.0661453
332708,0.09551746
332714,0.015027702
332722,0.030848572
332724,0.029056868
332730,0.018027335
332741,0.02145425
332746,0.017946193
332754,0.064287454
332756,0.08596148
332759,0.014378527
332764,0.47011927
332786,0.031335644
332790,0.0070688445
332816,0.007879932
332821,0.07252627
332827,0.018755848
332829,0.01000879
332831,0.004796823
332833,0.13068973
332834,0.06446061
332837,0.011988308
332846,0.04497559
332860,0.05516083
332861,0.02779445
332865,0.044831965
332882,0.0874207
332897,0.12863132
332901,0.02851728
332904,0.020502793
332910,0.5189156
332911,0.037338212
332912,0.08916889
332939,0.03908184
332940,0.009238598
332952,0.015800837
332956,0.019317165
332957,0.059713792
332958,0.014487439
332961,0.08956705
332967,0.08985159
332974,0.05618696
332993,0.012721384
333007,0.032335002
333012,0.16502541
333020,0.041894365
333021,0.04260547
333035,0.017364277
333040,0.17943616
333061,0.0039769346
333073,0.015865074
333078,0.10141128
333085,0.028700255
333086,0.066466644
333096,0.24211487
333100,0.061127603
333112,0.0427992
333114,0.0063715526
333120,0.2141754
333142,0.011256932
333152,0.020324659
333159,0.12333077
333178,0.028314179
333179,0.04351653
333187,0.024206547
333191,0.0481844
333192,0.033145733
333199,0.043039624
333211,0.0237507
333224,0.017896844
333237,0.23804808
333238,0.02219823
333262,0.007918756
333268,0.042331677
333275,0.02755844
333289,0.056708604
333292,0.28423974
333303,0.030346753
333305,0.06987242
333312,0.018444642
333316,0.10836392
333335,0.044515498
333354,0.031105157
333356,0.008881807
333358,0.034317806
333376,0.01016169
333378,0.015592336
333380,0.020441458
333381,0.16435377
333388,0.025090737
333392,0.007159489
333406,0.44443616
333410,0.021399602
333411,0.034124754
333412,0.07497547
333428,0.018252619
333432,0.015428723
333435,0.07623883
333442,0.02822804
333452,0.029452566
333455,0.15849045
333456,0.048761353
333459,0.027050683
333464,0.09521261
333466,0.09144673
333469,0.02630604
333475,0.019800112
333476,0.012378007
333477,0.08323018
333487,0.046700362
333490,0.01440466
333497,0.31059527
333499,0.009223863
333500,0.06370934
333501,0.033999853
333503,0.012376958
333513,0.17342237
333518,0.021374363
333544,0.051426373
333546,0.19498229
333563,0.22648641
333566,0.081710495
333568,0.07518296
333570,0.02731777
333573,0.017131345
333574,0.012047917
333584,0.021112552
333589,0.037235923
333594,0.0629479
333596,0.010521842
333597,0.029891375
333615,0.027359953
333621,0.018584989
333622,0.017324671
333629,0.07368541
333651,0.05100198
333653,0.15391965
333664,0.016014246
333680,0.013037658
333687,0.21251178
333688,0.0306722
333689,0.41012168
333693,0.05314049
333695,0.016051872
333706,0.020905983
333709,0.056367844
333713,0.07526813
333734,0.02449711
333745,0.14541583
333752,0.049866308
333764,0.014253209
333780,0.021768358
333789,0.141915
333791,0.013904669
333795,0.13605858
333799,0.15463561
333801,0.05640579
333802,0.079337075
333803,0.09647104
333810,0.032583363
333837,0.024879964
333842,0.14507712
333843,0.04506036
333845,0.016838983
333852,0.14716895
333859,0.023493106
333885,0.23557043
333896,0.05884699
333904,0.041916072
333908,0.01035946
333913,0.04789217
333927,0.027250618
333930,0.022361346
333935,0.017972764
333952,0.059257433
333953,0.14513403
333966,0.062075123
333968,0.009274801
333988,0.02835449
334013,0.01781146
334027,0.18995495
334030,0.021892054
334032,0.15230812
334033,0.013695745
334042,0.010141319
334045,0.070132844
334053,0.02023413
334055,0.020897081
334058,0.020391842
334063,0.05641335
334070,0.023786305
334074,0.010299961
334080,0.10177996
334086,0.023175238
334092,0.033324163
334099,0.02980493
334101,0.021377109
334103,0.03541646
334104,0.14495893
334109,0.2696624
334125,0.06516949
334130,0.056322627
334138,0.13082103
334161,0.028341021
334164,0.024227446
334169,0.052752223
334171,0.0054639727
334185,0.032703217
334186,0.074831314
334209,0.033041354
334211,0.06365829
334230,0.01303478
334231,0.36446998
334237,0.15482773
334241,0.19810721
334244,0.16247712
334247,0.024444515
334250,0.016487192
334252,0.02148131
334273,0.014362272
334282,0.016783802
334285,0.06082498
334286,0.022796208
334292,0.062198363
334296,0.0434227
334299,0.020681255
334300,0.051923983
334305,0.020399865
334307,0.07005042
334311,0.034347333
334315,0.04202501
334343,0.04992684
334344,0.03928562
334345,0.06223443
334350,0.026037026
334353,0.011770303
334365,0.035275724
334372,0.048233308
334374,0.020982219
334375,0.035836816
334382,0.19228229
334387,0.00887365
334391,0.22204226
334397,0.05270903
334407,0.027806208
334415,0.019698257
334417,0.03513316
334419,0.13467222
334431,0.018663414
334435,0.21623269
334446,0.34237716
334447,0.02662355
334457,0.01218997
334459,0.062099904
334471,0.01217434
334474,0.02357364
334481,0.021943605
334483,0.015743643
334486,0.0658919
334490,0.321062
334492,0.0892994
334494,0.03064895
334512,0.039535247
334522,0.009505404
334527,0.013033616
334534,0.012872513
334537,0.01731778
334539,0.029497787
334552,0.060723312
334555,0.10677199
334565,0.080100566
334580,0.021671982
334585,0.03099533
334589,0.047442764
334594,0.06762184
334600,0.014603626
334603,0.017249705
334613,0.06973599
334621,0.077671155
334628,0.033218924
334631,0.08493265
334634,0.06425004
334635,0.08769818
334659,0.024095062
334660,0.012963759
334664,0.029401017
334671,0.05819336
334693,0.050022732
334695,0.100675985
334703,0.11685109
334718,0.063868985
334728,0.33831677
334732,0.20929252
334733,0.095462106
334735,0.026195424
334748,0.01761717
334756,0.19049835
334764,0.056752868
334766,0.06199094
334787,0.020530418
334803,0.0251674
334806,0.063304864
334817,0.14892459
334825,0.026643736
334831,0.081108585
334836,0.043712325
334845,0.044065833
334857,0.020141087
334868,0.018017014
334871,0.01601568
334873,0.05826192
334881,0.049574446
334886,0.013844924
334898,0.071116105
334899,0.07908874
334901,0.04503333
334916,0.051550224
334923,0.28668264
334933,0.094447464
334938,0.14909625
334955,0.12193946
334963,0.3727956
334974,0.07550091
334986,0.011509474
334994,0.021678535
334995,0.097827226
335001,0.032150127
335005,0.040625814
335009,0.017653087
335014,0.036855444
335015,0.01736804
335017,0.24764208
335025,0.12924184
335027,0.12154495
335055,0.0907935
335058,0.034229025
335072,0.061604813
335073,0.023922252
335081,0.0684834
335091,0.008847728
335096,0.0077853906
335097,0.04858048
335099,0.040110957
335113,0.015044708
335136,0.048290636
335140,0.043250404
335141,0.013820851
335143,0.5546131
335155,0.057805825
335170,0.05122171
335176,0.049362466
335181,0.033523615
335183,0.065987974
335192,0.04039607
335196,0.21778785
335198,0.018720696
335203,0.029662548
335204,0.21944338
335218,0.026487987
335222,0.032045852
335223,0.16049385
335229,0.05226993
335231,0.07985633
335236,0.06287515
335253,0.24136785
335257,0.049320724
335262,0.013555673
335263,0.07124431
335273,0.028342506
335276,0.038254626
335278,0.013150465
335295,0.0149703035
335301,0.011482672
335303,0.007251857
335305,0.113720916
335310,0.12103964
335313,0.006323023
335314,0.021534141
335319,0.037236016
335321,0.06644499
335331,0.019128945
335332,0.02713384
335333,0.02451936
335337,0.11906647
335342,0.019992597
335347,0.03781983
335351,0.052195024
335356,0.021450395
335366,0.043088164
335369,0.015864344
335377,0.104053505
335388,0.095342964
335395,0.11082873
335397,0.041441936
335411,0.017858077
335419,0.027353536
335425,0.038449526
335427,0.066465706
335443,0.008455679
335446,0.0122281555
335448,0.03968786
335451,0.16838041
335458,0.037954375
335459,0.04816354
335460,0.11442312
335463,0.029283157
335471,0.077692226
335477,0.011376747
335478,0.07010719
335484,0.022086874
335490,0.18050963
335495,0.10021665
335506,0.10341114
335507,0.098091945
335518,0.03521422
335533,0.016982913
335537,0.09076109
335538,0.031837843
335549,0.09325044
335553,0.18419805
335561,0.099121474
335564,0.008851515
335573,0.07229825
335577,0.01925274
335579,0.0125371255
335585,0.043456648
335590,0.06887029
335594,0.022576353
335598,0.02355475
335601,0.026111804
335608,0.029878423
335616,0.14526844
335640,0.030148126
335645,0.111182965
335653,0.037937082
335683,0.014727697
335692,0.039808936
335713,0.00773367
335726,0.010218313
335727,0.28820682
335728,0.019834723
335732,0.021493006
335736,0.024865178
335747,0.021842638
335754,0.017634552
335755,0.019126218
335761,0.046600703
335775,0.035650786
335778,0.123402685
335779,0.08823052
335787,0.01847783
335805,0.014167379
335807,0.026155144
335808,0.05125516
335815,0.094345294
335818,0.014797993
335835,0.09589883
335849,0.0173707
335850,0.04364896
335851,0.03541009
335852,0.017767338
335856,0.050142977
335857,0.06450108
335863,0.08998127
335871,0.0613034
335879,0.038235057
335885,0.020239212
335887,0.26388595
335893,0.18316346
335906,0.079740755
335912,0.011146221
335921,0.021286158
335944,0.065515146
335952,0.105846085
335955,0.024027174
335956,0.017168758
335957,0.07918269
335958,0.029433103
335962,0.04453472
335963,0.045993827
335964,0.025436925
335971,0.015326127
335973,0.03510197
335975,0.085584395
335981,0.045164004
335983,0.2205903
336016,0.06310412
336038,0.02476234
336039,0.020436032
336041,0.050745457
336061,0.053528503
336063,0.020122267
336067,0.014388196
336071,0.04568152
336089,0.06346905
336095,0.089515746
336096,0.060332153
336101,0.007398839
336117,0.01778355
336118,0.04353677
336120,0.1311179
336137,0.018341625
336155,0.037870657
336156,0.44506887
336159,0.026423067
336178,0.123878404
336183,0.3882318
336194,0.009370363
336195,0.15717281
336199,0.0065075494
336209,0.05528684
336213,0.03704715
336214,0.036688704
336215,0.0100679565
336220,0.015871016
336253,0.033478536
336260,0.22129047
336263,0.034270618
336265,0.06685565
336273,0.023100013
336277,0.022369048
336280,0.0527203
336295,0.05754831
336308,0.00822751
336309,0.019896923
336316,0.06258037
336319,0.083033055
336321,0.010289089
336322,0.123909876
336323,0.07263172
336340,0.0313791
336344,0.10151563
336352,0.040202804
336361,0.09834285
336367,0.026835592
336382,0.050140522
336383,0.04104429
336393,0.033096716
336407,0.07355883
336413,0.016301949
336418,0.14637761
336426,0.034777343
336427,0.024623027
336436,0.00959941
336443,0.020158466
336445,0.04102434
336447,0.017929683
336451,0.041569088
336464,0.013050009
336484,0.041899424
336491,0.07162322
336492,0.028129976
336493,0.030506479
336494,0.024733113
336499,0.012003121
336524,0.004108197
336527,0.050773494
336534,0.23822194
336544,0.0177566
336553,0.13112123
336558,0.01817974
336565,0.012454627
336569,0.11963354
336580,0.04015418
336586,0.017334295
336592,0.0477403
336604,0.043197718
336610,0.077939324
336623,0.07540003
336634,0.08173029
336635,0.05396764
336641,0.08584563
336660,0.019699631
336673,0.02988948
336686,0.03690502
336693,0.008210539
336701,0.01726988
336704,0.04680547
336711,0.040043987
336715,0.02528224
336717,0.019158475
336722,0.034507558
336724,0.022498608
336741,0.08343753
336745,0.03466601
336757,0.21266203
336764,0.19215356
336767,0.027167147
336783,0.03588901
336786,0.0672265
336791,0.00626872
336792,0.31658152
336813,0.07535361
336822,0.25264713
336823,0.097034514
336832,0.021598471
336843,0.025242116
336858,0.09812151
336870,0.18716073
336876,0.029462775
336885,0.067570835
336887,0.06354296
336891,0.0111962715
336903,0.019258024
336916,0.08933415
336917,0.023501167
336922,0.02227578
336925,0.01114992
336931,0.1905931
336938,0.022626972
336950,0.17124873
336955,0.05019412
336956,0.031711034
336959,0.0396191
336966,0.19579671
336971,0.032674663
336978,0.013165485
336983,0.015791612
336986,0.008071744
336996,0.10118148
337003,0.18745613
337007,0.06363085
337029,0.058931734
337034,0.023137644
337039,0.013405565
337057,0.10844121
337058,0.048155528
337062,0.19791833
337080,0.022584703
337087,0.007461972
337105,0.019840363
337108,0.020648565
337120,0.030866899
337125,0.09279461
337142,0.012827731
337159,0.04608499
337160,0.05315371
337168,0.030909013
337170,0.013425372
337171,0.017806686
337178,0.056850214
337188,0.028691735
337191,0.033181064
337200,0.012182975
337207,0.037581086
337210,0.04593193
337218,0.009213526
337221,0.06445559
337237,0.014296392
337241,0.31958383
337244,0.12705234
337273,0.09098743
337294,0.059926797
337295,0.0115379
337298,0.017172102
337310,0.011349629
337326,0.035813008
337338,0.61038846
337343,0.058270168
337360,0.037389595
337369,0.21041246
337375,0.19534853
337386,0.024792418
337388,0.4333309
337405,0.027082661
337408,0.029630644
337412,0.010745207
337416,0.027052235
337418,0.09676264
337442,0.19287986
337449,0.027178876
337457,0.011206318
337460,0.018940166
337474,0.043234274
337499,0.055984125
337506,0.06821252
337512,0.087118335
337527,0.091516405
337528,0.018951468
337530,0.03467719
337539,0.122579366
337546,0.014634104
337551,0.05746541
337569,0.027530186
337576,0.028484106
337582,0.04060748
337590,0.080090255
337599,0.02693015
337600,0.36463028
337601,0.2955578
337608,0.0136693185
337614,0.1664856
337619,0.09144432
337625,0.18304837
337629,0.08731517
337635,0.020470463
337642,0.051279522
337663,0.16376516
337665,0.13248855
337668,0.010731412
337700,0.085598275
337746,0.015123393
337761,0.01221681
337779,0.070857406
337788,0.027324827
337790,0.031512447
337793,0.024080854
337802,0.094244346
337807,0.050291374
337821,0.07292284
337840,0.016475843
337846,0.122887835
337848,0.22314739
337864,0.03415325
337866,0.034456346
337868,0.012660694
337878,0.00848778
337890,0.065711215
337896,0.038649905
337901,0.05827037
337905,0.040517323
337914,0.09248029
337953,0.012347438
337969,0.012349434
337984,0.022489185
337995,0.04089703
338009,0.026337853
338018,0.025394509
338022,0.025665933
338028,0.08541389
338029,0.053956307
338044,0.006010942
338050,0.051959246
338052,0.1122683
338073,0.12863766
338076,0.010601008
338084,0.011436672
338086,0.010319973
338094,0.019276835
338097,0.0483333
338099,0.052180126
338126,0.024451531
338127,0.2132133
338137,0.15662745
338146,0.0064735375
338161,0.014496642
338164,0.0522993
338174,0.008452605
338179,0.2592308
338181,0.05982443
338188,0.011464236
338189,0.0700521
338193,0.036700696
338199,0.013870493
338202,0.18549575
338204,0.07917223
338210,0.03658065
338229,0.037213974
338240,0.0920695
338250,0.031018974
338253,0.1720531
338254,0.017323647
338268,0.044988893
338290,0.03206621
338293,0.05477608
338297,0.036797646
338301,0.032296166
338306,0.026079696
338314,0.016193096
338318,0.015220865
338325,0.025982238
338340,0.08726598
338341,0.12453964
338351,0.023138244
338352,0.17395623
338368,0.04108723
338381,0.01252228
338404,0.009071053
338409,0.041004457
338417,0.03135772
338418,0.06099707
338426,0.006872341
338431,0.056194685
338435,0.03019529
338463,0.06872112
338465,0.03139586
338467,0.07961974
338479,0.09844147
338495,0.055480823
338510,0.07854178
338526,0.023014836
338528,0.19051698
338530,0.026878119
338539,0.009487823
338543,0.04176237
338554,0.012355091
338557,0.05179536
338581,0.23321235
338589,0.06087433
338595,0.2843993
338597,0.03626499
338604,0.09503738
338607,0.01712639
338613,0.008582836
338615,0.017098099
338628,0.034483217
338636,0.10607535
338642,0.004333224
338669,0.042359184
338671,0.035150297
338675,0.07739304
338676,0.32808667
338690,0.027595235
338696,0.046197563
338702,0.49263823
338703,0.012836056
338709,0.088450655
338719,0.08026439
338725,0.07948798
338727,0.020469392
338732,0.014011012
338749,0.019224005
338773,0.039841287
338774,0.028810602
338784,0.112298384
338789,0.019189727
338792,0.057775255
338804,0.053660907
338808,0.12677313
338822,0.011393921
338824,0.021932214
338833,0.044217348
338836,0.122201785
338840,0.10031964
338842,0.07502665
338843,0.028470755
338847,0.027745422
338849,0.24920337
338857,0.056104153
338860,0.07314131
338872,0.06968904
338874,0.074899614
338878,0.08921073
338895,0.01754214
338896,0.17130855
338904,0.15637335
338920,0.06722346
338931,0.035620473
338938,0.025578378
338955,0.053768754
338962,0.016260317
338969,0.17105436
338976,0.045861024
338994,0.015297536
339011,0.021732105
339014,0.03412284
339017,0.014045728
339018,0.26084107
339030,0.028124046
339038,0.005617441
339060,0.0093795555
339079,0.03329311
339082,0.016306015
339099,0.019199224
339103,0.019361876
339105,0.029590629
339107,0.01063736
339121,0.19617072
339148,0.034772255
339152,0.015160361
339154,0.061266728
339170,0.28159523
339186,0.021982513
339187,0.018870968
339193,0.049053073
339196,0.07608533
339199,0.024245197
339203,0.31080532
339216,0.12828785
339228,0.06937295
339232,0.10061935
339237,0.020500377
339240,0.05217073
339242,0.026177382
339245,0.019189043
339252,0.05903976
339256,0.020770114
339258,0.08142207
339260,0.032539956
339263,0.09096655
339268,0.054944
339269,0.07710756
339286,0.22570473
339304,0.018657638
339307,0.057464886
339317,0.02519722
339330,0.14363405
339346,0.2016775
339380,0.01581111
339381,0.023065966
339382,0.032340657
339391,0.016069105
339396,0.023380745
339406,0.027936846
339407,0.023547381
339409,0.07843658
339410,0.032384824
339425,0.031128943
339427,0.048082307
339433,0.062144328
339443,0.019029815
339449,0.031259324
339452,0.034314662
339453,0.059424836
339455,0.020467402
339457,0.04285742
339477,0.025113609
339483,0.060205467
339487,0.27066877
339490,0.006958572
339518,0.050092038
339523,0.091020785
339529,0.019777412
339541,0.071125515
339544,0.14848018
339546,0.15312049
339559,0.15906584
339563,0.015342681
339573,0.029602302
339591,0.018990217
339593,0.0493618
339599,0.03592906
339604,0.13996258
339615,0.021562753
339621,0.016451988
339625,0.1504484
339642,0.057391148
339647,0.2539313
339650,0.049903158
339656,0.019181687
339659,0.041517302
339681,0.06807368
339683,0.07721622
339684,0.043663003
339689,0.07255163
339694,0.015773281
339699,0.08856478
339718,0.06705856
339727,0.051809743
339735,0.033174332
339736,0.029493822
339745,0.0103921285
339755,0.043319795
339758,0.014962004
339770,0.0040555196
339772,0.02365403
339778,0.026289333
339786,0.030248478
339787,0.18948893
339788,0.13919823
339799,0.05674887
339814,0.019856425
339837,0.011903589
339842,0.04882541
339845,0.046222355
339852,0.048557788
339857,0.12119612
339864,0.040029153
339872,0.04630095
339873,0.005696315
339874,0.038192462
339875,0.047340594
339879,0.2729252
339884,0.03427661
339888,0.039780825
339891,0.08342661
339905,0.042522795
339920,0.03444716
339934,0.12146267
339938,0.052081827
339948,0.007946093
339949,0.02454039
339953,0.015426797
339954,0.092541315
339957,0.02302279
339958,0.15996657
339971,0.033939477
339975,0.040952723
339978,0.008794515
339984,0.015120916
339993,0.015677664
340009,0.07840778
340012,0.021607317
340019,0.018340638
340031,0.034768343
340041,0.18856284
340045,0.023589756
340046,0.107913755
340067,0.0107768215
340079,0.02487825
340081,0.048802853
340082,0.021795321
340090,0.024789978
340091,0.056507252
340099,0.01589085
340104,0.07627022
340109,0.02858111
340123,0.13424814
340146,0.019802295
340162,0.043930903
340167,0.07457425
340181,0.034258
340194,0.006782974
340195,0.008722186
340198,0.036975615
340202,0.30834928
340203,0.3014799
340219,0.037999716
340221,0.020053871
340224,0.017825713
340239,0.01393855
340248,0.118553296
340262,0.052574877
340264,0.08079865
340277,0.26362264
340285,0.014026256
340292,0.052292507
340356,0.097675204
340365,0.08320621
340375,0.04722453
340377,0.00938865
340378,0.2584157
340385,0.14275354
340387,0.093732275
340388,0.06525698
340405,0.037005007
340407,0.03273478
340408,0.031295996
340416,0.052632876
340420,0.021584367
340421,0.3644808
340425,0.022952413
340430,0.059772145
340448,0.25027803
340451,0.054708377
340456,0.04460726
340457,0.05086897
340459,0.083513685
340460,0.05507686
340463,0.018592034
340464,0.040274516
340486,0.013763303
340503,0.1754786
340504,0.022763217
340505,0.011819117
340507,0.061451476
340509,0.029686306
340511,0.13245347
340513,0.07915884
340516,0.15532216
340529,0.019357871
340535,0.011224272
340542,0.14195463
340545,0.0635185
340546,0.45908317
340556,0.07523245
340567,0.0089968685
340576,0.05110716
340577,0.016896453
340586,0.026807623
340587,0.15337244
340594,0.040629033
340610,0.46901852
340611,0.09673921
340614,0.058783237
340625,0.014022782
340630,0.08820826
340640,0.06671513
340667,0.048136055
340674,0.009751659
340679,0.13682866
340683,0.053211663
340686,0.13141936
340698,0.017987339
340708,0.009429455
340717,0.037517637
340718,0.016715826
340720,0.033464137
340726,0.011792809
340746,0.045300808
340747,0.007938255
340768,0.037639678
340769,0.017107
340772,0.33237445
340774,0.07404205
340778,0.017260773
340806,0.06033393
340816,0.03210923
340823,0.02221122
340826,0.019840157
340838,0.20775507
340840,0.02361489
340842,0.012360528
340844,0.074890435
340845,0.070689954
340853,0.19809517
340855,0.18437321
340857,0.032741215
340858,0.04674747
340864,0.07980438
340899,0.08543345
340901,0.029166685
340909,0.089395426
340921,0.016951941
340925,0.06966708
340953,0.040049516
340954,0.0724756
340961,0.025388703
340963,0.14207074
340975,0.17830813
340977,0.024333963
340996,0.02910444
341009,0.029643796
341013,0.095497645
341020,0.08194069
341024,0.03585776
341031,0.023424279
341038,0.05495165
341042,0.023723293
341050,0.017981356
341063,0.20049348
341066,0.0110693425
341067,0.009571173
341070,0.11486433
341075,0.04042509
341089,0.011442805
341091,0.014423218
341122,0.046826422
341132,0.047120657
341135,0.06109544
341150,0.22732954
341168,0.06538987
341172,0.13279995
341182,0.042074807
341183,0.009428209
341187,0.16439411
341192,0.03977069
341194,0.043175697
341201,0.033162102
341226,0.018602647
341228,0.0280006
341231,0.04737034
341235,0.026748981
341237,0.02156486
341251,0.04667116
341278,0.058670152
341284,0.008452054
341285,0.05789711
341294,0.030800998
341296,0.02003742
341297,0.045091946
341298,0.024684003
341302,0.028187888
341304,0.029314304
341307,0.0683878
341314,0.07129078
341324,0.03097996
341332,0.29417646
341342,0.048679374
341347,0.019014124
341356,0.054064628
341358,0.042621467
341365,0.039367937
341368,0.05101999
341372,0.015528424
341374,0.04622031
341380,0.015328178
341381,0.055586133
341390,0.06664135
341398,0.39251098
341401,0.09364636
341406,0.019694855
341413,0.030076545
341419,0.019637046
341421,0.039125912
341427,0.03692123
341429,0.09008394
341434,0.010460928
341437,0.009750467
341444,0.13313109
341447,0.0137927905
341452,0.017876748
341458,0.16120218
341475,0.04683596
341478,0.01870065
341495,0.013949686
341503,0.0285565
341520,0.016925856
341525,0.030559938
341544,0.0526704
341545,0.016340991
341548,0.012836421
341551,0.020077178
341552,0.06120896
341562,0.093238235
341574,0.046359967
341577,0.026068106
341585,0.10202456
341616,0.033739045
341630,0.061340097
341631,0.023292987
341640,0.116867326
341651,0.02556488
341653,0.1292981
341655,0.18884763
341659,0.01362579
341696,0.15685262
341705,0.22196123
341717,0.034102876
341720,0.059722587
341728,0.024551356
341729,0.011801749
341737,0.013369182
341758,0.0076596607
341765,0.044158217
341780,0.25154558
341785,0.119181976
341787,0.0429452
341790,0.026029788
341796,0.014572921
341805,0.04560236
341811,0.036096197
341823,0.025445744
341828,0.32590455
341841,0.013200449
341865,0.04446926
341873,0.031811643
341891,0.024828855
341899,0.019490354
341906,0.02548493
341917,0.020212319
341926,0.0643833
341931,0.022409381
341934,0.011907214
341939,0.12396209
341943,0.0884494
341962,0.03196246
341967,0.08107573
341971,0.041073576
341990,0.017450005
341997,0.051333837
342001,0.024603065
342010,0.023314372
342042,0.083662644
342052,0.055708177
342084,0.16066861
342089,0.017065257
342091,0.01730914
342099,0.008872956
342109,0.03437937
342111,0.035404183
342119,0.02146524
342120,0.072675504
342125,0.016847862
342127,0.17125785
342128,0.22359958
342135,0.045059618
342136,0.05405204
342138,0.04278932
342148,0.1094021
342153,0.13879302
342154,0.08157751
342157,0.022420209
342163,0.012017357
342168,0.030867094
342173,0.30927816
342182,0.07425078
342185,0.01201685
342194,0.06564011
342198,0.028906543
342210,0.014445767
342214,0.07564968
342220,0.054303568
342222,0.008515488
342223,0.05137202
342230,0.037142526
342239,0.02591867
342247,0.042995326
342248,0.16878055
342252,0.03694335
342257,0.17523538
342271,0.21193467
342272,0.017506212
342290,0.052347966
342295,0.025647283
342297,0.040173642
342298,0.048492704
342301,0.021350237
342305,0.055235803
342308,0.0102712475
342314,0.016762815
342322,0.047679756
342340,0.07745232
342350,0.010669362
342353,0.021312045
342358,0.07826322
342377,0.016340071
342378,0.01642467
342382,0.14573942
342390,0.016232021
342396,0.09853527
342439,0.05899494
342442,0.040564477
342447,0.022657238
342449,0.017701343
342450,0.084459186
342451,0.08754857
342454,0.076858446
342455,0.15010041
342467,0.029039914
342476,0.22154713
342481,0.15477552
342498,0.0322333
342503,0.02286868
342510,0.008698307
342513,0.048735447
342523,0.011462417
342527,0.22154135
342555,0.13038687
342566,0.07795833
342584,0.0103257885
342593,0.012333816
342600,0.026806556
342611,0.03566474
342614,0.01908592
342637,0.033676043
342639,0.006207716
342656,0.17110755
342669,0.022419132
342684,0.107125945
342686,0.1511833
342690,0.18344381
342693,0.0100553
342701,0.17623731
342702,0.23435153
342703,0.10906704
342706,0.024982873
342711,0.027380863
342730,0.029120777
342744,0.057493698
342753,0.19323972
342769,0.024102557
342779,0.20820895
342788,0.021227645
342792,0.009439736
342794,0.046494097
342795,0.034833156
342799,0.026055224
342802,0.32626915
342803,0.16229507
342812,0.039723
342820,0.13550165
342824,0.013121176
342835,0.08031388
342836,0.039577838
342851,0.0335458
342860,0.032075826
342862,0.115573145
342870,0.068731904
342873,0.027578672
342894,0.012982634
342916,0.009121903
342950,0.2366626
342970,0.06862619
342971,0.12988304
342980,0.008703214
342981,0.027474122
343004,0.14766091
343044,0.007718268
343045,0.19120926
343072,0.025781693
343078,0.03800652
343080,0.2703001
343085,0.048698917
343126,0.026270652
343137,0.027397411
343139,0.032377973
343144,0.12158695
343155,0.027580943
343163,0.02339653
343165,0.017012956
343190,0.028474059
343205,0.021404698
343221,0.032135367
343226,0.016304798
343233,0.06135518
343236,0.02423357
343241,0.1638312
343245,0.06820093
343256,0.15335988
343260,0.11121572
343276,0.03326859
343298,0.02782659
343299,0.014766603
343310,0.2083017
343312,0.033501163
343317,0.025628205
343319,0.011648151
343324,0.023146989
343345,0.027111461
343348,0.036141567
343354,0.1059492
343363,0.01682744
343365,0.20211098
343376,0.014911598
343380,0.11964794
343401,0.06098273
343412,0.021159768
343414,0.009059172
343415,0.07195674
343418,0.09577243
343419,0.13621034
343421,0.011415115
343423,0.014459233
343432,0.004728409
343436,0.029343553
343440,0.15995178
343458,0.013956299
343470,0.08624464
343471,0.03787619
343480,0.0715562
343484,0.013341085
343492,0.41296256
343500,0.03676505
343503,0.02473161
343522,0.052576706
343525,0.012715089
343562,0.19478089
343577,0.08637628
343580,0.124214195
343591,0.0137933055
343594,0.050605908
343602,0.07611635
343611,0.01064981
343615,0.10225204
343639,0.027600983
343643,0.033174116
343645,0.03250848
343647,0.01791637
343669,0.008597092
343683,0.03201671
343702,0.41485703
343703,0.06135156
343704,0.015765585
343710,0.011560501
343724,0.27263576
343730,0.07322218
343742,0.12112055
343743,0.03844252
343745,0.046934072
343775,0.07836333
343783,0.03739263
343794,0.038405888
343795,0.020820078
343816,0.010441485
343820,0.028751954
343823,0.15711138
343836,0.029662699
343845,0.04677727
343888,0.20431414
343893,0.029834136
343898,0.051241294
343914,0.019813057
343918,0.016388845
343920,0.058187105
343928,0.045004502
343931,0.026649548
343968,0.067199886
343990,0.051764153
343991,0.039127044
343996,0.025953947
344002,0.12127946
344004,0.041746743
344008,0.29761878
344011,0.03719335
344013,0.23169966
344014,0.043196134
344015,0.066556156
344016,0.025308609
344019,0.068992704
344026,0.007277401
344027,0.026662221
344029,0.08829116
344039,0.20977154
344041,0.3268805
344042,0.023362301
344047,0.06831393
344053,0.42807555
344055,0.02757992
344060,0.03101425
344064,0.030977236
344067,0.027057849
344080,0.016521562
344083,0.028068755
344088,0.014066273
344090,0.067916594
344093,0.019292952
344099,0.012974024
344113,0.059171617
344114,0.061074555
344119,0.0135657815
344121,0.05935957
344135,0.081534915
344138,0.03371526
344159,0.06089464
344172,0.019670153
344176,0.108797036
344192,0.015987309
344202,0.08688578
344219,0.09446141
344225,0.03780077
344229,0.31257638
344240,0.014914395
344241,0.029016301
344249,0.01707328
344252,0.22030239
344256,0.032010444
344260,0.038544808
344264,0.022663433
344267,0.036459345
344275,0.042523976
344283,0.013537993
344292,0.018552218
344296,0.040377706
344297,0.05319361
344299,0.046446815
344303,0.059546057
344313,0.026420578
344315,0.018557958
344317,0.05441501
344323,0.026176296
344328,0.054592136
344339,0.03683416
344343,0.054312866
344345,0.016371135
344356,0.06548253
344358,0.032224
344359,0.03928367
344366,0.044357188
344370,0.024258902
344382,0.008051165
344383,0.031671386
344386,0.1219688
344388,0.1396905
344393,0.007526962
344395,0.050064947
344401,0.032290667
344402,0.10727154
344404,0.083137766
344422,0.005509427
344427,0.030001812
344433,0.025969027
344444,0.08957359
344454,0.01213126
344460,0.043623365
344480,0.019072574
344483,0.027100077
344488,0.14311521
344496,0.22243714
344504,0.1564163
344516,0.06260981
344524,0.076007254
344540,0.16284816
344542,0.024952121
344550,0.027091324
344558,0.0104016615
344561,0.042401113
344568,0.21451789
344571,0.044675004
344621,0.046332866
344633,0.09166486
344635,0.0773993
344660,0.024738967
344662,0.042103607
344681,0.009205948
344683,0.25074005
344685,0.058449585
344716,0.3269288
344726,0.034265853
344749,0.050695673
344750,0.18517539
344752,0.035355415
344760,0.015604735
344762,0.09832658
344768,0.018900562
344770,0.11447963
344772,0.3840115
344778,0.027417056
344783,0.07638852
344793,0.010371772
344814,0.034783915
344815,0.015221156
344818,0.012922772
344819,0.02598048
344826,0.05676815
344828,0.3382147
344835,0.04159474
344864,0.018253636
344869,0.15951595
344875,0.41396594
344883,0.011725323
344885,0.033123754
344887,0.046123713
344889,0.050048497
344892,0.25606024
344895,0.023032282
344913,0.019107124
344934,0.011731222
344939,0.13685882
344947,0.23845519
344964,0.17027737
344969,0.037677713
344973,0.03205832
344977,0.09049454
344978,0.07126212
344991,0.062538885
345010,0.09640859
345011,0.03011736
345012,0.084630005
345020,0.038590927
345021,0.014860816
345042,0.020087468
345046,0.011267451
345070,0.015705062
345078,0.21716492
345085,0.19320937
345087,0.15802464
345093,0.041461103
345094,0.14431061
345097,0.0318197
345107,0.016965237
345109,0.2599072
345117,0.015233067
345118,0.017349422
345126,0.2655536
345142,0.019416556
345143,0.02746251
345149,0.014174274
345150,0.017078768
345154,0.33554217
345174,0.027049473
345184,0.11754501
345193,0.025702998
345196,0.049582392
345202,0.016499035
345207,0.041056145
345209,0.12958805
345211,0.053622823
345212,0.12169428
345213,0.06383625
345218,0.009691122
345228,0.013363283
345234,0.01619465
345251,0.034209948
345252,0.024448646
345260,0.03801227
345269,0.0069347043
345275,0.05138305
345300,0.007892602
345305,0.031760868
345306,0.24878429
345310,0.029988144
345315,0.17360198
345324,0.016132003
345329,0.017332677
345359,0.18070081
345360,0.11460234
345364,0.01085009
345385,0.04153825
345387,0.024808135
345390,0.03530007
345402,0.098957956
345404,0.043339692
345405,0.022656761
345416,0.07148279
345425,0.15847431
345432,0.04489562
345437,0.12453295
345442,0.011874019
345450,0.019962646
345458,0.02121822
345467,0.08157883
345468,0.14371212
345470,0.045624997
345478,0.017544687
345479,0.10308499
345482,0.079676785
345489,0.05595258
345492,0.04388446
345499,0.08624953
345502,0.011577629
345515,0.027662199
345538,0.012134781
345542,0.069761574
345548,0.011012284
345550,0.02231212
345552,0.012720989
345557,0.010748697
345560,0.01703456
345563,0.033933695
345564,0.18014207
345580,0.029927457
345582,0.02556296
345583,0.018724568
345604,0.11140987
345622,0.017815478
345630,0.04358505
345634,0.022626704
345643,0.047592144
345646,0.015189374
345685,0.08195945
345687,0.0075720074
345694,0.016015008
345717,0.076643735
345718,0.14615351
345726,0.063980624
345733,0.072909586
345738,0.020193372
345754,0.03335972
345761,0.040514957
345771,0.03273161
345778,0.02793192
345780,0.31725925
345788,0.07281454
345796,0.11263573
345800,0.12289676
345808,0.12774736
345812,0.014553086
345821,0.05478029
345822,0.13307337
345843,0.21557073
345853,0.090051554
345854,0.0100555895
345857,0.006566343
345858,0.031371884
345867,0.014228197
345884,0.05407778
345892,0.029554572
345893,0.030788735
345896,0.020107262
345902,0.022213735
345906,0.07211939
345913,0.020756282
345916,0.08866741
345922,0.04963891
345923,0.1794904
345924,0.020129165
345935,0.11636619
345941,0.011142248
345948,0.19042194
345953,0.04326641
345958,0.037639048
345962,0.031355295
345966,0.22279662
345973,0.01357868
345976,0.09183453
345989,0.021221548
345999,0.020051483
346003,0.02195852
346014,0.09137215
346027,0.034455553
346036,0.09721458
346048,0.033914153
346052,0.00954349
346057,0.062988296
346058,0.10098552
346064,0.22269286
346076,0.12869483
346079,0.032236468
346081,0.073578686
346091,0.020273533
346099,0.15305652
346104,0.027966257
346111,0.028314298
346117,0.19993496
346118,0.088871695
346126,0.14625652
346135,0.118726075
346141,0.04413033
346150,0.034524947
346153,0.035283662
346155,0.03364198
346164,0.029697198
346166,0.087303646
346173,0.017316684
346179,0.010962541
346184,0.027566805
346188,0.010026403
346201,0.12800547
346207,0.089056745
346213,0.064484596
346219,0.007870884
346245,0.027296312
346271,0.027097194
346273,0.1034814
346290,0.04580823
346300,0.10021231
346314,0.028832287
346328,0.008605801
346329,0.12682544
346338,0.0078085884
346340,0.034005597
346341,0.04408289
346347,0.05048525
346358,0.2363613
346362,0.045381263
346373,0.0116345305
346377,0.08702648
346379,0.40486792
346384,0.10496439
346387,0.028703582
346392,0.032578565
346396,0.024239462
346402,0.047276624
346405,0.04979103
346407,0.030287413
346409,0.036598664
346414,0.040665857
346423,0.03859164
346424,0.024567889
346428,0.0072942637
346443,0.038961537
346444,0.0102327475
346446,0.2070918
346449,0.056087404
346456,0.020466678
346476,0.0126717035
346477,0.03594314
346480,0.030467879
346492,0.03290966
346526,0.025619417
346536,0.05609006
346539,0.010516776
346543,0.07469619
346544,0.01346404
346546,0.016871352
346591,0.29054397
346598,0.0724587
346599,0.022657013
346618,0.06536352
346620,0.022075104
346623,0.044920497
346631,0.020586867
346639,0.0139128985
346657,0.026559254
346661,0.14042243
346671,0.104605645
346672,0.060725056
346694,0.034196265
346712,0.18121286
346714,0.06681214
346723,0.02367162
346727,0.038330037
346729,0.024615003
346747,0.01270175
346765,0.06856242
346775,0.10119456
346784,0.10486954
346797,0.0507434
346799,0.10068317
346802,0.018136078
346807,0.013639806
346822,0.03938907
346828,0.1434514
346836,0.07214818
346838,0.011782225
346841,0.11041845
346843,0.05282835
346848,0.03869896
346850,0.024908375
346851,0.043449096
346855,0.048656
346856,0.01746528
346860,0.12453899
346870,0.14190897
346881,0.13096917
346884,0.02798223
346887,0.014341938
346890,0.0069323573
346904,0.054034043
346912,0.011100692
346914,0.258851
346923,0.013702119
346924,0.033247743
346926,0.06416696
346934,0.016197117
346936,0.0061167134
346951,0.05387848
346952,0.049883693
346970,0.006453625
346982,0.113611005
346993,0.009169494
347013,0.041904673
347018,0.026825743
347021,0.07222813
347031,0.012168534
347033,0.39073572
347039,0.06311227
347045,0.06731195
347046,0.070170365
347058,0.020715328
347071,0.09420627
347078,0.1114379
347079,0.03175749
347097,0.010947101
347101,0.029239058
347120,0.08808258
347121,0.04547808
347133,0.008389063
347161,0.14103284
347163,0.017296437
347173,0.009634117
347175,0.04373415
347181,0.009935977
347193,0.29149136
347196,0.23892564
347204,0.12726036
347205,0.19061027
347217,0.342465
347229,0.01725015
347255,0.02247609
347261,0.033358138
347266,0.10015047
347283,0.029259581
347286,0.03081715
347302,0.012201432
347304,0.020604763
347321,0.06331825
347323,0.014075392
347331,0.20368367
347340,0.0470541
347350,0.055347558
347374,0.013310507
347379,0.027236992
347404,0.097786345
347415,0.07096121
347438,0.1032465
347439,0.02603445
347443,0.06671876
347450,0.111640446
347456,0.019030953
347458,0.15379024
347463,0.03750028
347471,0.01707039
347476,0.01770237
347482,0.111362785
347483,0.019574875
347492,0.028708883
347498,0.049574308
347499,0.03447973
347501,0.034649365
347521,0.052223526
347527,0.010594287
347531,0.013055632
347540,0.037790444
347556,0.024866031
347575,0.022962674
347579,0.00788437
347581,0.036760308
347583,0.050341226
347611,0.008541511
347614,0.1116993
347621,0.03874775
347629,0.1179589
347639,0.053004995
347642,0.04571043
347650,0.14773585
347665,0.032302693
347674,0.018875103
347678,0.25729287
347689,0.023652356
347690,0.011966055
347708,0.078334436
347712,0.36492783
347722,0.16701418
347728,0.037972342
347734,0.029646553
347736,0.15510713
347747,0.08496669
347748,0.012562431
347753,0.10010073
347755,0.11695096
347756,0.05483083
347757,0.020527123
347763,0.12000288
347770,0.07539204
347771,0.10381545
347784,0.027577963
347792,0.10750479
347793,0.043615263
347801,0.027629124
347808,0.09941411
347821,0.019233648
347824,0.03109375
347829,0.09080309
347841,0.41125283
347845,0.012308915
347846,0.38476855
347853,0.12728232
347854,0.031530976
347858,0.08680983
347859,0.01850762
347864,0.007606918
347869,0.021611294
347876,0.059387907
347880,0.04155209
347884,0.012018277
347888,0.013446769
347893,0.018294616
347900,0.04807317
347902,0.021793514
347910,0.035315108
347912,0.006825829
347915,0.038328063
347916,0.04014305
347919,0.013352115
347923,0.030980527
347952,0.35737124
348002,0.18077472
348003,0.016109545
348008,0.09337892
348014,0.012099898
348027,0.13709946
348031,0.04669718
348051,0.04328175
348060,0.020296264
348064,0.05708293
348066,0.07250933
348069,0.12183541
348077,0.1586996
348081,0.023541015
348087,0.042983897
348088,0.0079054795
348094,0.14921027
348100,0.015175354
348119,0.021657567
348122,0.050031997
348141,0.27079538
348145,0.008570432
348154,0.013186063
348158,0.039176993
348163,0.19615462
348176,0.05649379
348177,0.018095898
348181,0.2187195
348190,0.059319835
348195,0.1291039
348197,0.06496755
348200,0.008071068
348209,0.03052529
348216,0.018813571
348217,0.040583815
348223,0.17639364
348228,0.032987688
348230,0.031426333
348249,0.013477646
348251,0.0488191
348261,0.0915354
348264,0.011901758
348271,0.014768536
348273,0.032596048
348280,0.10675363
348283,0.08794729
348285,0.15019561
348306,0.04477968
348312,0.07289718
348327,0.05183465
348328,0.10475159
348344,0.032351587
348358,0.12634073
348361,0.023810353
348362,0.2616698
348364,0.017664187
348370,0.015939232
348380,0.08397383
348400,0.05532317
348420,0.11924938
348428,0.026711317
348430,0.023569362
348445,0.040124368
348460,0.033640325
348462,0.018117182
348465,0.059975605
348481,0.017302237
348482,0.01782369
348485,0.052554373
348491,0.08992697
348492,0.36686286
348522,0.13504808
348531,0.053055838
348536,0.04425603
348546,0.10340759
348547,0.04350192
348548,0.032428075
348551,0.013572527
348554,0.21860911
348564,0.025223132
348571,0.09731075
348577,0.1564717
348593,0.12301404
348595,0.15257405
348606,0.011084689
348621,0.020329898
348630,0.052533183
348633,0.20569591
348644,0.15300532
348646,0.007045446
348680,0.025117649
348692,0.04011988
348698,0.13030875
348703,0.058353033
348712,0.03425311
348726,0.4121155
348727,0.01783762
348731,0.014243761
348733,0.058717508
348747,0.30760804
348753,0.011154793
348756,0.04703723
348760,0.10965954
348771,0.035971712
348785,0.013431097
348789,0.05657818
348793,0.021568522
348797,0.005968593
348799,0.019640725
348811,0.045463912
348812,0.033344846
348818,0.016991073
348822,0.021158528
348833,0.21023476
348849,0.028701827
348875,0.07011405
348878,0.02145833
348879,0.047658753
348884,0.35167733
348887,0.031125776
348890,0.100475416
348901,0.013470024
348911,0.06136083
348936,0.011168891
348941,0.014918444
348949,0.026021525
348950,0.022729157
348952,0.005299703
348954,0.02916938
348971,0.037849788
348979,0.52165484
348985,0.07582176
348989,0.05013158
348999,0.024029013
349006,0.080485314
349013,0.25200063
349015,0.0253796
349024,0.023785869
349033,0.022948813
349047,0.03283602
349060,0.025570316
349065,0.04698879
349071,0.1929978
349081,0.059407793
349088,0.05265118
349093,0.011323339
349101,0.02503232
349107,0.14025883
349113,0.03131029
349123,0.0849978
349125,0.020741291
349129,0.050308187
349131,0.079228565
349132,0.023003098
349163,0.08714386
349168,0.034839608
349172,0.0468984
349187,0.007975701
349192,0.09775956
349193,0.035837583
349203,0.036013298
349227,0.0620969
349234,0.04884886
349248,0.027008338
349249,0.029625878
349254,0.026136313
349259,0.057608742
349265,0.09103848
349276,0.014073695
349281,0.031997655
349283,0.061885647
349288,0.055145524
349297,0.19661802
349299,0.04048353
349304,0.0065916087
349306,0.07366025
349310,0.051175125
349314,0.028530778
349320,0.053387374
349326,0.06654899
349329,0.013701578
349337,0.05523005
349357,0.06052969
349363,0.014726716
349374,0.012928937
349375,0.04067586
349394,0.037946902
349399,0.033079192
349404,0.020211276
349419,0.024338923
349422,0.14526612
349425,0.35498044
349432,0.009162676
349433,0.11619394
349436,0.008301246
349437,0.031104421
349439,0.018478062
349484,0.017356511
349488,0.07370792
349490,0.16543485
349538,0.120395824
349541,0.014670963
349543,0.008785351
349552,0.019282054
349560,0.08891962
349565,0.08059403
349570,0.077332035
349586,0.0535718
349589,0.03773202
349592,0.057261173
349596,0.07709029
349598,0.028129663
349601,0.0140308915
349608,0.4636955
349615,0.052834526
349645,0.021364303
349654,0.04310687
349671,0.031196177
349679,0.08387529
349693,0.052870687
349706,0.120516255
349707,0.091131896
349708,0.022678424
349719,0.039772537
349727,0.19313115
349730,0.010530176
349735,0.15585199
349744,0.17611891
349745,0.04972016
349760,0.26325437
349765,0.026631001
349778,0.06656644
349787,0.059666183
349802,0.06257257
349812,0.1122927
349815,0.0076942253
349847,0.054820444
349854,0.06780145
349855,0.13622247
349872,0.015318059
349873,0.05858958
349874,0.031464003
349886,0.02416612
349887,0.06715681
349911,0.024500959
349916,0.0232978
349920,0.22514609
349921,0.023337865
349929,0.019920908
349931,0.018201737
349935,0.01152958
349939,0.04103131
349960,0.011521462
349967,0.050534345
349969,0.07253556
349971,0.066114984
349977,0.013115842
349979,0.065348685
349981,0.029332917
349982,0.0998042
349992,0.024259463
349994,0.03058564
350005,0.008820239
350006,0.014192543
350009,0.05183535
350017,0.0296994
350021,0.05631963
350023,0.12689751
350032,0.05782717
350033,0.064501256
350036,0.057044253
350037,0.026681833
350048,0.2822817
350052,0.057156198
350063,0.016850717
350077,0.04456657
350078,0.100150764
350086,0.2367268
350087,0.011814379
350107,0.0047017834
350110,0.033843167
350114,0.08144687
350119,0.29307315
350139,0.020716202
350154,0.043264546
350174,0.22547567
350177,0.042020805
350190,0.18153921
350193,0.09408744
350203,0.0112109445
350206,0.063984096
350210,0.044257455
350225,0.09051746
350242,0.0072001833
350264,0.02535053
350273,0.009166855
350277,0.08751814
350283,0.027239777
350286,0.023621943
350288,0.059767768
350290,0.06304206
350293,0.034414604
350310,0.26263067
350327,0.18200609
350330,0.022489078
350334,0.1649454
350340,0.0232656
350342,0.16968104
350344,0.03092862
350370,0.018206082
350372,0.100156516
350376,0.10078038
350387,0.037396666
350389,0.047311008
350395,0.21225326
350397,0.3080243
350433,0.033723984
350436,0.164453
350442,0.0068649007
350445,0.026678566
350446,0.19364554
350457,0.20499125
350480,0.012126741
350481,0.014200676
350484,0.048104238
350494,0.026430178
350511,0.011745631
350529,0.0129740145
350531,0.0086693335
350535,0.020552944
350539,0.007192284
350543,0.104276314
350544,0.07397354
350550,0.035085097
350558,0.042898126
350569,0.14543545
350571,0.12142694
350577,0.112789795
350582,0.08884604
350585,0.026750876
350596,0.014120056
350598,0.058897607
350599,0.05647434
350602,0.050328005
350612,0.015415197
350621,0.07057502
350626,0.023840563
350628,0.029290669
350638,0.07103899
350646,0.1906031
350652,0.020628607
350665,0.0772797
350671,0.061722785
350677,0.025429789
350694,0.10493391
350697,0.12356335
350699,0.101803124
350703,0.073101625
350705,0.2489487
350708,0.007005099
350724,0.049565922
350731,0.009490053
350740,0.036826782
350745,0.030411787
350749,0.047865078
350754,0.10269268
350757,0.0121680815
350764,0.046521537
350766,0.052001767
350779,0.051031336
350794,0.05961065
350805,0.017808184
350810,0.02803611
350817,0.08485013
350825,0.0222092
350829,0.03778666
350832,0.011840317
350841,0.010709332
350855,0.017321797
350862,0.014588311
350867,0.028724167
350871,0.03272648
350874,0.07272826
350891,0.013896548
350895,0.06334612
350898,0.068766095
350899,0.020793349
350902,0.04437969
350913,0.021841776
350916,0.0074442998
350933,0.016969668
350944,0.029749006
350954,0.24737054
350959,0.008622468
350965,0.012310853
350969,0.04854876
350984,0.03762366
350997,0.04858619
350999,0.08893788
351002,0.14542334
351008,0.027536463
351014,0.03877486
351025,0.08314338
351026,0.031390782
351046,0.16429256
351048,0.013053481
351070,0.06500204
351073,0.02062126
351079,0.022192353
351085,0.34047633
351091,0.04472273
351094,0.04478024
351115,0.0142141655
351117,0.042137865
351126,0.031909
351142,0.007740753
351151,0.033081997
351171,0.018587258
351178,0.04255487
351186,0.008544781
351194,0.118816316
351201,0.011519774
351223,0.20272684
351225,0.052470464
351226,0.10850892
351227,0.057947695
351240,0.0950619
351243,0.011947885
351244,0.1704094
351245,0.023206944
351248,0.07950535
351252,0.011359457
351259,0.054578286
351265,0.050560102
351291,0.08689038
351292,0.014879932
351294,0.03192632
351298,0.019352222
351303,0.15552156
351311,0.011913427
351326,0.030698964
351331,0.05647171
351338,0.02343515
351339,0.066893786
351364,0.07520585
351380,0.12904307
351383,0.024089763
351385,0.017682342
351386,0.016342198
351389,0.039980248
351392,0.14812788
351393,0.03535552
351407,0.17931156
351419,0.0143273715
351422,0.014704537
351423,0.12746096
351430,0.048363242
351446,0.018998105
351454,0.05056859
351458,0.034554955
351461,0.020838669
351489,0.008924299
351495,0.01619451
351520,0.06132231
351526,0.2000753
351535,0.00989663
351541,0.012988865
351567,0.017429646
351580,0.031193867
351581,0.27271366
351584,0.034496855
351587,0.042556383
351589,0.12191761
351593,0.16619454
351616,0.041163933
351619,0.039657928
351625,0.034806576
351626,0.02246493
351635,0.058715545
351641,0.0153365545
351655,0.026976774
351658,0.053828478
351669,0.1541832
351670,0.01970719
351671,0.063829415
351680,0.0147724245
351687,0.0086782705
351699,0.016065441
351722,0.09077968
351725,0.18872237
351740,0.06105415
351747,0.08181587
351758,0.011103811
351771,0.020168288
351780,0.105852105
351786,0.015993299
351789,0.042700697
351796,0.03430338
351801,0.054355104
351814,0.014329165
351817,0.053500533
351819,0.072344154
351825,0.118895054
351830,0.19338937
351831,0.045657575
351834,0.023582067
351836,0.029056728
351837,0.07991363
351838,0.027633088
351839,0.2074482
351846,0.17465003
351863,0.06447057
351864,0.030411277
351880,0.042342283
351887,0.08345546
351891,0.043356657
351892,0.10360619
351898,0.35242987
351907,0.09126213
351916,0.03467328
351936,0.03170832
351937,0.061315466
351945,0.11987989
351957,0.027728666
351958,0.026346568
351962,0.01995248
351967,0.042922974
351970,0.10954965
351973,0.07465954
351978,0.0119042
351984,0.018095506
351989,0.11946511
351992,0.1814687
352015,0.07232649
352036,0.016084943
352043,0.06152907
352049,0.012104675
352053,0.032873776
352056,0.008044598
352058,0.024392618
352064,0.0060399463
352065,0.022004275
352075,0.00743978
352092,0.027470978
352096,0.01987718
352097,0.013713838
352102,0.028613672
352103,0.006816819
352117,0.06512453
352119,0.012459284
352139,0.06726215
352145,0.0075141173
352158,0.021230673
352198,0.07832306
352199,0.013080224
352200,0.19766423
352205,0.058472004
352241,0.014709268
352244,0.12371006
352258,0.043750457
352260,0.009347126
352266,0.028237766
352273,0.028519902
352283,0.018841563
352303,0.094911955
352304,0.13616459
352351,0.040262125
352353,0.053640097
352379,0.04512289
352389,0.11424517
352390,0.029939633
352391,0.08028434
352403,0.07523749
352407,0.017918399
352409,0.12772793
352421,0.014828591
352425,0.037187215
352447,0.01891164
352450,0.049556404
352451,0.20175879
352457,0.025241384
352468,0.06150498
352482,0.024423199
352495,0.018972242
352501,0.22987935
352506,0.3823212
352508,0.22737418
352522,0.12804599
352528,0.1068301
352539,0.03890168
352540,0.0117753185
352551,0.10673285
352560,0.026306117
352561,0.09295022
352565,0.047330286
352566,0.030029662
352584,0.10089412
352592,0.048304856
352626,0.12729694
352650,0.012736676
352655,0.02799224
352668,0.1893787
352670,0.016490813
352685,0.17053288
352690,0.10332808
352692,0.029372193
352694,0.06631152
352700,0.07237301
352701,0.02285917
352708,0.07536129
352711,0.08783499
352734,0.07408606
352738,0.06988777
352742,0.022158464
352745,0.14385878
352746,0.021280088
352751,0.059465043
352762,0.07123875
352767,0.021720856
352768,0.03403736
352785,0.013243751
352788,0.024252616
352795,0.08536701
352814,0.040103104
352825,0.039503638
352827,0.02371458
352828,0.015721668
352830,0.07729059
352850,0.02851085
352890,0.0077280626
352901,0.01130597
352907,0.02120308
352909,0.148986
352913,0.01634062
352925,0.031248845
352927,0.019772898
352928,0.10277486
352938,0.10805313
352942,0.031369675
352943,0.13420205
352952,0.014317193
352958,0.023415392
352962,0.019933218
352967,0.038814142
352972,0.03282467
352988,0.006657971
352991,0.031540588
353002,0.052251548
353008,0.053966857
353011,0.025829284
353014,0.064086154
353018,0.010463826
353023,0.026824996
353029,0.026229838
353031,0.031982116
353035,0.18758895
353037,0.052861236
353042,0.022120496
353054,0.016522376
353078,0.034404896
353122,0.078669176
353123,0.027581848
353140,0.03421162
353145,0.055219732
353167,0.089448944
353177,0.085443586
353179,0.33161506
353185,0.027969519
353194,0.18549247
353195,0.05600441
353208,0.19791047
353210,0.036303885
353214,0.113672405
353215,0.24180001
353240,0.0956735
353241,0.069192804
353247,0.028679304
353259,0.104434095
353262,0.20716107
353264,0.111714974
353278,0.06030003
353279,0.07441181
353280,0.08814256
353287,0.079933345
353288,0.017548062
353290,0.05086822
353299,0.016626135
353314,0.081146434
353328,0.06013979
353340,0.037003234
353350,0.019999757
353352,0.012836834
353364,0.039865978
353371,0.014588507
353373,0.018962663
353374,0.20418997
353389,0.011491863
353395,0.10195697
353419,0.34668604
353427,0.018877752
353441,0.22634636
353454,0.018352319
353469,0.1856564
353475,0.12482643
353481,0.004385909
353483,0.0783491
353484,0.08712451
353488,0.14433415
353496,0.0061792145
353504,0.010973331
353505,0.13904662
353509,0.019676898
353527,0.044402726
353574,0.06787867
353585,0.0495829
353595,0.025960073
353598,0.014162818
353602,0.07113021
353610,0.066919126
353618,0.012258462
353625,0.012405364
353626,0.18683471
353631,0.012297603
353635,0.02200341
353654,0.025346601
353682,0.08233051
353688,0.08663825
353695,0.039830074
353711,0.0099091865
353724,0.088600636
353729,0.045163
353732,0.0127655
353749,0.06030597
353750,0.010309564
353752,0.05526672
353761,0.02233457
353782,0.008547397
353784,0.08727514
353801,0.00788228
353809,0.04334893
353812,0.028642716
353814,0.026632909
353821,0.024205042
353832,0.060076207
353845,0.20636164
353860,0.07000804
353863,0.017691724
353867,0.01862659
353876,0.019362936
353905,0.028475393
353923,0.026556533
353934,0.03556333
353943,0.028353453
353945,0.031681042
353973,0.013079295
353995,0.011104967
354001,0.043959152
354003,0.28071666
354011,0.020181278
354020,0.03841493
354024,0.23983696
354027,0.057247065
354031,0.033934206
354036,0.014994566
354037,0.08952812
354039,0.021215227
354044,0.019917503
354058,0.01954094
354071,0.018150197
354080,0.17701547
354084,0.0144751035
354085,0.0305376
354089,0.010269882
354099,0.06826093
354100,0.015113518
354104,0.023424227
354106,0.05062647
354107,0.1462623
354111,0.02368207
354114,0.1137373
354115,0.096587375
354122,0.16194339
354130,0.103925556
354139,0.054428425
354140,0.05886089
354145,0.057398293
354149,0.009636359
354167,0.009666422
354173,0.30943614
354176,0.049366914
354178,0.039499726
354182,0.034807723
354184,0.07118659
354186,0.044023674
354192,0.009129338
354209,0.027298477
354214,0.029359557
354218,0.10929128
354230,0.07981186
354251,0.013099968
354257,0.04410198
354264,0.12204257
354265,0.010460063
354267,0.018959397
354272,0.01613495
354273,0.20288269
354285,0.017187841
354298,0.077683985
354309,0.047009796
354312,0.1007797
354320,0.026849631
354322,0.05278643
354327,0.013483331
354333,0.12106194
354335,0.11268869
354344,0.25856245
354355,0.18629798
354358,0.014723571
354365,0.059792694
354368,0.07481912
354377,0.06486966
354386,0.03838863
354390,0.047368623
354394,0.019255409
354398,0.019312043
354402,0.029809607
354403,0.009326162
354406,0.39567778
354414,0.109663546
354421,0.019866087
354430,0.07675563
354445,0.036734454
354470,0.034340646
354479,0.015196655
354481,0.011271352
354483,0.100358516
354497,0.041818775
354511,0.045553505
354533,0.04005539
354549,0.3542382
354561,0.24529475
354570,0.036752254
354571,0.041439835
354577,0.11683286
354586,0.06608251
354598,0.06720963
354601,0.031595487
354602,0.011662308
354603,0.03955376
354606,0.01930932
354612,0.016069785
354613,0.007342741
354616,0.07383304
354624,0.035143804
354625,0.26647186
354636,0.025423845
354639,0.11057387
354640,0.018896354
354644,0.057741433
354650,0.02617826
354666,0.08842245
354673,0.053337328
354674,0.016634565
354677,0.030020531
354684,0.0751619
354694,0.13247125
354698,0.038581718
354708,0.021897594
354709,0.050294816
354720,0.07185461
354738,0.046322532
354740,0.05435604
354757,0.019512262
354768,0.03193947
354775,0.08002425
354776,0.06950387
354792,0.08079322
354803,0.10422243
354809,0.01910612
354817,0.0147069
354818,0.011611128
354830,0.016183464
354832,0.05665166
354838,0.0937811
354839,0.036203742
354851,0.028938543
354861,0.07837771
354865,0.07137482
354890,0.13307232
354893,0.09155559
354898,0.1315405
354900,0.18863437
354910,0.16762553
354913,0.016784158
354937,0.035283085
354942,0.030604322
354953,0.005339576
354956,0.0274366
354958,0.021668652
354960,0.054338753
354984,0.07226615
354993,0.025889205
355017,0.06426244
355025,0.04035954
355026,0.07032821
355041,0.038382318
355043,0.021586282
355048,0.020938838
355057,0.0482757
355071,0.091058314
355075,0.1056362
355081,0.03841182
355083,0.11979367
355090,0.025380421
355105,0.08027542
355107,0.020771017
355108,0.093570516
355109,0.14522317
355114,0.035011694
355117,0.07596389
355127,0.013262402
355148,0.020694582
355174,0.07486577
355180,0.04883131
355181,0.021331381
355184,0.3205997
355201,0.020494377
355207,0.027920352
355209,0.05954467
355217,0.042287804
355218,0.017025745
355237,0.040082093
355239,0.03854989
355241,0.102511644
355243,0.20239353
355250,0.13593884
355275,0.019264612
355282,0.0676015
355284,0.10726421
355287,0.05152747
355293,0.055271573
355296,0.026309142
355305,0.018775165
355312,0.051979918
355320,0.06954641
355327,0.030411556
355328,0.010377811
355333,0.05824238
355335,0.036440518
355336,0.0988
355337,0.11179356
355338,0.14967449
355341,0.016895253
355355,0.13480225
355358,0.03673817
355360,0.26351798
355372,0.062393192
355382,0.009516217
355385,0.063546665
355393,0.3428065
355404,0.00717613
355408,0.052377243
355417,0.030762149
355418,0.026331969
355431,0.0076299272
355434,0.01748903
355445,0.07002921
355502,0.027571945
355503,0.103634275
355511,0.08833104
355517,0.13162515
355519,0.19831851
355524,0.07714863
355536,0.0599947
355549,0.017989447
355550,0.0547996
355560,0.084279254
355569,0.010668484
355571,0.013955448
355572,0.031739116
355575,0.05826481
355578,0.056769602
355584,0.049574763
355588,0.027334472
355592,0.114998326
355604,0.021556243
355638,0.06116842
355646,0.06465412
355649,0.04295234
355656,0.0153992865
355657,0.030977927
355666,0.019361082
355681,0.16179849
355697,0.045978755
355700,0.0499686
355701,0.054304622
355703,0.05403593
355704,0.19044472
355708,0.01319872
355736,0.05676828
355743,0.16378368
355769,0.029942432
355773,0.08805123
355781,0.058567822
355785,0.033920206
355786,0.17109683
355798,0.023771018
355817,0.05587976
355819,0.024320194
355826,0.014990747
355842,0.18829322
355846,0.06642165
355855,0.02281573
355870,0.02378619
355873,0.007880841
355874,0.30697012
355876,0.16849425
355877,0.028522648
355880,0.00981495
355920,0.060200848
355922,0.021594752
355930,0.027796265
355935,0.026851507
355942,0.16367769
355963,0.03099993
355971,0.053576045
355973,0.012368478
355980,0.043256655
355981,0.026069019
355984,0.043989114
355987,0.17067309
355996,0.13356763
355997,0.012903935
356013,0.03359262
356016,0.036294743
356025,0.032532543
356027,0.006500434
356035,0.044964194
356036,0.1817943
356038,0.07551531
356041,0.009785447
356057,0.040174913
356063,0.034522668
356077,0.012193784
356080,0.07158743
356086,0.019012203
356102,0.01810354
356106,0.033195443
356118,0.0978011
356140,0.014652895
356150,0.29218587
356153,0.038585562
356159,0.05230102
356163,0.09732321
356164,0.0145326005
356168,0.07894619
356169,0.008549564
356170,0.027459608
356199,0.05921227
356211,0.021187617
356220,0.045281403
356246,0.018044867
356249,0.019831743
356255,0.12157956
356258,0.043966293
356262,0.31698325
356273,0.0120159425
356279,0.1527588
356281,0.0077907415
356308,0.088061474
356324,0.09317127
356327,0.058367293
356328,0.005462805
356331,0.027959235
356336,0.029678805
356345,0.02074024
356382,0.06500927
356395,0.07879384
356399,0.22340284
356400,0.018221825
356413,0.033456124
356414,0.029992672
356418,0.043377005
356427,0.028625969
356433,0.01026272
356439,0.015073258
356444,0.040464956
356475,0.04172322
356480,0.069519475
356482,0.13540176
356497,0.012630367
356512,0.064163476
356517,0.25905272
356536,0.033148672
356539,0.021454055
356551,0.038288683
356556,0.14436503
356558,0.24778512
356559,0.008112839
356563,0.017133798
356578,0.10525734
356583,0.14280622
356584,0.33020583
356592,0.06313778
356594,0.019112784
356596,0.029723777
356597,0.010392178
356598,0.0280491
356602,0.01760944
356609,0.13096419
356624,0.04326437
356626,0.045944266
356627,0.018125646
356641,0.07286246
356648,0.06272405
356649,0.10727258
356650,0.040013324
356651,0.015128834
356659,0.022467548
356676,0.0858712
356687,0.20402393
356689,0.046257067
356698,0.0109827565
356726,0.02516393
356732,0.019475529
356741,0.17697711
356742,0.012558985
356746,0.030941669
356750,0.05771045
356754,0.07536724
356760,0.024435071
356762,0.021313544
356763,0.113123655
356777,0.042467322
356784,0.035711244
356795,0.06564141
356801,0.021292208
356802,0.016933776
356808,0.010823601
356813,0.058290422
356816,0.040100154
356818,0.1710722
356825,0.095431276
356828,0.041433923
356836,0.028094893
356854,0.05805424
356857,0.028827367
356865,0.039627366
356873,0.025040392
356879,0.019484147
356880,0.032061476
356885,0.086915925
356889,0.019757995
356903,0.020868544
356905,0.012850422
356913,0.04834094
356916,0.03956691
356939,0.0327707
356944,0.09604533
356952,0.15432589
356958,0.03143443
356963,0.016305327
356967,0.009279586
356970,0.028118785
356977,0.012762323
356980,0.057925764
356981,0.023361988
356983,0.07253291
356998,0.5081314
357005,0.02186251
357022,0.077590786
357032,0.061795626
357033,0.08295469
357035,0.035262723
357047,0.11082107
357054,0.016120913
357057,0.091173746
357069,0.04030009
357096,0.20345943
357102,0.10985288
357118,0.029667532
357124,0.041025847
357137,0.04103696
357138,0.074439526
357149,0.019900503
357151,0.03488994
357157,0.03027072
357158,0.09045693
357162,0.016886033
357163,0.031664144
357171,0.013230404
357175,0.017662684
357192,0.010069236
357200,0.051733665
357204,0.028916277
357206,0.13630253
357215,0.12397044
357221,0.028396351
357228,0.011044619
357247,0.024911664
357249,0.06699483
357268,0.022883985
357270,0.03682941
357279,0.07403667
357287,0.032350034
357293,0.020206235
357306,0.012609614
357308,0.09910666
357321,0.023366664
357326,0.058999915
357340,0.008823797
357342,0.07831543
357352,0.024184702
357361,0.029812329
357368,0.026083842
357370,0.058773145
357377,0.023668824
357382,0.0042878836
357383,0.021928087
357384,0.039547596
357398,0.03625486
357415,0.027594173
357420,0.10679633
357439,0.032195635
357440,0.010135289
357458,0.018545594
357464,0.11754978
357467,0.013858158
357469,0.21001463
357472,0.100358486
357489,0.05369579
357504,0.11415543
357522,0.08120243
357527,0.03498893
357547,0.09429789
357550,0.05407841
357558,0.057237126
357559,0.14008519
357562,0.0329144
357572,0.06575293
357583,0.19959468
357585,0.32344347
357598,0.030004323
357607,0.042439163
357613,0.04304693
357627,0.022562178
357630,0.030685466
357631,0.22378199
357680,0.0064835697
357694,0.020569338
357698,0.10767484
357699,0.015168924
357707,0.005253059
357732,0.025124067
357748,0.1345355
357755,0.15644436
357767,0.05001142
357786,0.018749982
357791,0.0721249
357799,0.014927009
357824,0.01125017
357830,0.019975659
357832,0.03521818
357840,0.10378711
357863,0.054779626
357865,0.039673075
357868,0.18038532
357869,0.014629863
357878,0.023540815
357886,0.1299149
357891,0.022219842
357897,0.020003073
357915,0.21542285
357927,0.018599272
357947,0.010682046
357958,0.01406238
357959,0.018635739
357976,0.035579413
357992,0.16277185
357995,0.0074483873
357996,0.02280928
358020,0.12901616
358022,0.18413907
358023,0.025799224
358029,0.01729925
358040,0.04106237
358059,0.015671743
358071,0.034355726
358076,0.07664192
358095,0.025491128
358096,0.056226008
358104,0.02971445
358110,0.053768564
358122,0.14978358
358137,0.014299301
358147,0.071713075
358149,0.025434036
358155,0.07491203
358161,0.04999979
358163,0.03777694
358172,0.1396241
358178,0.061370768
358183,0.08353093
358186,0.013381752
358189,0.03630182
358198,0.038030226
358211,0.07965103
358219,0.017085955
358220,0.13704701
358225,0.12114744
358231,0.010508326
358233,0.012345966
358247,0.13161749
358258,0.10170982
358264,0.0557545
358271,0.24018814
358273,0.045530908
358275,0.046090867
358278,0.054618035
358287,0.074643254
358309,0.032663457
358327,0.016212665
358342,0.027453251
358348,0.035036355
358352,0.019786177
358373,0.10173097
358384,0.025205933
358394,0.012527626
358405,0.24064767
358409,0.019291222
358412,0.26004893
358424,0.06692012
358427,0.0068809753
358434,0.083386526
358444,0.15235014
358448,0.023591982
358449,0.031210218
358458,0.010209292
358472,0.04668045
358483,0.059977353
358490,0.04418158
358503,0.012726458
358504,0.05320081
358505,0.020195171
358512,0.15362747
358513,0.029512106
358528,0.028615737
358532,0.013773543
358536,0.029608827
358538,0.061422955
358559,0.08785581
358590,0.06818828
358601,0.102209285
358627,0.01150961
358631,0.10363528
358632,0.024691118
358640,0.057158142
358649,0.042273864
358650,0.013710041
358653,0.024536714
358676,0.0072693797
358679,0.044607263
358695,0.06461382
358703,0.035324976
358705,0.017391553
358710,0.007631872
358730,0.015306625
358731,0.08129748
358735,0.11631715
358744,0.042488087
358748,0.039942402
358750,0.015562136
358752,0.0051960032
358764,0.09502416
358777,0.01399553
358786,0.19001418
358789,0.065923326
358805,0.1140785
358809,0.011951747
358810,0.016205667
358824,0.06797796
358829,0.06262349
358838,0.12351826
358840,0.032385513
358841,0.07662186
358854,0.05416991
358873,0.16761938
358879,0.035785504
358884,0.06992816
358885,0.008276325
358886,0.0076125767
358892,0.06893621
358895,0.059758842
358906,0.012600091
358910,0.015590699
358911,0.0077305334
358924,0.2193223
358929,0.02894725
358937,0.16402346
358949,0.22539765
358955,0.04899448
358956,0.17822717
358959,0.0790337
358960,0.0072583244
358969,0.018619578
358983,0.016529217
358990,0.1385432
358992,0.011474176
358994,0.12134522
359004,0.033191368
359015,0.0262341
359023,0.053559713
359030,0.009156326
359032,0.021095615
359038,0.04558892
359044,0.1071807
359049,0.07720648
359050,0.020248152
359064,0.017353067
359095,0.015717097
359100,0.1760292
359105,0.011257496
359116,0.06897827
359134,0.08180079
359136,0.20662752
359143,0.02262025
359147,0.008773481
359175,0.051584728
359182,0.02892692
359188,0.019804139
359196,0.029524416
359198,0.054361776
359202,0.022343643
359212,0.050659638
359229,0.08427081
359232,0.051424954
359247,0.019347586
359258,0.09327799
359260,0.12286198
359261,0.063360676
359262,0.30815926
359268,0.031807367
359285,0.014989043
359293,0.033571545
359294,0.016393056
359297,0.061867688
359299,0.012843686
359311,0.018273124
359319,0.09909133
359320,0.031758178
359322,0.09761407
359353,0.029388092
359355,0.0392225
359360,0.17464437
359367,0.024000565
359369,0.007825722
359372,0.017517157
359377,0.08636618
359381,0.012932349
359382,0.03672419
359387,0.056482602
359389,0.016818883
359392,0.057342023
359437,0.14679043
359438,0.015783414
359440,0.030645708
359442,0.04931619
359455,0.03143429
359474,0.13020615
359475,0.031244297
359480,0.405581
359485,0.04434739
359493,0.0061883973
359497,0.014071491
359505,0.019342102
359506,0.040431768
359516,0.025497371
359518,0.015215362
359523,0.025933884
359547,0.24118066
359548,0.03403162
359556,0.029315963
359577,0.083100945
359580,0.105700314
359588,0.045629833
359590,0.024343345
359592,0.027356192
359599,0.016335387
359609,0.093649834
359611,0.026731122
359619,0.04340301
359623,0.3004063
359654,0.04475356
359666,0.032433026
359669,0.07343328
359672,0.018559385
359673,0.45665708
359677,0.007453032
359685,0.09239189
359690,0.028473362
359697,0.069884725
359702,0.0094679
359707,0.10822118
359711,0.020152314
359719,0.08058425
359722,0.03933915
359726,0.11114016
359730,0.05111003
359731,0.034333695
359741,0.083674185
359743,0.1146071
359748,0.007875563
359753,0.013269887
359758,0.32033244
359773,0.020208227
359780,0.040701456
359785,0.029673256
359800,0.018950116
359806,0.18639952
359809,0.08262697
359822,0.05404932
359828,0.15524863
359847,0.045727916
359855,0.0476678
359858,0.01707222
359864,0.012983151
359884,0.041510724
359886,0.010758601
359898,0.18809688
359908,0.25437158
359921,0.28832978
359945,0.022330431
359958,0.0043369057
359964,0.08487999
359980,0.03483824
359992,0.016437871
359994,0.13220328
360001,0.036222123
360004,0.025651129
360009,0.09145563
360020,0.044424273
360049,0.32919315
360058,0.015885616
360063,0.04171752
360064,0.0061788987
360074,0.010481124
360095,0.020158354
360098,0.014069349
360099,0.0067200074
360100,0.060792
360103,0.035864767
360106,0.046618953
360107,0.042235583
360124,0.15417038
360126,0.008853267
360138,0.083778135
360140,0.017506458
360141,0.008205029
360149,0.14023967
360152,0.16224836
360165,0.078033455
360171,0.012170347
360176,0.22147194
360183,0.03201609
360186,0.007857326
360189,0.2888891
360191,0.07893463
360199,0.2597912
360204,0.02986211
360205,0.11902876
360217,0.05335192
360225,0.07464455
360231,0.034246106
360238,0.025096852
360248,0.23654723
360249,0.02568101
360254,0.06802066
360256,0.062123287
360257,0.040191114
360258,0.05252962
360277,0.08254474
360279,0.04238017
360280,0.37941822
360281,0.2591951
360283,0.024874045
360290,0.042025104
360312,0.06494996
360316,0.020635748
360320,0.008246396
360324,0.13877864
360333,0.036201257
360339,0.023401387
360347,0.016971007
360359,0.10976247
360360,0.08861926
360367,0.034343004
360372,0.018953905
360382,0.080055006
360386,0.042002965
360400,0.019258842
360411,0.066670015
360412,0.032534916
360415,0.022852696
360419,0.095344186
360421,0.028772073
360427,0.019727957
360429,0.27807695
360438,0.023516543
360439,0.017033502
360445,0.21761954
360454,0.32624453
360458,0.08610161
360467,0.013528815
360469,0.03825276
360471,0.014316063
360472,0.013966898
360475,0.028024036
360478,0.12704103
360479,0.035113614
360480,0.1142803
360484,0.074719146
360496,0.017407088
360504,0.0496554
360517,0.016140228
360518,0.15678239
360526,0.03693757
360530,0.057898078
360535,0.049486417
360538,0.24205828
360539,0.06429755
360545,0.02786858
360569,0.022080118
360579,0.14525644
360580,0.032753877
360611,0.014290113
360612,0.013332079
360626,0.015733158
360628,0.0223646
360631,0.062367897
360633,0.028158206
360640,0.048848618
360643,0.36776862
360645,0.017893322
360663,0.0068897996
360666,0.02752708
360678,0.03873704
360683,0.06658857
360707,0.09055187
360715,0.16352081
360723,0.10120596
360727,0.015204111
360733,0.11240629
360746,0.012161802
360759,0.03236723
360767,0.026458891
360769,0.02365183
360770,0.02335296
360779,0.023157092
360791,0.04416366
360792,0.008148389
360801,0.14507686
360812,0.12933369
360814,0.013319595
360828,0.029277626
360830,0.21412793
360837,0.06192266
360838,0.10355496
360844,0.15574986
360860,0.015462402
360864,0.07029795
360871,0.049856387
360872,0.069403976
360877,0.031470634
360880,0.022469299
360881,0.011622934
360882,0.04648205
360884,0.015239932
360885,0.03286159
360889,0.13959147
360893,0.18534066
360898,0.03378518
360933,0.2647346
360941,0.05802487
360942,0.03946365
360943,0.020331427
360960,0.039344057
360973,0.10600581
360979,0.075255014
360987,0.015292689
360988,0.03203992
360999,0.046817377
361001,0.018490108
361005,0.076059304
361007,0.090131626
361024,0.016661365
361028,0.05073813
361051,0.027870981
361072,0.019902086
361086,0.06213458
361093,0.11556055
361098,0.022634942
361124,0.023407122
361130,0.02044645
361132,0.06111157
361133,0.009117515
361135,0.15726425
361148,0.32560813
361150,0.01740431
361152,0.032842215
361154,0.03802378
361158,0.014436055
361171,0.03576649
361175,0.12873946
361177,0.007351186
361195,0.13637722
361200,0.016383963
361203,0.120234504
361205,0.021247253
361214,0.11224115
361217,0.04298428
361226,0.019859085
361232,0.027685255
361236,0.050513595
361249,0.017512703
361251,0.21857597
361252,0.041391656
361284,0.06719222
361289,0.02810642
361297,0.015995134
361304,0.08270864
361311,0.074240476
361334,0.22776416
361339,0.02961326
361340,0.12952697
361348,0.0355348
361352,0.03455495
361354,0.015793256
361355,0.04585247
361370,0.19561677
361390,0.04204864
361392,0.023549415
361397,0.105715424
361402,0.069128126
361405,0.048822705
361406,0.027140563
361426,0.012128274
361431,0.066889614
361440,0.012568566
361451,0.479996
361469,0.19968708
361473,0.05190647
361497,0.03804549
361511,0.010544132
361515,0.008079092
361525,0.03472773
361540,0.10704338
361557,0.14207616
361560,0.04298242
361565,0.015944302
361569,0.01821459
361570,0.03390106
361578,0.01043823
361580,0.10997167
361585,0.042062253
361589,0.020185012
361591,0.0060296655
361599,0.054341845
361603,0.055722814
361605,0.0628713
361606,0.16640829
361615,0.2552428
361622,0.031980284
361627,0.025285589
361632,0.113117486
361636,0.0151916165
361637,0.0519361
361638,0.059955698
361639,0.026485454
361651,0.030361164
361662,0.12216471
361684,0.036190324
361693,0.0638666
361697,0.15766379
361710,0.009838632
361713,0.08970088
361729,0.16912663
361785,0.009435509
361796,0.049240615
361805,0.06338001
361811,0.03901848
361812,0.05484289
361819,0.10546819
361828,0.029343266
361833,0.008969959
361836,0.08780273
361839,0.0657317
361855,0.010844679
361866,0.12228778
361870,0.037778847
361873,0.074064754
361885,0.032975134
361896,0.02391024
361913,0.026875276
361919,0.037808
361932,0.07274813
361933,0.08082639
361935,0.103944555
361939,0.034852438
361946,0.007894814
361947,0.016463222
361949,0.04230146
361951,0.06905514
361962,0.1028988
361972,0.023413807
361975,0.028041588
361989,0.018028267
362004,0.0766477
362012,0.0093517015
362014,0.067049816
362016,0.008449744
362028,0.03654195
362033,0.0091916565
362034,0.1392952
362038,0.0142776165
362052,0.12477165
362061,0.018747369
362063,0.031937107
362070,0.059603676
362072,0.0051177796
362075,0.021571213
362079,0.04273309
362086,0.019792752
362091,0.075991005
362094,0.044486523
362101,0.005567869
362112,0.021989875
362115,0.2122866
362117,0.023553766
362121,0.35529625
362128,0.12384098
362130,0.017015897
362135,0.11744058
362142,0.021584135
362146,0.06590022
362149,0.03971541
362157,0.04442528
362165,0.01608445
362166,0.02551042
362167,0.028447052
362173,0.028863924
362187,0.02272087
362197,0.052651335
362206,0.02560502
362207,0.014362918
362210,0.027053507
362216,0.08034866
362219,0.22978027
362221,0.10384389
362224,0.016451802
362228,0.026527148
362236,0.035292394
362242,0.04818159
362251,0.027101059
362252,0.032010626
362257,0.026462149
362284,0.0146080395
362286,0.030046672
362298,0.114093274
362300,0.06657308
362306,0.027404614
362308,0.23736548
362315,0.010509873
362318,0.030582879
362322,0.021835586
362332,0.09862064
362338,0.0602949
362341,0.25587365
362347,0.25060046
362348,0.055555176
362361,0.20173173
362365,0.0522378
362369,0.1529656
362373,0.013190964
362376,0.0654952
362384,0.039330155
362386,0.018498607
362387,0.029920734
362389,0.03121733
362393,0.018016474
362412,0.013673936
362420,0.02659427
362426,0.07288298
362432,0.027278721
362445,0.2323507
362450,0.016776929
362452,0.16296807
362465,0.02740816
362468,0.2185858
362474,0.051781155
362484,0.011550582
362487,0.07537498
362512,0.02510814
362530,0.007409746
362531,0.04741271
362552,0.022282563
362555,0.041829605
362556,0.06212281
362563,0.16505629
362572,0.016867975
362579,0.01984099
362580,0.1396862
362597,0.089390635
362635,0.011136576
362637,0.056550562
362641,0.06003464
362652,0.040901225
362657,0.020023303
362660,0.014262514
362661,0.04797813
362671,0.019872805
362675,0.03340154
362680,0.033078276
362682,0.017076291
362685,0.058907904
362697,0.009230083
362700,0.21316254
362702,0.018875536
362705,0.11886946
362707,0.07233844
362710,0.013403464
362711,0.12449116
362718,0.103602916
362723,0.02587573
362730,0.044525523
362742,0.20978217
362781,0.067236975
362789,0.1344927
362790,0.021025332
362795,0.013837747
362799,0.027106322
362800,0.043120977
362803,0.05650456
362808,0.042220775
362814,0.028962238
362820,0.018614896
362826,0.030341662
362831,0.043728378
362833,0.043848693
362839,0.1266929
362852,0.057596326
362872,0.058896
362882,0.06839125
362885,0.19210061
362889,0.057259638
362890,0.047118008
362891,0.17110662
362900,0.071532056
362907,0.04029558
362908,0.0338967
362953,0.013487607
362967,0.070875
362982,0.009921895
363015,0.015560672
363027,0.03765941
363035,0.030411078
363039,0.07112512
363045,0.027844716
363048,0.096033424
363057,0.24430813
363059,0.08007404
363063,0.07866748
363080,0.029462371
363082,0.16536881
363090,0.2810066
363094,0.023555823
363106,0.018597255
363114,0.23924974
363118,0.120798
363121,0.067039534
363128,0.033721384
363136,0.032309256
363141,0.019742746
363142,0.028434755
363147,0.008014977
363151,0.01894396
363153,0.057370257
363158,0.008267068
363171,0.0166022
363174,0.023640597
363180,0.009444313
363187,0.011367543
363191,0.07628293
363192,0.01880037
363196,0.016680874
363199,0.022153288
363209,0.02427172
363210,0.04612439
363212,0.05709297
363227,0.07603485
363231,0.0752796
363232,0.0128159225
363243,0.026519693
363253,0.024469148
363285,0.025729418
363299,0.088054225
363310,0.049170036
363311,0.025505863
363316,0.19299838
363322,0.24560718
363329,0.007858418
363331,0.041554533
363334,0.03212245
363339,0.008709016
363340,0.4208609
363341,0.017529119
363343,0.29236782
363347,0.023034588
363350,0.014842628
363377,0.07597708
363379,0.060447298
363382,0.027190274
363386,0.062324785
363387,0.032370057
363388,0.01241352
363391,0.014615358
363394,0.04005312
363397,0.02216417
363405,0.046318825
363422,0.010028971
363427,0.04582747
363455,0.045500297
363467,0.059620086
363493,0.041345328
363508,0.044729333
363514,0.37006938
363525,0.050847095
363530,0.092120826
363531,0.010490785
363538,0.014638462
363539,0.01235761
363542,0.024147887
363543,0.032981995
363551,0.5119731
363568,0.022347137
363576,0.073047414
363580,0.15041444
363582,0.0153029505
363598,0.08115962
363601,0.018964928
363611,0.06436072
363612,0.039015096
363618,0.026331205
363623,0.06995627
363624,0.077254035
363642,0.026655115
363645,0.102749355
363651,0.28941613
363657,0.034793865
363663,0.044568375
363667,0.025364833
363687,0.07249343
363704,0.01911729
363705,0.058178365
363717,0.017275536
363725,0.02341235
363728,0.005567276
363733,0.04227294
363744,0.10847282
363745,0.023239926
363756,0.04790496
363759,0.11868239
363760,0.047923625
363762,0.020817079
363768,0.04927725
363777,0.06917252
363782,0.014065805
363785,0.023006923
363797,0.061131727
363815,0.011382338
363822,0.028214917
363834,0.045142915
363842,0.08496859
363845,0.44301134
363846,0.018873572
363849,0.03856891
363850,0.02630576
363853,0.01354272
363859,0.029814873
363860,0.023901172
363877,0.022341909
363881,0.03572314
363893,0.018983955
363902,0.08524702
363903,0.047609758
363916,0.051674195
363924,0.07830166
363940,0.048422072
363944,0.053483754
363955,0.10032564
363960,0.024254456
363984,0.010649165
363990,0.048289996
364009,0.0891595
364014,0.096074596
364035,0.03061617
364043,0.014048264
364065,0.013483098
364067,0.019831415
364068,0.091818176
364072,0.11302364
364079,0.06824634
364094,0.06460325
364096,0.033439953
364105,0.13434312
364109,0.022737358
364122,0.124579
364141,0.057940785
364146,0.17873783
364147,0.05802791
364151,0.059749488
364152,0.0067250114
364156,0.06273008
364160,0.047472917
364171,0.008893447
364183,0.008087296
364199,0.04210316
364206,0.026783127
364220,0.024974873
364222,0.0229881
364224,0.08669239
364232,0.024874778
364248,0.015914448
364251,0.016322438
364274,0.053144433
364286,0.04652312
364289,0.0084665
364290,0.03401781
364291,0.034177437
364292,0.018574022
364308,0.028672155
364310,0.101163834
364311,0.14287917
364312,0.36344448
364314,0.11337891
364337,0.02855596
364339,0.081255734
364357,0.5059391
364359,0.07022483
364371,0.029940646
364374,0.21810468
364378,0.111627325
364382,0.058105
364397,0.052311193
364401,0.03643948
364403,0.032247752
364411,0.18098806
364413,0.054139618
364414,0.025796756
364415,0.020822236
364418,0.020847648
364428,0.016468436
364430,0.008458724
364436,0.117837474
364451,0.0147131365
364457,0.028050601
364461,0.028119095
364471,0.11773947
364472,0.06140371
364481,0.5113641
364482,0.033591986
364484,0.21457827
364492,0.093073815
364494,0.03560974
364507,0.038022473
364508,0.1454372
364537,0.03456644
364538,0.0630969
364539,0.18565357
364547,0.30647588
364561,0.09532629
364586,0.16580139
364603,0.02054928
364622,0.014222573
364660,0.016727181
364662,0.01280361
364669,0.22831939
364698,0.029009042
364699,0.021832287
364700,0.034142233
364702,0.055349465
364710,0.16218208
364714,0.025015162
364731,0.05302657
364738,0.006877361
364739,0.01448827
364743,0.014686149
364762,0.17185153
364767,0.081253596
364775,0.021021651
364781,0.045708477
364783,0.012259758
364796,0.011387546
364810,0.018615577
364815,0.14284936
364823,0.030768715
364826,0.01885371
364837,0.04429312
364839,0.09175527
364844,0.042511087
364851,0.062465284
364853,0.076990776
364854,0.07932959
364858,0.030470125
364872,0.14821212
364875,0.023143439
364877,0.04933291
364878,0.009995464
364884,0.007822355
364907,0.12098677
364911,0.14341177
364916,0.18018283
364920,0.036326032
364927,0.015701855
364944,0.22210336
364948,0.21420169
364950,0.062647
364953,0.008378994
364955,0.048239224
364959,0.038546
364966,0.027963152
364971,0.05291599
364979,0.099640965
364980,0.015373552
364982,0.07743053
364984,0.020344187
364993,0.010052306
365001,0.00846652
365030,0.021321049
365035,0.02416265
365044,0.013648464
365046,0.024058502
365050,0.012789458
365051,0.061639834
365054,0.083153926
365055,0.040103637
365064,0.06791367
365069,0.13995014
365092,0.013835104
365102,0.08610733
365109,0.020687396
365110,0.07231522
365117,0.009994785
365120,0.03032313
365128,0.10758048
365131,0.1677155
365136,0.04638627
365151,0.042789087
365153,0.12512796
365154,0.01600192
365160,0.022582911
365166,0.018936105
365171,0.014834473
365181,0.03320143
365194,0.08733019
365210,0.057356443
365221,0.07889064
365234,0.035362482
365252,0.03517155
365254,0.22724435
365264,0.04587301
365276,0.015249791
365282,0.010345971
365284,0.15524827
365290,0.0071670385
365317,0.024653941
365329,0.0573619
365353,0.039683152
365356,0.057560503
365358,0.029036872
365374,0.10049986
365392,0.016521027
365396,0.036669716
365408,0.056097172
365412,0.017822731
365429,0.02538563
365431,0.1232658
365435,0.14744446
365439,0.029834647
365473,0.05148295
365476,0.055423155
365486,0.048159003
365497,0.0203592
365518,0.12311879
365519,0.090637974
365520,0.17930268
365523,0.016633337
365531,0.057464175
365532,0.026526034
365534,0.02894197
365544,0.12167281
365552,0.044745836
365564,0.020138143
365569,0.020457884
365570,0.07276204
365575,0.33386776
365576,0.06167195
365585,0.060960475
365595,0.020716282
365612,0.039826352
365613,0.20145614
365624,0.046527766
365631,0.027477562
365634,0.036915835
365643,0.036571383
365644,0.13857962
365663,0.05304022
365666,0.0673465
365672,0.04470771
365676,0.04087761
365680,0.015863482
365696,0.03230051
365699,0.11135162
365706,0.008810068
365707,0.033245243
365711,0.04792311
365716,0.0094446745
365717,0.020132374
365718,0.009131292
365757,0.030979233
365770,0.083055496
365776,0.0484066
365781,0.15172277
365784,0.009831374
365787,0.017806098
365805,0.088237844
365820,0.004908329
365831,0.03219763
365836,0.269977
365837,0.10750631
365859,0.49763033
365861,0.015744762
365863,0.029139532
365872,0.14807418
365877,0.023437573
365882,0.08935898
365893,0.14033492
365894,0.06725925
365900,0.15966143
365910,0.0118994545
365913,0.021698037
365916,0.025960274
365923,0.100737154
365946,0.29257178
365948,0.106533885
365951,0.039402105
365965,0.09000099
365966,0.057738412
365975,0.04553028
365979,0.33897433
365989,0.05247751
365991,0.07446799
365992,0.02063166
366001,0.0649798
366010,0.15328012
366013,0.11269252
366028,0.023782745
366036,0.012821525
366038,0.02876741
366044,0.02172342
366048,0.09748046
366060,0.019039147
366067,0.15972649
366071,0.06839686
366078,0.024678424
366081,0.0362348
366082,0.047831267
366093,0.2096437
366099,0.018081428
366103,0.014670671
366105,0.0361261
366111,0.044764247
366112,0.018480385
366125,0.0467127
366144,0.14639954
366147,0.029828176
366149,0.17291999
366166,0.012844765
366168,0.21346445
366173,0.04292048
366178,0.02497453
366180,0.1383386
366209,0.005830553
366213,0.07772085
366214,0.14650849
366215,0.023801474
366220,0.027243853
366226,0.01348589
366230,0.19348195
366236,0.24064231
366245,0.013964497
366282,0.22365633
366286,0.04412937
366295,0.02959612
366296,0.024163038
366297,0.2423822
366300,0.033758685
366303,0.027295215
366307,0.293018
366314,0.06458833
366320,0.022773419
366321,0.01552256
366327,0.010354713
366330,0.054616377
366332,0.19281457
366334,0.007692504
366341,0.02274253
366363,0.017991453
366367,0.16953632
366369,0.122980654
366382,0.021503594
366394,0.13816504
366396,0.007804751
366398,0.0643579
366406,0.08210145
366414,0.012349093
366417,0.05747602
366419,0.034802012
366422,0.035293147
366436,0.011661655
366442,0.2485928
366451,0.18647274
366455,0.040070318
366458,0.034313694
366460,0.023990909
366466,0.019990075
366473,0.056031708
366502,0.020021167
366505,0.4465517
366526,0.12561405
366530,0.15100768
366532,0.011757517
366539,0.013923385
366541,0.054838773
366542,0.020147795
366553,0.014331949
366571,0.030879661
366582,0.009519119
366583,0.06304239
366589,0.19815071
366595,0.09062716
366606,0.047153037
366611,0.034188338
366613,0.21805163
366615,0.08741678
366616,0.29538953
366624,0.12230815
366632,0.013457636
366649,0.009215156
366650,0.08047901
366657,0.022967001
366664,0.04218545
366666,0.015312415
366674,0.09341835
366676,0.033849213
366677,0.013111336
366688,0.021870479
366689,0.0666003
366693,0.025718821
366696,0.05780284
366698,0.053198624
366700,0.013332458
366703,0.20435224
366709,0.047280252
366711,0.037524916
366725,0.01758105
366741,0.025833309
366742,0.010886308
366747,0.020752512
366750,0.028155437
366754,0.02472306
366762,0.017616108
366774,0.06303356
366781,0.0103507275
366784,0.02125535
366789,0.02924487
366790,0.055718184
366797,0.04779966
366806,0.028861005
366820,0.01913758
366845,0.19640535
366858,0.0696123
366860,0.028595844
366874,0.04484934
366876,0.11778154
366879,0.013227558
366884,0.047379293
366886,0.019967977
366905,0.17343773
366908,0.09272567
366909,0.29738557
366917,0.03170877
366921,0.12273829
366927,0.030978289
366936,0.017268796
366952,0.01929617
366962,0.15305887
366964,0.092710644
366965,0.03016582
366981,0.012601757
366988,0.04192555
366992,0.039375782
366998,0.052365232
366999,0.036015607
367017,0.009905921
367023,0.13860378
367024,0.011488168
367025,0.077927016
367037,0.0882058
367040,0.12675527
367043,0.030899718
367052,0.009632032
367056,0.030678965
367064,0.052342106
367075,0.028468175
367089,0.03415252
367098,0.017245756
367119,0.058872472
367124,0.19534083
367134,0.1655565
367136,0.026704755
367138,0.025616478
367153,0.04052889
367158,0.08989516
367169,0.027020503
367179,0.016960321
367180,0.07206316
367212,0.047484607
367216,0.18497907
367217,0.015254748
367220,0.006499552
367224,0.02611685
367241,0.031663366
367245,0.049522433
367256,0.10531409
367266,0.007867356
367283,0.032797717
367290,0.05768668
367295,0.029457252
367310,0.032879584
367315,0.08728503
367322,0.062452946
367332,0.016300641
367338,0.152557
367347,0.09908243
367381,0.117805876
367383,0.05207081
367386,0.061941177
367392,0.010424578
367399,0.1253886
367411,0.016771875
367414,0.011431493
367436,0.024782393
367439,0.020952161
367440,0.0999241
367465,0.091823176
367466,0.17869523
367478,0.1524101
367479,0.10321687
367481,0.0147747025
367505,0.12788051
367515,0.031357516
367516,0.061113
367526,0.1863292
367527,0.1075005
367533,0.1250971
367535,0.12687866
367545,0.121835776
367546,0.025831401
367547,0.097334564
367555,0.019569077
367557,0.038764745
367558,0.03980799
367573,0.015531846
367580,0.21047084
367581,0.008883168
367582,0.16627866
367588,0.027578041
367601,0.025075264
367617,0.027825374
367624,0.036962524
367626,0.03812709
367632,0.10985914
367651,0.012551662
367663,0.005200796
367674,0.021747727
367677,0.24138528
367678,0.017676307
367691,0.021909192
367698,0.015025423
367710,0.023274703
367712,0.028210975
367727,0.104530424
367739,0.053834714
367740,0.07102805
367746,0.028943606
367759,0.017217457
367770,0.11878857
367780,0.037676916
367783,0.06884505
367787,0.039351787
367791,0.21920115
367797,0.037814595
367799,0.04316258
367811,0.008161994
367817,0.019573266
367827,0.057482053
367829,0.07930267
367830,0.13590223
367837,0.23482558
367843,0.008208787
367847,0.022596031
367849,0.11983363
367854,0.024494031
367855,0.025585154
367862,0.0283545
367863,0.079757154
367868,0.041187044
367873,0.27451944
367879,0.056614935
367889,0.15340397
367890,0.22696239
367892,0.011157698
367893,0.01548672
367895,0.024919394
367896,0.0081157815
367898,0.017798198
367903,0.021505095
367906,0.033420037
367919,0.010507638
367927,0.03073415
367931,0.123745054
367935,0.12076983
367945,0.017657671
367947,0.19634727
367952,0.051922716
367958,0.04193534
367971,0.022601176
367975,0.23915133
367983,0.1282804
367994,0.023249168
367998,0.06371105
367999,0.010209733
368005,0.041663393
368029,0.061463438
368034,0.010206708
368036,0.10240374
368041,0.014740221
368064,0.008021381
368066,0.009255489
368079,0.06301803
368082,0.0040156688
368090,0.06972648
368092,0.029310131
368097,0.015304032
368107,0.26005444
368127,0.1282609
368129,0.06258014
368134,0.08536492
368150,0.047195856
368166,0.18779582
368172,0.011136412
368179,0.009682606
368185,0.10176027
368193,0.029582303
368207,0.092873946
368251,0.035459124
368253,0.039303564
368256,0.18592511
368257,0.021146474
368263,0.012433645
368271,0.17968976
368273,0.01281435
368279,0.017293211
368281,0.24239236
368282,0.10283646
368288,0.16759843
368303,0.03512822
368315,0.048833266
368323,0.008978698
368324,0.011323428
368326,0.050787434
368334,0.05273474
368337,0.02763458
368351,0.05920105
368353,0.23126906
368358,0.24160081
368389,0.011369978
368392,0.17585327
368393,0.018066127
368415,0.050715968
368424,0.058303535
368436,0.010396922
368448,0.021489259
368456,0.016803697
368457,0.0066054864
368465,0.082286544
368484,0.102766246
368485,0.13790034
368487,0.052861
368489,0.025104243
368493,0.05635554
368509,0.046637516
368513,0.18442735
368523,0.08118903
368530,0.025189033
368539,0.06625869
368543,0.16383585
368544,0.021067088
368557,0.12193669
368561,0.023503063
368577,0.020826893
368579,0.014584662
368580,0.13082074
368583,0.016501147
368589,0.008820469
368594,0.015059935
368598,0.008835328
368621,0.05842326
368622,0.19779085
368627,0.0121001825
368628,0.022837767
368633,0.23334727
368638,0.13530439
368645,0.05919108
368646,0.21059793
368652,0.061669484
368659,0.055055205
368672,0.26731002
368679,0.021151
368683,0.12818132
368697,0.022070192
368702,0.21819662
368707,0.02316869
368715,0.22351962
368740,0.021954823
368754,0.032563094
368765,0.064991176
368770,0.043206938
368777,0.15396994
368780,0.23337321
368782,0.12550615
368784,0.11544808
368790,0.16038522
368792,0.008223503
368793,0.04627804
368811,0.022326058
368816,0.022185452
368819,0.13681415
368843,0.014756873
368853,0.012645002
368857,0.040805988
368858,0.0933196
368887,0.06068811
368898,0.0144313555
368909,0.040115625
368919,0.006176243
368930,0.09216917
368944,0.08047669
368949,0.08350908
368953,0.028119825
368956,0.029860796
368959,0.05302463
368968,0.015983803
368971,0.032958023
368974,0.035995
368975,0.025977453
368983,0.013645723
368991,0.09498102
368994,0.01904254
369001,0.12368648
369004,0.03560444
369016,0.0062915683
369030,0.013375028
369047,0.016800862
369055,0.121718094
369067,0.029423608
369068,0.064405344
369096,0.18836729
369103,0.06873223
369105,0.11123161
369107,0.38890594
369109,0.02600985
369130,0.03719633
369133,0.0102493325
369144,0.018664178
369150,0.014844141
369152,0.08822562
369156,0.021242842
369180,0.01740381
369183,0.043032043
369184,0.3252992
369186,0.068273
369187,0.027172837
369200,0.012012288
369201,0.033492997
369220,0.06317801
369223,0.015068572
369233,0.018972786
369240,0.09619943
369254,0.035513453
369264,0.35637173
369266,0.10948715
369272,0.08694113
369283,0.013774961
369295,0.046953525
369300,0.006373198
369302,0.008227192
369305,0.08750093
369322,0.01122934
369334,0.11064249
369350,0.009488743
369355,0.09871107
369361,0.03830531
369367,0.009182506
369371,0.017477943
369373,0.25560975
369375,0.12734614
369385,0.01609254
369394,0.048702944
369398,0.027177935
369408,0.053277086
369413,0.09867689
369419,0.04744429
369424,0.071216345
369439,0.024568455
369466,0.09092835
369482,0.02917931
369494,0.019922959
369504,0.009276114
369512,0.16874453
369528,0.03520785
369531,0.023675606
369540,0.04080961
369547,0.012211144
369565,0.016318884
369569,0.03607403
369581,0.052387357
369583,0.022123864
369593,0.055197388
369601,0.020031944
369608,0.01854045
369612,0.1342273
369615,0.09080558
369621,0.10848643
369636,0.018554958
369648,0.09336301
369649,0.47093168
369651,0.015258805
369659,0.018588789
369666,0.01425949
369684,0.0217091
369686,0.27950302
369698,0.103875004
369701,0.025354404
369712,0.013560883
369717,0.0069868453
369722,0.026492786
369732,0.19282871
369740,0.29068848
369751,0.028311096
369755,0.007831392
369757,0.024360893
369761,0.11368699
369767,0.14972033
369782,0.03177165
369788,0.053570967
369790,0.03478421
369791,0.012447637
369792,0.03354066
369803,0.023257859
369812,0.017944219
369813,0.10693403
369827,0.06582245
369835,0.095539935
369838,0.01729855
369839,0.036814947
369843,0.03432495
369846,0.039965227
369860,0.010586755
369870,0.041699037
369871,0.3068588
369872,0.02767802
369884,0.08634056
369893,0.057465553
369901,0.05647205
369904,0.057985395
369908,0.154703
369910,0.013050901
369911,0.08966467
369919,0.04376067
369920,0.028626556
369921,0.011067158
369931,0.20344682
369935,0.0228486
369936,0.042218708
369948,0.030201536
369953,0.045063496
369955,0.10726358
369961,0.033744358
369964,0.02105983
369967,0.09051418
369971,0.10491268
369983,0.025411442
369993,0.023319572
369995,0.08720058
370012,0.05761169
370022,0.043457188
370023,0.032891773
370027,0.07156961
370030,0.09985393
370033,0.17310359
370037,0.110872045
370051,0.0070357327
370055,0.027237311
370077,0.031895563
370088,0.033130083
370091,0.010455145
370114,0.01637139
370117,0.1645941
370120,0.19545697
370122,0.024290916
370128,0.15328486
370135,0.0449249
370144,0.032819677
370146,0.10184766
370148,0.04605452
370150,0.014751025
370155,0.024156032
370164,0.016676346
370179,0.033197172
370188,0.07137112
370190,0.010183375
370199,0.026953729
370203,0.17031372
370213,0.05424121
370216,0.017610656
370219,0.01045874
370220,0.18074337
370224,0.02400997
370230,0.020077301
370254,0.14934003
370255,0.01804507
370265,0.18240795
370273,0.0072439173
370288,0.028683037
370295,0.1119397
370297,0.06967319
370319,0.050760444
370323,0.011476548
370329,0.020936765
370330,0.032353565
370333,0.12300438
370346,0.14931601
370354,0.09962953
370355,0.006721439
370358,0.20000887
370362,0.008096863
370373,0.016162628
370376,0.015730146
370379,0.010076592
370380,0.0069197128
370386,0.021169212
370392,0.006341557
370411,0.0060920604
370416,0.01372758
370432,0.03707607
370439,0.039312072
370440,0.019184234
370445,0.026268125
370446,0.010474202
370455,0.10376875
370473,0.029576028
370474,0.030125797
370475,0.013894731
370482,0.22446105
370489,0.044786796
370512,0.021811025
370518,0.100981764
370522,0.051401332
370533,0.009371935
370538,0.114322215
370551,0.021194164
370552,0.09517317
370556,0.069927126
370566,0.019143634
370568,0.0764893
370573,0.14117652
370575,0.06948501
370578,0.015857484
370582,0.023491118
370596,0.012152646
370597,0.024649723
370599,0.010747892
370602,0.038606707
370609,0.030694757
370632,0.024723673
370634,0.21299201
370646,0.026250243
370666,0.14609739
370670,0.012056461
370672,0.009154744
370675,0.01757777
370676,0.12599403
370682,0.022381546
370685,0.024790702
370697,0.01388156
370699,0.014509652
370701,0.026527453
370711,0.18369883
370719,0.15267584
370728,0.02645902
370731,0.30106527
370735,0.023600936
370749,0.1188433
370753,0.05321982
370757,0.03616005
370763,0.08858408
370770,0.17356044
370779,0.053303856
370794,0.016523354
370805,0.028509496
370806,0.032718215
370808,0.028368963
370814,0.026129283
370827,0.15220964
370833,0.12355008
370844,0.09533014
370845,0.025740542
370850,0.20831797
370853,0.018032204
370856,0.013378762
370858,0.02638454
370862,0.043985814
370866,0.22043583
370874,0.18127073
370876,0.009519119
370878,0.13412957
370881,0.026900455
370882,0.2050832
370884,0.0501886
370887,0.047110368
370904,0.30333707
370905,0.03858514
370913,0.052979745
370915,0.04632155
370921,0.2274319
370922,0.0340218
370932,0.10800396
370939,0.078207605
370953,0.019824207
370964,0.040413547
370968,0.022489488
370969,0.042163275
370972,0.040623154
370978,0.012054113
371000,0.039020095
371001,0.21200648
371013,0.015450662
371053,0.065001555
371059,0.04250394
371060,0.019839495
371065,0.03245806
371069,0.05573699
371073,0.13358346
371084,0.21368319
371085,0.045052633
371088,0.0638022
371099,0.063208506
371115,0.0091221705
371118,0.3170835
371127,0.087468885
371132,0.18337709
371136,0.05727724
371139,0.100678004
371152,0.050893053
371161,0.035324216
371162,0.055417925
371174,0.018328689
371176,0.075897664
371182,0.019331897
371185,0.04537804
371193,0.041748468
371197,0.028573275
371198,0.022393435
371202,0.036506444
371207,0.06316018
371211,0.12715623
371242,0.026352502
371243,0.07232604
371244,0.024016522
371255,0.09050504
371258,0.011783148
371259,0.1401727
371265,0.021958962
371274,0.101796426
371275,0.23081347
371288,0.01642136
371291,0.25544563
371295,0.1810416
371314,0.061162807
371322,0.08814739
371323,0.06477156
371328,0.12979844
371332,0.021777054
371333,0.24154712
371335,0.006182258
371342,0.01444793
371350,0.028624559
371357,0.14293706
371365,0.006681196
371383,0.3073326
371384,0.06604147
371385,0.07897904
371393,0.15259394
371394,0.04353164
371397,0.021115184
371417,0.08194446
371431,0.045595948
371433,0.047727533
371437,0.0053773643
371439,0.17175901
371445,0.05877787
371452,0.12852961
371457,0.03165915
371469,0.028293941
371470,0.03310821
371477,0.020242553
371500,0.06819087
371504,0.088408306
371508,0.078328155
371514,0.021827646
371518,0.10190031
371520,0.017351784
371521,0.11846362
371522,0.028573757
371525,0.018360604
371530,0.10396572
371532,0.01286535
371548,0.063796185
371561,0.014080759
371566,0.19226207
371568,0.032579113
371571,0.021883465
371573,0.038401455
371577,0.09836792
371587,0.18703838
371592,0.13763183
371593,0.26081097
371595,0.0468179
371603,0.037337393
371614,0.025255674
371616,0.018600006
371619,0.102274165
371627,0.3752884
371641,0.06757053
371657,0.024719797
371664,0.021660466
371693,0.021745777
371698,0.017196838
371700,0.023962088
371707,0.01607703
371710,0.05933415
371715,0.0844912
371722,0.03418667
371731,0.027402926
371741,0.01760754
371744,0.082078986
371753,0.021836814
371755,0.011175843
371760,0.01435226
371773,0.08095963
371797,0.010883609
371807,0.24793819
371809,0.011247946
371811,0.016679356
371815,0.083170734
371822,0.029876731
371824,0.19640732
371828,0.030868469
371835,0.00998809
371837,0.021454912
371840,0.13168792
371849,0.026981194
371857,0.0104808025
371860,0.14393875
371862,0.023186415
371875,0.05058708
371896,0.19532454
371898,0.052935764
371901,0.1666897
371903,0.03289862
371908,0.01323557
371910,0.03857297
371944,0.06286486
371947,0.021199139
371955,0.09873569
371963,0.062436413
371972,0.042371094
371973,0.03695009
371978,0.033336222
371980,0.015544284
371988,0.018263146
372020,0.09358671
372043,0.21611887
372060,0.07307454
372070,0.014198976
372082,0.018586628
372085,0.06240055
372090,0.07282912
372091,0.24280284
372112,0.031650957
372115,0.03534126
372132,0.016603667
372134,0.24296382
372136,0.042894147
372142,0.032906003
372145,0.13348444
372146,0.07125579
372159,0.019300537
372172,0.03149486
372179,0.14076659
372183,0.030330967
372184,0.013554441
372192,0.0051272186
372234,0.02944165
372239,0.195158
372244,0.02630546
372268,0.04951243
372287,0.053927265
372289,0.09138994
372292,0.0075285723
372301,0.046312246
372315,0.071583584
372316,0.18318258
372328,0.08995975
372337,0.018786661
372347,0.22076344
372350,0.31764036
372381,0.02112526
372382,0.19831733
372384,0.033507776
372393,0.029414482
372398,0.096474215
372399,0.042077944
372400,0.014392274
372402,0.0352521
372410,0.041300617
372415,0.036826532
372425,0.020648725
372428,0.032776985
372430,0.04210853
372431,0.011555186
372449,0.03634006
372452,0.03513288
372453,0.029923163
372460,0.10596362
372463,0.3360938
372471,0.070045106
372484,0.04224145
372486,0.061110616
372489,0.09942633
372506,0.25547117
372513,0.01090988
372527,0.25126615
372568,0.21964966
372596,0.039621923
372606,0.0074509596
372617,0.025071258
372618,0.045021214
372622,0.049806684
372624,0.05224747
372633,0.035618342
372637,0.021604573
372643,0.054955464
372644,0.011448626
372656,0.038651638
372662,0.015183417
372664,0.055644162
372666,0.021040462
372672,0.07042965
372674,0.026974682
372693,0.11201507
372704,0.015624419
372719,0.03664828
372727,0.027606972
372740,0.059787516
372745,0.02526559
372753,0.06060088
372762,0.017238908
372764,0.06279447
372771,0.14287668
372772,0.09109464
372789,0.1040068
372793,0.06371367
372799,0.020681314
372806,0.3044482
372809,0.06105796
372829,0.13957107
372848,0.011303825
372850,0.031804133
372853,0.061298214
372854,0.053727984
372858,0.050158024
372861,0.01325564
372863,0.084319524
372876,0.048327327
372878,0.031885695
372893,0.2745305
372894,0.030851541
372911,0.052529052
372912,0.06812775
372924,0.1502951
372942,0.13502128
372946,0.39439029
372955,0.051429138
372956,0.031711705
372957,0.11889286
372984,0.06409075
372993,0.06617821
372995,0.20151666
372997,0.028394915
373014,0.07634042
373018,0.132206
373022,0.06446527
373023,0.010020295
373029,0.014993003
373063,0.020851023
373071,0.117814854
373075,0.15680781
373088,0.054705314
373089,0.019918868
373098,0.071652085
373101,0.08475173
373112,0.019098088
373114,0.04863637
373118,0.21254039
373120,0.15131156
373121,0.020591836
373122,0.02608335
373138,0.1403021
373145,0.025806583
373153,0.012047879
373154,0.04279548
373155,0.031681377
373159,0.0952141
373167,0.025344875
373190,0.03416812
373195,0.06879126
373202,0.030003473
373205,0.045018144
373209,0.054674715
373215,0.03494945
373222,0.1825255
373239,0.029238088
373240,0.05383127
373247,0.042655185
373251,0.046674594
373260,0.009521688
373284,0.020923771
373286,0.011074385
373292,0.20148014
373297,0.00851723
373299,0.35316235
373305,0.14010558
373307,0.03647162
373323,0.015239333
373327,0.040879067
373328,0.018918348
373363,0.055356473
373390,0.02705287
373396,0.008844536
373407,0.036362104
373413,0.07345162
373437,0.078300476
373445,0.032050118
373448,0.02281672
373458,0.08697702
373464,0.027759649
373472,0.22441255
373474,0.024506878
373475,0.0492131
373480,0.015284718
373484,0.09644754
373491,0.21836886
373493,0.11948091
373504,0.030494783
373537,0.16684842
373542,0.10150549
373545,0.018530428
373554,0.0309506
373559,0.3536018
373560,0.01681898
373562,0.03073505
373565,0.063294016
373573,0.108284265
373577,0.06205908
373591,0.058290705
373592,0.051546868
373596,0.010498403
373598,0.09507638
373600,0.03240421
373605,0.012676215
373607,0.038413122
373616,0.03292607
373618,0.015034443
373624,0.008481361
373630,0.044164445
373631,0.047570843
373634,0.045361396
373646,0.05663561
373651,0.06942611
373669,0.19247721
373682,0.0858117
373716,0.07393773
373751,0.22757438
373756,0.24297388
373757,0.009368579
373767,0.03101231
373778,0.013918467
373780,0.013552792
373781,0.12948605
373796,0.089601085
373801,0.025630401
373805,0.0658364
373811,0.017926825
373815,0.03276893
373820,0.060425498
373833,0.0056420714
373839,0.052512523
373841,0.01949414
373871,0.05565638
373875,0.15819202
373893,0.05785322
373894,0.17971824
373898,0.0438126
373899,0.4230985
373908,0.1725903
373909,0.025957266
373911,0.03597081
373918,0.017103301
373927,0.015945025
373938,0.07976499
373943,0.10170056
373946,0.037142962
373948,0.049442917
373953,0.115335785
373956,0.06318047
373984,0.026029618
373985,0.07329225
373986,0.11503634
374002,0.031155782
374014,0.01316835
374015,0.058033783
374024,0.027062504
374029,0.09681807
374034,0.012093386
374039,0.012882186
374042,0.087751634
374048,0.0961273
374051,0.05330666
374054,0.019822264
374055,0.053327814
374061,0.025162466
374075,0.058119584
374087,0.016537901
374101,0.086325414
374103,0.06117195
374114,0.1298038
374116,0.11940439
374119,0.07250956
374121,0.09051067
374133,0.03161348
374134,0.020194368
374140,0.013332371
374141,0.28621387
374145,0.182616
374155,0.013013957
374163,0.08253404
374169,0.20694685
374173,0.039476205
374188,0.05996965
374199,0.009963421
374200,0.03979398
374207,0.09187889
374225,0.040833484
374226,0.028260428
374227,0.04753059
374249,0.049789555
374254,0.07658158
374284,0.013209907
374293,0.06083949
374296,0.035669338
374297,0.01848477
374298,0.03382543
374307,0.033030946
374320,0.034224052
374322,0.036034808
374324,0.007746932
374328,0.04220294
374334,0.027837727
374341,0.016143207
374343,0.08412441
374346,0.009385652
374359,0.1542805
374374,0.08698591
374381,0.11338145
374400,0.023302916
374405,0.012076771
374409,0.06795261
374420,0.09048597
374442,0.074889764
374443,0.026252428
374445,0.0790017
374447,0.15156081
374452,0.07839445
374458,0.011892546
374485,0.019777523
374487,0.018662114
374496,0.0127231935
374503,0.036884088
374518,0.04588955
374519,0.018729882
374532,0.009516479
374534,0.015378665
374536,0.014765899
374546,0.008755639
374559,0.007009945
374568,0.09550137
374573,0.040821306
374582,0.005412493
374585,0.012464524
374598,0.007803671
374606,0.04370951
374612,0.01809071
374617,0.030294685
374619,0.019210152
374626,0.04076539
374646,0.036908098
374653,0.043663107
374656,0.025846468
374664,0.052147742
374666,0.04528236
374677,0.13774642
374679,0.05743537
374682,0.08533125
374700,0.08910586
374703,0.12341791
374705,0.10413246
374720,0.053081103
374724,0.06432131
374731,0.01414954
374732,0.051362332
374734,0.0879437
374759,0.06505863
374770,0.031315755
374774,0.024862168
374777,0.2476357
374788,0.02366746
374796,0.11306718
374799,0.09103313
374813,0.10831657
374819,0.007450407
374826,0.15757275
374827,0.032402802
374832,0.04128318
374837,0.014842729
374844,0.19042231
374848,0.32024837
374853,0.101634964
374854,0.010604962
374856,0.015034402
374864,0.17107031
374868,0.006880859
374888,0.031104479
374891,0.030051757
374892,0.021354415
374896,0.019015532
374909,0.10726255
374911,0.019221544
374912,0.07902364
374913,0.106450394
374916,0.027207302
374917,0.026297119
374923,0.037539583
374933,0.12388499
374935,0.038540233
374940,0.017383566
374941,0.025927067
374943,0.013008314
374951,0.14819661
374967,0.19831948
374970,0.060333077
374990,0.088894
374993,0.088039674
374994,0.059871856
375015,0.009346154
375017,0.15307839
375018,0.05258685
375021,0.035196077
375023,0.08631683
375030,0.18165341
375038,0.011654653
375040,0.036484912
375041,0.15655498
375052,0.007250847
375061,0.12900475
375064,0.02267196
375076,0.03404197
375086,0.23596314
375109,0.111722395
375118,0.049805094
375133,0.012739771
375140,0.10168503
375156,0.08721015
375168,0.058524482
375170,0.0497883
375182,0.023526551
375187,0.14027736
375188,0.05239787
375197,0.04117753
375201,0.01519466
375204,0.16485387
375216,0.111634284
375225,0.0086542815
375231,0.0068644374
375234,0.0062624943
375241,0.04191791
375242,0.107972056
375244,0.02067637
375246,0.033246994
375257,0.047097716
375290,0.016838158
375292,0.01536693
375293,0.06560029
375295,0.047323737
375296,0.013257055
375300,0.09692016
375322,0.05931464
375332,0.054481715
375338,0.036639363
375342,0.01472098
375365,0.01715914
375367,0.069237754
375384,0.16283324
375418,0.008223568
375464,0.10668393
375477,0.044595193
375485,0.07229109
375496,0.013503183
375534,0.039833106
375544,0.080332525
375556,0.20041548
375588,0.019114379
375589,0.0063601485
375594,0.07187939
375629,0.030251758
375649,0.06194359
375654,0.16058838
375696,0.047989752
375758,0.016971307
375795,0.2755321
375843,0.0133189205
375844,0.016519155
375853,0.21104945
375878,0.03187042
375879,0.050397582
375883,0.04011755
375887,0.069961935
375929,0.02167635
375934,0.029727712
375936,0.070338726
375937,0.027698504
375948,0.07489172
375951,0.030164827
375953,0.037121423
375964,0.06205804
375969,0.013159164
375970,0.022209447
375973,0.24489929
375976,0.07303338
375997,0.038224615
376000,0.018151702
376011,0.049082153
376019,0.015703194
376035,0.025682796
376036,0.103198655
376041,0.031705365
376042,0.03258523
376045,0.020223152
376047,0.2235542
376060,0.017728372
376061,0.055045478
376067,0.03158757
376068,0.28416303
376070,0.04344483
376074,0.013116643
376075,0.023703562
376076,0.08083759
376078,0.025460245
376080,0.027052455
376081,0.011027897
376082,0.036448907
376083,0.16050383
376084,0.10100275
376086,0.026247172
376087,0.02202746
376088,0.015170706
376089,0.045063272
376090,0.05636566
376091,0.0925283
376092,0.024525814
376093,0.061419044
376094,0.1035193
376095,0.15298142
376096,0.112026274
376097,0.036503952
376098,0.13760935
376206,0.0060543227
376209,0.105369166
376225,0.015859185
376239,0.017451214
376247,0.19874111
376248,0.027265972
376252,0.024100184
376257,0.07925923
376273,0.011153042
376274,0.037924953
376275,0.006896558
376279,0.06924801
376283,0.045103606
376284,0.023199786
376288,0.025248695
376289,0.0499196
376292,0.025178134
376298,0.09563151
376301,0.011605168
376311,0.023198929
376312,0.12462571
376313,0.05973063
376316,0.01986558
376317,0.08027743
376319,0.061710417
376320,0.10788399
376321,0.11589317
376322,0.029257432
376325,0.104209535
376326,0.04398861
376328,0.011821527
376329,0.14889787
376330,0.034902878
376332,0.014533712
376334,0.042176507
376335,0.055293
376336,0.23618415
376337,0.15154123
376338,0.17434794
376339,0.033426262
376340,0.076868236
376341,0.17518911
376343,0.048465166
376344,0.02421821
376345,0.015736615
376346,0.080472134
376347,0.16674814
376348,0.08323151
376349,0.1303899
376350,0.05443754
376351,0.021242736
376352,0.010755186
376353,0.016553141
376354,0.031583615
376355,0.011966761
376356,0.1266104
376357,0.013580982
376360,0.03454201
376445,0.065839045
376447,0.030842878
376449,0.015760766
376470,0.010791402
376483,0.04049903
376484,0.018344477
376486,0.034757305
376487,0.029207725
376488,0.08107373
376491,0.10634502
376492,0.026935877
376494,0.1319576
376495,0.17741817
376496,0.11322037
376497,0.2064668
376498,0.008461833
376502,0.029070944
376503,0.13555303
376504,0.053233437
376506,0.012043297
376509,0.042578876
376515,0.05325146
376517,0.022444041
376518,0.08615633
376519,0.18794435
376520,0.033949032
376521,0.033990506
376522,0.053720996
376523,0.019847725
376524,0.05320078
376527,0.083648756
376530,0.08233413
376531,0.056153506
376532,0.11714099
376533,0.10743389
376534,0.0766757
376535,0.04905861
376537,0.11639312
376538,0.06481384
376539,0.03919491
376546,0.046665758
376594,0.06793672
376595,0.06352074
376614,0.033826802
376616,0.014421931
376617,0.014033529
376618,0.19426638
376619,0.06577609
376620,0.030562282
376627,0.07482835
376630,0.009610066
376631,0.13057029
376632,0.014300842
376633,0.028641101
376635,0.04248243
376636,0.12295206
376637,0.026850421
376639,0.2077693
376640,0.027171329
376642,0.024312548
376643,0.031888925
376644,0.018031351
376645,0.04212206
376646,0.12203126
376648,0.08937879
376650,0.009575211
376651,0.02164312
376652,0.06330056
376732,0.041587554
376733,0.078515485
376734,0.1128248
376756,0.022552934
376804,0.016024781
376856,0.09952447
376869,0.03698914
376893,0.029793777
377045,0.042092346
377088,0.028809331
377137,0.13898602
377138,0.016884103
377159,0.01623907
377176,0.03906634
377201,0.033813313
377226,0.1654821
377335,0.016173765
377358,0.16086623
377362,0.018434562
377363,0.01208015
377389,0.20825315
377426,0.17594579
377427,0.02923515
377429,0.033462398
377441,0.07528716
377449,0.025772156
377450,0.15460947
377458,0.0314799
377472,0.095206305
377541,0.33734146
377567,0.042311523
377573,0.008934163
377605,0.06799477
377611,0.07299117
377622,0.031171039
377631,0.039360963
377657,0.015240091
377681,0.042652138
377711,0.020570897
377717,0.037150282
377720,0.15539205
377721,0.22313702
377723,0.04315736
377727,0.024744226
377729,0.036325432
377733,0.018080095
377735,0.023153655
377736,0.017655337
377737,0.054877445
377738,0.013263743
377750,0.16204585
377751,0.06721428
377753,0.029965637
377754,0.039211698
377755,0.08591301
377756,0.05273337
377757,0.124131404
377758,0.026378306
377759,0.012809003
377760,0.012948191
377761,0.25046808
377762,0.017454606
377763,0.014297251
377764,0.05277425
377765,0.2075801
377766,0.092018664
377767,0.008548396
377768,0.018439462
377771,0.021268938
377772,0.008811263
377773,0.08543548
377774,0.027368583
377775,0.12891793
377776,0.05274494
377778,0.031811047
377779,0.017829012
377780,0.0070660417
377781,0.019489959
377782,0.012219123
377783,0.00883702
377784,0.052994892
377785,0.02823316
377786,0.025513398
377862,0.036968164
377871,0.05079365
377930,0.010181423
377970,0.014636472
377987,0.036649507
377988,0.033553563
377990,0.047680262
377992,0.10834504
377995,0.02012853
378005,0.024088353
378006,0.008964073
378011,0.05992489
378018,0.02013081
378019,0.029122697
378023,0.016343959
378025,0.032398075
378026,0.07736372
378027,0.009576373
378031,0.032242306
378033,0.014255434
378034,0.03559836
378035,0.009715777
378040,0.05848795
378041,0.11132436
378042,0.014831789
378043,0.07199416
378044,0.056084648
378045,0.08873683
378046,0.052178673
378047,0.018910006
378048,0.014747575
378049,0.049626857
378051,0.051633094
378052,0.02895454
378053,0.04082216
378054,0.17612655
378055,0.016042836
378056,0.035455186
378057,0.039354004
378059,0.15493008
378060,0.016941098
378061,0.2059918
378062,0.058453683
378063,0.037426732
378065,0.053229976
378066,0.10000795
378067,0.028669717
378068,0.007022326
378069,0.034874406
378070,0.02479179
378096,0.017566599
378098,0.08686896
378104,0.115551986
378105,0.1250952
378106,0.0222448
378107,0.053522646
378108,0.026277803
378109,0.03253667
378110,0.03065801
378111,0.10049744
378112,0.04102516
378113,0.05681801
378114,0.04025959
378115,0.043555498
378116,0.097569376
378117,0.06518301
378119,0.047916397
378120,0.039800145
378121,0.07830021
378122,0.028290339
378123,0.06739943
378124,0.010594788
378136,0.024051161
378181,0.017318701
378184,0.06431643
378190,0.037646238
378263,0.02902005
378300,0.042455852
378304,0.31727326
378305,0.16485246
378311,0.03979234
378313,0.04073485
378314,0.031040914
378317,0.056440026
378320,0.084519304
378322,0.05604717
378325,0.04769195
378327,0.2592831
378328,0.11361694
378329,0.02176169
378330,0.01203034
378331,0.028820695
378334,0.015506012
378335,0.015206278
378336,0.009793577
378339,0.019300617
378340,0.041278556
378341,0.05374327
378342,0.13897912
378343,0.008595614
378344,0.023287158
378345,0.1732657
378346,0.015204228
378347,0.14776124
378348,0.029552454
378349,0.4024163
378350,0.21685848
378351,0.07318292
378352,0.018086858
378353,0.028661702
378354,0.033982
378355,0.11444759
378356,0.13540095
378427,0.05172388
378434,0.124188066
378564,0.014716705
378671,0.066742584
378689,0.010668982
378710,0.26593786
378755,0.034457218
378887,0.01265376
378907,0.107587725
378924,0.017490603
378944,0.0933982
378945,0.09599806
378991,0.008951403
379009,0.029858718
379025,0.053705133
379046,0.040079124
379047,0.1291249
379048,0.08235911
379052,0.05429746
379065,0.01624968
379066,0.0921859
379076,0.015039872
379080,0.059145838
379085,0.10497356
379086,0.07439271
379087,0.14832962
379089,0.018264925
379094,0.021913229
379095,0.14765799
379101,0.019054014
379102,0.044061903
379103,0.026105855
379105,0.14858645
379108,0.028269107
379111,0.07352124
379112,0.17204788
379113,0.31647208
379114,0.07033816
379115,0.037029784
379116,0.03702034
379117,0.036242202
379118,0.023431052
379119,0.5645923
379120,0.08509192
379121,0.01563039
379123,0.045623697
379124,0.0663212
379126,0.07099125
379127,0.008240713
379128,0.036730394
379129,0.0878713
379131,0.16855288
379132,0.111289464
379133,0.19875406
379134,0.13503906
379178,0.011056713
379266,0.009223718
379268,0.04686259
379291,0.01907035
379296,0.012190083
379301,0.08327744
379313,0.044003826
379318,0.34760273
379319,0.11554626
379329,0.023499014
379336,0.14987877
379348,0.05662517
379356,0.052006114
379357,0.065753214
379363,0.32686642
379385,0.21369153
379408,0.0124605
379432,0.056439247
379437,0.024298519
379440,0.032833897
379456,0.06291756
379457,0.04320624
379463,0.11964071
379464,0.030277807
379467,0.10043998
379469,0.05256342
379470,0.01494303
379472,0.11246912
379473,0.031676102
379474,0.020008907
379475,0.03136318
379476,0.08042793
379481,0.10349064
379482,0.049559798
379483,0.06768001
379484,0.035400875
379485,0.5031497
379486,0.022220794
379487,0.015608701
379488,0.009325115
379490,0.032851163
379491,0.06539387
379492,0.02537429
379494,0.00901117
379495,0.033983886
379496,0.028960925
379497,0.022558028
379500,0.23119529
379501,0.09174795
379502,0.10305445
379503,0.052988008
379504,0.012080509
379505,0.073760755
379506,0.011289698
379507,0.015075541
379508,0.07575424
379509,0.101889715
379510,0.048061904
379512,0.009599243
379513,0.08567278
379514,0.48384112
379515,0.039554067
379516,0.035188884
379517,0.07642178
379518,0.048661195
379520,0.08995506
379627,0.041676804
379673,0.2043875
379674,0.010741934
379720,0.12094189
379726,0.033941947
379730,0.010553088
379746,0.020215884
379775,0.043553956
379776,0.016066458
379778,0.45051178
379841,0.013155781
379921,0.018119175
379951,0.03631728
380002,0.11325632
380003,0.1381224
380005,0.058224052
380006,0.2789388
380010,0.055727217
380012,0.07818921
380014,0.28014794
380015,0.14096488
380017,0.061600424
380018,0.10952011
380019,0.0073985225
380020,0.015549513
380022,0.021345029
380023,0.07775593
380025,0.034849964
380026,0.05135332
380028,0.19360763
380030,0.0501844
380031,0.03803497
380032,0.01941473
380033,0.010851885
380034,0.1047635
380035,0.013290902
380037,0.015508367
380038,0.06845636
380039,0.2678282
380040,0.084858865
380064,0.024344934
380065,0.04491345
380121,0.024399813
380122,0.048721783
380130,0.034539293
380219,0.030405873
380228,0.059202425
380229,0.017544767
380366,0.010043013
380408,0.053680457
380414,0.013384134
380487,0.030784965
380488,0.024644699
380489,0.021869369
380494,0.078962795
380543,0.019187937
380553,0.029035153
380600,0.014999439
380625,0.057424344
380635,0.041048113
380643,0.094123416
380762,0.04957531
380773,0.08424845
380781,0.05561181
380785,0.0715703
380787,0.012323649
380788,0.033036925
380789,0.03374857
380797,0.0412281
380800,0.020706223
380802,0.034240406
380805,0.047903463
380806,0.124977246
380807,0.5163626
380811,0.03280946
380812,0.025216792
380815,0.016932337
380816,0.036229376
380817,0.046622444
380819,0.11203417
380823,0.011890957
380824,0.041418143
380825,0.04418387
380826,0.18353395
380827,0.2746285
380828,0.043344848
380830,0.01919493
380831,0.10103184
380832,0.12367256
380833,0.009795692
380834,0.012164033
380836,0.16855893
380837,0.023927404
380838,0.07210009
380839,0.0069274614
380840,0.06340261
380841,0.04249632
380879,0.016514767
380901,0.010519645
380928,0.056827366
380956,0.012876386
380979,0.056055687
381037,0.012663451
381047,0.08982983
381074,0.025409965
381104,0.023126634
381121,0.4631539
381130,0.09698003
381133,0.016859876
381139,0.008974209
381141,0.11231661
381142,0.0204151
381145,0.0046901377
381152,0.01968038
381153,0.08404612
381154,0.21280444
381156,0.01532627
381160,0.015152726
381164,0.6432879
381168,0.025696646
381171,0.021873483
381173,0.053303376
381174,0.058834974
381176,0.014681056
381178,0.18181676
381179,0.013221481
381182,0.09647931
381185,0.017274937
381187,0.040099517
381189,0.04966657
381190,0.026614083
381191,0.07953779
381192,0.19028716
381193,0.053829096
381194,0.017720552
381195,0.04796398
381198,0.009533065
381199,0.01850326
381200,0.13266248
381201,0.08020359
381202,0.035212226
381203,0.49446756
381204,0.19456449
381205,0.022857457
381259,0.026115358
381288,0.030779842
381289,0.08238503
381335,0.029093917
381344,0.022365142
381367,0.04467951
381376,0.0150982365
381381,0.10094572
381397,0.028654203
381406,0.036286462
381412,0.057974666
381421,0.112684235
381424,0.018189028
381427,0.1019736
381428,0.21071324
381429,0.024734814
381430,0.039430927
381434,0.17116196
381435,0.012346215
381436,0.057948392
381437,0.03145882
381438,0.08661933
381439,0.06541267
381444,0.014984578
381446,0.008494455
381447,0.20054138
381449,0.3333854
381450,0.016419185
381453,0.15859932
381454,0.013637554
381455,0.113450356
381456,0.26397496
381457,0.01623053
381458,0.012666995
381459,0.045450028
381460,0.019655364
381461,0.09228829
381462,0.1662893
381463,0.025566177
381464,0.13546291
381465,0.016813513
381466,0.14059679
381467,0.08262521
381468,0.09547107
381469,0.07036267
381470,0.10102287
381471,0.15374844
381472,0.028645827
381473,0.017323509
381475,0.037445474
381476,0.011473187
381477,0.029914824
381478,0.018209286
381479,0.06539436
381480,0.09382666
381481,0.008285182
381482,0.014408043
381483,0.031142551
381495,0.032983363
381545,0.010569084
381580,0.06983012
381657,0.19497599
381674,0.12304084
381691,0.016215404
381697,0.09679435
381704,0.07394675
381711,0.05524281
381721,0.046686422
381728,0.1122585
381729,0.012553985
381734,0.028765535
381735,0.02853039
381736,0.020839099
381740,0.10312696
381742,0.14076637
381743,0.20082453
381744,0.018408332
381747,0.010441579
381748,0.13951275
381749,0.01681563
381750,0.03537465
381751,0.039324906
381752,0.13799486
381753,0.0709302
381754,0.3392187
381755,0.21199827
381756,0.07572717
381757,0.009127164
381758,0.010977283
381759,0.066858485
381760,0.03160061
381761,0.3096025
381762,0.017891172
381763,0.044483505
381764,0.16914949
381765,0.11863166
381766,0.016180923
381767,0.044290904
381768,0.053623654
381769,0.049088776
381770,0.05640924
381772,0.015243415
381774,0.017183123
381777,0.021021439
381861,0.019290602
381974,0.08705464
381991,0.07005088
382024,0.07784609
382051,0.042796426
382066,0.018202659
382067,0.011545244
382068,0.037848584
382107,0.025441717
382108,0.10257114
382111,0.030574884
382113,0.020041259
382114,0.06936012
382120,0.020523345
382121,0.08723789
382122,0.049115386
382124,0.11716701
382126,0.0169054
382131,0.0059816735
382132,0.080037594
382135,0.016985016
382136,0.009981856
382137,0.011406065
382138,0.019634094
382140,0.07418236
382141,0.095896766
382142,0.023617985
382143,0.039427165
382144,0.0984648
382145,0.025181057
382146,0.12201091
382147,0.061019253
382149,0.05450609
382150,0.120884836
382152,0.08996188
382153,0.015830493
382164,0.29437616
382180,0.03989419
382239,0.15619467
382275,0.043291993
382297,0.010262681
382391,0.03445507
382392,0.0875382
382396,0.09990846
382424,0.012150101
382471,0.10273203
382493,0.0139743155
382496,0.023416808
382504,0.020973993
382505,0.0722138
382513,0.010859805
382517,0.23113012
382521,0.1536538
382528,0.01128062
382530,0.07396915
382544,0.1704131
382603,0.36778176
382604,0.03052467
382642,0.02419173
382666,0.0133157205
382699,0.013997071
382737,0.04996269
382792,0.13830654
382796,0.00774505
382807,0.025292959
382813,0.11447497
382817,0.18088801
382818,0.10665952
382826,0.029717706
382845,0.018622806
382846,0.018386537
382850,0.22937214
382851,0.06570221
382856,0.04134901
382858,0.028559033
382859,0.06432079
382862,0.016972963
382863,0.014462159
382865,0.008595776
382866,0.037053134
382868,0.048135497
382870,0.007624153
382871,0.10492356
382872,0.03654387
382873,0.08422324
382874,0.3745039
382875,0.028453985
382876,0.10445873
382877,0.12523675
382878,0.15987489
382879,0.10237233
382880,0.0071189282
382882,0.040549386
382883,0.025463644
382884,0.03620218
382885,0.07318473
382886,0.04303042
382887,0.088920556
382989,0.014623875
383009,0.05865235
383039,0.027140232
383068,0.014044583
383072,0.011592395
383093,0.043727268
383099,0.47135112
383167,0.01721339
383168,0.099710084
383170,0.07587812
383171,0.1335519
383174,0.0070131435
383175,0.008957317
383176,0.039494447
383178,0.082103536
383181,0.18393098
383182,0.08163827
383184,0.021487772
383186,0.04100176
383187,0.014116522
383189,0.008271236
383190,0.01650974
383191,0.04576089
383192,0.048642334
383194,0.0077557773
383195,0.015787043
383196,0.022787172
383197,0.027373543
383198,0.018600123
383199,0.019965444
383200,0.027197905
383201,0.042618692
383202,0.14634924
383203,0.009466929
383204,0.113213554
383205,0.055534817
383206,0.07998827
383207,0.01127119
383208,0.02377072
383279,0.053052902
383335,0.083580494
383384,0.049408175
383394,0.024672298
383400,0.11559595
383401,0.008313841
383409,0.04871332
383410,0.01705126
383412,0.03675434
383414,0.03520473
383419,0.0476174
383422,0.0153692365
383425,0.006959919
383426,0.013050918
383427,0.09178227
383428,0.13407378
383429,0.091727026
383430,0.061468624
383431,0.116993204
383433,0.6609321
383434,0.100658536
383435,0.019085169
383436,0.1012062
383437,0.028830966
383438,0.0423398
383439,0.10269436
383440,0.016501248
383441,0.012193789
383442,0.03518258
383443,0.008180162
383444,0.009501481
383445,0.006792767
383446,0.0500491
383447,0.04326834
383448,0.032232363
383449,0.009895735
383450,0.06369317
383451,0.007959322
383452,0.01255016
383453,0.059676744
383454,0.07223886
383533,0.018082991
383583,0.059675373
383608,0.04131086
383622,0.06065569
383673,0.06880875
383804,0.041185528
383806,0.05629961
383812,0.022033323
383814,0.014530763
383816,0.08275516
383825,0.083315656
383827,0.059350528
383833,0.10467838
383841,0.020120181
383842,0.0490952
383849,0.054295182
383859,0.013461368
383883,0.03800113
383891,0.12295462
383910,0.01243959
383925,0.014123961
383943,0.15156794
383946,0.123916216
383959,0.019604374
383960,0.05565437
383961,0.013383907
383962,0.014111249
383979,0.07447034
383985,0.0149609875
383990,0.018472388
383999,0.05000601
384001,0.16765082
384003,0.019558234
384008,0.015715614
384019,0.127885
384020,0.053496815
384065,0.1235331
384102,0.085290566
384154,0.03777438
384155,0.15223436
384171,0.03153443
384177,0.020677522
384183,0.01983354
384186,0.05454914
384198,0.28206307
384199,0.011937538
384201,0.16326487
384203,0.13938636
384204,0.09114264
384205,0.04691853
384207,0.0097806975
384208,0.024591953
384209,0.067375466
384210,0.027863692
384211,0.049423322
384212,0.082015
384215,0.24772598
384216,0.096390665
384220,0.17051902
384221,0.007369518
384226,0.09142277
384273,0.014373711
384287,0.031809594
384288,0.044637002
384332,0.10998131
384365,0.01691673
384380,0.16167484
384392,0.015901864
384412,0.0067067295
384424,0.11932136
384428,0.026507355
384429,0.11214635
384430,0.02032041
384434,0.019650687
384480,0.031917125
384502,0.15872224
384503,0.018135756
384504,0.07547681
384505,0.07537488
384508,0.013223092
384519,0.01118581
384520,0.13301359
384524,0.014687278
384528,0.018714786
384532,0.05195059
384539,0.047720354
384542,0.042263195
384543,0.26360148
384544,0.020178296
384546,0.044038568
384547,0.023580022
384548,0.108685344
384549,0.012848151
384552,0.04590363
384554,0.02219294
384556,0.02237862
384557,0.019630596
384558,0.054153267
384559,0.0069321953
384560,0.033836864
384561,0.11933994
384562,0.1385983
384563,0.05827894
384564,0.09515571
384565,0.06994575
384656,0.026925463
384657,0.018230828
384672,0.16763568
384679,0.04494547
384680,0.011825455
384689,0.012194827
384692,0.07365261
384695,0.25211272
384710,0.23012336
384712,0.01813117
384715,0.03549493
384735,0.018370394
384749,0.015337104
384751,0.03058638
384753,0.06778787
384757,0.007934753
384759,0.018334005
384761,0.016976187
384762,0.05293767
384765,0.027513182
384775,0.10646428
384782,0.07727619
384794,0.05512788
384798,0.015621398
384805,0.027361661
384807,0.065005444
384812,0.012549236
384821,0.0623183
384834,0.011357357
384847,0.057356056
384856,0.07331532
384857,0.07855234
384858,0.05276993
384859,0.045050472
384860,0.1568377
384861,0.32652557
384862,0.029447993
384863,0.111192085
384864,0.024655672
384865,0.013199092
384866,0.29820675
384867,0.07389771
384868,0.026587104
384869,0.13572629
384870,0.014389936
384871,0.020006172
384873,0.051286746
384874,0.091416895
384876,0.063791975
384877,0.016016858
384878,0.020956952
384880,0.02068655
384881,0.005821304
384882,0.09058387
384883,0.020390594
384884,0.038061805
384885,0.011372611
384886,0.04643118
384887,0.0068245637
384969,0.006727908
385023,0.0285378
385049,0.08890499
385081,0.048565675
385091,0.014535735
385092,0.020828899
385093,0.04018528
385094,0.024398327
385106,0.23433176
385107,0.2847749
385110,0.07264273
385111,0.030023426
385113,0.010983722
385114,0.042519413
385115,0.2284815
385117,0.0146402335
385119,0.020882811
385120,0.11936098
385121,0.17187287
385122,0.023500158
385123,0.0065319953
385125,0.038271885
385126,0.030785332
385127,0.018729143
385128,0.023924146
385129,0.040187582
385130,0.0180276
385131,0.022066455
385132,0.0916397
385133,0.137841
385134,0.047904316
385135,0.013270827
385136,0.15041292
385137,0.19370656
385138,0.029567365
385139,0.25418368
385140,0.19439945
385141,0.022063293
385142,0.008933637
385143,0.007192334
385144,0.05744218
385145,0.11491557
385146,0.075926855
385147,0.02615352
385149,0.04602425
385151,0.019821078
385152,0.019233804
385153,0.07757891
385197,0.0085627185
385230,0.030906742
385231,0.274138
385252,0.14663942
385299,0.041955408
385351,0.07783604
385376,0.18105952
385405,0.036013193
385452,0.042098485
385479,0.019716656
385510,0.023496678
385522,0.22592615
385524,0.015831428
385544,0.12773702
385563,0.028572362
385566,0.050063282
385571,0.014153823
385585,0.016923092
385586,0.13062504
385611,0.0074820854
385621,0.016201314
385623,0.12199029
385628,0.2776989
385633,0.019719454
385634,0.013421487
385643,0.025385953
385650,0.09235468
385656,0.011662941
385666,0.072285004
385693,0.0791101
385705,0.0756258
385706,0.021281235
385835,0.013705224
385847,0.0685668
385867,0.055478044
385871,0.044286795
385872,0.026474494
385879,0.010804656
385883,0.02956329
385884,0.050422262
385885,0.06077952
385889,0.018701132
385893,0.050289735
385894,0.05634761
385898,0.036327768
385899,0.04002321
385902,0.025047796
385903,0.032192875
385904,0.026322959
385905,0.017137418
385906,0.03923691
385907,0.0324053
385908,0.1376448
385909,0.050362386
385910,0.063123494
385973,0.010720992
386003,0.15659735
386013,0.0071883863
386023,0.008885449
386065,0.011258939
386072,0.15432496
386077,0.11698334
386135,0.024903158
386141,0.009116302
386178,0.15151003
386198,0.06666313
386200,0.0125321485
386203,0.09506722
386223,0.042245697
386225,0.0072416617
386245,0.01727664
386250,0.022748278
386253,0.02106335
386254,0.06382543
386255,0.04231908
386262,0.043060288
386263,0.03782462
386264,0.017106542
386267,0.015662596
386268,0.025523663
386276,0.035435654
386279,0.29787156
386281,0.037208695
386282,0.07531491
386283,0.084007025
386284,0.023877822
386285,0.03021917
386286,0.036524437
386287,0.044449862
386288,0.066789575
386289,0.18439446
386290,0.0529223
386292,0.05358754
386293,0.039021906
386294,0.03699733
386295,0.37835887
386296,0.09243575
386297,0.047963697
386299,0.02504153
386300,0.02968783
386301,0.016226802
386302,0.02697268
386303,0.18723917
386304,0.16368076
386305,0.08772139
386307,0.01385888
386308,0.036875747
386309,0.067205444
386310,0.07986346
386311,0.04880008
386347,0.12474079
386350,0.13620116
386352,0.014214607
386365,0.017170222
386378,0.033694215
386380,0.058898542
386399,0.055848755
386458,0.010023109
386523,0.027578562
386531,0.16938058
386545,0.06164038
386546,0.0715043
386547,0.024561105
386549,0.03535422
386550,0.03900759
386551,0.062461894
386552,0.005431362
386633,0.09885358
386647,0.016132435
386665,0.013150053
386767,0.03312943
386773,0.028636338
386774,0.030416464
386775,0.0770372
386777,0.0155448085
386785,0.07129775
386791,0.017602054
386792,0.01439474
386795,0.022116808
386798,0.09141749
386803,0.030726854
386805,0.10298823
386806,0.054748956
386808,0.02588772
386811,0.011221583
386813,0.023919981
386814,0.049790308
386817,0.02446106
386819,0.0080368435
386820,0.11426207
386821,0.18097933
386822,0.2498401
386824,0.03705942
386825,0.057972707
386826,0.011782655
386827,0.1049197
386828,0.1008289
386830,0.013877388
386831,0.09662905
386832,0.027564842
386833,0.088854924
386834,0.13744387
386835,0.009715419
386836,0.026935998
386837,0.13331911
386838,0.013107013
386839,0.07838055
386840,0.014387056
386841,0.11489277
386843,0.10349598
386844,0.06025716
386845,0.02099907
386847,0.06647481
386848,0.032315616
386849,0.024949817
386860,0.051554445
386938,0.012685297
386940,0.027711239
386989,0.038356252
387021,0.062152978
387193,0.16908625
387194,0.08561392
387286,0.12330453
387291,0.0071564442
387292,0.039910153
387324,0.08855275
387325,0.02252795
387329,0.01943345
387331,0.041837744
387333,0.008864906
387337,0.21587192
387341,0.067288466
387342,0.040614016
387349,0.050440088
387350,0.017439786
387351,0.03132871
387352,0.02047087
387353,0.07480313
387355,0.12189455
387356,0.08782456
387357,0.025592467
387358,0.011501698
387360,0.0975516
387361,0.015160909
387362,0.014393817
387363,0.014820543
387364,0.029390913
387365,0.051189154
387366,0.042786013
387367,0.02708834
387368,0.014782773
387369,0.02649277
387370,0.014199318
387371,0.026958186
387372,0.044840544
387377,0.044556372
387378,0.020488806
387424,0.009996269
387440,0.021801021
387447,0.05518156
387489,0.03225804
387501,0.046403408
387526,0.1774982
387542,0.010144779
387543,0.058614846
387544,0.03130288
387565,0.022058278
387572,0.045173403
387577,0.044976275
387578,0.060830887
387583,0.0102071045
387584,0.01787152
387588,0.036761254
387595,0.12862647
387596,0.088198446
387597,0.06258014
387598,0.008386305
387662,0.05853349
387687,0.054632153
387688,0.04247476
387689,0.0339802
387718,0.16930911
387730,0.026866276
387753,0.013436803
387807,0.06405817
387843,0.045340993
387848,0.031859584
387882,0.119082965
387884,0.0135037815
387892,0.008413684
387896,0.045028206
387916,0.08451767
387920,0.024697963
387927,0.12887588
387928,0.015550099
387929,0.053376283
387932,0.022062426
387934,0.06781414
387937,0.009724621
387942,0.046609208
387947,0.07748687
387948,0.017972078
387952,0.3156271
387953,0.023302186
387954,0.021737076
387955,0.07918904
387956,0.03686806
387957,0.08761163
387958,0.13008651
387960,0.014255771
387961,0.05557107
387962,0.048201315
387963,0.10437187
387964,0.18669459
387965,0.014189646
387966,0.05023267
387967,0.02672952
387968,0.036839955
387969,0.011476066
387970,0.03754451
387971,0.16050193
387972,0.03432005
387973,0.050949037
388053,0.1355233
388056,0.04039029
388057,0.059132013
388078,0.05766783
388079,0.011639769
388127,0.041095376
388155,0.08314139
388159,0.010146749
388169,0.041801907
388170,0.07975084
388173,0.023304272
388174,0.015194761
388176,0.024726398
388179,0.05021582
388182,0.04208954
388183,0.04954759
388187,0.0661189
388189,0.01676167
388191,0.015090855
388193,0.046064943
388194,0.023439819
388195,0.029132968
388196,0.025428843
388198,0.02030035
388199,0.14575656
388201,0.13597564
388202,0.11543131
388203,0.11737696
388204,0.07218119
388206,0.10101864
388208,0.022960313
388209,0.03441025
388210,0.049161043
388211,0.011182582
388212,0.01909442
388213,0.031254694
388214,0.013526725
388215,0.15832937
388216,0.034979574
388217,0.04724847
388218,0.034440935
388219,0.013493601
388220,0.37863496
388221,0.052614726
388222,0.025076859
388223,0.016745009
388237,0.14940467
388238,0.043984354
388242,0.031022219
388243,0.07325683
388248,0.0481824
388249,0.15652494
388251,0.03464977
388253,0.049938004
388255,0.02795177
388256,0.04567098
388258,0.028927652
388259,0.060148586
388260,0.049274605
388262,0.2541454
388263,0.08919035
388264,0.0148300035
388265,0.23071302
388266,0.02789978
388267,0.11047414
388269,0.26120695
388270,0.026247174
388271,0.040755033
388272,0.045084424
388273,0.019102924
388274,0.097408816
388275,0.088013195
388276,0.037827987
388397,0.07592306
388428,0.10719334
388429,0.029871348
388448,0.015843404
388449,0.0052810013
388460,0.07672283
388463,0.1756942
388465,0.14866225
388505,0.05983471
388508,0.053471368
388511,0.0127023
388525,0.019931737
388554,0.08665472
388561,0.2932372
388566,0.047646984
388572,0.009324035
388574,0.04490488
388585,0.022317212
388589,0.008604405
388590,0.08242595
388594,0.02343724
388596,0.04316975
388616,0.08994245
388621,0.04837417
388622,0.04244542
388627,0.037611704
388633,0.10165852
388639,0.0174735
388647,0.052350447
388655,0.058925852
388665,0.07897398
388667,0.04739318
388668,0.019085566
388669,0.08404143
388679,0.058488186
388683,0.018385392
388687,0.008313575
388688,0.023817033
388700,0.08313421
388703,0.09900327
388704,0.049049627
388705,0.091471866
388707,0.015771246
388712,0.030114094
388729,0.022278974
388733,0.026849937
388748,0.025884455
388754,0.035523515
388763,0.08470021
388777,0.04584524
388790,0.038202215
388800,0.19132063
388801,0.015375357
388812,0.07979027
388816,0.20855118
388835,0.09784235
388837,0.025559288
388842,0.006891167
388847,0.03644262
388848,0.01779899
388849,0.17281558
388850,0.118073024
388859,0.1972623
388864,0.018885987
388865,0.14174068
388870,0.06364647
388872,0.025422111
388873,0.04719852
388879,0.011937655
388890,0.068211146
388898,0.04272199
388899,0.09809863
388900,0.028276661
388913,0.29569623
388919,0.031068
388921,0.20148191
388929,0.028626775
388945,0.101576924
388962,0.25307816
388963,0.02171854
388985,0.042764507
388986,0.028640226
388992,0.109708324
388993,0.047384832
389002,0.04970219
389006,0.009016866
389009,0.07716048
389018,0.070390046
389048,0.09064179
389051,0.05593052
389068,0.06178599
389069,0.04995892
389070,0.008476866
389080,0.023647241
389085,0.014141496
389090,0.04268661
389094,0.069078885
389097,0.16332135
389098,0.017960828
389101,0.07622901
389104,0.015742518
389131,0.4203242
389133,0.07120044
389134,0.006274651
389143,0.07027966
389176,0.112801656
389181,0.013013157
389192,0.03702085
389202,0.038267028
389222,0.01871103
389225,0.12974954
389227,0.097015925
389239,0.03093106
389245,0.0694804
389248,0.023111569
389258,0.0482828
389266,0.078929715
389268,0.05213076
389277,0.033680584
389280,0.05743552
389300,0.019713756
389319,0.039645426
389330,0.041220225
389338,0.020038856
389356,0.102687135
389363,0.28372067
389371,0.019931078
389377,0.20128837
389398,0.014081413
389409,0.0341933
389415,0.013826608
389418,0.037403267
389420,0.11982353
389426,0.08925302
389433,0.03999067
389434,0.015758863
389440,0.14322294
389441,0.016521892
389443,0.30710027
389448,0.2150819
389464,0.024846401
389466,0.018447723
389471,0.11512485
389473,0.04228442
389480,0.039109737
389481,0.01111385
389483,0.112451166
389486,0.013890126
389490,0.11120797
389500,0.008714721
389507,0.19655982
389509,0.012690562
389515,0.27910846
389517,0.023171341
389523,0.009152081
389527,0.018510658
389529,0.23997727
389532,0.0577778
389539,0.043097258
389550,0.0297516
389551,0.02377601
389552,0.04633694
389554,0.24974224
389563,0.10297191
389566,0.11052404
389572,0.02072106
389573,0.04906568
389585,0.04080724
389587,0.009663151
389589,0.014327817
389592,0.016562125
389601,0.28654006
389603,0.015810795
389604,0.07493578
389617,0.0205216
389618,0.10983291
389619,0.036370497
389622,0.043661065
389623,0.025892302
389627,0.042495377
389644,0.12250001
389667,0.018416617
389678,0.17495364
389694,0.009890728
389700,0.028376555
389707,0.0059824158
389714,0.018692907
389717,0.059672497
389732,0.028165692
389737,0.07375339
389741,0.045163043
389755,0.07553518
389756,0.15672103
389763,0.048779573
389772,0.1052109
389777,0.01817327
389778,0.05370272
389796,0.038268887
389798,0.013945825
389805,0.027269464
389807,0.049875762
389815,0.017548561
389818,0.07070568
389823,0.016249992
389824,0.019489218
389831,0.008106468
389856,0.10180691
389860,0.019696504
389862,0.042688116
389872,0.0842745
389875,0.012225894
389878,0.047867134
389879,0.09272917
389881,0.008873154
389895,0.034788813
389897,0.032067996
389898,0.038333252
389924,0.0637699
389929,0.011618685
389934,0.109595194
389947,0.081795834
389962,0.07438604
389981,0.007975141
390003,0.04663608
390006,0.04189228
390011,0.010014506
390041,0.034381807
390044,0.05688278
390045,0.028551208
390047,0.05100549
390048,0.16699344
390052,0.13191739
390056,0.024874512
390061,0.036474455
390065,0.030772517
390070,0.06921837
390073,0.06074275
390076,0.0190109
390087,0.05059177
390092,0.039454456
390095,0.021888101
390099,0.20503531
390107,0.06441213
390116,0.011083694
390130,0.012799796
390133,0.13766864
390144,0.06446264
390155,0.032326467
390159,0.033687957
390181,0.028446732
390183,0.012948937
390214,0.011437239
390222,0.08731427
390230,0.03434472
390235,0.014799131
390237,0.011079658
390242,0.4826344
390256,0.01750726
390259,0.18106589
390261,0.06562301
390268,0.08875507
390271,0.022321526
390274,0.04182817
390276,0.04767808
390279,0.04369048
390283,0.27843264
390285,0.011697896
390299,0.06970133
390316,0.011931051
390321,0.047430333
390330,0.041953146
390343,0.053882677
390346,0.0983543
390357,0.046266515
390359,0.11534411
390361,0.10721463
390365,0.019209523
390366,0.055750243
390372,0.17183506
390376,0.09199652
390378,0.14475909
390388,0.06825067
390391,0.0143079655
390400,0.08407385
390407,0.070191875
390411,0.0787157
390419,0.012813667
390423,0.01822112
390437,0.01844307
390445,0.030157289
390449,0.02847792
390455,0.09241086
390465,0.07622194
390491,0.048710346
390492,0.17359665
390494,0.061086386
390495,0.07147297
390497,0.012934743
390504,0.06330309
390508,0.04117715
390510,0.08212637
390512,0.020881388
390524,0.018453911
390531,0.02139126
390558,0.094094545
390561,0.035440676
390564,0.005782541
390569,0.05604247
390574,0.077145204
390575,0.03318849
390587,0.1498971
390620,0.11299375
390621,0.082002014
390633,0.12997414
390634,0.08116622
390638,0.10757699
390639,0.023373593
390642,0.010841051
390647,0.1639221
390648,0.019688154
390663,0.1092864
390686,0.020400496
390688,0.109881975
390690,0.020055767
390691,0.05540087
390696,0.21206707
390703,0.060886003
390711,0.08412826
390722,0.03333042
390736,0.28670397
390747,0.22550786
390752,0.15106831
390760,0.067036115
390774,0.024680054
390777,0.024043374
390781,0.04958675
390793,0.021928713
390838,0.096185416
390847,0.10214728
390851,0.061157953
390854,0.012230583
390858,0.030965623
390864,0.048945908
390871,0.13538101
390905,0.039849486
390908,0.05607359
390910,0.016304128
390917,0.013958633
390919,0.0068631116
390920,0.041424673
390922,0.023534875
390928,0.068987146
390929,0.03574583
390953,0.0882243
390955,0.015433845
390959,0.018404068
390962,0.025886297
390971,0.10637236
390972,0.045442022
390990,0.009111132
390994,0.12795028
390997,0.30436638
391015,0.018844482
391034,0.044108536
391038,0.06569838
391043,0.0228621
391048,0.032221783
391049,0.038370702
391056,0.029828181
391060,0.08268847
391072,0.047439363
391073,0.025685754
391077,0.020959798
391086,0.011235058
391092,0.03618578
391096,0.03154029
391118,0.044202432
391123,0.069461584
391136,0.04269439
391137,0.01101006
391145,0.027029183
391162,0.02214826
391164,0.2179545
391168,0.12594078
391172,0.049908772
391184,0.06816893
391188,0.022767134
391198,0.021829672
391207,0.017686209
391208,0.011110323
391209,0.23290229
391230,0.054321934
391232,0.069344014
391236,0.033493303
391237,0.18393776
391245,0.02468665
391269,0.017550046
391274,0.046542153
391275,0.07352431
391276,0.056421556
391279,0.15170395
391285,0.019014647
391306,0.021839742
391310,0.030989751
391321,0.0072517116
391327,0.04269883
391341,0.171377
391350,0.013467645
391353,0.0063071917
391354,0.01105655
391357,0.033564422
391367,0.4344148
391371,0.04778313
391384,0.037859615
391387,0.028657
391388,0.20689975
391392,0.012844631
391408,0.006560016
391433,0.011968798
391439,0.026450446
391443,0.08632413
391445,0.016994957
391449,0.0429734
391450,0.033040166
391461,0.07815227
391469,0.009773301
391486,0.01564443
391487,0.08543283
391500,0.016487971
391501,0.024699595
391505,0.0074477773
391516,0.027489962
391517,0.01135084
391522,0.022580272
391539,0.07850908
391543,0.1955873
391546,0.036463648
391552,0.16362992
391555,0.032639097
391564,0.020462066
391565,0.02522745
391570,0.018059203
391586,0.051088672
391587,0.045245003
391588,0.027574822
391590,0.040822454
391613,0.31297436
391614,0.087448925
391617,0.0070516253
391623,0.060931146
391635,0.06408152
391653,0.038365386
391661,0.13196117
391670,0.041954298
391682,0.03656045
391713,0.0105920965
391717,0.060602743
391726,0.29781467
391738,0.040737722
391740,0.022870738
391741,0.007957885
391742,0.054766145
391756,0.03638635
391765,0.22728465
391766,0.10488934
391768,0.085742794
391771,0.015198195
391784,0.037160084
391786,0.31919765
391791,0.050492402
391798,0.022187158
391820,0.3165515
391831,0.029626885
391842,0.01905784
391843,0.008228906
391853,0.03802218
391858,0.095991224
391866,0.21889313
391867,0.007868383
391870,0.035336647
391879,0.048181694
391903,0.07593527
391915,0.06806835
391920,0.011133495
391929,0.099306986
391935,0.011630731
391944,0.028776402
391945,0.15699512
391947,0.06889705
391957,0.035333935
391960,0.03903789
391966,0.05716434
391977,0.025173424
391983,0.025609363
391990,0.09913107
391999,0.013871862
392010,0.0076227114
392011,0.017017327
392012,0.016727088
392013,0.009942143
392015,0.0059520775
392027,0.031730223
392029,0.13828126
392031,0.05293359
392035,0.028030775
392042,0.01601477
392049,0.013988723
392050,0.081943296
392062,0.035487063
392068,0.08077726
392071,0.061411113
392079,0.016235149
392087,0.04911185
392106,0.04854243
392111,0.01755516
392123,0.06767967
392127,0.16216874
392132,0.12571087
392149,0.11657835
392151,0.074850164
392175,0.21685305
392186,0.07680064
392190,0.2291928
392196,0.082064554
392202,0.032908633
392212,0.06450257
392221,0.1512788
392224,0.23780295
392230,0.026810927
392232,0.11496775
392234,0.13456452
392239,0.071211495
392240,0.12104298
392241,0.0059029204
392243,0.13814598
392250,0.026383907
392253,0.016357394
392258,0.025674677
392260,0.029098194
392270,0.26453733
392280,0.06925991
392283,0.024231559
392293,0.030275505
392311,0.09794755
392316,0.016954947
392317,0.15646942
392319,0.090966634
392328,0.0137808155
392363,0.07096933
392369,0.034411214
392371,0.031707704
392372,0.07323916
392386,0.0629465
392389,0.1709035
392390,0.10027626
392391,0.21756154
392398,0.008183016
392399,0.026483577
392404,0.097894214
392405,0.013133173
392408,0.15924257
392422,0.057677984
392423,0.02603601
392424,0.025980633
392429,0.032622643
392430,0.049479146
392431,0.045976758
392437,0.016742423
392450,0.03092749
392458,0.018914679
392460,0.03133684
392469,0.1810205
392474,0.043412875
392491,0.23425734
392495,0.015227793
392513,0.20922664
392526,0.12249322
392527,0.1570045
392534,0.03894116
392540,0.33422625
392554,0.06821752
392571,0.037428483
392578,0.042866148
392583,0.01950318
392588,0.10677328
392594,0.08924579
392604,0.016470531
392610,0.23427498
392613,0.017906593
392619,0.0827635
392622,0.39764112
392624,0.0141321225
392629,0.23888284
392634,0.07845557
392639,0.008554293
392649,0.034851007
392671,0.07877518
392680,0.40879464
392682,0.009736633
392684,0.019460406
392685,0.19050051
392686,0.35167438
392699,0.015348378
392704,0.01065006
392709,0.043298706
392714,0.15189973
392717,0.03135265
392727,0.019969303
392730,0.10179962
392741,0.030685987
392754,0.007784095
392762,0.031075394
392774,0.028412804
392775,0.06953946
392793,0.043625623
392800,0.15602432
392809,0.042918276
392812,0.01424263
392814,0.024046348
392820,0.058227144
392825,0.013832334
392847,0.03528338
392849,0.19723538
392861,0.14916188
392868,0.085574985
392880,0.10031954
392882,0.027985387
392888,0.07009818
392905,0.027565083
392909,0.08346856
392915,0.05496222
392925,0.027869908
392931,0.016743053
392933,0.019719718
392935,0.035288267
392939,0.0339501
392951,0.019195616
392960,0.008128595
392962,0.05064448
392964,0.08079593
392970,0.021998119
392980,0.025926266
392981,0.0431574
392985,0.026189307
392990,0.039499037
392992,0.17857794
392998,0.07263619
392999,0.041993044
393007,0.03257176
393009,0.037193477
393012,0.068769634
393014,0.0316087
393015,0.033775307
393035,0.09942747
393055,0.012584594
393056,0.06719412
393075,0.04330643
393078,0.015901502
393094,0.039261274
393111,0.039623413
393115,0.045612063
393117,0.24353947
393118,0.030996386
393128,0.119473405
393129,0.024643047
393136,0.017377822
393138,0.034297828
393139,0.110756755
393156,0.02878823
393159,0.4560494
393168,0.037674055
393172,0.03986923
393177,0.038421854
393189,0.004314323
393194,0.21195246
393201,0.034171626
393202,0.052013755
393209,0.014229769
393216,0.14674912
393218,0.14484441
393224,0.018761216
393227,0.10878863
393232,0.029353945
393256,0.06377843
393257,0.06697772
393258,0.21947187
393267,0.023596473
393269,0.06773136
393275,0.09167619
393278,0.08510287
393279,0.058677264
393312,0.06490008
393318,0.049038142
393343,0.038758326
393351,0.075432256
393356,0.009041758
393361,0.17981116
393370,0.068390116
393381,0.019028943
393395,0.11352234
393405,0.00855771
393416,0.038519386
393419,0.020656705
393430,0.05218123
393443,0.13213208
393454,0.17373735
393478,0.009188449
393489,0.012373585
393499,0.05700948
393503,0.030356888
393505,0.113518655
393507,0.022461455
393526,0.04049079
393537,0.011296609
393543,0.02489492
393555,0.020641087
393562,0.043339305
393573,0.21024382
393587,0.2713681
393591,0.06399707
393606,0.017701315
393621,0.09883553
393624,0.01788923
393625,0.34156084
393628,0.11596646
393633,0.019241767
393641,0.058748517
393642,0.058520705
393650,0.013996036
393658,0.06554926
393669,0.016102297
393671,0.05422759
393672,0.030764783
393680,0.0140221
393683,0.2882108
393684,0.053914696
393691,0.010339977
393696,0.01727446
393699,0.018787365
393708,0.019896358
393709,0.100687355
393711,0.12292029
393720,0.12860267
393738,0.016685294
393740,0.02422694
393762,0.005755335
393774,0.011210751
393776,0.027317053
393778,0.026811175
393793,0.018169027
393804,0.09893291
393818,0.1723474
393821,0.017544452
393822,0.014014683
393833,0.29133177
393839,0.06949814
393840,0.1388073
393843,0.01920434
393852,0.0068903444
393855,0.023152428
393860,0.14906073
393864,0.0721792
393877,0.12159157
393882,0.13747334
393884,0.07343734
393886,0.012799833
393892,0.026622223
393894,0.021373069
393902,0.06717636
393909,0.12546186
393910,0.013610799
393911,0.01610715
393934,0.021588521
393936,0.1424409
393939,0.1092978
393940,0.021855462
393943,0.02177326
393946,0.050709177
393950,0.016906988
393953,0.038670123
393959,0.29059803
393974,0.19580968
393980,0.09005514
393983,0.020753533
393985,0.03698385
393992,0.021348258
393995,0.106379285
394008,0.24088964
394010,0.030140422
394022,0.015004621
394062,0.017117156
394063,0.0828407
394066,0.023476647
394069,0.07563408
394071,0.04130707
394082,0.0400396
394087,0.097064316
394095,0.010023486
394097,0.20258607
394106,0.03137361
394113,0.6082302
394115,0.1915296
394125,0.023189321
394131,0.034674913
394132,0.06828938
394141,0.07762147
394145,0.16357167
394153,0.41807014
394159,0.011373344
394180,0.025962176
394186,0.021000203
394200,0.04751806
394203,0.02647772
394210,0.052595943
394214,0.111992426
394218,0.23100969
394231,0.041243736
394240,0.15886356
394248,0.06808931
394249,0.0054504992
394254,0.07167851
394264,0.051646717
394267,0.109540746
394269,0.12646294
394275,0.09006472
394289,0.0117701925
394295,0.027260711
394305,0.14584747
394308,0.019700754
394317,0.009518417
394323,0.21011047
394332,0.022630718
394336,0.110788785
394345,0.26473606
394346,0.017627202
394347,0.031742305
394351,0.05412462
394355,0.2145344
394360,0.015789583
394372,0.046296846
394373,0.061569415
394374,0.0319915
394382,0.16302186
394385,0.051887497
394409,0.09211297
394415,0.02075116
394433,0.016029775
394445,0.047602862
394448,0.06411686
394451,0.14749657
394467,0.024328126
394471,0.014665849
394473,0.105594695
394474,0.027364127
394476,0.17770076
394492,0.023127014
394502,0.02418353
394506,0.056074686
394510,0.051618308
394515,0.0071077347
394535,0.108510904
394537,0.20241168
394539,0.049242042
394541,0.038337786
394564,0.05799305
394567,0.033532392
394568,0.0452563
394571,0.06583552
394576,0.021754928
394579,0.19224909
394585,0.038454503
394588,0.0057928395
394606,0.057505623
394623,0.008005934
394632,0.14751141
394635,0.058625884
394642,0.022875194
394653,0.05619323
394689,0.01218819
394695,0.035637934
394699,0.0658704
394706,0.04983735
394712,0.11933324
394721,0.43882978
394722,0.03873063
394739,0.016249305
394742,0.23398581
394761,0.06272054
394775,0.052274227
394777,0.12916212
394783,0.12608464
394800,0.14784777
394803,0.010811638
394804,0.31424668
394815,0.01771076
394835,0.1063751
394843,0.3995428
394845,0.1851619
394847,0.012743934
394848,0.14353818
394850,0.042078365
394857,0.017303023
394873,0.06772585
394892,0.081684716
394898,0.018909352
394904,0.042975128
394918,0.17034215
394920,0.07473727
394926,0.007998519
394927,0.044591226
394940,0.015608333
394942,0.018432625
394943,0.06894156
394959,0.04875563
394977,0.10392952
394991,0.06471695
395014,0.20820887
395027,0.022949323
395042,0.10461337
395062,0.09134078
395063,0.37502638
395064,0.049779117
395076,0.035125513
395085,0.07987766
395095,0.02882061
395100,0.017419882
395105,0.093432195
395108,0.013942506
395110,0.061813377
395114,0.16231753
395123,0.11829458
395131,0.04749713
395144,0.040689223
395152,0.11115638
395159,0.06356348
395166,0.045810845
395197,0.038396597
395210,0.020870654
395212,0.027981695
395216,0.11567599
395218,0.08641011
395224,0.012233633
395225,0.053733047
395233,0.07356104
395237,0.015434554
395246,0.023744196
395248,0.19630891
395262,0.043319248
395271,0.022565968
395275,0.034046292
395286,0.030636255
395316,0.045251917
395318,0.24163416
395328,0.045439184
395334,0.037206657
395337,0.21528608
395338,0.029383732
395346,0.044047244
395365,0.13531275
395373,0.07699629
395383,0.33280063
395387,0.028804459
395391,0.010772869
395401,0.10236333
395432,0.008235631
395443,0.0062345425
395447,0.04135114
395448,0.06750942
395450,0.03557128
395456,0.0150628975
395459,0.10678757
395462,0.040375378
395488,0.23625167
395492,0.015035998
395495,0.03145924
395504,0.13420177
395507,0.021805031
395508,0.14310546
395509,0.043562587
395513,0.07050345
395515,0.09651193
395517,0.4771293
395520,0.07325553
395524,0.011735122
395525,0.011265561
395533,0.029271053
395538,0.019541953
395545,0.013265349
395553,0.027647335
395576,0.0611262
395585,0.08652674
395590,0.019492095
395593,0.015165642
395595,0.014816662
395603,0.09299865
395604,0.068791986
395611,0.19656006
395612,0.030473188
395617,0.019067165
395624,0.012196943
395653,0.08672127
395665,0.040535722
395668,0.0835425
395672,0.062282458
395677,0.032850195
395692,0.01267552
395693,0.1859371
395694,0.03078406
395696,0.031779595
395699,0.020829102
395703,0.021871034
395712,0.07777263
395731,0.023133352
395732,0.03464692
395735,0.03237119
395736,0.033867303
395744,0.09154353
395763,0.03375122
395771,0.018652564
395774,0.015365526
395784,0.03595852
395790,0.03212945
395792,0.3583037
395796,0.03777424
395808,0.09382802
395810,0.044596687
395814,0.03822358
395831,0.1112616
395836,0.052149493
395837,0.052577093
395852,0.04560542
395854,0.0076736454
395856,0.04720594
395857,0.055149134
395860,0.014547724
395862,0.022916999
395875,0.03594145
395880,0.015027449
395893,0.09422065
395900,0.01641912
395908,0.08913104
395921,0.22203958
395922,0.01301887
395926,0.13000129
395933,0.012917787
395936,0.012309728
395940,0.031088598
395951,0.0815544
395964,0.013779173
395969,0.05116671
395971,0.025786694
395973,0.024848431
395975,0.065920025
395984,0.19348688
395993,0.018859185
396012,0.091162995
396033,0.24350148
396035,0.041861188
396036,0.07887438
396041,0.017977268
396048,0.1195989
396049,0.038036477
396057,0.04043044
396060,0.03534232
396063,0.020528972
396078,0.060891137
396085,0.1416422
396087,0.020870626
396094,0.042351954
396104,0.01155639
396110,0.036026407
396123,0.16309899
396139,0.02786946
396160,0.018094938
396165,0.059055828
396169,0.071465984
396182,0.012669591
396200,0.3862196
396201,0.012250586
396202,0.03455565
396216,0.07991859
396227,0.111887604
396236,0.014687004
396240,0.14600119
396249,0.03469995
396252,0.038062815
396253,0.11980127
396276,0.07079627
396297,0.052766472
396301,0.014076667
396310,0.02243372
396327,0.06226837
396330,0.039561633
396331,0.057870805
396334,0.028896522
396337,0.038103305
396343,0.03792688
396346,0.027289497
396350,0.2770909
396368,0.016476078
396375,0.20718989
396378,0.08616372
396380,0.12376608
396393,0.02112207
396397,0.024357103
396403,0.031080853
396404,0.38117263
396408,0.028568896
396414,0.0415709
396418,0.3227507
396420,0.037952334
396426,0.02949111
396428,0.021131584
396434,0.15815674
396435,0.0204564
396437,0.0121136485
396442,0.033745974
396444,0.021093784
396449,0.017042736
396453,0.057468027
396464,0.0492689
396474,0.018610924
396483,0.023373451
396496,0.027483102
396501,0.08303143
396505,0.035230614
396506,0.015378483
396512,0.016091393
396513,0.14048837
396518,0.030014524
396530,0.048116986
396542,0.053560127
396549,0.025959313
396553,0.015262754
396555,0.24789207
396557,0.01761538
396562,0.12433663
396566,0.057765316
396588,0.08148687
396589,0.06430392
396590,0.082158044
396597,0.014778238
396602,0.0062066857
396609,0.1617038
396614,0.2601652
396617,0.046345998
396620,0.115256935
396625,0.19157521
396638,0.03466257
396640,0.036951903
396646,0.056715935
396648,0.04918516
396653,0.029494902
396663,0.05282955
396668,0.023493422
396670,0.061419934
396678,0.017359564
396681,0.01471076
396698,0.01705368
396699,0.12595217
396710,0.09518448
396713,0.04202745
396729,0.03104918
396732,0.13094147
396735,0.22712559
396752,0.21390097
396754,0.023256801
396761,0.022620447
396769,0.060480468
396777,0.022881143
396789,0.10134921
396790,0.016000174
396792,0.03746315
396824,0.049693234
396829,0.03070604
396830,0.056047708
396844,0.083705686
396849,0.030963285
396855,0.20420891
396864,0.13274407
396865,0.105434656
396866,0.027796626
396883,0.029746395
396889,0.09403775
396893,0.02227914
396900,0.15403387
396904,0.062020354
396912,0.013816677
396916,0.009128854
396922,0.0061793695
396926,0.020253144
396928,0.03424252
396931,0.15060356
396944,0.013587451
396949,0.037606828
396952,0.10261834
396979,0.17885037
396984,0.0121990405
396986,0.028008534
396992,0.01362392
396995,0.43369985
397014,0.07704087
397025,0.022333141
397046,0.24975623
397047,0.04042179
397051,0.020224154
397052,0.037422955
397058,0.017364036
397071,0.033447117
397081,0.046195384
397084,0.017737156
397086,0.26303977
397088,0.03517731
397090,0.18756188
397093,0.033583023
397106,0.009336254
397109,0.21690279
397110,0.066021726
397118,0.016280685
397119,0.041192137
397120,0.0077929134
397127,0.029490128
397128,0.029922847
397129,0.055557676
397132,0.021507202
397138,0.025959518
397139,0.096325286
397146,0.32638106
397148,0.13928065
397149,0.08169435
397166,0.042219065
397167,0.07113604
397168,0.027296301
397171,0.02821985
397178,0.08620579
397185,0.01680011
397191,0.044136368
397195,0.02057074
397197,0.11883667
397198,0.04017187
397211,0.06661862
397213,0.020920537
397216,0.009667252
397219,0.061667584
397226,0.021969201
397241,0.022907544
397249,0.12418665
397261,0.024210684
397265,0.01873482
397281,0.011037451
397304,0.035801306
397306,0.019340785
397325,0.06755215
397327,0.022406127
397345,0.3165459
397360,0.012390971
397378,0.012189939
397383,0.031319853
397384,0.020386424
397399,0.094546884
397415,0.01710465
397433,0.012425031
397444,0.32242233
397452,0.13567539
397458,0.031593107
397460,0.059113827
397462,0.05591374
397464,0.021834027
397466,0.16223975
397472,0.012391106
397474,0.02111765
397476,0.10464741
397482,0.18256706
397492,0.1113371
397494,0.0056252587
397501,0.1453333
397507,0.14734593
397512,0.10346099
397513,0.038694933
397517,0.018120935
397533,0.052171975
397549,0.1668151
397560,0.018826662
397562,0.022424512
397570,0.048533723
397575,0.013984218
397584,0.03820637
397585,0.010834559
397593,0.008493481
397609,0.067713715
397615,0.012565086
397630,0.115012355
397631,0.047657423
397633,0.107533194
397641,0.020433629
397664,0.012718635
397668,0.008238924
397674,0.039689958
397679,0.043574218
397681,0.07740418
397694,0.019491877
397695,0.05913631
397707,0.25416186
397713,0.06549499
397714,0.083187535
397715,0.02616379
397724,0.015569797
397726,0.14352396
397729,0.010972563
397739,0.012185516
397741,0.010568576
397759,0.032073338
397761,0.013442408
397767,0.10567036
397776,0.23190606
397782,0.18271804
397785,0.081545345
397789,0.031011354
397793,0.035028826
397794,0.074258916
397804,0.036197696
397815,0.010501435
397816,0.030730832
397825,0.02943724
397857,0.09564715
397861,0.036408022
397890,0.05537254
397891,0.27965027
397900,0.047451146
397903,0.030679597
397911,0.024783239
397925,0.04320827
397928,0.0677049
397954,0.017068706
397955,0.006973659
397962,0.028012652
397971,0.020472506
397975,0.08977804
397984,0.05347678
397989,0.00929481
397993,0.054277465
398004,0.022837184
398032,0.19534361
398038,0.016898498
398043,0.029128684
398046,0.017820261
398051,0.17100888
398061,0.02253316
398082,0.03385034
398086,0.03686371
398087,0.08776362
398088,0.10226919
398093,0.045603096
398103,0.017554136
398106,0.052429233
398109,0.042627774
398110,0.009228557
398113,0.041163642
398116,0.05958593
398132,0.021324951
398135,0.051599354
398138,0.03660832
398159,0.10315445
398163,0.06314621
398165,0.042879246
398166,0.088639945
398173,0.077738665
398179,0.056721266
398181,0.032158114
398189,0.023136474
398196,0.02634459
398206,0.07632181
398208,0.052644275
398220,0.022277134
398231,0.057190426
398234,0.34366778
398239,0.022163583
398254,0.0066488646
398260,0.034323484
398261,0.016581895
398269,0.12543765
398274,0.014245415
398279,0.012522967
398280,0.053721644
398292,0.09459041
398293,0.07387052
398295,0.1202786
398329,0.025120106
398337,0.058841035
398344,0.019570276
398347,0.023166973
398348,0.3780559
398352,0.0057605486
398355,0.1422798
398360,0.24658516
398363,0.03793794
398368,0.05163678
398373,0.095015794
398377,0.056477055
398384,0.020603485
398389,0.04354818
398394,0.14931604
398397,0.013984226
398400,0.04719222
398409,0.042075776
398429,0.021813113
398432,0.047795348
398444,0.38814032
398446,0.1827671
398456,0.010281458
398461,0.02675727
398473,0.020970559
398480,0.022280097
398481,0.10520316
398485,0.0851905
398488,0.6311026
398500,0.032711264
398520,0.11292501
398524,0.11128341
398534,0.07764194
398554,0.009676954
398572,0.08209106
398580,0.043899372
398586,0.02629666
398592,0.30054373
398606,0.11874452
398619,0.027908234
398621,0.105781436
398625,0.05717409
398645,0.19836128
398652,0.26629114
398656,0.019920716
398661,0.17276047
398667,0.030232444
398669,0.07879528
398676,0.02872514
398690,0.020753793
398699,0.075648226
398715,0.07892698
398718,0.007966297
398721,0.030750874
398729,0.032413144
398737,0.0376062
398738,0.04385599
398752,0.11687385
398757,0.04149098
398759,0.018751588
398764,0.19953007
398771,0.06512997
398773,0.01579931
398775,0.03430795
398779,0.116911076
398791,0.23613058
398807,0.042814698
398811,0.07344002
398814,0.07226123
398817,0.02034901
398829,0.017095646
398830,0.032235
398838,0.0060559036
398839,0.12615275
398841,0.08498247
398850,0.032214254
398852,0.008700971
398858,0.031079024
398859,0.03745294
398862,0.096263185
398870,0.09836768
398875,0.0698237
398902,0.009073744
398910,0.008224107
398919,0.10477483
398929,0.053605154
398935,0.2775766
398940,0.012667886
398953,0.29403076
398956,0.028401814
398963,0.0056273155
398966,0.15680057
398967,0.081512555
398968,0.10494431
398974,0.042022496
398976,0.041328438
398982,0.032352813
398993,0.039769713
399011,0.06149829
399016,0.06047579
399017,0.027033487
399020,0.064201705
399047,0.0669174
399053,0.39294833
399056,0.00828041
399061,0.051743947
399066,0.12897624
399074,0.01693679
399086,0.04500237
399088,0.12291097
399091,0.06542427
399092,0.072127834
399093,0.04677568
399100,0.012607189
399124,0.018756086
399131,0.075013556
399142,0.024793305
399149,0.020269798
399158,0.21227038
399160,0.01595945
399167,0.00818275
399169,0.036595684
399171,0.00731411
399174,0.038705625
399178,0.10199782
399179,0.30691528
399184,0.03126081
399185,0.010115323
399186,0.06283787
399191,0.032543316
399192,0.023999138
399195,0.21688154
399212,0.15627113
399221,0.06722453
399223,0.14502168
399230,0.2328809
399246,0.1344276
399260,0.03751768
399261,0.05518613
399266,0.012927517
399289,0.12254141
399293,0.036785595
399299,0.028992578
399306,0.025401779
399321,0.017372722
399328,0.026960481
399344,0.01871899
399352,0.025957637
399358,0.017378867
399374,0.15645334
399382,0.27189836
399385,0.04669883
399388,0.03200576
399399,0.019116564
399410,0.0077159656
399417,0.0055151284
399423,0.021608494
399427,0.0083175
399429,0.061258778
399435,0.02709087
399439,0.016546357
399451,0.1379914
399454,0.022915488
399458,0.08520152
399468,0.013908016
399477,0.064432316
399483,0.061707906
399493,0.017036758
399494,0.054241356
399499,0.082335494
399503,0.09133654
399510,0.027051963
399511,0.017295005
399525,0.08307851
399528,0.049789187
399533,0.041042775
399538,0.08532516
399551,0.12507775
399568,0.13730733
399571,0.021509929
399585,0.012843538
399589,0.08955665
399595,0.0157185
399598,0.023200938
399605,0.06906324
399616,0.025749488
399617,0.029367015
399622,0.02312096
399627,0.13446452
399635,0.118829116
399639,0.4202759
399641,0.04423508
399643,0.03373356
399659,0.0071354555
399667,0.068358436
399683,0.039446466
399702,0.13092089
399706,0.13640755
399720,0.014146548
399727,0.05336155
399730,0.13594557
399734,0.042665277
399751,0.028905788
399754,0.18605609
399759,0.1975325
399768,0.026321653
399770,0.14672333
399781,0.07000115
399786,0.10916031
399799,0.019754115
399811,0.0136485
399813,0.020185802
399820,0.07279434
399832,0.013046487
399851,0.17625009
399853,0.012947308
399855,0.036404483
399860,0.092012584
399876,0.26038855
399877,0.047757216
399881,0.005107327
399882,0.021062233
399903,0.03621593
399906,0.10380672
399912,0.12739246
399915,0.08112015
399921,0.015936077
399935,0.05652468
399936,0.118251905
399938,0.041671783
399939,0.01944977
399940,0.020885967
399949,0.0814384
399953,0.0052660503
399959,0.20460007
399968,0.03232595
399969,0.009710285
399972,0.018176693
399974,0.008820905
399976,0.028433409
399979,0.09568945
399988,0.06526795
399994,0.21623367
399996,0.10221595
399997,0.052527472
400000,0.030913781
400004,0.026103113
400011,0.056235887
400014,0.25017637
400015,0.019404775
400017,0.07163057
400046,0.06750909
400063,0.06311949
400065,0.033808704
400069,0.0300703
400075,0.008042591
400088,0.012625767
400091,0.015032216
400105,0.032068297
400108,0.14703134
400113,0.041145276
400119,0.052505843
400123,0.041546255
400127,0.020467572
400136,0.042110644
400137,0.20549949
400138,0.06564158
400158,0.07405678
400172,0.047327183
400174,0.042898662
400224,0.089266464
400229,0.13029991
400236,0.43597582
400240,0.015090701
400249,0.0085151205
400258,0.09123633
400268,0.10923026
400272,0.008296046
400284,0.050936077
400292,0.026959512
400295,0.053764045
400308,0.04839051
400314,0.03438458
400315,0.006975226
400331,0.24299434
400332,0.038084157
400339,0.03001085
400342,0.060336746
400361,0.07421169
400363,0.09263624
400365,0.012951426
400374,0.12088937
400379,0.014789356
400382,0.021962272
400416,0.020019121
400422,0.042286873
400436,0.049691044
400460,0.10008181
400462,0.23167637
400468,0.08568494
400482,0.042351015
400489,0.01958294
400490,0.10618677
400501,0.023689885
400519,0.034679394
400525,0.22596905
400526,0.01024368
400529,0.19844319
400540,0.038058795
400543,0.094313964
400545,0.03141644
400556,0.035108164
400572,0.038794752
400584,0.013226491
400589,0.03703734
400593,0.20313972
400597,0.021730337
400616,0.031965557
400642,0.07538134
400643,0.06821069
400649,0.019076347
400672,0.0756889
400685,0.017483473
400693,0.085082605
400695,0.10158363
400701,0.0171761
400720,0.025019482
400741,0.053476058
400745,0.122419626
400750,0.012057088
400779,0.076111265
400784,0.031742036
400792,0.10456782
400800,0.013897575
400811,0.021588705
400813,0.33695477
400820,0.0052490765
400830,0.02767889
400833,0.018690359
400834,0.03915337
400841,0.011006646
400855,0.27982247
400856,0.08882137
400860,0.035231054
400866,0.024698514
400869,0.057177085
400870,0.06408202
400880,0.023217468
400882,0.019233514
400915,0.043937825
400921,0.1480504
400923,0.093750365
400925,0.013521596
400936,0.032486346
400943,0.15927684
400962,0.012221974
400963,0.12981066
400967,0.031517286
400970,0.0409592
400975,0.01319183
400981,0.26054317
400983,0.17566615
400987,0.06869867
400988,0.015809417
400994,0.09523471
400998,0.20814702
401002,0.017018393
401003,0.061479244
401005,0.03842675
401007,0.025715906
401022,0.19271955
401029,0.31883854
401035,0.023073215
401036,0.18133967
401040,0.012043266
401045,0.025193758
401053,0.024753515
401065,0.035406265
401067,0.06471635
401069,0.018545823
401073,0.2221044
401074,0.103787884
401078,0.042319518
401082,0.27719125
401086,0.03863765
401092,0.04578865
401097,0.035094794
401098,0.016533855
401099,0.11696218
401100,0.07190256
401107,0.06728537
401119,0.16594476
401120,0.02246794
401137,0.28391138
401142,0.18312223
401162,0.018231688
401163,0.21976113
401172,0.017793072
401179,0.092856176
401182,0.027077418
401184,0.1290937
401190,0.0126806125
401207,0.031223312
401210,0.028697312
401220,0.030733213
401225,0.030948848
401230,0.22242333
401240,0.00921849
401246,0.08432354
401256,0.33131036
401273,0.013694447
401274,0.05092814
401287,0.0744396
401292,0.046952847
401305,0.103162676
401310,0.011065662
401311,0.05998535
401321,0.036105976
401332,0.02783407
401338,0.015078688
401345,0.041365076
401368,0.09996972
401375,0.42001045
401378,0.022860961
401379,0.035336386
401395,0.04981658
401403,0.03241405
401406,0.009579823
401415,0.042439118
401424,0.033482593
401425,0.01424993
401428,0.15560783
401430,0.051473092
401436,0.026066223
401440,0.03894542
401443,0.07404776
401447,0.010479958
401448,0.035918392
401450,0.011417644
401459,0.019196562
401462,0.024234146
401470,0.36155683
401479,0.051562805
401481,0.021033905
401486,0.08557953
401496,0.012957502
401497,0.04487422
401502,0.03730064
401508,0.05007977
401513,0.057434678
401517,0.23706283
401519,0.22068055
401533,0.22691022
401536,0.33812085
401547,0.011754847
401581,0.025105216
401582,0.025092246
401586,0.06671108
401593,0.3773829
401603,0.09947029
401621,0.061478004
401625,0.053135715
401635,0.5424471
401646,0.048031934
401649,0.045182407
401660,0.048432652
401668,0.12866177
401686,0.016059116
401706,0.12804301
401712,0.06549584
401721,0.026036287
401725,0.10333554
401730,0.26733917
401741,0.0115743
401743,0.055086013
401748,0.017175695
401751,0.023069877
401770,0.034093548
401791,0.0062073153
401792,0.05549917
401808,0.12240165
401816,0.013101051
401820,0.14276804
401821,0.020307738
401828,0.0119707
401830,0.185916
401832,0.017169155
401839,0.04037503
401852,0.008779224
401868,0.03470322
401876,0.024580188
401879,0.3110834
401882,0.0088337995
401894,0.02747465
401899,0.10742666
401901,0.2564249
401913,0.03796152
401919,0.028828654
401920,0.029856596
401923,0.0075884443
401924,0.12981758
401932,0.16400287
401942,0.5245493
401949,0.06901285
401950,0.13932171
401951,0.02335563
401952,0.046547513
401971,0.2016595
401972,0.02204233
401973,0.06003151
401974,0.05606926
401983,0.07136616
401984,0.015226154
401988,0.023019679
401989,0.052578773
401990,0.015989164
402024,0.055730246
402029,0.091249004
402030,0.11132868
402041,0.03588896
402042,0.07601334
402043,0.021450978
402052,0.08504477
402053,0.018209856
402054,0.028429475
402057,0.033337932
402067,0.03798202
402068,0.012155499
402069,0.11822304
402070,0.066728026
402071,0.015926994
402073,0.016945278
402074,0.033581015
402075,0.07379237
402076,0.0696368
402077,0.019926332
402078,0.4135853
402079,0.1959371
402080,0.018701175
402081,0.0057675084
402082,0.04591499
402089,0.16241416
402090,0.02578768
402091,0.05524745
402092,0.047371015
402094,0.04118601
402095,0.014075076
402096,0.040256128
402109,0.039244533
402151,0.09030732
402152,0.01799203
402153,0.04109375
402155,0.035427008
402201,0.014317421
402210,0.054633703
402212,0.07593877
402218,0.012620389
402227,0.16329569
402234,0.1317159
402236,0.016094312
402242,0.03419187
402243,0.01582545
402244,0.2490916
402245,0.011564797
402250,0.03287443
402251,0.07859747
402254,0.20166437
402255,0.20484067
402256,0.08797482
402257,0.22040175
402258,0.09599079
402259,0.018170673
402260,0.021149028
402261,0.30553356
402262,0.019482946
402263,0.13390915
402264,0.00828886
402265,0.029287342
402266,0.07236631
402267,0.08172315
402268,0.008641166
402270,0.02347271
402271,0.021627227
402272,0.100051515
402273,0.027935166
402274,0.009406019
402275,0.036533687
402276,0.033279724
402277,0.033304866
402278,0.014731098
402279,0.05967514
402280,0.011580598
402362,0.090564266
402363,0.011869486
402364,0.021525145
402370,0.0070960307
402376,0.01615458
402381,0.11087772
402384,0.03982091
402389,0.017793225
402414,0.038426764
402416,0.010488367
402417,0.025247743
402420,0.027500741
402426,0.017505895
402436,0.23839864
402444,0.027110416
402447,0.05049439
402449,0.032939177
402454,0.3629035
402458,0.1265451
402460,0.0729995
402466,0.025019016
402475,0.082057804
402498,0.18340193
402502,0.038120132
402505,0.09775891
402509,0.060854785
402513,0.17750801
402517,0.0098216515
402519,0.028574793
402522,0.14435966
402523,0.03639452
402525,0.04015506
402528,0.11219416
402534,0.077348605
402536,0.03086837
402542,0.025198655
402548,0.124801755
402552,0.07595108
402559,0.039143458
402563,0.017621996
402568,0.041983034
402573,0.063234225
402574,0.038638756
402575,0.04680466
402577,0.05191122
402602,0.016855724
402603,0.09485635
402604,0.030348148
402614,0.13583893
402615,0.09996235
402616,0.012170702
402617,0.23761928
402618,0.11603895
402619,0.025950063
402639,0.040533785
402640,0.05103734
402641,0.4118994
402642,0.01826653
402643,0.008508754
402644,0.02084243
402645,0.029037207
402649,0.019580895
402650,0.11711693
402653,0.027431468
402654,0.011386886
402655,0.15719062
402656,0.12737432
402657,0.040623914
402658,0.022855889
402659,0.022967717
402662,0.008348641
402696,0.008981767
402705,0.035269022
402707,0.0769098
402708,0.0709068
402709,0.020317726
402729,0.10767587
402730,0.06729771
402732,0.04650311
402739,0.044481076
402740,0.08227099
402741,0.06749961
402744,0.3393473
402745,0.14041774
402746,0.014167653
402772,0.06251965
402773,0.03538656
402774,0.03846892
402780,0.023455068
402781,0.034017116
402782,0.16364004
402790,0.018291123
402803,0.13077055
402808,0.11926761
402809,0.010173525
402810,0.12183704
402811,0.07138451
402815,0.0665083
402820,0.044612415
402821,0.09707472
402822,0.03259604
402824,0.06298936
402825,0.026852116
402870,0.038636513
402875,0.013872422
402924,0.26879883
402925,0.029284226
402926,0.016561823
402927,0.027687939
402928,0.05609701
402929,0.056614563
402930,0.09459365
402931,0.0124570355
402932,0.023729106
402933,0.16054793
402940,0.042436227
402953,0.034217693
402954,0.036458693
402955,0.024273045
402956,0.046105493
402957,0.008993626
402970,0.016972978
402973,0.05842212
402974,0.05105762
402975,0.018145863
402976,0.09067479
402977,0.017935522
402978,0.03888612
402979,0.11999212
402980,0.13854049
402981,0.086268194
402982,0.08106373
402993,0.16629466
402994,0.046948552
403099,0.0298072
403137,0.012447356
403138,0.026814371
403165,0.029709157
403192,0.18423998
403214,0.031880423
403223,0.011712629
403238,0.05097433
403244,0.17370161
403246,0.015999217
403252,0.053061087
403254,0.102741286
403255,0.02025074
403259,0.04093444
403262,0.03172093
403277,0.021050045
403280,0.112262055
403281,0.10570806
403287,0.024378017
403315,0.19497705
403318,0.13105759
403319,0.017619733
403327,0.013947499
403331,0.01599001
403342,0.20781298
403349,0.0945796
403353,0.030664366
403364,0.02573361
403369,0.014530914
403373,0.12676337
403376,0.022167863
403378,0.013254275
403384,0.017022863
403385,0.0049240245
403386,0.03500476
403388,0.050575856
403396,0.02102363
403398,0.08646163
403404,0.06476595
403410,0.0391562
403414,0.037907712
403417,0.070462465
403422,0.03093269
403424,0.059280556
403438,0.035878193
403451,0.024530074
403452,0.033060383
403453,0.038505692
403454,0.07172403
403455,0.06450882
403464,0.038215086
403465,0.025923891
403466,0.011203014
403500,0.09476248
403501,0.06553613
403524,0.24207044
403525,0.095117316
403526,0.012159789
403527,0.020532886
403542,0.08033048
403543,0.016942196
403549,0.011060009
403550,0.029397864
403551,0.072516836
403552,0.0785079
403553,0.020823903
403554,0.05714608
403558,0.011735987
403559,0.041988593
403560,0.44455442
403561,0.2982763
403562,0.17428365
403564,0.06602549
403565,0.024357498
403566,0.015541786
403600,0.08291491
403602,0.026725538
403603,0.031757228
403662,0.017633103
403685,0.050405044
403686,0.004724819
403687,0.009476955
403688,0.22322829
403689,0.5654862
403690,0.5467272
403691,0.042452797
403692,0.03791769
403696,0.021705823
403697,0.12350343
403698,0.011201398
403699,0.13886338
403701,0.10324775
403702,0.093555
403703,0.10978772
403704,0.06889658
403705,0.020395195
403712,0.038191088
403713,0.023750938
403714,0.17185627
403715,0.03476385
403718,0.039777037
403722,0.20170105
403723,0.02656561
403724,0.15120003
403725,0.013821309
403726,0.019818285
403764,0.036755007
403765,0.016879193
403766,0.104222424
403770,0.17518198
403771,0.011090806
403772,0.11435242
403795,0.09105896
403799,0.030226832
403800,0.052353337
403801,0.009790134
403802,0.21142125
403803,0.3165801
403811,0.06108469
403814,0.023447707
403815,0.024702327
403816,0.01963165
403817,0.027140815
403818,0.019591829
403820,0.027807657
403821,0.0463434
403822,0.07591507
403823,0.015184497
403824,0.28119618
403825,0.007580473
403826,0.011006182
403828,0.031864315
403834,0.036432445
403836,0.16065757
403837,0.075298205
403838,0.046440143
403839,0.040131696
403873,0.0413228
403876,0.12471532
403902,0.029775597
403918,0.029695697
403922,0.025516035
403928,0.10293528
403929,0.057866186
403931,0.008160983
403932,0.016025472
403933,0.049235422
403935,0.03087089
403936,0.25889924
403937,0.058207065
403938,0.022964548
403943,0.02813493
403944,0.016317517
403945,0.024626382
403946,0.08086647
403948,0.111906305
403951,0.14685988
403955,0.040001232
403956,0.11184942
403957,0.045877237
403958,0.028914781
403960,0.10958441
403961,0.010790279
403962,0.13724302
403963,0.010231684
403964,0.09473367
403965,0.07012228
403966,0.0757908
403967,0.027399465
403968,0.20806794
403969,0.059727542
403970,0.061198685
403971,0.05660483
403972,0.292558
403973,0.05363337
403974,0.2791267
403975,0.011756046
403976,0.011784186
403977,0.046641298
403978,0.03951485
403979,0.0072199823
403980,0.13399294
403981,0.029909726
403982,0.0044779745
404062,0.08415392
404067,0.01036097
404070,0.020190854
404079,0.025145588
404084,0.020820552
404108,0.13403004
404112,0.034744374
404118,0.1103341
404121,0.015923515
404122,0.085770026
404126,0.08298453
404140,0.02666961
404152,0.059202634
404156,0.38386998
404158,0.030316165
404160,0.029556459
404172,0.014916176
404174,0.025999887
404180,0.09223272
404186,0.027556822
404190,0.109094866
404192,0.06735847
404206,0.018432897
404207,0.15633987
404213,0.087938994
404216,0.12525687
404220,0.096042804
404227,0.050387766
404235,0.013062874
404247,0.27797785
404259,0.011082968
404266,0.096929334
404267,0.041402563
404274,0.5083723
404276,0.0829992
404277,0.009319704
404278,0.03372866
404279,0.021094238
404280,0.13775136
404287,0.0373238
404288,0.2080059
404289,0.010097963
404290,0.24852425
404291,0.008197458
404293,0.06414456
404302,0.045981262
404303,0.031219546
404304,0.09178609
404307,0.025800968
404308,0.034248322
404309,0.13954885
404310,0.07544561
404311,0.2841575
404312,0.077407256
404323,0.020337567
404324,0.050795007
404325,0.043136157
404326,0.030123174
404327,0.114614375
404328,0.021117305
404329,0.013531145
404330,0.0845972
404331,0.026783267
404335,0.06831715
404336,0.05757741
404337,0.27015373
404364,0.18289942
404379,0.034177735
404380,0.51472855
404381,0.18335287
404382,0.06428079
404385,0.030522762
404390,0.024075069
404391,0.029770052
404392,0.35071856
404393,0.035994086
404396,0.059071146
404400,0.020962767
404401,0.013644289
404402,0.049613398
404403,0.14739466
404404,0.042930525
404405,0.07618761
404406,0.007122284
404437,0.08351072
404439,0.073297605
404461,0.2984832
404462,0.07209143
404464,0.008608315
404468,0.13572592
404469,0.052908625
404470,0.06388963
404471,0.0122256
404472,0.09776807
404473,0.033090547
404474,0.029806513
404475,0.036088858
404477,0.03668973
404478,0.030027522
404554,0.047974184
404555,0.0343398
404556,0.021760687
404557,0.016269563
404569,0.05071022
404571,0.027795745
404585,0.045529537
404586,0.018488312
404592,0.16999182
404595,0.009514098
404596,0.08154196
404597,0.046786707
404603,0.21377856
404606,0.045493312
404607,0.13251767
404608,0.03478681
404609,0.025517922
404620,0.13407923
404689,0.021451233
404708,0.01076271
404734,0.103483684
404771,0.050157633
404806,0.01697109
404818,0.043678362
404850,0.013450512
404870,0.07376926
404923,0.016332991
404934,0.19759808
404938,0.038563315
404954,0.025221018
404957,0.083814755
404963,0.0650143
404964,0.010319451
404969,0.076902024
404970,0.09009646
404979,0.034694612
404997,0.009293639
404998,0.04700566
405009,0.14962003
405016,0.013170242
405018,0.011623798
405035,0.100827746
405036,0.054311246
405038,0.12888196
405047,0.031452253
405055,0.01131765
405060,0.05182991
405066,0.044450548
405081,0.060897317
405084,0.17640154
405089,0.1123176
405098,0.034641508
405100,0.053976856
405114,0.018362222
405118,0.04478754
405119,0.15301423
405120,0.033716958
405121,0.09055998
405124,0.038108807
405125,0.16820213
405132,0.03804773
405179,0.009537078
405193,0.047630895
405194,0.09036349
405195,0.018017238
405206,0.024990965
405207,0.016213903
405211,0.010807376
405215,0.009699926
405217,0.21438733
405219,0.060040414
405220,0.13509904
405231,0.054568566
405232,0.09144087
405291,0.027645923
405316,0.03534884
405317,0.052361377
405318,0.028341578
405319,0.019609962
405320,0.041823555
405325,0.011345511
405326,0.011191052
405333,0.032157406
405334,0.14023012
405349,0.3239819
405351,0.061744448
405353,0.026531897
405354,0.45502913
405361,0.05165436
405362,0.018835794
405363,0.1538896
405364,0.23549229
405365,0.06389954
405366,0.07413377
405372,0.0665165
405397,0.011583307
405402,0.087575026
405409,0.07208718
405410,0.3174091
405411,0.02575846
405412,0.023248438
405435,0.017298698
405436,0.023226673
405438,0.024552982
405442,0.024228249
405443,0.16430676
405444,0.017094962
405445,0.037775543
405446,0.01693627
405468,0.017843854
405489,0.10499204
405490,0.10966214
405498,0.018625464
405509,0.040494625
405510,0.010740863
405511,0.069070995
405512,0.013215924
405517,0.056481317
405518,0.05767888
405523,0.02985981
405544,0.014801855
405546,0.029585652
405552,0.23392524
405583,0.010853978
405592,0.0442798
405599,0.011052445
405602,0.01564124
405607,0.0051088585
405613,0.062355638
405620,0.18419653
405624,0.13275108
405625,0.026256375
405626,0.010058592
405632,0.06083263
405633,0.0154134575
405637,0.08982143
405640,0.12707338
405642,0.08129196
405646,0.016928082
405647,0.018923983
405650,0.16243978
405653,0.06645779
405654,0.07701945
405660,0.022104777
405666,0.07905237
405667,0.07222532
405668,0.026197609
405669,0.043365218
405671,0.0312842
405672,0.015792176
405673,0.03348036
405674,0.023135427
405675,0.039598368
405676,0.04209507
405677,0.023052312
405679,0.015323974
405680,0.17892906
405682,0.040104166
405683,0.033200074
405684,0.025430648
405685,0.14014821
405687,0.008960891
405689,0.0054913955
405690,0.01967003
405691,0.14683495
405692,0.060042653
405693,0.044370472
405695,0.04547788
405696,0.051874317
405697,0.017706422
405698,0.113563865
405699,0.010823293
405700,0.25093603
405701,0.16135217
405702,0.086523995
405761,0.04588727
405765,0.024210539
405769,0.02317439
405784,0.13565493
405811,0.009961545
405814,0.023398912
405816,0.12066039
405818,0.07737413
405821,0.012976095
405822,0.0058037695
405838,0.02345286
405841,0.015735859
405846,0.03287943
405855,0.03470976
405857,0.029717289
405858,0.10036446
405860,0.044392735
405861,0.0666384
405871,0.046094917
405879,0.011920517
405880,0.023442725
405886,0.031158697
405901,0.045201227
405904,0.058818515
405905,0.016567674
405906,0.02920628
405927,0.026276974
405930,0.05274819
405944,0.03232433
405946,0.011275735
405954,0.10752945
405963,0.026736075
405964,0.006441161
405965,0.015164654
405966,0.09602474
405970,0.026850373
405971,0.05871413
405992,0.033919334
405996,0.014541518
405999,0.01214432
406002,0.0661039
406003,0.015748499
406004,0.017585881
406005,0.026344597
406006,0.07425503
406007,0.17304228
406008,0.11284357
406028,0.009484004
406029,0.04010286
406043,0.031321276
406044,0.0151636265
406045,0.1590158
406046,0.076015316
406048,0.01304346
406050,0.044346113
406051,0.02041879
406052,0.14026043
406053,0.1238638
406077,0.04509443
406082,0.14349638
406083,0.42692775
406084,0.046408854
406098,0.0130326655
406099,0.11246812
406100,0.21338001
406113,0.11044097
406114,0.07230435
406115,0.07551897
406116,0.02435446
406117,0.007857015
406127,0.0276638
406128,0.050341845
406129,0.10677926
406132,0.02389643
406133,0.023545042
406134,0.020896634
406135,0.23568568
406136,0.051751733
406137,0.09606349
406138,0.10692036
406139,0.09562474
406142,0.0534424
406143,0.24464506
406175,0.065315135
406176,0.0290185
406177,0.021015827
406194,0.044548973
406195,0.009195615
406208,0.06943363
406210,0.055240765
406216,0.13200623
406217,0.08569688
406227,0.034855418
406228,0.016872793
406253,0.033134103
406254,0.009252735
406260,0.04733025
406267,0.04426639
406269,0.01867285
406276,0.20778987
406277,0.019062258
406279,0.018915765
406288,0.022114683
406297,0.07559088
406308,0.11375272
406310,0.20339562
406320,0.01630332
406336,0.018279381
406352,0.012742091
406365,0.048084065
406369,0.12225589
406371,0.05121141
406401,0.0598933
406408,0.035833787
406409,0.0141961835
406475,0.35086682
406492,0.043137524
406510,0.10504268
406519,0.07036346
406565,0.15920973
406584,0.09315213
406596,0.02039333
406598,0.010698911
406605,0.08933217
406609,0.020765752
406610,0.038757756
406611,0.012146644
406654,0.08997099
406670,0.035601526
406675,0.15346105
406681,0.07648127
406682,0.012304964
406695,0.0282864
406697,0.043942727
406712,0.10838847
406719,0.042301837
406725,0.12113261
406734,0.018853474
406743,0.10744086
406778,0.045417067
406784,0.108671784
406786,0.040625405
406791,0.084568195
406792,0.04752236
406803,0.0764793
406812,0.013559364
406813,0.034067903
406814,0.084025115
406841,0.026994355
406842,0.06928936
406843,0.009780951
406848,0.1257743
406861,0.01928415
406862,0.13010274
406863,0.008375498
406864,0.0119472565
406865,0.06872879
406871,0.074575014
406872,0.110437945
406873,0.22821473
406893,0.03355074
406919,0.04134026
406920,0.027861144
406921,0.082072414
406923,0.09055823
406924,0.077330574
406925,0.0057468275
406926,0.059373606
406927,0.15928024
406936,0.011278857
406937,0.1942573
406938,0.016084502
406939,0.025939602
406940,0.04083973
406941,0.022843955
406952,0.031262457
406953,0.05637143
406954,0.057925567
406962,0.051025398
406963,0.43604934
406964,0.030292446
406965,0.19177456
406966,0.060349777
406967,0.021825064
406968,0.06529055
406969,0.3422874
406970,0.052897178
406971,0.10263227
406972,0.075383246
406973,0.04515958
406974,0.075516775
406975,0.04029977
406976,0.009972652
406977,0.025144184
406985,0.03064634
406987,0.025857091
407025,0.10572497
407031,0.04828564
407033,0.1699009
407039,0.048921887
407041,0.050756864
407044,0.064990394
407046,0.030533118
407053,0.030384505
407061,0.023213672
407069,0.05684857
407070,0.059379615
407072,0.014147407
407073,0.025948364
407081,0.079995364
407082,0.090898685
407088,0.01634727
407091,0.10091554
407097,0.0061443336
407104,0.11095249
407105,0.33226585
407106,0.016646689
407121,0.025322085
407128,0.018392637
407137,0.021809602
407144,0.190575
407145,0.17556618
407154,0.06656362
407162,0.09223338
407164,0.06588969
407168,0.27190965
407203,0.042062905
407210,0.107906684
407215,0.027043909
407218,0.01770572
407228,0.021396853
407262,0.116804436
407274,0.33375603
407280,0.1852003
407288,0.017147651
407298,0.012512558
407299,0.3080816
407302,0.13601126
407303,0.18415947
407305,0.16394946
407306,0.10451684
407307,0.020454334
407313,0.007823382
407314,0.0077986377
407315,0.016530048
407316,0.02470059
407322,0.08952685
407323,0.055492193
407324,0.036648106
407325,0.033421505
407329,0.115366824
407330,0.13624655
407332,0.042113133
407333,0.07068985
407334,0.039561123
407335,0.08840631
407336,0.08007792
407337,0.09008558
407338,0.11675818
407339,0.015604874
407340,0.01961077
407341,0.05943832
407342,0.01737465
407343,0.085936345
407344,0.017706808
407345,0.012731411
407346,0.12839533
407353,0.08975551
407364,0.037493482
407365,0.0196966
407366,0.021940477
407370,0.054404307
407373,0.16570912
407376,0.12479147
407386,0.02159137
407388,0.016230196
407391,0.015079169
407393,0.0214834
407427,0.030747756
407452,0.046645984
407454,0.057744384
407457,0.014697063
407462,0.017129272
407463,0.033527974
407468,0.21437295
407469,0.23685431
407478,0.04547061
407482,0.022946559
407487,0.071434066
407489,0.09115037
407498,0.43795088
407516,0.11947553
407519,0.04829377
407528,0.12930804
407532,0.28683865
407534,0.14728954
407543,0.023175834
407546,0.15349156
407550,0.032113686
407555,0.023433952
407558,0.04135612
407587,0.017911699
407588,0.01556446
407594,0.16920075
407596,0.033039186
407598,0.025778355
407602,0.053506706
407605,0.026372334
407613,0.091039315
407619,0.21878438
407625,0.043918088
407627,0.024050592
407629,0.055861782
407631,0.02213248
407633,0.029428119
407636,0.15509588
407645,0.54898214
407648,0.030023564
407669,0.014829554
407674,0.006731418
407675,0.038306404
407676,0.04158644
407677,0.08157977
407678,0.2754572
407679,0.036078
407680,0.16570713
407681,0.038791176
407682,0.02120712
407684,0.17037445
407692,0.036874585
407693,0.3010252
407694,0.07098843
407695,0.018136716
407696,0.082754195
407697,0.087816246
407698,0.053717453
407699,0.03346827
407702,0.047269944
407703,0.075872734
407725,0.08264543
407726,0.076374404
407729,0.16035171
407731,0.01629872
407745,0.09593072
407749,0.02430576
407750,0.012344609
407751,0.118420236
407752,0.39050144
407753,0.25870645
407754,0.049189437
407755,0.14104605
407756,0.021200258
407765,0.036027834
407766,0.037540272
407767,0.025190886
407768,0.019455045
407773,0.07661629
407774,0.06377583
407778,0.05088824
407779,0.03779605
407780,0.307764
407781,0.06032218
407782,0.014286648
407783,0.08918244
407784,0.057753883
407825,0.12157972
407826,0.00792448
407828,0.034041233
407829,0.016487636
407830,0.22781391
407831,0.01751988
407832,0.030485194
407838,0.024484737
407839,0.050472587
407840,0.018181916
407841,0.048745297
407842,0.045721322
407855,0.12617028
407857,0.04744834
407881,0.09611047
407882,0.14170744
407885,0.015452413
407915,0.022227017
407916,0.015539724
407918,0.06948577
407919,0.057202853
407920,0.024977248
407921,0.10503239
407922,0.010711675
407927,0.04183676
407934,0.032870762
407941,0.13655616
407942,0.016929848
407943,0.028093776
407944,0.06248866
407946,0.028477939
407947,0.015684139
407952,0.009669302
407955,0.06426967
407978,0.12946546
407986,0.015856475
408003,0.08282022
408006,0.015023656
408008,0.006505947
408015,0.021572001
408016,0.022101555
408028,0.11610016
408035,0.02072086
408042,0.029070154
408044,0.21614417
408052,0.013040104
408053,0.03096986
408056,0.03204241
408068,0.021492708
408071,0.02843153
408074,0.031602994
408085,0.098396495
408089,0.025398
408091,0.035280094
408098,0.019566592
408106,0.056333862
408108,0.17887363
408116,0.27984303
408126,0.035805576
408130,0.12306872
408135,0.011294961
408148,0.034984823
408168,0.14875768
408170,0.08325072
408172,0.0682622
408176,0.017890861
408181,0.034338076
408191,0.008780931
408194,0.088886224
408213,0.03862424
408248,0.024357852
408249,0.009724232
408250,0.039048515
408256,0.14493808
408261,0.06453237
408262,0.06420558
408268,0.084841974
408269,0.021122172
408273,0.04242388
408280,0.056422662
408286,0.118512705
408347,0.09458391
408349,0.010028646
408350,0.017965749
408351,0.022096273
408352,0.015006672
408355,0.03204176
408356,0.047940366
408357,0.03896471
408384,0.057380408
408385,0.052493695
408386,0.0433081
408387,0.011164874
408388,0.02094479
408389,0.04770931
408390,0.062560394
408391,0.10740553
408392,0.16673152
408393,0.055388022
408398,0.02017481
408399,0.033103615
408400,0.021885011
408405,0.01569691
408406,0.017909355
408437,0.019635327
408459,0.019596998
408460,0.049690034
408463,0.061697
408467,0.01572454
408468,0.09338288
408471,0.018379062
408477,0.13063681
408478,0.022425354
408479,0.01516809
408481,0.016537728
408482,0.02012074
408483,0.026547475
408484,0.04235253
408485,0.08342806
408486,0.017337281
408489,0.07556448
408490,0.024384173
408504,0.005367526
408506,0.0341222
408508,0.110921025
408514,0.011688549
408515,0.030495945
408516,0.053205293
408517,0.12281615
408518,0.10375202
408523,0.050870635
408524,0.015086686
408525,0.014167838
408526,0.16171482
408531,0.040474247
408579,0.015108036
408580,0.07547626
408581,0.016880952
408599,0.09211897
408615,0.07415598
408616,0.02106062
408617,0.13890077
408619,0.011094017
408622,0.07530029
408624,0.037039474
408625,0.025545804
408626,0.014930482
408627,0.07501442
408651,0.032011822
408658,0.025129117
408659,0.13382955
408660,0.06840271
408661,0.018166807
408662,0.06860622
408688,0.022180542
408689,0.28416857
408690,0.050494347
408695,0.054384418
408696,0.046860445
408701,0.07143377
408702,0.034258995
408705,0.02714569
408728,0.0609158
408742,0.015760671
408759,0.02896591
408766,0.049609967
408768,0.12086077
408774,0.043152772
408775,0.22010928
408780,0.012274195
408790,0.017414402
408791,0.01855822
408792,0.031419635
408794,0.03611147
408797,0.08380256
408808,0.054889955
408830,0.05571039
408857,0.009895751
408863,0.06697286
408874,0.34779295
408880,0.05377078
408885,0.020054715
408890,0.027807236
408898,0.11860277
408902,0.024031358
408903,0.018945128
408905,0.057066042
408908,0.012615968
408911,0.014136267
408921,0.14266834
408932,0.02405556
408933,0.0950537
408935,0.19297381
408960,0.08986077
408968,0.018092133
408985,0.016393494
408986,0.024126526
408990,0.023008224
408993,0.059947178
409001,0.04719478
409003,0.017161248
409008,0.04932104
409010,0.10647921
409015,0.007584813
409017,0.063349225
409028,0.014829684
409034,0.016897636
409035,0.018378122
409041,0.039215587
409054,0.022716094
409057,0.017905772
409064,0.03780568
409065,0.25783587
409066,0.01968147
409068,0.12603527
409076,0.0136345485
409080,0.03624255
409083,0.05726751
409084,0.0433184
409085,0.041691154
409088,0.017617844
409105,0.07781374
409121,0.015451692
409123,0.4838319
409133,0.038441706
409153,0.0716829
409156,0.019469013
409157,0.21148196
409158,0.021593321
409163,0.30726832
409167,0.05834438
409168,0.09758489
409169,0.032032266
409172,0.117001146
409173,0.015373793
409174,0.008301005
409175,0.020210313
409192,0.22674078
409193,0.06791336
409197,0.03303415
409204,0.015234335
409206,0.037832204
409208,0.12022798
409209,0.06478728
409212,0.11247812
409213,0.03597001
409214,0.089394815
409217,0.01899701
409218,0.045358166
409220,0.06556381
409221,0.03346044
409227,0.015144131
409228,0.013525733
409229,0.07039937
409230,0.12056333
409259,0.04265723
409261,0.022067344
409269,0.24501055
409277,0.01685728
409278,0.01108302
409285,0.088280216
409286,0.028808355
409287,0.08759068
409293,0.04580949
409297,0.012903661
409298,0.024186812
409299,0.032769576
409340,0.025101021
409377,0.0659326
409383,0.033383876
409384,0.025252717
409409,0.02723605
409412,0.022382017
409413,0.08578867
409414,0.083287
409415,0.026504034
409423,0.030132413
409428,0.11183089
409429,0.015720095
409430,0.048790082
409431,0.011284158
409432,0.09561725
409433,0.02948055
409434,0.16121921
409442,0.12524801
409443,0.24655218
409446,0.030502202
409463,0.058680076
409482,0.020530075
409507,0.043588452
409508,0.051330574
409509,0.008916736
409514,0.049065843
409535,0.06722873
409536,0.06105666
409537,0.018400375
409538,0.033825167
409541,0.0626659
409542,0.039131198
409543,0.0338561
409545,0.05512251
409550,0.018790513
409551,0.021701446
409552,0.0651922
409553,0.2517611
409558,0.05194761
409563,0.02566167
409574,0.03880361
409607,0.03336786
409608,0.16329339
409628,0.0049590655
409632,0.11236234
409633,0.13785559
409636,0.061087348
409676,0.017901288
409691,0.018120866
409694,0.09395055
409707,0.040964924
409723,0.009289693
409741,0.02034842
409743,0.123474784
409747,0.031066844
409773,0.058436006
409777,0.21581958
409778,0.14558889
409804,0.06696163
409805,0.01001097
409812,0.023974981
409817,0.024775384
409836,0.04418516
409846,0.10840594
409850,0.11007583
409852,0.011663982
409861,0.29066783
409864,0.22289631
409871,0.04334705
409891,0.04385098
409896,0.018638492
409917,0.06324983
409918,0.011668328
409923,0.058578655
409941,0.012318036
409949,0.10366981
409953,0.01705971
409958,0.017076587
409972,0.06862831
409979,0.21756029
409983,0.15124844
409984,0.074951075
409985,0.008291875
409986,0.1012969
409994,0.083398715
409999,0.026495472
410019,0.12684244
410024,0.06076768
410025,0.021738788
410039,0.014877707
410044,0.109700665
410045,0.03700188
410046,0.055910654
410047,0.01568657
410048,0.05522316
410065,0.05958281
410066,0.10192948
410073,0.0661091
410087,0.0161309
410089,0.12014068
410092,0.032573648
410093,0.16780752
410094,0.036797494
410095,0.027719721
410096,0.0397593
410101,0.06482313
410102,0.050194472
410103,0.027590487
410107,0.011264735
410110,0.058042858
410111,0.039424084
410112,0.09710392
410142,0.012283497
410143,0.015928257
410161,0.041775856
410162,0.15129438
410165,0.023666227
410166,0.18869588
410167,0.18397593
410184,0.050727554
410185,0.019004975
410186,0.008094704
410187,0.07566996
410223,0.025524465
410256,0.15060067
410257,0.17083034
410258,0.016119938
410259,0.015486369
410269,0.24181183
410270,0.024490673
410273,0.05550895
410274,0.043172687
410275,0.012616881
410276,0.3269941
410277,0.0984416
410295,0.027500134
410296,0.011738885
410297,0.14465268
410298,0.039775982
410300,0.08773061
410301,0.038398307
410302,0.09545289
410303,0.042163946
410304,0.029971356
410305,0.019645745
410306,0.060821578
410307,0.04432555
410308,0.06985637
410309,0.042494785
410316,0.02575675
410317,0.055454537
410358,0.20871456
410359,0.01865699
410360,0.04640466
410368,0.08452558
410369,0.07365765
410370,0.026944207
410372,0.016973417
410373,0.011507951
410378,0.1742002
410379,0.021712642
410380,0.20129618
410387,0.27223384
410388,0.36016023
410389,0.032192398
410390,0.032783948
410405,0.023228314
410411,0.012191144
410416,0.033020314
410418,0.04879139
410424,0.1388482
410429,0.044234194
410438,0.027006565
410442,0.040636405
410448,0.01464993
410456,0.04465723
410464,0.022457689
410467,0.089238375
410473,0.07743982
410476,0.0068615256
410479,0.1464738
410499,0.19549862
410526,0.045037176
410528,0.040208533
410546,0.13375606
410564,0.012245277
410567,0.02506809
410571,0.105286844
410572,0.23785259
410573,0.03797922
410577,0.052713618
410581,0.027794946
410587,0.07602951
410588,0.040803853
410595,0.042992406
410602,0.013426062
410606,0.026071329
410616,0.018713988
410624,0.18496957
410626,0.095002264
410637,0.017862264
410660,0.07430665
410661,0.013631817
410663,0.038423568
410664,0.1077632
410669,0.03051385
410675,0.033245444
410679,0.14660962
410684,0.024010306
410689,0.014220065
410693,0.018839441
410697,0.010244557
410698,0.02149674
410699,0.01188973
410706,0.021391775
410710,0.08097605
410712,0.009631968
410716,0.020072576
410725,0.082471855
410735,0.071274206
410742,0.039664477
410745,0.010744572
410746,0.0056637498
410751,0.031322762
410753,0.030902443
410759,0.045291796
410761,0.16935948
410770,0.058104225
410778,0.10119848
410784,0.027469657
410786,0.07366212
410789,0.014533106
410800,0.04071884
410811,0.030066837
410813,0.014806358
410821,0.1307064
410822,0.015810981
410879,0.06611231
410880,0.044684466
410900,0.06750156
410901,0.11018261
410908,0.03308357
410909,0.016825525
410910,0.040521823
410911,0.11456111
410912,0.023622382
410913,0.022435622
410914,0.12569293
410915,0.018506529
410916,0.01295367
410917,0.074186
410918,0.032738943
410919,0.010183577
410922,0.04440999
410923,0.04797303
410940,0.028608128
410955,0.06650387
410956,0.36122036
410959,0.13447794
410960,0.11419292
410961,0.14520098
410962,0.04413895
410963,0.100870356
410964,0.03385844
410968,0.0484064
410970,0.008906459
410971,0.029637232
410972,0.089743495
410975,0.061379127
410994,0.09667175
410999,0.14895847
411011,0.21432273
411012,0.037976075
411014,0.100319594
411021,0.019981498
411022,0.22291236
411023,0.12602615
411024,0.11883987
411025,0.015192457
411026,0.30780336
411027,0.11998104
411028,0.014763113
411030,0.061456934
411031,0.07842898
411032,0.04880902
411033,0.08169021
411049,0.027478596
411050,0.02011956
411051,0.08338274
411052,0.07161926
411073,0.06137459
411074,0.020876097
411076,0.02862997
411080,0.02577687
411081,0.0233396
411082,0.0113520725
411093,0.071946524
411094,0.039739225
411095,0.05836156
411099,0.014824646
411102,0.030567583
411103,0.13493547
411112,0.022779286
411114,0.1066862
411115,0.03425367
411116,0.09760551
411168,0.056440182
411169,0.15006642
411170,0.056124758
411189,0.023903253
411190,0.02105929
411195,0.14097607
411196,0.1382635
411197,0.039866455
411205,0.0069927936
411206,0.13657963
411215,0.059603754
411216,0.018089382
411217,0.046721116
411218,0.10155721
411222,0.020244231
411238,0.012956931
411239,0.024436248
411240,0.04151744
411248,0.011158973
411274,0.07258293
411275,0.043063182
411293,0.0129762925
411299,0.028607357
411300,0.009821151
411301,0.03747209
411302,0.10262091
411305,0.14938892
411309,0.10266763
411334,0.034256123
411343,0.028050054
411349,0.012009116
411360,0.056409407
411363,0.010677248
411364,0.018206488
411384,0.06015604
411402,0.03925729
411424,0.03136388
411425,0.15609145
411430,0.0645683
411432,0.030228645
411434,0.19122061
411447,0.022578573
411450,0.010615594
411452,0.10331355
411463,0.076667964
411467,0.07868306
411474,0.033812013
411478,0.007135355
411480,0.060031973
411481,0.06402224
411502,0.0530056
411509,0.03737583
411511,0.16751847
411515,0.044273164
411516,0.11951928
411532,0.032962125
411565,0.0111445
411570,0.0323912
411600,0.043367263
411608,0.03895177
411613,0.017194822
411614,0.0122816805
411620,0.053526342
411634,0.010853942
411639,0.009078918
411645,0.052913494
411648,0.012428561
411660,0.04630904
411668,0.005821956
411672,0.09529426
411673,0.007847531
411674,0.50881094
411675,0.016098004
411676,0.0099669965
411677,0.15488407
411715,0.03727214
411718,0.016445411
411719,0.074556924
411720,0.0438293
411730,0.030978724
411731,0.061271176
411740,0.06174483
411746,0.015823938
411748,0.012956481
411749,0.012518982
411752,0.06918065
411753,0.0095938565
411754,0.019833777
411755,0.011255193
411767,0.012479132
411768,0.068799555
411819,0.08404425
411826,0.14240226
411827,0.034169838
411841,0.012987637
411842,0.3978989
411843,0.06923453
411844,0.07504606
411845,0.07296102
411846,0.11213287
411850,0.13586721
411852,0.16038474
411853,0.08528468
411854,0.019869488
411855,0.03168822
411856,0.06938558
411860,0.05844725
411883,0.033108212
411938,0.029067164
411939,0.108307794
411940,0.056479726
411957,0.19840123
411958,0.049122013
411959,0.06986542
411963,0.015993198
411969,0.026172454
411970,0.027143002
411971,0.023768632
411972,0.09011898
411973,0.016319674
411974,0.020114942
411975,0.028159037
411977,0.051235408
411978,0.41395122
411979,0.122375116
412004,0.040351816
412008,0.011287258
412009,0.024915723
412010,0.016240953
412030,0.09515208
412031,0.07582384
412032,0.011780706
412036,0.024500657
412038,0.038751177
412047,0.026458517
412049,0.2672498
412082,0.041053202
412092,0.1239085
412098,0.0653467
412101,0.15431662
412108,0.3318956
412111,0.103648715
412119,0.08769476
412128,0.014504415
412139,0.086606026
412152,0.10942355
412154,0.031113196
412178,0.13204545
412180,0.037587866
412193,0.03320613
412199,0.026345534
412204,0.024627555
412206,0.029926866
412207,0.012593188
412211,0.046015415
412220,0.0067075025
412221,0.04567962
412229,0.1041531
412234,0.019596262
412235,0.12248024
412236,0.13323712
412251,0.047257103
412262,0.075319044
412270,0.10745698
412280,0.04285458
412289,0.15459462
412305,0.013933297
412310,0.059913225
412345,0.04645019
412348,0.086243205
412361,0.08637534
412367,0.09792097
412368,0.02044588
412370,0.055293903
412372,0.2321068
412377,0.08585685
412380,0.007910432
412382,0.012078224
412391,0.020895552
412393,0.012282673
412411,0.14800823
412412,0.024626546
412415,0.20103174
412416,0.19747677
412422,0.06493127
412428,0.041983046
412430,0.02588952
412436,0.06323824
412447,0.039257105
412451,0.009732699
412456,0.03125343
412470,0.28234434
412472,0.037144847
412478,0.009154651
412487,0.050218932
412490,0.13727207
412494,0.09643453
412516,0.12923263
412519,0.042229205
412525,0.08329486
412527,0.13536324
412528,0.039928757
412551,0.42987865
412552,0.023122108
412557,0.020052692
412558,0.025906388
412559,0.10281851
412561,0.015395655
412563,0.011302062
412564,0.021848701
412565,0.06185293
412593,0.0341485
412598,0.24402195
412602,0.040426254
412610,0.048156295
412611,0.11465447
412612,0.016431246
412613,0.12237924
412621,0.061098948
412622,0.010544627
412623,0.061189085
412624,0.12426797
412637,0.034354653
412638,0.18905093
412639,0.16280818
412640,0.024523767
412641,0.026551798
412642,0.026898775
412643,0.05715994
412644,0.07094387
412651,0.10504916
412667,0.012799263
412669,0.06112203
412686,0.21746115
412712,0.014796705
412713,0.08187493
412714,0.023598973
412715,0.016074797
412720,0.12059521
412728,0.032982133
412738,0.017808154
412739,0.02459323
412740,0.057518728
412741,0.064503126
412753,0.026207743
412754,0.023908827
412762,0.031573847
412764,0.054418158
412765,0.055242326
412775,0.024187716
412776,0.030421663
412777,0.020467129
412778,0.2589799
412800,0.008532757
412801,0.024045506
412802,0.18699683
412829,0.04329202
412854,0.09020223
412855,0.029406533
412861,0.06734784
412862,0.027347755
412863,0.04924281
412883,0.023183785
412884,0.018962173
412886,0.32511064
412898,0.07536742
412899,0.0140545145
412900,0.016627941
412922,0.0707969
412941,0.058569893
412959,0.02310808
412967,0.06267393
412980,0.10310163
412997,0.02985141
413016,0.027390543
413017,0.08966853
413027,0.034326427
413034,0.13754824
413038,0.08642718
413054,0.0618637
413059,0.034755483
413065,0.026228122
413073,0.034523893
413075,0.3389255
413081,0.076068886
413089,0.14457394
413091,0.1475988
413094,0.064866155
413104,0.053781603
413107,0.18908192
413110,0.057978258
413113,0.23821034
413117,0.04929284
413124,0.028060097
413126,0.22356007
413137,0.084124126
413145,0.030268913
413146,0.013073098
413147,0.05622706
413150,0.0046059163
413159,0.10766202
413160,0.02643255
413172,0.12918934
413179,0.033989646
413181,0.015970156
413185,0.04543447
413188,0.10198966
413197,0.030412275
413208,0.14865088
413215,0.07982618
413216,0.11409317
413219,0.01459221
413232,0.020944253
413237,0.0951922
413243,0.30569756
413249,0.08450486
413262,0.047214072
413263,0.043515235
413271,0.08343066
413274,0.035209615
413280,0.08178885
413296,0.31273487
413299,0.07525673
413303,0.017424773
413320,0.08389841
413324,0.037588708
413325,0.032904133
413335,0.04407361
413341,0.048174564
413342,0.024313673
413351,0.17579491
413352,0.016014291
413359,0.028287701
413373,0.08274782
413374,0.08846517
413375,0.024103098
413376,0.03740204
413377,0.09282068
413383,0.042320862
413384,0.1858337
413392,0.060033374
413393,0.11016299
413395,0.029781949
413424,0.06610503
413425,0.0403058
413457,0.012275621
413458,0.04331321
413459,0.14984547
413460,0.013453746
413465,0.022149324
413466,0.11319819
413467,0.03375943
413468,0.014954568
413475,0.039915275
413476,0.08502199
413477,0.35868376
413478,0.015219934
413479,0.005772846
413489,0.07308861
413491,0.04257698
413492,0.097795665
413493,0.07447177
413494,0.07578522
413495,0.113725364
413498,0.05380084
413499,0.088357195
413545,0.102714956
413549,0.013919083
413550,0.085762374
413551,0.03457892
413552,0.236862
413553,0.04415259
413554,0.028813437
413558,0.10533312
413559,0.17774765
413562,0.043390416
413563,0.1556821
413564,0.013956059
413592,0.03438323
413593,0.017241366
413594,0.040166434
413595,0.027152337
413596,0.14019193
413597,0.022657279
413604,0.013978501
413605,0.086042166
413606,0.013349029
413607,0.016377695
413616,0.25519466
413617,0.061484557
413618,0.041914016
413625,0.037887335
413626,0.2537797
413627,0.07624489
413628,0.04195877
413629,0.028748881
413630,0.059831917
413631,0.018394703
413632,0.07249508
413633,0.16488238
413634,0.06907372
413635,0.12146181
413636,0.03684779
413644,0.017215434
413645,0.009309268
413646,0.018541913
413683,0.044507004
413685,0.049132597
413686,0.14852859
413690,0.017734943
413691,0.01254122
413692,0.02027165
413693,0.08266248
413694,0.2549908
413695,0.012947854
413696,0.097775824
413702,0.06930018
413707,0.021692727
413708,0.07662739
413709,0.11054008
413730,0.018829934
413731,0.093394525
413732,0.031383194
413733,0.026245356
413734,0.04780816
413736,0.026396753
413748,0.028723437
413749,0.09537378
413751,0.31206423
413752,0.47979283
413754,0.062371988
413755,0.24257067
413756,0.052095667
413757,0.06408501
413758,0.10247519
413759,0.037832126
413760,0.050348
413764,0.01465888
413765,0.041231707
413766,0.067975685
413767,0.1273965
413768,0.054129153
413769,0.050289914
413770,0.021832079
413776,0.021766292
413777,0.012500893
413778,0.011470061
413797,0.05814596
413824,0.023752194
413828,0.054444592
413831,0.2219322
413834,0.009332227
413841,0.0087721255
413848,0.019322217
413850,0.024046488
413851,0.2879808
413857,0.0069559542
413860,0.011407037
413867,0.030206446
413868,0.07288211
413871,0.03744582
413878,0.027854696
413882,0.02484379
413885,0.010913807
413886,0.09448163
413892,0.042217925
413896,0.24292901
413897,0.05887591
413917,0.19229038
413921,0.011766099
413934,0.20217061
413941,0.029499516
413953,0.01243926
413958,0.056701794
413967,0.09670392
413971,0.021146057
413975,0.030650994
413978,0.04018236
413983,0.07639402
413984,0.009909205
413989,0.018261787
413992,0.016692787
414001,0.06793636
414002,0.022819737
414003,0.058818795
414007,0.22583103
414008,0.054006744
414016,0.112735435
414022,0.023051172
414026,0.08501895
414041,0.038400203
414042,0.17014453
414045,0.039202485
414047,0.06944115
414050,0.42119485
414061,0.015492172
414068,0.065950006
414076,0.042548764
414093,0.06652302
414102,0.00951935
414109,0.17751469
414117,0.03871927
414144,0.02682184
414149,0.008582104
414160,0.029435322
414166,0.3099489
414171,0.17459454
414172,0.063323386
414183,0.0397504
414186,0.032126673
414192,0.015995862
414194,0.086816
414203,0.42422712
414206,0.014205253
414207,0.0133760525
414229,0.043006316
414231,0.03775514
414248,0.01931701
414251,0.08793704
414252,0.029547751
414253,0.4106445
414254,0.08161707
414255,0.18930544
414262,0.03601001
414265,0.34752426
414266,0.16301103
414267,0.033823915
414269,0.086713076
414270,0.07576507
414271,0.03689748
414272,0.047611017
414273,0.045930758
414275,0.016533194
414323,0.37108007
414324,0.030601636
414328,0.023047194
414329,0.065274395
414333,0.0127895735
414341,0.032001924
414357,0.023963438
414358,0.013647981
414359,0.062407274
414362,0.108766414
414363,0.01846834
414368,0.01932508
414372,0.046371147
414375,0.025620129
414376,0.01400441
414382,0.052684028
414383,0.1725534
414480,0.02183854
414481,0.08557421
414484,0.37079918
414485,0.025719099
414486,0.011971762
414487,0.079669416
414488,0.09669149
414489,0.018660896
414492,0.009768862
414493,0.09292621
414497,0.016142786
414501,0.04495628
414543,0.09535323
414544,0.14334516
414559,0.03642069
414560,0.08198867
414561,0.009914095
414573,0.09168185
414574,0.02641375
414575,0.15355963
414577,0.057401672
414584,0.3643603
414585,0.021427581
414586,0.099123165
414590,0.016717702
414591,0.04415048
414593,0.1627505
414597,0.029645449
414598,0.29126158
414621,0.09490067
414635,0.08170718
414639,0.030540816
414640,0.012050314
414648,0.060617384
414656,0.014334307
414659,0.05711371
414660,0.029791404
414663,0.038504392
414683,0.046872124
414691,0.06687005
414700,0.11476295
414705,0.0069801356
414708,0.0826648
414711,0.03395283
414712,0.023514718
414716,0.025640067
414720,0.018177485
414733,0.0073057106
414740,0.030558344
414748,0.05829642
414767,0.3548893
414771,0.12171261
414779,0.041459106
414785,0.08283071
414787,0.12291439
414793,0.012661793
414816,0.03856525
414830,0.05414042
414831,0.30545145
414859,0.027297512
414864,0.022629373
414867,0.036001243
414871,0.025966793
414879,0.05960126
414892,0.14383142
414895,0.09196521
414911,0.10392681
414915,0.053314038
414922,0.1665442
414939,0.019945705
414945,0.047630213
414960,0.031985603
414969,0.036247082
414973,0.014867025
414979,0.04288517
414985,0.019850131
414992,0.012165701
414996,0.030219452
415000,0.013404059
415001,0.05301193
415005,0.014874957
415024,0.08245511
415038,0.035913102
415041,0.098842055
415049,0.062153704
415055,0.060073912
415061,0.0489636
415064,0.13399555
415069,0.026255384
415070,0.044780176
415071,0.008048296
415072,0.034704205
415074,0.0124123115
415078,0.07568745
415079,0.015621444
415080,0.1623143
415081,0.2637691
415082,0.1151162
415085,0.101765
415086,0.034489907
415089,0.07249359
415090,0.039035413
415091,0.074359715
415092,0.09728611
415095,0.09002527
415100,0.07860088
415101,0.009262366
415102,0.12003586
415103,0.03422381
415104,0.027328517
415106,0.04470703
415107,0.019489411
415108,0.22331138
415109,0.14577019
415110,0.023397014
415111,0.013957513
415113,0.020290034
415114,0.014984833
415115,0.03172627
415116,0.0195171
415117,0.006116458
415118,0.11272309
415119,0.3335219
415120,0.029977627
415121,0.06866812
415122,0.09059856
415123,0.01165367
415124,0.2949113
415126,0.08857847
415152,0.018766502
415205,0.02285168
415209,0.028486317
415326,0.035161525
415409,0.026573276
415414,0.012474639
415430,0.04627586
415466,0.11035576
415467,0.17528307
415473,0.029731978
415474,0.008977794
415479,0.02098773
415480,0.02833216
415486,0.009224303
415488,0.052163873
415489,0.030927408
415490,0.027288115
415493,0.034543157
415494,0.041749835
415497,0.01682134
415498,0.05361802
415499,0.022090524
415505,0.017220188
415506,0.074521996
415509,0.02974561
415511,0.06755011
415514,0.038245313
415517,0.15421697
415519,0.06251588
415521,0.2563078
415522,0.02057252
415523,0.02991036
415525,0.015667498
415527,0.051387846
415529,0.01607871
415531,0.017074745
415533,0.06353708
415534,0.044006296
415536,0.014798539
415537,0.090363756
415539,0.15402327
415540,0.04498977
415541,0.2086332
415542,0.047810987
415543,0.024375977
415544,0.032558635
415545,0.080066934
415546,0.33316624
415547,0.012107642
415548,0.018448154
415549,0.1934042
415550,0.13072583
415652,0.01641407
415654,0.016024148
415686,0.039653763
415687,0.049393658
415695,0.056468487
415698,0.09886266
415701,0.088814795
415705,0.12838952
415707,0.019167975
415709,0.02469409
415712,0.03031407
415718,0.031142833
415724,0.019593466
415729,0.031196164
415730,0.22578381
415731,0.041825496
415733,0.01924004
415736,0.02464608
415737,0.013323163
415738,0.05781517
415741,0.008470153
415742,0.17767355
415743,0.071232505
415744,0.020469278
415745,0.0074137747
415746,0.023551997
415747,0.09320648
415749,0.045511767
415750,0.067602865
415751,0.18376449
415752,0.028065797
415753,0.13983165
415754,0.021038271
415755,0.027405424
415756,0.08323978
415757,0.05579297
415850,0.13421704
415874,0.06846618
415930,0.07424357
415962,0.22462194
415994,0.1956318
415995,0.05009246
416088,0.066506684
416129,0.25117424
416228,0.020154456
416229,0.019489706
416239,0.10497071
416243,0.030669998
416245,0.08105019
416253,0.04996689
416263,0.024269942
416264,0.09282716
416265,0.104038715
416269,0.35757145
416272,0.038422205
416273,0.06761764
416274,0.07607893
416275,0.029825041
416276,0.03952994
416277,0.10730849
416278,0.058371507
416280,0.01609902
416283,0.054627147
416287,0.027957942
416288,0.08045244
416291,0.031783216
416292,0.123725235
416294,0.10124769
416295,0.40809882
416296,0.035451002
416300,0.030468686
416301,0.045625977
416302,0.039236195
416303,0.07663337
416305,0.06780141
416306,0.07776081
416307,0.09230876
416309,0.03860556
416310,0.15639518
416311,0.037207857
416312,0.027391717
416313,0.3282456
416314,0.0072162338
416315,0.09521157
416316,0.1000504
416426,0.012972208
416435,0.015925834
416444,0.038857937
416477,0.18959352
416484,0.038728956
416488,0.06008979
416502,0.037326016
416542,0.07814288
416582,0.024381973
416647,0.009783182
416658,0.027085476
416659,0.021374082
416675,0.023036808
416676,0.13780972
416696,0.39386964
416721,0.022503128
416729,0.01795682
416743,0.060328674
416744,0.0916914
416761,0.032867946
416793,0.08132902
416826,0.007888088
416848,0.053499557
416850,0.034227468
416860,0.09479531
416861,0.23175652
416862,0.04104522
416865,0.037778698
416870,0.0805797
416871,0.07477304
416872,0.016343705
416874,0.12274324
416877,0.014730041
416879,0.010289363
416881,0.029259391
416882,0.028523123
416883,0.016354296
416884,0.018439703
416885,0.03031789
416886,0.14721426
416887,0.027517049
416888,0.048832037
416890,0.016084401
416893,0.044047035
416894,0.027380066
416895,0.05031816
416896,0.011088112
416897,0.052422546
416899,0.04367726
416900,0.011632819
416901,0.01863338
416902,0.0057567703
416903,0.07932542
417043,0.020098088
417159,0.012902889
417182,0.027035657
417183,0.08211796
417187,0.032503918
417209,0.024829624
417226,0.3870607
417228,0.19092824
417232,0.030117327
417234,0.016529325
417241,0.06258703
417245,0.01664824
417246,0.06251259
417247,0.09738197
417250,0.08377533
417251,0.017542813
417253,0.006147556
417254,0.03491444
417255,0.025907863
417256,0.05367003
417257,0.057458207
417258,0.15029289
417259,0.011713846
417260,0.120553575
417261,0.009182829
417263,0.09471704
417264,0.015381122
417265,0.026176509
417266,0.051673397
417267,0.04525182
417268,0.017590424
417338,0.016305014
417342,0.06517595
417349,0.026361965
417382,0.07462858
417388,0.046709966
417389,0.08326225
417393,0.092732154
417395,0.108600184
417397,0.02362013
417398,0.006893266
417401,0.066200174
417403,0.17081651
417406,0.081563525
417407,0.35640484
417408,0.16569887
417409,0.025315292
417411,0.021113373
417412,0.034962516
417414,0.07212925
417416,0.12764354
417417,0.08490327
417420,0.034200884
417421,0.19176143
417422,0.2363471
417423,0.024321325
417426,0.013489265
417427,0.07495201
417428,0.0464956
417429,0.033695195
417430,0.07606578
417431,0.023019949
417432,0.018043712
417433,0.021243712
417435,0.04985303
417436,0.0324471
417438,0.022762708
417439,0.03727658
417440,0.042141676
417441,0.02661306
417442,0.1806857
417443,0.08771598
417444,0.07797973
417445,0.08539279
417446,0.0687038
417447,0.08798489
417448,0.050655387
417449,0.033446755
417450,0.028082674
417451,0.080465406
417452,0.03903283
417453,0.04167968
417454,0.050557945
417455,0.2866081
417456,0.01943724
417457,0.024433514
417513,0.0068905544
417544,0.22515048
417555,0.093508944
417567,0.044739436
417612,0.029110655
417625,0.13137984
417626,0.028732395
417627,0.13292083
417648,0.035577983
417735,0.031231413
417736,0.13702466
417749,0.029641185
417778,0.022666728
417863,0.040049043
417893,0.025527075
417895,0.022736143
417903,0.019041771
417910,0.051636763
417915,0.11648854
417925,0.033522066
417927,0.018029235
417940,0.21798235
417949,0.014933122
417950,0.010279022
417952,0.02352585
417956,0.013908608
417969,0.06931609
417970,0.022312509
417974,0.07321749
417975,0.0078051565
417976,0.02847828
417980,0.01798765
417982,0.09030603
417983,0.031373397
417987,0.01773247
417988,0.10824581
417989,0.02780314
417990,0.55802244
417993,0.044558614
417994,0.02509771
417995,0.006097962
417996,0.023496764
417997,0.015152569
417998,0.13095862
417999,0.07416526
418000,0.045547366
418001,0.06805423
418002,0.021578811
418003,0.19648838
418004,0.12892978
418005,0.16184798
418006,0.02568799
418009,0.1387364
418011,0.0814338
418012,0.013484976
418013,0.07035087
418014,0.22367096
418015,0.16658781
418029,0.101164214
418030,0.07318793
418132,0.072725594
418217,0.1384304
418222,0.015710624
418237,0.023187382
418272,0.08584713
418343,0.32830617
418344,0.081531204
418345,0.1297483
418386,0.07139971
418387,0.042187147
418402,0.021548558
418436,0.012456993
418456,0.3498733
418458,0.059832927
418460,0.08852494
418487,0.08733706
418514,0.012277271
418519,0.011200576
418532,0.011597093
418539,0.022951819
418549,0.027558677
418555,0.02154348
418556,0.3287449
418558,0.06883581
418559,0.01770785
418562,0.011567365
418568,0.36314932
418576,0.0111107845
418578,0.20440859
418580,0.0837521
418581,0.1988481
418582,0.010733098
418584,0.018665563
418585,0.043420248
418587,0.038732514
418591,0.015488157
418592,0.036861897
418593,0.058688864
418595,0.0146710975
418596,0.054151043
418597,0.02171402
418598,0.022709692
418599,0.016626738
418600,0.03799399
418601,0.047708735
418602,0.34783566
418603,0.22534078
418604,0.014419892
418606,0.08565959
418607,0.022603812
418608,0.0709237
418609,0.024212208
418610,0.038613476
418611,0.133782
418612,0.034984574
418613,0.04897514
418614,0.0710091
418615,0.011766171
418616,0.022949455
418618,0.2542224
418651,0.057065006
418652,0.015189962
418653,0.034113362
418658,0.1167784
418692,0.121441364
418749,0.19707133
418820,0.12208684
418843,0.06746828
418863,0.03579364
418915,0.027238559
418938,0.112677544
418957,0.045612276
419024,0.16922013
419061,0.013392659
419063,0.022343017
419076,0.07018389
419093,0.016860545
419131,0.054205783
419132,0.01336365
419138,0.027647026
419139,0.058902457
419141,0.022979738
419142,0.020628389
419143,0.029481994
419145,0.011404221
419149,0.027070072
419151,0.028610598
419152,0.02161625
419153,0.049885508
419154,0.02858249
419155,0.027807858
419156,0.041784197
419157,0.010195304
419158,0.5434499
419159,0.1983245
419162,0.01251282
419163,0.023068385
419165,0.22856152
419168,0.123040624
419169,0.018627467
419170,0.081919864
419171,0.2604571
419172,0.08643248
419173,0.07483538
419174,0.028490582
419175,0.010088638
419176,0.10728214
419177,0.12187167
419178,0.081185974
419270,0.18206166
419305,0.15143177
419330,0.04793629
419485,0.038324486
419491,0.06342469
419499,0.046035714
419513,0.11533675
419514,0.05673931
419535,0.03081589
419538,0.011644126
419582,0.36619222
419601,0.010499632
419611,0.09217552
419644,0.28423518
419648,0.065452985
419649,0.030640213
419656,0.05572203
419671,0.009320257
419677,0.08573164
419685,0.1355034
419688,0.13485439
419689,0.1875497
419690,0.017354086
419691,0.0413098
419698,0.5649488
419699,0.009134202
419701,0.19741382
419703,0.23409641
419704,0.02269115
419705,0.1364999
419746,0.26386926
419750,0.008367717
419767,0.0120091
419775,0.05714257
419783,0.060289256
419787,0.2616143
419788,0.070748106
419790,0.025436925
419791,0.051629625
419792,0.031093378
419794,0.12021156
419795,0.20486434
419797,0.028641524
419798,0.020590786
419799,0.01161367
419804,0.13653043
419805,0.09597055
419806,0.029327624
419808,0.016353162
419810,0.04312931
419811,0.057385925
419812,0.21380466
419815,0.056816183
419816,0.060564026
419817,0.037077703
419818,0.2834042
419820,0.059195887
419821,0.03697865
419824,0.17304717
419825,0.054622225
419826,0.029406678
419827,0.0067315595
419828,0.025002811
419829,0.029895568
419830,0.38605875
419831,0.028106317
419832,0.05335986
419833,0.08565196
419834,0.02943544
419835,0.01176643
419836,0.03316924
419837,0.060070593
419838,0.012853126
419839,0.06426729
419840,0.04101248
419841,0.12355322
419842,0.17240877
419843,0.07073056
419913,0.09573184
419916,0.044342697
419955,0.020462409
419956,0.06606248
419992,0.021935046
420150,0.045112673
420160,0.11642099
420190,0.026707858
420195,0.05721684
420204,0.10067575
420207,0.0791468
420210,0.021359397
420214,0.066307396
420218,0.011783537
420219,0.030122139
420220,0.063861646
420242,0.009582764
420249,0.014943899
420254,0.039974608
420255,0.010530395
420258,0.22884792
420260,0.005824917
420263,0.1222342
420265,0.026775625
420271,0.02663444
420273,0.03471051
420274,0.029192973
420275,0.036653124
420277,0.00620237
420278,0.06959291
420279,0.020829305
420280,0.068109155
420281,0.041257467
420283,0.07269652
420284,0.031690683
420285,0.0350833
420286,0.032145992
420287,0.038157195
420288,0.008215415
420290,0.024121664
420291,0.018997531
420293,0.035572246
420294,0.008865847
420295,0.09778251
420296,0.013580309
420297,0.09595922
420298,0.017826604
420299,0.10199631
420300,0.084185995
420344,0.057182536
420345,0.2187911
420347,0.011547761
420348,0.05776383
420349,0.028279003
420350,0.010584369
420351,0.0146769695
420352,0.015900245
420353,0.03359392
420354,0.17047085
420355,0.02626553
420356,0.06001818
420357,0.03085995
420358,0.08801283
420359,0.038439613
420360,0.018800024
420361,0.010053773
420362,0.033619635
420363,0.08138521
420364,0.13436121
420365,0.027672386
420366,0.04710048
420383,0.038960803
420436,0.08827014
420446,0.04676094
420554,0.07530635
420565,0.03836381
420569,0.05524542
420573,0.02184724
420574,0.10117228
420587,0.11426501
420589,0.09098104
420593,0.01491061
420594,0.036687136
420595,0.032093085
420598,0.00946676
420601,0.051115014
420602,0.11222063
420603,0.025343675
420607,0.009889228
420611,0.010573178
420613,0.04159676
420614,0.041861024
420615,0.1015673
420616,0.019062646
420617,0.09173149
420618,0.022814365
420619,0.04261239
420620,0.015019815
420621,0.12321317
420622,0.03908654
420623,0.058933154
420624,0.030131377
420625,0.015409492
420626,0.109813444
420627,0.14326386
420628,0.017199583
420629,0.0117010325
420631,0.020353481
420633,0.10675064
420634,0.03132829
420635,0.023936283
420636,0.02597865
420637,0.05434703
420662,0.011928115
420727,0.049013495
420728,0.14184222
420733,0.093887016
420787,0.019328436
420789,0.015286607
420792,0.0656443
420797,0.076559275
420814,0.012836369
420833,0.401133
420839,0.017713439
420841,0.14215566
420843,0.050371833
420844,0.07317783
420847,0.087310925
420849,0.025645157
420851,0.038509157
420853,0.05245811
420854,0.027932338
420855,0.02876943
420856,0.017335817
420857,0.0612974
420858,0.009425623
420859,0.01912297
420860,0.32439658
420861,0.102183044
420862,0.07279332
420863,0.059071667
420864,0.04939877
420866,0.4860208
420867,0.01723022
420868,0.027234465
420869,0.057869334
420870,0.0056040864
420871,0.035139665
420872,0.06638193
420873,0.011174204
420874,0.08753113
420875,0.067926005
420876,0.01804275
420878,0.022129752
420879,0.06851018
420880,0.016723424
420881,0.022373527
420882,0.019789048
420883,0.18575716
420884,0.27061608
420885,0.014412606
420886,0.06400786
420887,0.109335035
420888,0.020716747
420905,0.018698853
421015,0.013969773
421200,0.30787152
421269,0.06943542
421272,0.015327131
421290,0.13291058
421323,0.18011104
421342,0.008630139
421349,0.074356474
421355,0.020416455
421356,0.029886598
421363,0.19627169
421365,0.19681829
421381,0.06406746
421383,0.02640408
421386,0.2907437
421394,0.005051934
421395,0.054925214
421399,0.06274824
421431,0.12145239
421467,0.1033134
421554,0.23364973
421557,0.04969781
421558,0.06467069
421562,0.014047441
421614,0.18371929
421690,0.0054823244
421758,0.25087705
421776,0.04746384
421827,0.14467423
421828,0.084888525
421829,0.037742354
421848,0.020631025
421862,0.033105463
421863,0.041813508
421868,0.004793601
421884,0.029832764
421921,0.04575311
421924,0.07674725
421958,0.13995183
421961,0.010444642
421964,0.020624785
421968,0.038494483
421974,0.07190853
421975,0.006589777
421977,0.08817632
421978,0.41836306
421979,0.007171273
421980,0.015724432
421982,0.043163102
421985,0.0355349
421986,0.04683412
421987,0.040961046
421988,0.018399624
421989,0.08100775
421990,0.03396469
421991,0.032096706
421993,0.039238144
421994,0.05666364
421996,0.5937196
421997,0.008604303
421998,0.09330042
421999,0.10597625
422000,0.14297046
422001,0.027380176
422002,0.076009504
422004,0.061944716
422005,0.24863108
422007,0.060678717
422008,0.03962197
422010,0.06533295
422011,0.02170802
422012,0.03838382
422014,0.044685587
422015,0.2572206
422016,0.07184954
422017,0.017510567
422018,0.019142017
422019,0.20851772
422039,0.010502748
422041,0.023111356
422042,0.020272253
422043,0.03014185
422044,0.029150944
422045,0.09801952
422047,0.116934836
422048,0.0125315655
422049,0.020542722
422050,0.048912857
422051,0.0939053
422053,0.03794649
422054,0.10839577
422055,0.02051249
422056,0.04575161
422057,0.08017548
422058,0.09565506
422059,0.039674133
422060,0.028835287
422063,0.0823881
422064,0.007635435
422065,0.070491165
422066,0.021168789
422067,0.04302592
422068,0.017642815
422069,0.067216784
422070,0.02410807
422071,0.01135564
422072,0.021512685
422074,0.099709086
422152,0.007980408
422210,0.093847856
422227,0.19717549
422308,0.09665436
422339,0.041959822
422368,0.06131846
422391,0.017572876
422407,0.070396885
422485,0.024962962
422491,0.06741968
422506,0.06329618
422508,0.13016501
422512,0.05700568
422513,0.021934886
422514,0.019907907
422518,0.012791652
422519,0.013291705
422523,0.030682148
422524,0.13315761
422525,0.028592624
422526,0.013750674
422527,0.027953751
422531,0.14666083
422533,0.0059999656
422534,0.04993138
422536,0.04551418
422537,0.023294002
422538,0.118646465
422540,0.06968727
422541,0.33735114
422543,0.062947534
422544,0.2441404
422545,0.02110736
422546,0.017736245
422547,0.22947362
422548,0.0933139
422549,0.11467817
422550,0.03285841
422551,0.032673232
422552,0.01641829
422553,0.035401363
422554,0.1071491
422555,0.13546029
422556,0.011920047
422639,0.0087777935
422667,0.10192963
422734,0.09809615
422748,0.12378496
422749,0.21127649
422796,0.02850447
422810,0.022274794
422839,0.040348835
422850,0.122815244
422891,0.07044842
422940,0.091451876
422962,0.018444132
422964,0.052431487
423009,0.0938445
423022,0.022873804
423041,0.120599054
423046,0.09399784
423052,0.077521145
423055,0.009895324
423061,0.40720063
423075,0.015675254
423076,0.03664262
423077,0.06780349
423081,0.17510216
423083,0.07472717
423087,0.06456812
423089,0.009075565
423091,0.028959129
423098,0.07455735
423105,0.032371357
423106,0.05223219
423107,0.032161146
423114,0.09435515
423116,0.017436411
423120,0.04061585
423121,0.07260796
423125,0.044510543
423132,0.052415572
423133,0.01919735
423134,0.34617484
423135,0.015252117
423137,0.031330936
423138,0.023650471
423139,0.031301957
423140,0.027923916
423141,0.13083999
423143,0.035503585
423144,0.089887224
423145,0.014837707
423146,0.060309097
423147,0.05889921
423148,0.10764539
423149,0.015165322
423150,0.074270025
423151,0.012715397
423152,0.011814587
423153,0.27441597
423154,0.0049877344
423155,0.04877453
423156,0.01645166
423157,0.080748506
423158,0.021074295
423159,0.07366142
423228,0.07725372
423237,0.18896306
423386,0.20485292
423416,0.16930285
423417,0.105388686
423489,0.06457306
423503,0.21810396
423522,0.067499384
423571,0.036845174
423574,0.062453013
423580,0.037425004
423621,0.35856906
423622,0.12308137
423624,0.036569845
423629,0.025860656
423631,0.033461407
423648,0.013767649
423651,0.03579572
423652,0.037530225
423658,0.09020563
423663,0.008898026
423664,0.0127009805
423665,0.06419252
423668,0.042400114
423670,0.07770498
423671,0.039921273
423672,0.014083864
423679,0.017067589
423681,0.14484793
423687,0.052933466
423688,0.03252358
423690,0.011079795
423691,0.034707315
423693,0.025407571
423696,0.084324665
423698,0.06474061
423699,0.20833409
423700,0.022551024
423701,0.04028342
423702,0.06567926
423703,0.028513465
423704,0.01191467
423706,0.029755156
423707,0.0312311
423708,0.0074350205
423709,0.34444204
423710,0.11227953
423711,0.028144732
423712,0.114236146
423713,0.01524512
423714,0.40417996
423715,0.025340192
423717,0.07048481
423718,0.06838906
423719,0.15845048
423720,0.042480513
423721,0.041561674
423722,0.0239905
423723,0.15579864
423724,0.034241267
423726,0.015376259
423730,0.021064697
423734,0.0206095
423735,0.037143577
423736,0.051605146
423737,0.01468612
423738,0.03435503
423739,0.038789887
423740,0.023036141
423741,0.014279766
423742,0.047170147
423743,0.038687233
423746,0.01151414
423747,0.016104616
423748,0.08912265
423749,0.01688924
423750,0.21608546
423751,0.014511869
423752,0.020788308
423753,0.18256143
423754,0.06254941
423755,0.009722115
423756,0.09392506
423800,0.018272942
423894,0.010347335
423938,0.1731497
423939,0.06948615
423940,0.027885
423947,0.029469075
423957,0.15201886
423959,0.0808891
423966,0.2191608
423968,0.04526317
423972,0.027904764
423978,0.16328487
423979,0.0321347
423982,0.09109785
423983,0.06107887
423986,0.021794192
423990,0.025930002
423993,0.0059457705
423994,0.019731196
423996,0.0094492035
423998,0.026168197
423999,0.050279204
424000,0.011970637
424001,0.030543545
424002,0.016020782
424003,0.067794725
424004,0.019346511
424005,0.02392759
424006,0.050024107
424007,0.033999562
424008,0.04228211
424009,0.07723448
424010,0.04470071
424011,0.04477559
424012,0.008457811
424013,0.02834472
424014,0.060134966
424015,0.02513808
424016,0.061155513
424161,0.1341768
424189,0.12690166
424192,0.040040616
424198,0.02850223
424202,0.021514166
424203,0.007057517
424207,0.06423071
424208,0.02908474
424211,0.008062027
424214,0.03911954
424215,0.07646319
424216,0.037503675
424220,0.03568931
424222,0.05430091
424223,0.013234582
424232,0.03253813
424234,0.0152039835
424235,0.013231646
424236,0.016087892
424241,0.015517354
424244,0.031592466
424245,0.10745041
424246,0.016506331
424248,0.14488438
424249,0.04901356
424251,0.01183843
424252,0.025352886
424253,0.033811264
424254,0.04149772
424255,0.043579645
424256,0.112662844
424257,0.011263862
424258,0.07835103
424259,0.037561633
424260,0.014550215
424261,0.029200513
424262,0.037133005
424264,0.0673554
424265,0.041684866
424266,0.12941986
424267,0.017766077
424268,0.014146641
424270,0.06258404
424271,0.055817243
424272,0.019074464
424273,0.04711018
424274,0.102179706
424275,0.13750377
424320,0.04154405
424354,0.038655125
424359,0.033994474
424360,0.046715893
424361,0.0842637
424362,0.049100127
424363,0.03763101
424364,0.040708214
424365,0.020234298
424491,0.25844067
424576,0.080750264
424639,0.05049134
424640,0.027513597
424653,0.038263615
424672,0.118312694
424708,0.0141954
424724,0.03973565
424725,0.22515054
424734,0.2704495
424755,0.017063672
424758,0.1554444
424765,0.015980504
424770,0.10257721
424773,0.13598669
424780,0.03494473
424784,0.009268096
424791,0.034662206
424797,0.07458254
424800,0.014347142
424807,0.010056246
424809,0.025291882
424812,0.05893631
424813,0.07999546
424816,0.01459905
424817,0.02138869
424820,0.1042727
424822,0.03069596
424823,0.06775476
424825,0.01711353
424826,0.10385807
424827,0.034393094
424828,0.04679541
424830,0.042003907
424831,0.016272001
424832,0.065847896
424833,0.03532654
424834,0.049186505
424835,0.085863516
424836,0.075751506
424837,0.15732627
424838,0.09289646
424839,0.013025814
424840,0.034811486
424841,0.14225729
424843,0.008433359
424845,0.09062271
424846,0.027539227
424847,0.012371115
424848,0.03961463
424849,0.2101519
424850,0.23754376
424851,0.040966026
424852,0.019702328
424853,0.02372022
424854,0.032052502
424856,0.0150150005
424857,0.039531957
424947,0.0682752
425037,0.08227877
425039,0.17683867
425096,0.031957604
425107,0.02126749
425156,0.023930002
425191,0.04802834
425192,0.047965713
425230,0.010569608
425231,0.044731393
425237,0.009708257
425281,0.03891926
425301,0.056803346
425306,0.16050357
425312,0.017702864
425313,0.012709726
425317,0.039119765
425326,0.019154627
425330,0.016478974
425336,0.14327319
425338,0.08686982
425343,0.05879229
425345,0.0154683385
425360,0.15194534
425364,0.14171779
425368,0.022238836
425369,0.008397737
425371,0.06283241
425372,0.009106961
425373,0.07738294
425374,0.026900372
425376,0.2580543
425379,0.04304879
425380,0.0073415115
425381,0.022438481
425382,0.021580966
425383,0.021492092
425384,0.04086876
425385,0.01689069
425388,0.11190277
425389,0.027625218
425390,0.021311227
425391,0.0827702
425392,0.058940418
425394,0.05605583
425395,0.06107572
425396,0.026689036
425397,0.006767555
425398,0.050614253
425399,0.03723544
425400,0.027346438
425403,0.018688405
425404,0.051027536
425405,0.039337773
425406,0.08235414
425407,0.08234173
425408,0.021163195
425409,0.01740342
425411,0.030317092
425412,0.041409932
425413,0.2069512
425414,0.07059702
425415,0.09000854
425416,0.10951327
425418,0.014376746
425419,0.011125748
425423,0.06522499
425424,0.041927222
425425,0.6047042
425426,0.02711587
425429,0.03617137
425430,0.010621227
425431,0.06031965
425432,0.010157825
425433,0.11692257
425434,0.024024611
425435,0.110358626
425437,0.010412906
425438,0.0063942494
425439,0.032728814
425440,0.034862988
425441,0.02609144
425442,0.17271736
425444,0.14543423
425446,0.019384509
425447,0.09515833
425448,0.2516896
425449,0.1891056
425450,0.03094547
425451,0.010323835
425453,0.1507981
425454,0.14807002
425455,0.06937382
425456,0.12022098
425457,0.05156186
425458,0.10152802
425459,0.17015892
425460,0.0064262394
425461,0.02863591
425462,0.00515432
425511,0.04739856
425601,0.021568824
425810,0.067564934
425824,0.09985967
425830,0.24334796
425835,0.10043204
425838,0.02463486
425865,0.035632625
425877,0.10955321
425904,0.13111365
425905,0.012803763
425906,0.030713867
425909,0.090157844
425911,0.25043982
425913,0.051136352
425923,0.046497613
425932,0.023150777
425938,0.009948831
425939,0.0866333
425943,0.020627016
425944,0.008086612
425945,0.0071203737
425946,0.025393508
425948,0.05196526
425950,0.0175852
425952,0.054095056
425954,0.2111996
425955,0.011718314
425957,0.11505861
425958,0.02048175
425959,0.1471111
425960,0.16309321
425961,0.13974844
425962,0.015256805
425964,0.069094315
425965,0.022888903
425966,0.07678665
425967,0.035500474
425968,0.048116308
425969,0.044002026
425970,0.06925967
425971,0.08710769
425972,0.010937433
425976,0.052193318
426050,0.013665879
426051,0.2533342
426052,0.02472679
426053,0.012123102
426124,0.017581258
426132,0.049383067
426154,0.062269405
426192,0.04942749
426235,0.033205405
426297,0.090538435
426387,0.05838091
426396,0.022886602
426436,0.050238
426437,0.03857844
426460,0.02827897
426466,0.046705134
426469,0.02488644
426510,0.07553004
426617,0.089183815
426630,0.01720076
426631,0.0078902645
426650,0.030683586
426688,0.028552804
426691,0.016802872
426855,0.08845562
426873,0.24277352
426890,0.026449025
426891,0.04561533
426895,0.0064067887
426928,0.22349484
426929,0.017776642
426955,0.08579534
426957,0.04943573
427007,0.061143648
427009,0.021317411
427021,0.04964926
427023,0.013083294
427032,0.060290605
427036,0.010629685
427040,0.028020918
427041,0.03064908
427042,0.01831474
427044,0.013934325
427048,0.08899374
427050,0.08217034
427054,0.013165038
427057,0.020078495
427058,0.02261503
427059,0.017624589
427060,0.17221761
427062,0.025002893
427063,0.11205609
427064,0.027742572
427065,0.015289195
427067,0.097056106
427069,0.010234759
427070,0.012016365
427071,0.03578682
427072,0.026772525
427073,0.10566522
427074,0.022836357
427075,0.020774215
427076,0.030343821
427077,0.08458851
427078,0.045669287
427079,0.024566324
427080,0.0105911745
427081,0.051006153
427082,0.061056286
427088,0.05732889
427109,0.019070487
427110,0.12668887
427111,0.015562511
427114,0.027089952
427115,0.10688177
427120,0.005712687
427121,0.0118846465
427122,0.1757908
427125,0.017170891
427126,0.01797696
427127,0.0372498
427128,0.01245678
427129,0.042675614
427130,0.23834716
427131,0.013980243
427132,0.01215046
427133,0.015158995
427134,0.03113802
427135,0.013519101
427137,0.07460135
427138,0.02712502
427139,0.013264436
427140,0.106668174
427142,0.028606474
427143,0.037019413
427144,0.17542788
427145,0.010732572
427146,0.050558876
427147,0.05002916
427148,0.011889077
427149,0.13806452
427150,0.06390167
427151,0.008300036
427152,0.016278513
427153,0.012492548
427154,0.22992277
427155,0.034651197
427156,0.00874495
427157,0.09169636
427158,0.13069545
427159,0.05715594
427160,0.010854013
427161,0.041094627
427162,0.22855318
427163,0.16264763
427164,0.024342142
427165,0.006797147
427254,0.030007526
427263,0.057660043
427324,0.13775986
427330,0.16873252
427379,0.019684233
427465,0.011831224
427485,0.2713135
427489,0.021563072
427505,0.08219042
427567,0.19350815
427575,0.19430645
427578,0.07684894
427589,0.29522204
427612,0.15494189
427615,0.02777671
427618,0.012304276
427620,0.11674936
427622,0.004498857
427627,0.03132174
427628,0.022306366
427632,0.0624383
427634,0.0072018923
427635,0.04465565
427637,0.06243533
427639,0.06054954
427640,0.11846442
427641,0.0122463405
427642,0.054731462
427643,0.057672948
427645,0.04577641
427646,0.03214058
427647,0.041288346
427649,0.010014898
427650,0.020978257
427652,0.173516
427653,0.15597692
427654,0.009038026
427655,0.15413108
427656,0.01907547
427657,0.038245957
427658,0.14685339
427659,0.034113213
427660,0.040027034
427661,0.032508463
427662,0.012397769
427663,0.09342006
427664,0.1356791
427665,0.019089915
427666,0.019753318
427667,0.03876947
427668,0.05773092
427669,0.08511103
427671,0.20380303
427672,0.30184835
427673,0.017103326
427676,0.02241803
427677,0.006196228
427703,0.06338154
427738,0.022534695
427809,0.032465357
427881,0.045014944
427949,0.013975134
427985,0.33041108
428047,0.09071815
428054,0.45542514
428080,0.07373443
428143,0.1141369
428162,0.1235091
428166,0.018008772
428187,0.013464843
428188,0.04797393
428189,0.035514783
428195,0.03344653
428196,0.08530158
428198,0.14757453
428200,0.030479968
428201,0.03085564
428204,0.3176407
428206,0.057544835
428207,0.07843362
428208,0.09761831
428210,0.008986204
428211,0.02485999
428212,0.19481932
428213,0.04265377
428215,0.0146669345
428217,0.027267274
428218,0.028376304
428219,0.03700358
428220,0.013250625
428222,0.166424
428223,0.03445764
428224,0.0440638
428225,0.019087821
428227,0.025381632
428228,0.11121528
428229,0.056495942
428230,0.15683639
428231,0.022892939
428232,0.039388254
428233,0.025018172
428234,0.026419273
428235,0.34801996
428236,0.036434848
428237,0.07774902
428238,0.011780622
428240,0.0070501296
428241,0.041311383
428242,0.018402765
428243,0.25477472
428244,0.22920482
428311,0.049715705
428312,0.071389005
428313,0.1700576
428314,0.030892758
428409,0.016607743
428416,0.015492952
428423,0.038581897
428424,0.08939904
428463,0.04151056
428485,0.1440408
428517,0.022201639
428518,0.058897484
428561,0.017817037
428565,0.021243993
428590,0.03048595
428597,0.014488182
428614,0.060179844
428616,0.10732384
428621,0.0073541654
428626,0.05871758
428629,0.01568463
428636,0.13336094
428647,0.025922101
428654,0.01596827
428659,0.034887187
428686,0.024999246
428690,0.016837157
428701,0.036348924
428708,0.08252769
428714,0.045541827
428722,0.021870784
428729,0.022530623
428745,0.010123054
428751,0.06652329
428757,0.060371518
428764,0.037767693
428774,0.059376635
428778,0.01887257
428783,0.030100398
428789,0.008575336
428797,0.02837994
428799,0.06374143
428801,0.35350716
428804,0.062976465
428806,0.03794442
428813,0.029554086
428816,0.01867371
428821,0.11336222
428832,0.024067732
428839,0.023238841
428842,0.05152944
428850,0.12797053
428859,0.0598365
428871,0.0793939
428907,0.16570915
428913,0.02845701
428920,0.19786465
428924,0.03664247
428928,0.043242604
428930,0.027287617
428933,0.16268066
428938,0.09233907
428944,0.136848
428948,0.16001101
428963,0.029920705
428975,0.06970869
428979,0.020866923
428982,0.32091334
428984,0.015548114
428987,0.021794643
429015,0.009144906
429018,0.032727584
429028,0.013873292
429035,0.12203534
429037,0.011221291
429042,0.007847425
429055,0.025507765
429066,0.06280803
429067,0.24343473
429069,0.014892492
429077,0.056804083
429078,0.1280654
429083,0.009575266
429091,0.10643506
429093,0.014445947
429094,0.04415582
429103,0.06911179
429109,0.07534727
429121,0.11546153
429129,0.012765681
429134,0.025607934
429138,0.051711008
429164,0.045128774
429173,0.10091098
429182,0.027895465
429190,0.014300749
429199,0.0071839085
429219,0.071168564
429224,0.015668228
429226,0.1404453
429230,0.028255647
429239,0.015025028
429243,0.037830174
429256,0.041059203
429266,0.049891718
429269,0.11397012
429294,0.017553506
429295,0.095040426
429297,0.107251965
429299,0.034319557
429302,0.017042661
429305,0.15986855
429308,0.012540426
429314,0.13925093
429318,0.012121348
429348,0.027526392
429356,0.2598306
429359,0.08098229
429372,0.10043024
429373,0.042200815
429384,0.11974582
429385,0.12279472
429398,0.02272445
429405,0.06638073
429407,0.011772668
429408,0.07241721
429412,0.0698719
429414,0.096938685
429415,0.08550735
429421,0.06198945
429422,0.013661547
429430,0.043418705
429432,0.022994822
429440,0.19634661
429442,0.2765028
429451,0.52618945
429459,0.060441732
429469,0.021753674
429471,0.008342043
429482,0.009200161
429483,0.073302224
429491,0.15072195
429493,0.11592433
429496,0.13165295
429498,0.021433365
429501,0.016603583
429502,0.06387945
429508,0.044313062
429509,0.02572463
429511,0.3966684
429528,0.010959501
429531,0.31018335
429539,0.17047475
429549,0.17441604
429555,0.031119805
429557,0.03585355
429567,0.07270987
429570,0.022774525
429576,0.02341059
429590,0.015825966
429591,0.1957389
429597,0.05928904
429600,0.5608752
429602,0.030647285
429604,0.071823254
429623,0.030197188
429625,0.006380337
429626,0.044794735
429628,0.012170868
429634,0.022785941
429637,0.014802404
429666,0.024407685
429667,0.08485125
429670,0.05076523
429673,0.016020186
429678,0.030094435
429693,0.021032855
429702,0.00958492
429708,0.018442214
429737,0.024484431
429739,0.017745702
429740,0.021197231
429750,0.15202488
429770,0.12782244
429774,0.07066587
429777,0.0538924
429780,0.044498578
429809,0.06443028
429810,0.009069199
429831,0.02748141
429835,0.053786483
429838,0.058773685
429846,0.039615046
429851,0.04334648
429852,0.009231583
429856,0.022079553
429857,0.09794176
429866,0.32366568
429871,0.05106161
429873,0.18934238
429879,0.13773409
429882,0.02866713
429885,0.016219897
429890,0.08455506
429897,0.013827061
429933,0.036478855
429936,0.018033147
429948,0.03941771
429952,0.14708668
429967,0.015933683
429982,0.01349148
429989,0.11075991
430000,0.026481433
430003,0.017320525
430011,0.07520084
430019,0.09235632
430035,0.008919329
430042,0.23656178
430047,0.022832595
430048,0.045311797
430059,0.037382554
430060,0.10582945
430077,0.031665556
430080,0.039511718
430083,0.14489369
430086,0.044965543
430090,0.054050267
430103,0.0155301
430107,0.064400055
430114,0.015501063
430116,0.024655046
430124,0.028586498
430129,0.07291991
430132,0.12299022
430146,0.049750388
430155,0.1083674
430156,0.014382008
430160,0.06281265
430168,0.04810514
430170,0.059216578
430176,0.06694864
430177,0.29939818
430186,0.2745543
430187,0.024660684
430195,0.09758772
430198,0.28861308
430204,0.13552178
430210,0.046282005
430211,0.09786247
430213,0.099796236
430216,0.18425526
430217,0.057269216
430227,0.022442127
430253,0.022698658
430266,0.21367238
430274,0.02106038
430280,0.01617176
430300,0.0057920665
430301,0.010844024
430309,0.10031743
430313,0.04385042
430316,0.037827034
430319,0.08614177
430332,0.08743831
430346,0.02962188
430357,0.029572755
430359,0.042383235
430368,0.023121053
430376,0.025361558
430383,0.04808723
430389,0.03042211
430393,0.16987571
430394,0.023339916
430404,0.05028566
430405,0.03092127
430407,0.08299319
430433,0.061126735
430445,0.02473723
430446,0.040291123
430451,0.025069058
430452,0.008705119
430459,0.017314987
430466,0.02213871
430467,0.009865574
430473,0.20629257
430477,0.012162734
430483,0.07740751
430512,0.01481295
430521,0.008750282
430524,0.018556803
430529,0.05613868
430533,0.023430903
430536,0.015343424
430538,0.019211229
430540,0.1296891
430548,0.09469211
430549,0.026733851
430550,0.017494373
430566,0.1348378
430574,0.023755303
430576,0.035883375
430582,0.080155164
430585,0.06277268
430625,0.020056862
430627,0.029321479
430629,0.029125964
430637,0.115945086
430639,0.010267076
430641,0.04332493
430656,0.023078192
430659,0.010943288
430661,0.014151656
430671,0.09817691
430672,0.05902608
430673,0.029029962
430674,0.024666011
430676,0.0115825385
430691,0.012197552
430698,0.023055568
430699,0.13557078
430708,0.07411207
430719,0.02926665
430726,0.012955425
430728,0.25132453
430730,0.17425987
430731,0.08883956
430732,0.02831927
430738,0.07277857
430770,0.058952183
430782,0.09358923
430785,0.0365137
430786,0.019150384
430806,0.1909667
430818,0.19101037
430819,0.021674402
430820,0.02220541
430835,0.050048064
430836,0.053438205
430837,0.03739125
430838,0.015726665
430839,0.025834024
430847,0.24284244
430853,0.03364813
430856,0.005411774
430876,0.03111724
430886,0.0070045865
430887,0.034882803
430889,0.031893812
430927,0.0103820395
430931,0.0910167
430939,0.027298212
430942,0.011632992
430949,0.02382727
430957,0.030622302
430960,0.010866277
430961,0.021812871
430962,0.14171311
430973,0.028699907
430975,0.010453894
430976,0.032853328
430981,0.029876206
430992,0.025844837
431007,0.10807502
431010,0.15390235
431013,0.032687593
431023,0.0128337005
431027,0.026748983
431044,0.025101196
431056,0.00999121
431058,0.007714735
431065,0.011277017
431077,0.1473113
431080,0.10726924
431082,0.011865604
431088,0.15422979
431095,0.09463938
431100,0.04382883
431106,0.04787209
431107,0.028233021
431110,0.09519523
431114,0.1793924
431138,0.073258474
431144,0.009861903
431162,0.077741936
431170,0.43093628
431171,0.0339264
431176,0.071083464
431203,0.089799784
431211,0.09678479
431212,0.037221074
431215,0.017331006
431238,0.54478514
431241,0.054389086
431244,0.081590995
431254,0.040389773
431263,0.032610692
431278,0.013954405
431285,0.11959028
431286,0.13747126
431298,0.029799402
431305,0.009446701
431315,0.47249743
431323,0.026456773
431325,0.0063605756
431334,0.012135138
431358,0.1974284
431372,0.042645577
431373,0.0073361625
431374,0.2607573
431377,0.16280669
431386,0.13175282
431388,0.16728984
431395,0.010980425
431396,0.079491906
431413,0.024947694
431416,0.075451985
431418,0.052610658
431431,0.0425176
431444,0.031433493
431449,0.43807852
431467,0.09396206
431469,0.03860207
431479,0.035856776
431480,0.036830384
431481,0.027477343
431488,0.03833488
431492,0.1974984
431496,0.042329583
431497,0.010398073
431508,0.082305096
431511,0.03060783
431517,0.02232903
431520,0.056322973
431538,0.040548474
431540,0.007988542
431543,0.48840034
431545,0.008543383
431560,0.025400674
431561,0.061226778
431584,0.30514172
431591,0.08755839
431593,0.09766389
431625,0.0715918
431630,0.10507274
431633,0.14201844
431635,0.06711507
431649,0.08116466
431650,0.06510645
431651,0.03982091
431652,0.008095811
431667,0.16309586
431668,0.24019796
431672,0.02293403
431675,0.24866454
431680,0.26181713
431682,0.03511972
431683,0.0147846835
431693,0.022639051
431697,0.04126746
431726,0.14970419
431731,0.08170126
431732,0.08664034
431744,0.005989269
431750,0.018591633
431755,0.09149348
431756,0.060315322
431757,0.040989462
431765,0.053232063
431766,0.026776185
431768,0.06219764
431770,0.006947171
431773,0.008850499
431775,0.052927952
431777,0.18194246
431778,0.21565722
431801,0.07165752
431807,0.0142962225
431810,0.019878248
431815,0.08051768
431816,0.04385285
431823,0.057771634
431831,0.025199875
431837,0.07678624
431841,0.06641023
431845,0.009832094
431854,0.06422267
431857,0.09671934
431865,0.03516
431866,0.060157653
431867,0.030219298
431869,0.06955789
431889,0.022666315
431899,0.01566317
431903,0.09133189
431909,0.05024402
431914,0.06651089
431916,0.009644873
431918,0.25297886
431931,0.028589016
431940,0.018068181
431948,0.14664896
431962,0.020552678
431965,0.01611637
431974,0.008683095
431976,0.017150464
431987,0.03461507
431988,0.021537913
431995,0.16713166
431999,0.0780351
432003,0.00663135
432005,0.19904895
432009,0.04340987
432011,0.013818657
432022,0.3603448
432028,0.072812
432030,0.013350767
432037,0.019165564
432065,0.025951441
432070,0.017116185
432075,0.17526406
432078,0.14641623
432080,0.04756958
432085,0.020905666
432092,0.022666777
432111,0.13736542
432112,0.020502046
432115,0.011497222
432117,0.09340301
432118,0.06807227
432129,0.09725818
432132,0.06960949
432133,0.042823426
432145,0.05213256
432146,0.018602006
432148,0.021232802
432156,0.052138634
432167,0.025254786
432169,0.0059761824
432188,0.0073082056
432192,0.17962566
432221,0.034007687
432226,0.10539406
432231,0.0074536772
432247,0.024310859
432252,0.02175222
432254,0.045216527
432263,0.09141475
432265,0.024780972
432271,0.09624214
432280,0.026719
432282,0.029804438
432284,0.011453355
432291,0.21156392
432296,0.05906833
432298,0.1535924
432301,0.021226231
432309,0.022865534
432312,0.08773184
432320,0.011028111
432324,0.01632451
432330,0.028956247
432339,0.013860136
432356,0.019484192
432357,0.0071188794
432362,0.030212529
432365,0.024684021
432366,0.03791602
432370,0.09528864
432377,0.0507126
432384,0.028940393
432391,0.019828012
432405,0.022045607
432406,0.17484018
432414,0.12759435
432415,0.0056081004
432417,0.0104603525
432419,0.030022219
432424,0.024675848
432425,0.04050045
432432,0.12844875
432438,0.02615422
432441,0.058413807
432444,0.38564855
432446,0.4548337
432452,0.0391274
432454,0.043631885
432473,0.22007994
432482,0.12683317
432489,0.044855155
432492,0.18747759
432495,0.025332713
432501,0.21504933
432507,0.0117244115
432509,0.19259578
432510,0.044980418
432522,0.021744769
432525,0.037803
432526,0.045175727
432527,0.29253536
432532,0.013962759
432535,0.038744263
432544,0.013806758
432547,0.052451603
432551,0.034336183
432553,0.03163916
432555,0.018599702
432560,0.028934823
432569,0.0825842
432577,0.043823812
432585,0.030720754
432590,0.027401438
432591,0.060090527
432594,0.009522024
432607,0.05929467
432608,0.22426954
432609,0.09090429
432612,0.18111002
432613,0.016183611
432616,0.06075883
432618,0.322322
432622,0.018203378
432626,0.016466035
432639,0.007999594
432640,0.05174315
432642,0.15378542
432648,0.023277517
432653,0.031054165
432661,0.14559607
432668,0.030424345
432682,0.13763906
432686,0.18363625
432693,0.01554606
432695,0.12509736
432696,0.155698
432698,0.12046692
432699,0.022834558
432702,0.08088328
432707,0.0313075
432712,0.016278826
432719,0.016597787
432724,0.008977741
432728,0.13116178
432737,0.06217358
432745,0.41415977
432746,0.035394296
432749,0.08221401
432752,0.026657345
432758,0.019111937
432769,0.06990473
432770,0.05308853
432771,0.011323867
432788,0.016488228
432804,0.036935188
432807,0.33184943
432830,0.19154575
432831,0.03590509
432842,0.1674819
432849,0.1277102
432876,0.18058139
432886,0.03014546
432888,0.02548268
432897,0.008397162
432918,0.07102367
432919,0.12780353
432920,0.023548573
432921,0.07003971
432930,0.16888255
432932,0.03193407
432943,0.06339766
432944,0.026634922
432951,0.054723725
432952,0.0123703815
432965,0.07664991
432969,0.032901503
432981,0.019730043
432985,0.023214651
432986,0.01736841
432988,0.060372118
432991,0.04316478
432992,0.0311968
433002,0.027895413
433018,0.016477738
433019,0.018367423
433021,0.040567823
433024,0.009828398
433031,0.047558308
433035,0.102161445
433047,0.12086354
433050,0.012525549
433051,0.01267238
433055,0.014204123
433058,0.034660045
433069,0.030779608
433079,0.10696532
433098,0.114546746
433099,0.01629867
433104,0.061424423
433112,0.028061572
433117,0.034120794
433119,0.016332716
433130,0.013556006
433132,0.07659753
433158,0.3165195
433159,0.043402337
433162,0.019055972
433166,0.04393228
433169,0.10607092
433173,0.031220527
433174,0.037451625
433183,0.23038155
433184,0.023710351
433198,0.02036272
433205,0.061973274
433221,0.09300198
433271,0.3194517
433274,0.034197018
433276,0.16880201
433281,0.03343578
433283,0.032811362
433296,0.026608981
433300,0.08759902
433304,0.025495753
433308,0.046301305
433312,0.012215226
433313,0.20705533
433319,0.009733627
433332,0.13248056
433342,0.037622444
433343,0.014728992
433344,0.03828474
433345,0.007574372
433347,0.092526734
433350,0.03299895
433355,0.29331297
433356,0.018245379
433359,0.048825942
433361,0.026796345
433363,0.14163907
433370,0.015560195
433371,0.029343894
433374,0.0770555
433384,0.03776513
433390,0.052698493
433392,0.02650071
433396,0.08006545
433403,0.12905018
433405,0.032213006
433408,0.25491625
433410,0.17763567
433411,0.06567969
433424,0.041996248
433431,0.020402756
433432,0.11517082
433440,0.033221517
433441,0.070895076
433451,0.1222332
433452,0.057623714
433459,0.028200958
433463,0.0192343
433464,0.055245712
433470,0.034568366
433480,0.06521785
433482,0.14414409
433485,0.05049147
433494,0.24729294
433495,0.06271647
433496,0.015991122
433505,0.03222092
433509,0.030672286
433515,0.052136086
433518,0.012448963
433519,0.25801596
433527,0.09394215
433532,0.019687332
433535,0.02190428
433539,0.07824351
433561,0.07637873
433564,0.295805
433566,0.015131614
433574,0.015595244
433575,0.013157774
433584,0.12286152
433591,0.23815359
433596,0.11462779
433598,0.04158769
433602,0.019366734
433606,0.010502141
433611,0.010932334
433617,0.030326169
433620,0.24211487
433628,0.025987547
433631,0.032698847
433651,0.01591289
433653,0.06507785
433657,0.16317803
433661,0.04481837
433662,0.07055226
433663,0.14679325
433668,0.030684674
433670,0.23407118
433680,0.17271794
433686,0.19598785
433709,0.015428435
433725,0.036241792
433731,0.064494126
433735,0.15063643
433745,0.04127001
433748,0.012745935
433754,0.04735319
433762,0.074150026
433766,0.025220267
433767,0.018987885
433779,0.045324758
433783,0.0074912217
433785,0.100179724
433789,0.004726396
433794,0.13182624
433799,0.046385854
433800,0.015915457
433804,0.09204004
433816,0.045304947
433820,0.048565812
433829,0.010273334
433837,0.019775104
433840,0.013912415
433842,0.04166955
433849,0.03884186
433853,0.027280426
433862,0.010793363
433872,0.02042802
433882,0.06070946
433892,0.06781185
433896,0.008586673
433906,0.046747744
433913,0.11569035
433914,0.013872657
433957,0.019225487
433958,0.04590995
433965,0.084525466
433976,0.048212826
433984,0.009982491
433995,0.045035392
433996,0.029847793
434006,0.4009422
434007,0.017338052
434009,0.031649247
434019,0.10039954
434024,0.11275412
434026,0.12506697
434027,0.008153764
434034,0.05102553
434036,0.0114262
434037,0.10934374
434046,0.049705397
434050,0.0057888553
434051,0.013691261
434052,0.019882783
434055,0.063990906
434061,0.065257974
434064,0.036127493
434108,0.10670021
434109,0.16573647
434121,0.0938662
434122,0.04648486
434140,0.0111835245
434151,0.04991626
434156,0.028552108
434157,0.020639008
434160,0.07387817
434164,0.016737118
434167,0.015934313
434169,0.0648165
434173,0.011598248
434176,0.13241655
434177,0.20432936
434179,0.07931014
434180,0.03219696
434183,0.11285895
434192,0.021381766
434205,0.022114241
434209,0.029583707
434212,0.15800476
434214,0.16014221
434216,0.066514134
434222,0.16578047
434223,0.035206705
434224,0.18415274
434259,0.16656128
434261,0.017746598
434263,0.072377
434264,0.0522225
434282,0.03489188
434283,0.00680971
434293,0.11573873
434317,0.09082938
434322,0.0359179
434326,0.01873772
434327,0.015681176
434328,0.030329937
434336,0.042932753
434340,0.027551575
434342,0.049222924
434350,0.10422306
434355,0.026685817
434375,0.011238239
434387,0.042459004
434390,0.043580197
434391,0.04067014
434408,0.02246552
434410,0.058748342
434423,0.01738375
434439,0.21716958
434442,0.027411234
434445,0.17384982
434448,0.016337292
434460,0.021336786
434465,0.0065413504
434467,0.054438505
434468,0.03261882
434501,0.0889621
434504,0.113859944
434505,0.053822674
434507,0.010455718
434514,0.040735707
434535,0.046218365
434538,0.24630979
434542,0.07323893
434545,0.13353665
434554,0.15429443
434556,0.07125389
434568,0.12683368
434569,0.06806789
434571,0.15198486
434574,0.11304938
434579,0.021739721
434599,0.12844282
434604,0.18680312
434606,0.00889983
434607,0.019926121
434608,0.012579595
434610,0.061995063
434615,0.15397154
434616,0.17960185
434619,0.09514955
434658,0.079012364
434669,0.02734092
434675,0.01160055
434678,0.0128578795
434680,0.033489592
434690,0.13809752
434698,0.023962684
434702,0.14778641
434704,0.0091898125
434722,0.012686633
434727,0.22989163
434730,0.01563054
434735,0.016040133
434739,0.06257263
434765,0.0409834
434767,0.16836399
434784,0.16708574
434787,0.12444756
434788,0.083278775
434789,0.033446632
434790,0.06175811
434791,0.081678614
434802,0.032845467
434806,0.009660364
434807,0.10720106
434808,0.37234125
434815,0.06044941
434816,0.0772482
434817,0.050965756
434818,0.23554441
434830,0.116196305
434918,0.015402745
434920,0.05018857
434921,0.039203066
434922,0.24740247
434937,0.011964789
434948,0.03213145
434949,0.06326092
434952,0.083100796
434954,0.032603342
434957,0.020969942
434968,0.014557337
434974,0.022098139
434982,0.06068056
434986,0.029442571
434993,0.02080692
434995,0.106269285
435005,0.052903704
435013,0.03835832
435027,0.02566344
435034,0.34379658
435056,0.19587168
435060,0.10142467
435062,0.18965726
435068,0.03942533
435069,0.03874296
435071,0.09445
435079,0.009763302
435086,0.11685726
435092,0.052436218
435099,0.014608333
435100,0.06322506
435108,0.022108484
435118,0.027448632
435120,0.011684053
435129,0.049400516
435132,0.22235468
435138,0.004975025
435139,0.09627112
435142,0.18876468
435147,0.11290793
435148,0.07671179
435151,0.009396143
435153,0.015908599
435154,0.15320668
435164,0.09882263
435173,0.027780226
435174,0.054073412
435179,0.013720655
435199,0.03189735
435202,0.025614195
435203,0.10489491
435214,0.14901325
435217,0.08895641
435222,0.05868259
435229,0.27365896
435239,0.01672855
435248,0.058291256
435259,0.029272847
435260,0.012825377
435263,0.049260326
435264,0.018026335
435267,0.017599791
435274,0.108872846
435286,0.00981443
435296,0.013285916
435308,0.025378283
435328,0.12164648
435333,0.037320357
435363,0.038134605
435366,0.018548783
435375,0.017198607
435378,0.2449582
435400,0.047113642
435408,0.07620658
435409,0.014970311
435415,0.010948426
435419,0.21660623
435422,0.023775049
435428,0.20499396
435432,0.07750914
435434,0.0698298
435435,0.05710128
435440,0.040603284
435455,0.03479806
435464,0.08021373
435470,0.0054418053
435475,0.10414894
435478,0.04127813
435480,0.11780602
435482,0.018577019
435490,0.02416449
435507,0.04251416
435509,0.050923746
435510,0.03363608
435519,0.05771455
435527,0.15318711
435533,0.026332429
435534,0.08841445
435535,0.041366614
435536,0.033024523
435540,0.0202621
435551,0.02447062
435562,0.49210536
435564,0.07901032
435585,0.023681097
435590,0.0069669527
435609,0.016012356
435610,0.015475847
435611,0.014897423
435623,0.043572612
435681,0.18224019
435682,0.09425019
435683,0.02180414
435704,0.046353564
435711,0.04488702
435713,0.033529
435714,0.050655317
435716,0.008512619
435717,0.32674727
435718,0.08795342
435719,0.035026994
435741,0.01411034
435765,0.12339701
435766,0.026855923
435767,0.0077440776
435773,0.20748037
435802,0.024614649
435806,0.025603732
435807,0.30877054
435809,0.017562019
435811,0.10522945
435816,0.027404362
435823,0.028330024
435835,0.1851015
435848,0.18806863
435849,0.13137367
435858,0.01983391
435870,0.13706575
435874,0.029004121
435890,0.15434241
435892,0.009091546
435911,0.02679903
435915,0.015791796
435924,0.12433082
435937,0.043299843
435943,0.22993466
435958,0.018441936
435962,0.013843408
435965,0.27690816
435968,0.29359794
435997,0.017133811
435998,0.10123901
435999,0.025070462
436009,0.02442291
436021,0.084080584
436022,0.05528487
436026,0.16225697
436032,0.026586773
436037,0.022973103
436049,0.050510984
436058,0.034534387
436059,0.029030785
436062,0.058338117
436068,0.015906163
436079,0.064741015
436082,0.08915798
436083,0.13761866
436093,0.078115195
436098,0.014436697
436113,0.02417514
436127,0.1277784
436148,0.044694662
436152,0.12268934
436159,0.0076123606
436165,0.016964754
436170,0.021378282
436174,0.009128843
436176,0.049598515
436183,0.0087046195
436194,0.018082574
436196,0.04677511
436204,0.02200011
436207,0.113635615
436210,0.025641564
436219,0.24440162
436227,0.039408054
436230,0.016169906
436233,0.044428717
436235,0.17611839
436250,0.041921772
436260,0.1394391
436285,0.10500058
436291,0.04024729
436304,0.02159742
436307,0.12882435
436308,0.10464787
436311,0.03187177
436314,0.05393269
436322,0.040838484
436323,0.3045429
436339,0.012229552
436350,0.01466764
436358,0.05015826
436359,0.03274908
436363,0.015625138
436365,0.056514263
436369,0.011149744
436377,0.029234026
436378,0.14565521
436387,0.028880462
436394,0.12547427
436397,0.028287385
436399,0.2783975
436401,0.041328967
436404,0.027495578
436421,0.061234623
436422,0.0947997
436426,0.031242177
436430,0.017578388
436464,0.026763128
436471,0.016778782
436476,0.048746947
436478,0.012524685
436486,0.0071494114
436497,0.04065028
436508,0.011472476
436509,0.021442957
436510,0.062422156
436511,0.33794734
436528,0.08122228
436531,0.047751084
436534,0.16900668
436535,0.051342674
436536,0.007106646
436537,0.013094539
436560,0.022190161
436562,0.09038572
436563,0.129098
436564,0.09532559
436598,0.041336928
436599,0.010884584
436600,0.11177578
436637,0.041412253
436674,0.015345214
436706,0.039695088
436721,0.034019653
436722,0.07996792
436735,0.011113986
436747,0.23111421
436748,0.026737593
436750,0.080959015
436757,0.39181048
436767,0.08775793
436771,0.009296766
436781,0.10377374
436786,0.016377931
436799,0.010945466
436807,0.070014805
436812,0.052919436
436821,0.05057155
436835,0.02134191
436836,0.2350676
436846,0.07813961
436874,0.016211845
436880,0.13179846
436882,0.10690432
436885,0.014145751
436893,0.044255674
436894,0.0058017895
436896,0.04516191
436902,0.13173378
436918,0.014793827
436921,0.032003354
436935,0.051425725
436955,0.011853901
436961,0.08189657
436963,0.055309474
436964,0.0348744
436970,0.03964692
436975,0.036789306
437005,0.06427203
437014,0.0509122
437020,0.031165196
437043,0.017089512
437045,0.049490124
437070,0.067969516
437078,0.018098602
437095,0.03410175
437097,0.051367186
437123,0.008972397
437127,0.04250631
437128,0.055420395
437130,0.016688015
437147,0.39939243
437156,0.012687862
437157,0.05043893
437160,0.04244356
437161,0.027497891
437169,0.016568018
437189,0.124171294
437196,0.19020247
437198,0.04648372
437200,0.022829846
437206,0.09860346
437211,0.014122931
437215,0.03307225
437218,0.028341187
437226,0.02922745
437229,0.05987191
437235,0.01559056
437244,0.037905276
437245,0.042678036
437246,0.023248829
437264,0.024965107
437266,0.008743765
437268,0.04171985
437269,0.040510185
437273,0.01322877
437275,0.15066403
437276,0.032885183
437302,0.019326841
437304,0.1228299
437305,0.08758064
437306,0.030166633
437334,0.016198065
437335,0.06351514
437336,0.03319731
437338,0.1518048
437343,0.55491644
437356,0.040350236
437357,0.0289799
437358,0.06782185
437359,0.021963926
437360,0.18637373
437393,0.011106156
437397,0.060808353
437403,0.04238441
437409,0.045848522
437426,0.06906033
437430,0.21017124
437446,0.26280516
437459,0.018723667
437461,0.021390334
437462,0.057424035
437463,0.012768058
437475,0.011653665
437478,0.030338664
437480,0.009770645
437482,0.06828539
437486,0.044904213
437491,0.06701746
437492,0.029712876
437493,0.13766879
437496,0.109463654
437510,0.007963892
437515,0.011448336
437516,0.070874095
437519,0.011479418
437522,0.038692564
437524,0.021597337
437532,0.06945448
437538,0.010516966
437546,0.079401076
437551,0.03941966
437553,0.0737749
437556,0.07516885
437573,0.17706975
437575,0.022950197
437584,0.063538454
437591,0.23324826
437592,0.041398957
437595,0.0149306245
437602,0.026823655
437610,0.02024671
437611,0.01358683
437621,0.08242645
437622,0.11039132
437624,0.0332391
437630,0.024983108
437631,0.16604978
437636,0.3604071
437666,0.010613739
437672,0.07675692
437676,0.03789107
437687,0.048598044
437689,0.16444722
437706,0.30027062
437712,0.09631055
437735,0.04661368
437757,0.020814387
437763,0.06978051
437790,0.013505186
437791,0.008778455
437795,0.048097722
437803,0.025881495
437810,0.05458759
437811,0.11524272
437813,0.028112274
437820,0.023389155
437823,0.1430004
437832,0.00865812
437841,0.014312877
437852,0.04049044
437858,0.05591402
437862,0.008437177
437892,0.026149783
437896,0.03533365
437903,0.15913796
437905,0.03705274
437911,0.24530734
437913,0.0672755
437918,0.011437931
437922,0.06766523
437933,0.019798467
437936,0.05372431
437945,0.025693055
437966,0.017834656
437967,0.09559312
437972,0.005728474
437977,0.052035823
437984,0.35758337
437996,0.020301994
437997,0.016772525
437999,0.025608934
438001,0.012640878
438004,0.1119228
438007,0.038251214
438029,0.02958493
438031,0.016470347
438034,0.051254485
438038,0.19623987
438054,0.039858088
438058,0.014807138
438064,0.048387073
438065,0.051208183
438074,0.028925957
438084,0.089898214
438088,0.075241156
438089,0.015246216
438090,0.019061403
438117,0.10618491
438118,0.027708774
438151,0.07985321
438152,0.033421
438153,0.19220845
438154,0.031031605
438167,0.035779312
438187,0.057717774
438192,0.17196846
438195,0.043868635
438196,0.18627329
438220,0.021890664
438223,0.11315936
438229,0.04997423
438256,0.026218936
438258,0.1181893
438260,0.027230103
438264,0.105764166
438273,0.07024291
438306,0.15757446
438307,0.015859755
438308,0.015973208
438309,0.010217062
438310,0.053167943
438341,0.047871925
438348,0.011247247
438349,0.022927472
438364,0.033648305
438368,0.06842305
438380,0.07780615
438382,0.014506708
438402,0.051004354
438404,0.051282223
438408,0.06713428
438410,0.091105014
438429,0.03608063
438434,0.08352508
438435,0.029012036
438437,0.118221804
438438,0.0908193
438444,0.12681246
438471,0.033538684
438506,0.020578798
438521,0.030441105
438524,0.19776803
438525,0.07198483
438534,0.019371599
438541,0.027566688
438546,0.013479452
438547,0.037554156
438564,0.032940112
438568,0.015056772
438570,0.007052312
438578,0.008286696
438582,0.033099234
438587,0.04352791
438604,0.018970698
438620,0.018665498
438621,0.006063943
438624,0.016332254
438634,0.104155116
438644,0.051936228
438645,0.04186638
438651,0.06626409
438659,0.034857094
438660,0.02131046
438662,0.031692307
438668,0.0068314355
438673,0.06566994
438677,0.028422438
438683,0.30746666
438687,0.096322566
438700,0.07157133
438713,0.05015605
438714,0.024762165
438715,0.023344979
438717,0.023391288
438721,0.14098643
438738,0.123491764
438749,0.013852568
438750,0.029110841
438756,0.056859285
438771,0.026758423
438777,0.020869786
438781,0.00904098
438783,0.12038799
438786,0.30060002
438792,0.021536859
438802,0.021781636
438808,0.020676456
438814,0.023886457
438829,0.078088164
438846,0.04439568
438851,0.09071094
438856,0.43616048
438858,0.07643542
438861,0.008843666
438862,0.08013305
438876,0.20639701
438880,0.015401889
438891,0.12212837
438896,0.06004016
438898,0.100575835
438904,0.008226825
438908,0.013161851
438921,0.05292823
438923,0.064190954
438929,0.051035423
438942,0.046888344
438950,0.08159864
438979,0.12146121
438994,0.17249209
438995,0.022100266
438996,0.0065606674
439002,0.1193384
439013,0.018139744
439015,0.017535938
439017,0.032841057
439029,0.0063518686
439047,0.14276119
439048,0.060299262
439049,0.15874521
439050,0.037247352
439061,0.08607708
439065,0.12771495
439069,0.10838515
439070,0.24992195
439071,0.09210221
439072,0.117346674
439073,0.15942456
439076,0.030118817
439077,0.01623179
439078,0.03909125
439089,0.03938405
439095,0.018504221
439113,0.041708022
439122,0.010522184
439127,0.06574028
439153,0.032027297
439154,0.08475962
439157,0.0077815875
439197,0.0075560994
439205,0.08459053
439207,0.14963657
439209,0.013984141
439213,0.012291034
439218,0.08170541
439222,0.03189796
439229,0.06864147
439233,0.014378775
439235,0.024280185
439236,0.059205905
439239,0.08199081
439248,0.18595847
439255,0.04427021
439265,0.018990945
439266,0.072457224
439268,0.018064715
439270,0.015963351
439276,0.11246143
439285,0.014533978
439294,0.08689633
439296,0.035368133
439299,0.33873704
439310,0.059221067
439319,0.013567026
439320,0.010294283
439325,0.055767696
439327,0.04801882
439328,0.015114153
439334,0.032936815
439335,0.061641254
439339,0.06724438
439343,0.011258338
439353,0.15429506
439356,0.014899097
439374,0.011396965
439391,0.3480017
439400,0.019858263
439405,0.0891304
439413,0.04206023
439448,0.077401415
439451,0.07301025
439455,0.05165877
439468,0.07010968
439472,0.014949443
439473,0.04160151
439477,0.011154246
439483,0.021402841
439484,0.030201828
439501,0.024099657
439505,0.040018447
439512,0.04962065
439515,0.06968684
439525,0.026512645
439535,0.08311682
439539,0.013573994
439548,0.12771879
439549,0.06696133
439550,0.0506669
439551,0.02479517
439558,0.009775283
439562,0.01946155
439566,0.03286413
439571,0.038502578
439587,0.043052293
439591,0.073474176
439595,0.06382618
439611,0.11832379
439614,0.09084441
439618,0.18892315
439620,0.09239836
439626,0.013051275
439633,0.035409648
439657,0.041580614
439660,0.079070285
439661,0.021353772
439666,0.018448027
439673,0.028475977
439675,0.055793837
439705,0.051115815
439707,0.088072285
439720,0.04185283
439727,0.052127346
439733,0.080906585
439736,0.021939062
439737,0.05731034
439746,0.036914818
439755,0.029268371
439763,0.046886478
439765,0.058676135
439766,0.019792287
439768,0.15562
439774,0.026183352
439779,0.016261004
439781,0.16488698
439784,0.19959554
439808,0.039329715
439816,0.06365749
439818,0.015450563
439820,0.01090182
439824,0.011265079
439830,0.043172546
439839,0.018198932
439841,0.1827509
439845,0.023579376
439874,0.029305702
439875,0.00816708
439879,0.047763545
439882,0.019090578
439883,0.27796856
439900,0.069448054
439901,0.0110228425
439906,0.04886017
439909,0.19777584
439911,0.15708554
439914,0.013846075
439936,0.07845829
439937,0.027068598
439945,0.041811194
439950,0.023986211
439955,0.12120319
439956,0.026826415
439971,0.09636032
439977,0.036859304
439984,0.1482411
439985,0.024123922
439990,0.013594857
439994,0.08348552
440003,0.011788527
440030,0.03559264
440042,0.10441099
440048,0.06608424
440054,0.16886616
440073,0.056727003
440074,0.082868084
440080,0.032615364
440082,0.10115724
440085,0.1029758
440088,0.049410388
440091,0.023029558
440100,0.008193675
440103,0.0199499
440113,0.15506434
440119,0.01832168
440127,0.009680471
440130,0.013348546
440131,0.016136287
440135,0.10708013
440139,0.03877167
440147,0.04852061
440156,0.2514509
440158,0.03671299
440162,0.021067511
440163,0.2103005
440176,0.013497537
440181,0.004604644
440191,0.013475401
440192,0.049610145
440215,0.0066082077
440219,0.1143164
440222,0.0323135
440238,0.01867944
440239,0.02457881
440244,0.017350262
440245,0.021529617
440252,0.053349115
440266,0.051510885
440267,0.087662995
440281,0.09093115
440283,0.08094215
440292,0.12152259
440307,0.046074692
440309,0.0115652485
440313,0.020925466
440315,0.03522268
440320,0.020538071
440332,0.007152024
440336,0.047827624
440338,0.07055787
440342,0.13032937
440350,0.054944377
440352,0.026435602
440356,0.028073492
440359,0.029440954
440384,0.014501485
440395,0.12629786
440396,0.03429219
440397,0.07427591
440401,0.03214973
440408,0.075177155
440411,0.053818166
440425,0.024077835
440439,0.019853774
440451,0.111319914
440460,0.1851983
440463,0.059693113
440473,0.010107925
440479,0.013403638
440497,0.14016199
440506,0.014324441
440509,0.021829708
440518,0.018208206
440528,0.08823091
440536,0.05183326
440543,0.16957957
440561,0.013842909
440562,0.038322803
440566,0.06523009
440572,0.051127918
440574,0.1447422
440585,0.08080525
440592,0.052857194
440601,0.09275108
440606,0.036770947
440632,0.13354617
440643,0.036250807
440653,0.010066925
440669,0.02657147
440682,0.02031349
440691,0.031489346
440701,0.007877869
440706,0.03243177
440708,0.033510707
440714,0.33237508
440721,0.33334574
440723,0.14703736
440750,0.021100264
440759,0.13944522
440773,0.02679247
440792,0.18728788
440793,0.009462613
440798,0.22584167
440804,0.051920265
440819,0.064860195
440827,0.15065312
440851,0.17268361
440861,0.02026554
440862,0.015675437
440868,0.030904029
440874,0.014813727
440877,0.09027912
440883,0.017894901
440884,0.2106105
440886,0.009553694
440900,0.035211846
440902,0.017229117
440904,0.08685088
440910,0.059174106
440913,0.026769277
440915,0.18641268
440923,0.065365955
440924,0.02961115
440927,0.02997691
440936,0.034825787
440968,0.035200223
440973,0.013742799
440975,0.049157053
440979,0.11521408
440986,0.06301087
440987,0.013636446
440995,0.020464828
440998,0.05630915
441000,0.0125727
441004,0.060283728
441007,0.2667809
441014,0.1274383
441026,0.15701644
441032,0.22780421
441042,0.010535233
441051,0.12507707
441060,0.012804031
441061,0.03787349
441081,0.044645224
441082,0.039605882
441085,0.039274856
441087,0.07643822
441089,0.024014058
441091,0.015506407
441095,0.040494706
441114,0.03265111
441128,0.113127895
441138,0.13165268
441154,0.014397061
441156,0.09681064
441157,0.30213073
441175,0.033336725
441183,0.037603706
441189,0.015829856
441207,0.03204222
441209,0.06460187
441217,0.036041375
441228,0.027137809
441229,0.012907703
441239,0.022554826
441244,0.019843241
441256,0.039965436
441275,0.05897793
441278,0.021806924
441284,0.011108294
441288,0.025969405
441293,0.12976119
441294,0.18541825
441297,0.35487926
441298,0.025796646
441304,0.012441209
441316,0.009127318
441318,0.04152989
441351,0.07763895
441354,0.08389887
441363,0.07190924
441373,0.30016917
441375,0.021224098
441382,0.034672186
441385,0.03597255
441388,0.016933158
441392,0.42277712
441402,0.11401827
441413,0.067393765
441417,0.22039422
441427,0.06913635
441437,0.04275476
441453,0.064576544
441458,0.04868691
441459,0.034957755
441463,0.003360596
441466,0.020478945
441475,0.010861197
441479,0.029978063
441497,0.036195718
441501,0.070967935
441509,0.023225954
441513,0.04758491
441546,0.073977835
441547,0.029285343
441563,0.2787104
441565,0.03799
441567,0.028146958
441576,0.17317128
441577,0.059534043
441578,0.14346653
441597,0.035977717
441607,0.02019173
441609,0.014195675
441611,0.03974908
441613,0.01836866
441622,0.023701055
441637,0.03699383
441638,0.024567757
441652,0.019838009
441660,0.16099925
441667,0.08075715
441671,0.06586178
441672,0.016988544
441675,0.07014415
441679,0.011811627
441700,0.023677617
441701,0.021231966
441711,0.017573766
441725,0.02529426
441732,0.02401961
441741,0.13083969
441743,0.026150404
441761,0.013646839
441763,0.025340412
441766,0.0172379
441778,0.1290451
441780,0.042336598
441782,0.062775016
441785,0.13852713
441796,0.021202551
441808,0.09529292
441809,0.06571612
441811,0.017714957
441825,0.06386605
441828,0.13011095
441835,0.10383154
441860,0.035611756
441865,0.03777843
441871,0.020822493
441874,0.017778188
441876,0.0076673967
441885,0.024875473
441896,0.10210491
441908,0.018599302
441913,0.023120005
441921,0.05874759
441926,0.009163271
441936,0.025734445
441941,0.029669775
441947,0.02540021
441957,0.07362368
441961,0.027120113
441969,0.02068626
441979,0.054469876
441986,0.024771977
441987,0.014385326
441996,0.13453853
441997,0.0129513135
441998,0.042160086
442001,0.020210665
442002,0.099477984
442003,0.06403473
442010,0.0067527727
442013,0.042266145
442015,0.18543836
442026,0.0244076
442030,0.039139606
442032,0.12412276
442033,0.2448705
442039,0.09869206
442049,0.021153804
442054,0.060372636
442060,0.008331125
442065,0.1287693
442067,0.049636763
442074,0.02198808
442076,0.0491204
442080,0.10388944
442085,0.010518972
442093,0.03239992
442100,0.06101071
442123,0.15111323
442124,0.09679668
442128,0.05335173
442149,0.1396963
442151,0.04356186
442157,0.054046843
442158,0.025012836
442159,0.04124695
442161,0.07329416
442179,0.090649925
442187,0.08878555
442190,0.024343066
442195,0.026817221
442199,0.056879282
442233,0.018239057
442234,0.12864803
442235,0.0111627225
442250,0.0073817857
442256,0.02811757
442258,0.14435323
442264,0.10352195
442280,0.02219025
442288,0.013208078
442290,0.0117111895
442293,0.09351351
442299,0.15649226
442303,0.13067512
442306,0.015590407
442308,0.017329982
442312,0.041703355
442315,0.038213216
442320,0.07193248
442321,0.07468124
442328,0.06748527
442331,0.20835336
442359,0.0202988
442361,0.018309347
442366,0.039878763
442368,0.047677334
442372,0.23796228
442378,0.03184137
442392,0.1839708
442393,0.028095659
442399,0.03391232
442401,0.23320097
442404,0.011907175
442405,0.11136401
442438,0.061063252
442442,0.073528975
442451,0.12160803
442452,0.015758282
442458,0.102813974
442461,0.0959466
442464,0.013184929
442468,0.09128805
442479,0.13311616
442484,0.07160315
442504,0.04161385
442505,0.03331773
442513,0.055042014
442520,0.005599987
442527,0.029769028
442539,0.018687833
442540,0.08770402
442541,0.0075976327
442555,0.014634797
442577,0.21113104
442586,0.03401833
442588,0.01373261
442613,0.17321506
442616,0.062325053
442622,0.06038376
442626,0.029423852
442627,0.04618138
442641,0.036860958
442647,0.0092970785
442653,0.14678212
442656,0.018897604
442662,0.035622545
442672,0.009579102
442682,0.04802998
442684,0.044276193
442685,0.035822425
442698,0.106431715
442709,0.027589127
442716,0.04478442
442718,0.026375439
442723,0.07803216
442724,0.061774686
442737,0.026356328
442742,0.18868646
442743,0.01874021
442746,0.042896207
442766,0.031725965
442767,0.067353256
442769,0.02430287
442792,0.046569943
442797,0.106742285
442799,0.04146193
442804,0.022190318
442807,0.032397382
442816,0.09728949
442819,0.029027343
442826,0.073094845
442831,0.04848213
442846,0.021468211
442854,0.090400614
442861,0.010646904
442862,0.016049253
442870,0.12585416
442875,0.038858097
442890,0.0137553485
442891,0.19183546
442896,0.028969325
442897,0.049691714
442902,0.046369653
442903,0.04831643
442905,0.010715302
442915,0.09990163
442937,0.025191598
442947,0.393793
442949,0.041775204
442954,0.08707437
442972,0.037238784
443012,0.08297596
443018,0.07423448
443029,0.043984383
443031,0.012723805
443033,0.011251792
443035,0.033154495
443039,0.0046182713
443040,0.029395126
443051,0.07817059
443062,0.039997663
443069,0.116391465
443080,0.056212544
443081,0.06985949
443090,0.12823813
443092,0.009283128
443106,0.03298744
443119,0.14429541
443134,0.012617996
443161,0.024384473
443170,0.015338808
443177,0.040243622
443189,0.020164343
443193,0.020806551
443199,0.037130363
443212,0.04606895
443226,0.21137655
443230,0.048699457
443239,0.077707
443241,0.008891533
443244,0.01898456
443249,0.018877208
443253,0.02509056
443262,0.014658105
443264,0.5017569
443266,0.08950277
443274,0.011714805
443283,0.015722062
443295,0.008511532
443304,0.0121953245
443313,0.079756275
443317,0.0071457624
443324,0.021304406
443339,0.020605873
443344,0.09294457
443345,0.023725234
443352,0.014348002
443355,0.034740657
443356,0.13944107
443360,0.09181544
443364,0.1959885
443368,0.0066488655
443375,0.05733024
443380,0.102694996
443391,0.12708108
443392,0.0054687224
443397,0.026271528
443403,0.05058567
443406,0.1481493
443420,0.07115085
443431,0.016540557
443441,0.038934
443456,0.15390202
443457,0.14378087
443459,0.033389747
443460,0.1386213
443471,0.027649809
443474,0.094809316
443486,0.097488105
443487,0.018600851
443490,0.015952062
443492,0.47003776
443495,0.06370357
443505,0.030265825
443512,0.04082664
443555,0.041149013
443576,0.16515137
443582,0.0052786423
443583,0.005952119
443585,0.022542713
443588,0.015263952
443592,0.02775652
443596,0.06794315
443597,0.0076542366
443606,0.041244384
443607,0.061430797
443608,0.07550879
443611,0.10558729
443612,0.061680526
443618,0.22221766
443623,0.0069352565
443632,0.0122911185
443633,0.12813026
443634,0.0279675
443637,0.024695547
443638,0.27817744
443669,0.022244275
443672,0.036424913
443685,0.012594724
443686,0.00589436
443694,0.023877105
443695,0.074312985
443697,0.29271555
443700,0.033404663
443734,0.14511806
443738,0.06056303
443742,0.033244524
443759,0.11232697
443760,0.030492976
443770,0.034378186
443776,0.021177815
443788,0.008391455
443791,0.21228583
443792,0.025187831
443803,0.033512596
443808,0.026734715
443832,0.035564475
443842,0.016860101
443847,0.013199812
443853,0.03119007
443854,0.27291915
443868,0.021757398
443873,0.015273042
443879,0.020412985
443883,0.02396331
443891,0.069149435
443908,0.06836567
443910,0.3072054
443918,0.017934388
443927,0.015017794
443935,0.053621884
443965,0.12986621
443974,0.009195129
443984,0.017647907
443986,0.068350285
443991,0.010699627
443996,0.008573875
444008,0.008381017
444014,0.019159708
444015,0.024588479
444016,0.08388457
444018,0.0339929
444053,0.116030194
444058,0.08921737
444065,0.04863166
444069,0.01807953
444082,0.027656196
444087,0.07646004
444089,0.054190017
444093,0.062879555
444104,0.0046517076
444113,0.011233686
444118,0.08273497
444122,0.02659444
444123,0.050183643
444128,0.057409607
444136,0.027509972
444152,0.02733194
444155,0.021931875
444182,0.019279592
444183,0.042034417
444185,0.015956124
444213,0.03765265
444229,0.02106034
444231,0.013273073
444234,0.020163551
444240,0.021608343
444249,0.02280182
444265,0.16450019
444268,0.030074896
444271,0.01943552
444278,0.013947723
444279,0.08983275
444283,0.11435056
444285,0.010681258
444291,0.07388815
444297,0.0139659345
444313,0.026103446
444318,0.031168511
444322,0.010233895
444333,0.0143432
444334,0.030075606
444359,0.061128944
444367,0.06859489
444369,0.041056134
444370,0.087033175
444376,0.017727125
444384,0.010005366
444387,0.031672478
444406,0.015304105
444409,0.029063987
444412,0.034704033
444418,0.13674569
444420,0.08250582
444424,0.009649104
444429,0.011178639
444432,0.028949339
444434,0.021293402
444440,0.017743371
444444,0.026032656
444450,0.016068403
444456,0.012161389
444457,0.024889423
444461,0.052823458
444504,0.12397523
444515,0.08704339
444516,0.09463051
444517,0.007945159
444519,0.106825925
444540,0.022825152
444573,0.10178589
444581,0.030901548
444582,0.01696608
444602,0.18861926
444605,0.019935453
444611,0.012981503
444614,0.015579004
444622,0.12102609
444624,0.15855247
444625,0.037878957
444639,0.0329312
444658,0.029683378
444673,0.045805093
444696,0.025887314
444719,0.030474734
444729,0.022102833
444737,0.036725346
444743,0.07274866
444758,0.025367245
444764,0.027569575
444780,0.019749694
444789,0.07510561
444795,0.06618905
444811,0.047820568
444814,0.008271511
444825,0.040502287
444831,0.025389712
444832,0.018112997
444835,0.13094452
444840,0.05611115
444841,0.046586525
444842,0.058702882
444846,0.023734909
444849,0.032736126
444867,0.012374181
444876,0.033517327
444893,0.031203415
444896,0.041628867
444897,0.022771697
444907,0.018874394
444908,0.012856716
444932,0.044083785
444933,0.033543717
444936,0.016182892
444941,0.054479677
444942,0.041660517
444950,0.06594554
444956,0.010618952
444965,0.022575669
444966,0.12785524
444970,0.015099192
444971,0.32996345
444978,0.013063861
444982,0.06609799
444984,0.059544295
444986,0.030142015
445001,0.030592633
445016,0.024626829
445027,0.049207985
445029,0.041524302
445032,0.03247632
445037,0.025294593
445043,0.009923074
445044,0.10467505
445047,0.14286159
445052,0.14552811
445073,0.038587373
445075,0.0079195015
445076,0.03126301
445092,0.038523644
445095,0.11590117
445106,0.021399539
445110,0.0635936
445123,0.020458153
445124,0.0150635
445141,0.063977376
445151,0.011708798
445160,0.02709443
445161,0.071849264
445164,0.107726276
445165,0.019957412
445169,0.04169304
445175,0.21909913
445178,0.025073465
445182,0.0745374
445183,0.0049947877
445192,0.017397491
445193,0.03963838
445200,0.012222564
445202,0.011450447
445203,0.0053470847
445207,0.030153992
445245,0.049012132
445256,0.05430975
445282,0.21576661
445294,0.041002102
445300,0.22445992
445316,0.024020378
445331,0.040663935
445332,0.008028222
445343,0.039302513
445345,0.03835034
445346,0.030002337
445354,0.13404776
445355,0.29558697
445356,0.12903467
445366,0.1220921
445369,0.18897589
445390,0.04306381
445392,0.05141887
445398,0.007983625
445401,0.04139035
445417,0.017182892
445427,0.014616929
445465,0.13139237
445469,0.030962896
445472,0.019730607
445475,0.45058036
445483,0.019379616
445484,0.049619306
445493,0.21006711
445496,0.052356742
445504,0.009569678
445505,0.1669939
445507,0.015025275
445531,0.39626127
445536,0.060311638
445544,0.04464821
445559,0.006105843
445580,0.02952339
445589,0.011161245
445591,0.017435677
445595,0.020885924
445601,0.019444678
445612,0.05299347
445639,0.047492016
445656,0.07055531
445666,0.026121493
445682,0.2736148
445686,0.02313789
445700,0.04965006
445713,0.05529541
445716,0.03494493
445725,0.007746606
445728,0.035691913
445731,0.00727514
445742,0.056028917
445743,0.35362336
445755,0.024713902
445766,0.011522768
445781,0.3819946
445798,0.07762212
445799,0.1996612
445801,0.28071293
445810,0.031740405
445813,0.05235832
445822,0.010109608
445824,0.08456468
445826,0.18653578
445828,0.06041914
445829,0.023817306
445838,0.038839214
445840,0.019779094
445845,0.034170587
445847,0.038844373
445849,0.036575466
445852,0.06081202
445853,0.13064875
445856,0.050844714
445863,0.011806013
445864,0.25400448
445871,0.07704319
445907,0.05232366
445908,0.01980661
445917,0.020350907
445919,0.096447274
445925,0.013698007
445930,0.038835615
445938,0.017387927
445943,0.069643736
445946,0.023326132
445948,0.20992595
445970,0.03815517
445972,0.010749264
445974,0.35192254
445976,0.015822917
445979,0.04961741
445993,0.017533682
446001,0.07736105
446004,0.046722636
446025,0.08837969
446026,0.049481675
446046,0.13842021
446048,0.04069715
446055,0.01840508
446064,0.06663779
446068,0.013683429
446078,0.013283608
446094,0.039180517
446096,0.2888118
446120,0.11044851
446131,0.03323308
446139,0.10199786
446157,0.15140253
446179,0.061263397
446180,0.04723498
446186,0.049257644
446189,0.23079723
446200,0.11694873
446208,0.109352365
446210,0.098831326
446214,0.09431617
446226,0.015276747
446229,0.035921283
446237,0.051148992
446247,0.022200763
446256,0.012984631
446273,0.071537964
446286,0.024738431
446296,0.010042583
446302,0.04454761
446310,0.072882324
446315,0.01500508
446319,0.22698572
446320,0.09992804
446322,0.069333784
446356,0.23191682
446374,0.02988876
446375,0.060047865
446406,0.01899281
446407,0.009910841
446426,0.1489083
446428,0.056507748
446431,0.14298686
446433,0.015777541
446437,0.17472723
446441,0.090453774
446452,0.020428756
446464,0.054538876
446466,0.093021214
446468,0.11316766
446469,0.100284494
446472,0.51001024
446476,0.057781033
446478,0.023155186
446485,0.029301995
446499,0.03848578
446503,0.05280516
446504,0.009487454
446509,0.057269037
446512,0.10273805
446525,0.039402895
446534,0.022242486
446535,0.038098875
446543,0.14482155
446546,0.0056067696
446550,0.2413065
446555,0.06063231
446560,0.017798973
446564,0.025590103
446572,0.016816689
446593,0.047800627
446616,0.077478014
446617,0.04853898
446625,0.011352716
446626,0.11128591
446631,0.1124229
446643,0.10311856
446647,0.08211353
446652,0.037333906
446655,0.069292285
446657,0.28932577
446663,0.058135502
446665,0.16282068
446676,0.03460328
446684,0.09149617
446694,0.015496148
446699,0.012463377
446702,0.091052316
446713,0.01462017
446720,0.2210219
446724,0.16290255
446728,0.04976238
446730,0.021623572
446738,0.06956404
446742,0.015185692
446743,0.01373353
446744,0.079260245
446750,0.072768934
446759,0.03034243
446760,0.076725036
446772,0.015402491
446786,0.033375252
446799,0.037927967
446800,0.22430159
446803,0.073498175
446812,0.051042303
446813,0.0517937
446815,0.016466793
446816,0.028512007
446832,0.13473171
446845,0.044124104
446846,0.009735421
446847,0.037164483
446850,0.01898411
446851,0.12683952
446855,0.039496846
446856,0.028747983
446867,0.009786083
446877,0.17726386
446880,0.040660985
446885,0.010885396
446892,0.009828403
446905,0.108385496
446909,0.1837101
446924,0.008819083
446935,0.012192836
446944,0.034059357
446945,0.019151958
446949,0.0035725094
446952,0.026799755
446957,0.018827727
446961,0.04314588
446979,0.029840695
446980,0.088179104
446987,0.0652567
446991,0.044130888
447001,0.025431138
447013,0.07484465
447014,0.033488132
447023,0.04312472
447062,0.0110987015
447072,0.03613604
447082,0.07311422
447084,0.023351843
447087,0.009474384
447092,0.039331354
447106,0.022746291
447107,0.08252688
447112,0.027335465
447147,0.03394577
447160,0.118988365
447176,0.020212786
447184,0.014581279
447188,0.007745478
447190,0.0630662
447191,0.024152845
447198,0.05721092
447199,0.027623547
447200,0.10765156
447202,0.019787345
447209,0.1334445
447210,0.07881853
447228,0.34296975
447230,0.014094671
447235,0.06331829
447246,0.075443015
447248,0.06007021
447263,0.03635303
447265,0.027784573
447272,0.029621124
447285,0.04200636
447293,0.2385023
447305,0.039502934
447312,0.026330747
447326,0.026225353
447327,0.043690145
447361,0.02191151
447367,0.22119394
447381,0.037738964
447387,0.15006098
447390,0.15164655
447391,0.044651173
447416,0.08050075
447419,0.08620524
447420,0.04482262
447422,0.0123104425
447425,0.04137621
447444,0.012483103
447458,0.040201403
447460,0.035157755
447467,0.023975946
447479,0.058356572
447482,0.0793911
447496,0.024550129
447504,0.011363307
447507,0.017010806
447519,0.014846162
447522,0.019866463
447528,0.07741183
447529,0.014610948
447532,0.10232668
447540,0.039296295
447543,0.10348277
447546,0.026756838
447554,0.01449261
447571,0.023073332
447575,0.011052223
447591,0.022495035
447599,0.20626482
447600,0.061484788
447601,0.041742742
447606,0.05836073
447607,0.025314098
447618,0.097586825
447621,0.0161224
447633,0.015221439
447638,0.015849048
447642,0.027576229
447644,0.022693861
447654,0.081056386
447670,0.013950358
447671,0.028241837
447672,0.043882716
447674,0.077138744
447676,0.06803769
447692,0.21106179
447696,0.16212077
447698,0.05802456
447704,0.019864999
447705,0.10309042
447708,0.040824372
447709,0.22304145
447715,0.055885866
447727,0.009678365
447736,0.031413637
447742,0.011734128
447743,0.17605962
447745,0.04829
447748,0.16129439
447751,0.41530183
447752,0.01703358
447796,0.04233476
447810,0.019383296
447812,0.04542658
447814,0.28551707
447815,0.01274704
447816,0.056506783
447817,0.2868178
447835,0.03353542
447842,0.2927476
447844,0.008363047
447862,0.12574469
447865,0.04715515
447868,0.15337706
447873,0.020279717
447876,0.010792266
447881,0.077248216
447882,0.21142635
447883,0.008159077
447904,0.048177466
447907,0.25317597
447915,0.10109658
447931,0.030023301
447945,0.027446367
447947,0.09141186
447958,0.015015777
447967,0.0077739004
447968,0.0774969
447972,0.4328056
447975,0.04023403
447976,0.15161575
447978,0.0062867096
447983,0.026368037
447993,0.14272149
447998,0.2312302
448001,0.07314787
448005,0.07236859
448007,0.050072737
448011,0.13223459
448012,0.019762821
448016,0.082742006
448030,0.03385582
448039,0.06679147
448040,0.017014299
448045,0.059924033
448046,0.06924734
448051,0.018893247
448084,0.05140334
448091,0.115156345
448100,0.06550863
448125,0.10209083
448143,0.030104924
448146,0.044481557
448150,0.061390765
448160,0.15967068
448163,0.02545565
448165,0.07223187
448182,0.014755486
448185,0.017895853
448188,0.020712266
448189,0.021398412
448209,0.02697112
448210,0.10359206
448218,0.013342504
448224,0.14005402
448241,0.03001019
448243,0.014187929
448244,0.011466111
448245,0.14092913
448254,0.031296823
448278,0.13535373
448279,0.058564298
448282,0.050070334
448284,0.015996533
448285,0.17975044
448301,0.12066197
448302,0.22039926
448305,0.06873268
448317,0.06420785
448330,0.07647298
448335,0.030804817
448338,0.054293297
448340,0.009237445
448341,0.025705032
448347,0.3743928
448350,0.07879387
448353,0.025724515
448361,0.07414499
448370,0.04761526
448380,0.10415427
448400,0.15240811
448411,0.16030407
448412,0.064685374
448417,0.029611707
448420,0.039217845
448422,0.052582245
448424,0.014551873
448447,0.082752585
448459,0.02757419
448464,0.026409334
448470,0.08859178
448490,0.009921094
448494,0.07407035
448500,0.13407893
448515,0.006338929
448522,0.07268785
448526,0.0142408125
448536,0.41054046
448548,0.007043005
448566,0.04608422
448573,0.030253341
448584,0.016434515
448585,0.03880601
448597,0.02525507
448599,0.028303633
448601,0.00802042
448604,0.024317479
448606,0.06727632
448610,0.026176963
448642,0.078517206
448660,0.010815956
448669,0.012051089
448674,0.043368958
448675,0.029824551
448678,0.02406984
448690,0.029975567
448693,0.014428316
448695,0.15621011
448700,0.12746933
448703,0.028244121
448704,0.21543947
448707,0.019339513
448720,0.24090533
448727,0.21319538
448728,0.077930376
448734,0.26534447
448746,0.028636053
448755,0.027442895
448760,0.21699582
448770,0.051970225
448778,0.01877776
448788,0.061074525
448790,0.09169621
448801,0.030661505
448805,0.02348584
448806,0.008791231
448812,0.010295055
448817,0.111626126
448834,0.013314573
448837,0.16892609
448838,0.043323796
448853,0.10079984
448856,0.044228926
448868,0.069951646
448876,0.015060179
448909,0.31787094
448917,0.063620836
448919,0.05959225
448922,0.12602629
448931,0.02557909
448935,0.019569475
448937,0.01730378
448940,0.035960127
448948,0.07159963
448958,0.039526943
448967,0.029416606
448968,0.019894201
448973,0.1473772
448993,0.028975349
449000,0.06932982
449011,0.20348564
449015,0.008712026
449030,0.04727621
449035,0.014385044
449040,0.012026676
449045,0.009501659
449060,0.027665699
449081,0.035045438
449082,0.029514503
449087,0.14837092
449095,0.036021702
449105,0.14435591
449110,0.023185067
449117,0.05918098
449126,0.14634737
449134,0.018333465
449141,0.024918541
449148,0.23106445
449155,0.021475444
449158,0.12806915
449160,0.022164086
449178,0.14170842
449180,0.095915325
449183,0.062749535
449186,0.024761356
449193,0.049368806
449196,0.016448785
449203,0.018959481
449213,0.02647696
449214,0.010727815
449215,0.035220068
449216,0.031868316
449224,0.080144584
449227,0.029383525
449230,0.010146864
449233,0.12409854
449253,0.050890774
449254,0.045163475
449264,0.33376318
449289,0.18314034
449302,0.008619454
449308,0.062427144
449314,0.010792395
449322,0.07874332
449323,0.014357252
449364,0.070206925
449368,0.02266081
449391,0.018331675
449403,0.050056845
449408,0.059039228
449409,0.019104168
449412,0.011144568
449424,0.05368671
449427,0.021195788
449462,0.03108839
449465,0.023794614
449469,0.022237277
449475,0.0075576985
449476,0.054750208
449483,0.018766914
449484,0.22163913
449487,0.012792459
449492,0.03187872
449499,0.06444665
449502,0.014710859
449506,0.016184205
449508,0.051276714
449514,0.017399471
449517,0.04644197
449534,0.05463466
449540,0.04930215
449543,0.051825732
449545,0.027615745
449548,0.09159257
449555,0.052479528
449556,0.09045896
449558,0.018574012
449566,0.12018247
449574,0.10479269
449576,0.038596675
449578,0.0059899264
449581,0.02470699
449586,0.1621583
449591,0.073013365
449594,0.024396997
449599,0.073699884
449606,0.028880375
449615,0.017880902
449616,0.025499187
449625,0.02250354
449633,0.012200515
449636,0.17549664
449637,0.2547767
449642,0.012244487
449683,0.073761016
449684,0.012308458
449711,0.01854045
449713,0.023100015
449716,0.05358603
449741,0.03544396
449745,0.018662939
449747,0.018734803
449756,0.04497893
449759,0.019506475
449760,0.09912953
449768,0.016857618
449773,0.030031309
449775,0.03199946
449780,0.014584408
449788,0.09491447
449792,0.03511618
449802,0.06223564
449812,0.25480786
449815,0.122012526
449818,0.034770936
449820,0.03791132
449821,0.015747752
449822,0.29319322
449831,0.022214405
449837,0.074520946
449855,0.12167211
449857,0.030101327
449865,0.046248905
449866,0.026109805
449871,0.07511242
449873,0.042643588
449874,0.07823717
449877,0.024223376
449881,0.03233454
449889,0.05242582
449893,0.01045075
449894,0.06423955
449897,0.061862268
449900,0.020226952
449910,0.017718224
449924,0.21661511
449928,0.053700082
449932,0.24939282
449942,0.048845246
449947,0.038038798
449955,0.047300164
449972,0.006722304
449984,0.09259639
450004,0.01909665
450027,0.05332021
450029,0.006325005
450035,0.043715212
450038,0.010566046
450042,0.4327578
450044,0.029472254
450060,0.023936305
450065,0.027570102
450076,0.037848048
450081,0.1749187
450083,0.075983316
450096,0.0646567
450102,0.01942962
450107,0.12633206
450109,0.075380154
450110,0.029056134
450111,0.02216464
450114,0.05814577
450117,0.03073413
450118,0.13226674
450124,0.15257469
450141,0.2057058
450145,0.0360366
450148,0.048403937
450169,0.039240725
450172,0.15736538
450173,0.019674705
450180,0.03905768
450182,0.014372338
450190,0.031766847
450200,0.024950875
450216,0.01782627
450221,0.02572057
450227,0.4140491
450229,0.031537328
450233,0.027981449
450244,0.1423856
450251,0.19253118
450260,0.013176828
450266,0.11552697
450267,0.06920385
450272,0.005817963
450280,0.07262655
450287,0.012454551
450290,0.032915004
450291,0.16996859
450303,0.032277726
450310,0.04540959
450311,0.074759826
450358,0.07073011
450373,0.113759644
450376,0.06964177
450383,0.027212448
450395,0.04050903
450398,0.2345426
450412,0.2513681
450415,0.058275286
450420,0.015748924
450421,0.17363873
450427,0.02335408
450428,0.02601631
450429,0.03231734
450433,0.027035749
450443,0.020649023
450453,0.020954438
450454,0.016151045
450458,0.08974054
450464,0.019134885
450469,0.22847414
450475,0.023121683
450478,0.22192727
450498,0.080776535
450501,0.082196
450503,0.03474932
450513,0.21901706
450523,0.037003074
450530,0.08940577
450537,0.03277584
450543,0.048612904
450554,0.036474466
450555,0.016661154
450558,0.07804306
450568,0.01993319
450569,0.030853186
450580,0.013411552
450581,0.015525838
450588,0.013556182
450589,0.07671283
450602,0.048348
450603,0.0109085655
450621,0.01933728
450626,0.37827268
450640,0.012462946
450641,0.013456286
450644,0.45861304
450658,0.16869627
450672,0.09908719
450685,0.026769744
450687,0.10961346
450689,0.061887074
450690,0.102702096
450693,0.014387872
450699,0.04385303
450706,0.46717232
450708,0.13356118
450710,0.058546815
450716,0.07088427
450722,0.04058597
450752,0.14463395
450759,0.22021298
450763,0.070510566
450767,0.03219606
450768,0.08152119
450772,0.027312923
450778,0.040939283
450781,0.023320656
450788,0.024396878
450792,0.14133471
450817,0.009042144
450820,0.02366259
450835,0.1539917
450848,0.19656776
450853,0.20418923
450865,0.037966453
450878,0.010896112
450883,0.012335742
450885,0.049745236
450896,0.014841276
450897,0.041926064
450898,0.13358337
450904,0.047219675
450908,0.09884451
450917,0.015696667
450921,0.022199616
450923,0.090577036
450926,0.057397645
450929,0.046354044
450937,0.034014683
450963,0.2474129
450971,0.13226064
450973,0.03783274
450978,0.21013267
450982,0.014676221
450995,0.08079904
450997,0.018849341
451033,0.028494425
451035,0.008550813
451037,0.2766635
451039,0.012716975
451063,0.0099978475
451079,0.026417939
451081,0.010918074
451083,0.048452392
451100,0.037236057
451101,0.005437229
451104,0.018826878
451109,0.019785643
451119,0.032711416
451124,0.014558291
451126,0.017204506
451146,0.054435216
451155,0.009965992
451156,0.012296252
451160,0.23205419
451163,0.013880461
451168,0.054561608
451175,0.06842357
451184,0.03969517
451189,0.038859475
451206,0.037581913
451208,0.024587994
451225,0.014687769
451226,0.027573653
451228,0.21710348
451230,0.08578688
451235,0.02038949
451239,0.018894065
451242,0.02286367
451247,0.06763179
451248,0.08967513
451255,0.05566649
451261,0.039130516
451270,0.1244263
451277,0.024931572
451278,0.13368198
451282,0.037212264
451283,0.060377285
451302,0.04174489
451310,0.050686613
451315,0.085773595
451328,0.05109065
451330,0.037117146
451331,0.1771805
451338,0.02308261
451342,0.0669385
451347,0.016090017
451350,0.13134377
451351,0.05493939
451354,0.021766573
451358,0.030949835
451370,0.014619103
451379,0.40540802
451383,0.055721663
451390,0.12629886
451391,0.016840082
451392,0.09550595
451412,0.058192536
451422,0.0063377162
451429,0.018567236
451432,0.065497205
451437,0.017685907
451442,0.050517164
451455,0.041126657
451457,0.06752537
451464,0.05289227
451472,0.02447343
451474,0.05989749
451488,0.05309171
451512,0.02190732
451516,0.10548912
451519,0.19185522
451528,0.01368256
451531,0.015352685
451551,0.061540045
451564,0.060261957
451570,0.18333727
451571,0.019997887
451575,0.1369804
451576,0.107544675
451582,0.1076661
451586,0.027582606
451587,0.110260084
451594,0.06449438
451596,0.036693305
451600,0.068608
451615,0.017322123
451616,0.055860743
451646,0.19108997
451648,0.06954775
451650,0.016694862
451651,0.117555484
451662,0.14506093
451675,0.02118636
451680,0.042173017
451682,0.0897575
451688,0.037663672
451691,0.03822237
451698,0.08489387
451703,0.05087857
451709,0.07156903
451714,0.13728236
451716,0.08478142
451719,0.03016335
451724,0.039458714
451726,0.031143155
451733,0.017123558
451743,0.04039524
451747,0.014088457
451756,0.03475171
451761,0.06896744
451762,0.074881986
451768,0.010654765
451785,0.011950221
451805,0.012119094
451811,0.13851999
451817,0.028245594
451823,0.095392294
451831,0.019485671
451840,0.06565954
451845,0.016482726
451852,0.037069514
451855,0.021496577
451856,0.027899655
451871,0.013324559
451873,0.07876766
451897,0.031943265
451907,0.11631818
451908,0.07380201
451919,0.029318875
451932,0.03417645
451934,0.14057167
451935,0.020866243
451936,0.15035093
451938,0.0189131
451954,0.018644936
451958,0.046827704
451976,0.16036224
451977,0.066196874
451983,0.20377822
452000,0.06855176
452023,0.027890824
452024,0.0074007316
452028,0.010109283
452039,0.03241644
452043,0.0331148
452047,0.012241273
452067,0.111018315
452069,0.028407054
452071,0.021865282
452096,0.28111354
452101,0.105910145
452107,0.06512736
452108,0.0313385
452109,0.04921753
452123,0.017014302
452127,0.0182993
452131,0.14036995
452133,0.008441445
452136,0.1485169
452137,0.051364847
452142,0.038709246
452147,0.06571825
452158,0.053181186
452172,0.070716865
452190,0.2579704
452191,0.06819962
452192,0.008419063
452195,0.021004474
452209,0.051971246
452237,0.034473926
452239,0.012805458
452242,0.060466867
452246,0.0073764552
452249,0.056783963
452263,0.037230227
452267,0.04170799
452273,0.05555498
452274,0.04102025
452291,0.08858444
452310,0.106166795
452319,0.03709232
452325,0.022230415
452328,0.046430625
452330,0.19613333
452332,0.02647672
452337,0.021864481
452353,0.22564487
452356,0.1533637
452368,0.011824086
452379,0.0839429
452380,0.31352124
452396,0.03834189
452398,0.1441746
452401,0.019478682
452408,0.040754285
452409,0.05053706
452414,0.051473804
452418,0.057465397
452422,0.066273026
452430,0.04681993
452432,0.025025181
452451,0.0706619
452455,0.024327455
452495,0.04426539
452497,0.21287803
452511,0.08596161
452514,0.016858716
452522,0.048746083
452529,0.04496927
452530,0.10593948
452542,0.040958337
452545,0.020349054
452558,0.026858978
452592,0.19038358
452604,0.0139884455
452616,0.011420205
452619,0.02874377
452620,0.014213676
452630,0.02248568
452644,0.04521007
452658,0.022374108
452663,0.058711242
452668,0.037473656
452672,0.06245759
452679,0.031578116
452685,0.050716396
452690,0.06619019
452701,0.13244888
452702,0.07771591
452708,0.06221545
452714,0.029341346
452718,0.052012153
452731,0.009090494
452733,0.08219853
452741,0.04616198
452748,0.3227448
452750,0.014929837
452753,0.05780782
452759,0.010384503
452767,0.18457928
452768,0.20253028
452788,0.025155775
452802,0.01129861
452807,0.033722684
452819,0.043002542
452820,0.009908604
452821,0.022121262
452840,0.12318602
452851,0.015794588
452861,0.023778971
452865,0.015548551
452871,0.052468933
452882,0.037451692
452903,0.013999285
452906,0.09132667
452907,0.30209282
452914,0.027922604
452929,0.034755666
452931,0.09177706
452932,0.03894025
452948,0.038305495
452950,0.042285614
452963,0.027742596
452974,0.013456734
452982,0.061905324
452984,0.20112194
452994,0.014660958
452995,0.05531671
452998,0.015138289
453003,0.12509908
453021,0.023976535
453040,0.08098338
453042,0.054422025
453052,0.02742545
453056,0.04322464
453066,0.022683837
453067,0.00985585
453072,0.014390489
453085,0.028262703
453093,0.032196384
453094,0.022989389
453100,0.013298277
453101,0.052106276
453107,0.096839696
453110,0.1154804
453111,0.15146919
453113,0.021650463
453114,0.01099086
453124,0.013447495
453129,0.014434975
453142,0.21388984
453145,0.054502726
453152,0.13200939
453159,0.034987554
453168,0.05881878
453196,0.045678332
453212,0.037488375
453214,0.020878036
453215,0.040558893
453220,0.009274726
453230,0.26092076
453233,0.24031691
453235,0.032600995
453244,0.064983666
453248,0.3407262
453262,0.00661787
453268,0.01738737
453283,0.024304813
453284,0.030196246
453287,0.021615962
453299,0.047993213
453314,0.039457455
453322,0.026646663
453349,0.16224764
453354,0.066979244
453356,0.12050742
453359,0.18596408
453366,0.048479475
453367,0.04680804
453372,0.014723495
453378,0.29896742
453390,0.010667952
453397,0.059100498
453403,0.014211159
453406,0.20102893
453412,0.10027818
453415,0.21754193
453428,0.040691692
453431,0.019196747
453442,0.029738393
453449,0.034791782
453465,0.014226576
453473,0.37766886
453476,0.022698492
453479,0.014589496
453480,0.011335848
453481,0.025056891
453493,0.023480874
453494,0.042702544
453507,0.26456475
453509,0.020094164
453514,0.06480378
453524,0.052475147
453534,0.037731096
453538,0.028634787
453544,0.1723957
453549,0.013859193
453550,0.093081765
453551,0.014635471
453556,0.021022707
453560,0.22137374
453566,0.030525876
453569,0.053744443
453579,0.016337113
453582,0.019148007
453586,0.072492085
453618,0.022975238
453620,0.043627083
453655,0.06130907
453659,0.07530753
453668,0.056868143
453681,0.012171033
453686,0.043986954
453687,0.07942394
453704,0.035512142
453707,0.05031289
453708,0.016193803
453709,0.06720088
453715,0.03466086
453721,0.14892355
453725,0.023243532
453727,0.021131547
453747,0.26801956
453753,0.1267547
453755,0.02672403
453761,0.016892506
453763,0.007344246
453766,0.012662677
453774,0.013211813
453781,0.324869
453790,0.03546873
453797,0.3167801
453808,0.12243739
453814,0.031167455
453836,0.069453016
453837,0.013101555
453843,0.024932902
453844,0.034685276
453871,0.011527945
453881,0.09179873
453892,0.3296826
453893,0.016078882
453894,0.026845116
453895,0.03283007
453903,0.054600727
453906,0.045145594
453918,0.076799974
453924,0.024466395
453930,0.10740564
453940,0.03896874
453944,0.14099418
453947,0.27630332
453949,0.11413571
453952,0.1344034
453959,0.111683294
453971,0.05634765
453986,0.2744026
453988,0.020859577
453989,0.07964482
453999,0.1416503
454007,0.07289489
454021,0.009262571
454023,0.19636376
454036,0.020310042
454046,0.011667024
454052,0.037237704
454066,0.025426753
454070,0.24902959
454071,0.029556599
454075,0.14439438
454080,0.014019433
454085,0.030441714
454097,0.114838
454103,0.022973549
454105,0.16570659
454108,0.022776242
454109,0.084699884
454137,0.12827763
454150,0.012198112
454155,0.023072675
454164,0.080392584
454165,0.025744094
454170,0.12273567
454173,0.014336731
454181,0.01228822
454183,0.1917677
454188,0.15108657
454192,0.012593691
454198,0.19653782
454200,0.018110124
454209,0.007219728
454211,0.3242714
454212,0.031696558
454218,0.3087199
454220,0.044024568
454231,0.009976415
454242,0.0070341136
454245,0.01803853
454261,0.026432764
454269,0.069647245
454271,0.0156949
454287,0.05669318
454293,0.14430171
454296,0.03149308
454304,0.06694493
454313,0.26285967
454315,0.1318921
454321,0.018179435
454333,0.0783024
454334,0.055691205
454345,0.017718408
454347,0.08978533
454361,0.08194609
454380,0.0314289
454382,0.16559228
454386,0.06414615
454390,0.05352903
454396,0.029925592
454398,0.12939018
454403,0.029075636
454405,0.03220819
454406,0.045459017
454412,0.15976217
454418,0.0775145
454436,0.09436685
454443,0.102815464
454449,0.06350333
454457,0.14392906
454466,0.01904894
454471,0.17350505
454476,0.19554329
454489,0.18377475
454493,0.13438267
454495,0.03877961
454497,0.011451632
454522,0.027154662
454554,0.08683148
454557,0.012093699
454560,0.0333606
454561,0.057512287
454563,0.048738018
454565,0.03784147
454566,0.075004496
454578,0.09556041
454605,0.04302536
454608,0.02746119
454612,0.012316542
454618,0.14577177
454622,0.029101007
454631,0.051361486
454638,0.010310599
454639,0.14322467
454640,0.07296421
454653,0.12744236
454663,0.014220141
454664,0.25972137
454674,0.22074749
454678,0.18748114
454680,0.013810004
454687,0.052234408
454690,0.024249159
454698,0.13083012
454700,0.065994546
454707,0.008388951
454714,0.0123777315
454722,0.087763794
454723,0.03329377
454739,0.13162777
454745,0.020692626
454763,0.05136014
454765,0.028242651
454774,0.014008905
454778,0.02215371
454780,0.043811712
454781,0.10540451
454789,0.013597727
454801,0.051204264
454802,0.026860718
454835,0.09065952
454837,0.052150637
454841,0.0074089887
454872,0.067586005
454878,0.01866819
454884,0.006753242
454891,0.13356341
454897,0.03561966
454908,0.022819027
454912,0.044605397
454922,0.018879099
454929,0.07980256
454935,0.04639305
454946,0.08976936
454959,0.02323817
454970,0.041700214
454991,0.02640525
455002,0.09123139
455005,0.15700908
455016,0.13212977
455021,0.008589656
455022,0.025112564
455024,0.15981373
455044,0.21034916
455050,0.01344811
455055,0.17661181
455056,0.057355426
455067,0.0155256335
455069,0.014076856
455082,0.03694434
455087,0.020721596
455088,0.034096126
455112,0.05098825
455126,0.02728105
455132,0.0536872
455135,0.084588155
455148,0.014702136
455156,0.084729515
455161,0.0867926
455162,0.21214436
455164,0.1381631
455171,0.06620756
455174,0.010951201
455175,0.06617553
455184,0.3002633
455188,0.031211056
455200,0.11696827
455209,0.14651117
455212,0.2155493
455217,0.032445792
455222,0.020996924
455223,0.024757441
455228,0.04582596
455243,0.02961052
455246,0.033116583
455255,0.21681221
455262,0.043123625
455268,0.023255799
455277,0.17955106
455281,0.10136373
455296,0.03290413
455297,0.011559041
455322,0.020195123
455326,0.39403754
455327,0.078651756
455328,0.029860193
455368,0.010900825
455374,0.062373873
455377,0.013455177
455378,0.012441445
455379,0.05593756
455395,0.024489677
455424,0.14114246
455425,0.020138703
455429,0.010805733
455434,0.10487556
455436,0.015144857
455438,0.011250119
455439,0.118305795
455440,0.013164271
455441,0.015118073
455481,0.009771909
455482,0.010536331
455483,0.0046376474
455484,0.16179457
455489,0.03908179
455490,0.08160911
455513,0.57796687
455515,0.12205229
455536,0.02366076
455537,0.024508746
455538,0.007177592
455539,0.10512167
455567,0.22124524
455583,0.09882822
455607,0.018256977
455636,0.2585717
455638,0.029235406
455640,0.22626518
455644,0.011740483
455645,0.018839333
455648,0.0346384
455650,0.017595798
455658,0.13662042
455694,0.028554719
455695,0.03641237
455696,0.025090698
455703,0.07608816
455742,0.0074659796
455748,0.033287156
455749,0.1103472
455750,0.21951692
455751,0.02504375
455752,0.07764844
455787,0.0711607
455798,0.041509584
455802,0.1373484
455803,0.049932417
455804,0.09002658
455805,0.009065732
455829,0.0063369866
455840,0.03765884
455849,0.01941313
455850,0.077277966
455852,0.051289875
455854,0.1567693
455863,0.019016234
455897,0.046767406
455902,0.017663931
455907,0.018249627
455908,0.04411701
455909,0.04978687
455940,0.05708082
455955,0.08034095
455958,0.038275927
455959,0.06625622
455960,0.006726275
455961,0.41418442
455962,0.025687106
455963,0.026032854
455965,0.016401384
456007,0.22402708
456008,0.014937222
456009,0.032398876
456010,0.06858966
456011,0.025030773
456013,0.2266715
456028,0.13146296
456058,0.13555637
456111,0.04749557
456114,0.17380735
456115,0.037539653
456116,0.009363092
456119,0.010802753
456120,0.07843415
456122,0.073184446
456123,0.012495464
456166,0.09613828
456167,0.03165933
456168,0.048282944
456169,0.06575738
456170,0.012048181
456189,0.07317457
456202,0.045607556
456221,0.03999929
456222,0.052396797
456223,0.008881259
456224,0.02540918
456250,0.14381415
