SK_ID_CURR,TARGET
100001,0.04385156
100005,0.14715658
100013,0.027623393
100028,0.019787773
100038,0.14886048
100042,0.0300032
100057,0.00898413
100065,0.023507372
100066,0.02052836
100067,0.05474491
100074,0.037021358
100090,0.040459886
100091,0.13015772
100092,0.05466126
100106,0.04173908
100107,0.14798722
100109,0.050494637
100117,0.020315534
100128,0.08199229
100141,0.07566524
100150,0.029740216
100168,0.0109648025
100169,0.03449597
100170,0.16143714
100171,0.04287635
100172,0.14648952
100184,0.13276461
100187,0.075455
100212,0.019400228
100222,0.030512696
100223,0.032879677
100232,0.013757309
100241,0.10234003
100245,0.024196833
100253,0.021243144
100256,0.057112813
100271,0.00634945
100278,0.31969085
100280,0.017524205
100306,0.18439092
100311,0.05385694
100312,0.010867535
100330,0.11049143
100331,0.028247232
100352,0.11479904
100358,0.05522556
100367,0.017881857
100382,0.045281198
100384,0.14117292
100385,0.041076757
100386,0.022167906
100399,0.02725967
100404,0.02871903
100416,0.018826561
100422,0.023527807
100426,0.03277246
100438,0.02865622
100444,0.115022175
100445,0.10865179
100446,0.07347652
100447,0.014007519
100450,0.09986992
100466,0.01055103
100483,0.012582333
100484,0.013819092
100494,0.04977259
100510,0.08357989
100512,0.013951647
100517,0.027968876
100548,0.03313395
100551,0.08192227
100552,0.04189747
100553,0.013533483
100561,0.0786603
100568,0.29062682
100569,0.013208145
100591,0.14264628
100592,0.024997357
100602,0.021905385
100607,0.05743922
100613,0.035742886
100617,0.05184944
100618,0.08504237
100622,0.047096353
100625,0.06156347
100677,0.09344167
100699,0.021794446
100702,0.26965997
100711,0.029873805
100729,0.12137156
100740,0.18068981
100744,0.112104
100745,0.044512987
100747,0.1251052
100751,0.2938054
100752,0.020398011
100753,0.19170041
100754,0.24227792
100760,0.027405981
100762,0.08680222
100763,0.023357913
100765,0.016131423
100770,0.11370672
100772,0.03703835
100777,0.03943194
100791,0.014082038
100792,0.011793094
100797,0.029270748
100823,0.043300375
100826,0.021062315
100830,0.02578823
100836,0.14993218
100872,0.06920472
100910,0.032088205
100913,0.050053947
100918,0.016849823
100931,0.008958364
100952,0.028970923
100953,0.018731877
100965,0.18911971
100970,0.027763296
100982,0.14157137
100983,0.23986161
100984,0.052094366
100987,0.051156282
100997,0.046756633
100998,0.28403214
101002,0.020126084
101005,0.10790402
101008,0.32457623
101020,0.04254254
101021,0.10738986
101024,0.02863634
101025,0.26199257
101026,0.014030808
101031,0.013306236
101041,0.020551555
101051,0.00504596
101055,0.05962276
101056,0.1456085
101057,0.028484441
101064,0.016426345
101079,0.061008442
101087,0.014103773
101090,0.032640774
101092,0.10358551
101097,0.09744636
101099,0.020972064
101107,0.12223622
101118,0.03692539
101125,0.12927982
101126,0.008860886
101128,0.0086865155
101136,0.06307839
101140,0.15506205
101149,0.06532605
101160,0.13031708
101169,0.21224812
101181,0.05630157
101186,0.008606499
101190,0.018848127
101193,0.0792454
101194,0.08726163
101198,0.14461899
101200,0.007369049
101204,0.018124493
101211,0.06581997
101213,0.022225033
101223,0.02631604
101225,0.11442444
101237,0.07475575
101243,0.10041206
101244,0.0804544
101258,0.017073827
101259,0.16757174
101268,0.100158766
101269,0.040036336
101271,0.027020412
101279,0.015192026
101281,0.22516775
101287,0.035689242
101292,0.024363419
101294,0.031249497
101296,0.12775823
101297,0.010961599
101299,0.01617164
101301,0.031241085
101305,0.060490888
101308,0.18150641
101318,0.006287058
101327,0.12591551
101329,0.00962411
101332,0.04354907
101337,0.038019538
101343,0.030793212
101345,0.0336061
101346,0.013357517
101353,0.01480655
101354,0.1649347
101355,0.21657929
101356,0.022633292
101362,0.07268955
101363,0.39922768
101365,0.018848287
101366,0.06087529
101367,0.22210929
101368,0.0115393195
101374,0.1518278
101380,0.013565182
101383,0.03685444
101398,0.01132284
101399,0.20084454
101401,0.20547913
101412,0.07258366
101426,0.0705844
101427,0.3642795
101428,0.13754067
101429,0.11923137
101434,0.023071894
101440,0.23554438
101448,0.05406081
101449,0.030378876
101465,0.025347741
101467,0.020931875
101472,0.05384791
101478,0.16182014
101497,0.058122065
101504,0.024163645
101547,0.008901865
101548,0.07233579
101555,0.056943145
101570,0.013461754
101572,0.030807422
101578,0.021332894
101580,0.11698722
101588,0.07335394
101602,0.07030154
101610,0.12448498
101614,0.030694487
101616,0.040428173
101643,0.09042785
101644,0.05935663
101649,0.026769603
101650,0.04364147
101665,0.017050492
101667,0.097699486
101669,0.089019075
101674,0.07639311
101675,0.006754214
101678,0.11342846
101682,0.016839786
101686,0.016426412
101697,0.3609037
101700,0.30736753
101711,0.022200787
101714,0.019167755
101715,0.43366045
101728,0.018335825
101732,0.03505797
101757,0.08131202
101758,0.033554688
101759,0.052120052
101762,0.007480399
101764,0.09908882
101780,0.21503335
101784,0.02241303
101789,0.011345787
101816,0.0455354
101819,0.075325705
101827,0.009121152
101863,0.04038745
101867,0.029294383
101870,0.010811058
101873,0.2312704
101878,0.04506479
101879,0.101635695
101880,0.020338986
101887,0.0378599
101897,0.014418772
101901,0.096690886
101903,0.19661021
101920,0.05409748
101921,0.016668253
101922,0.048155885
101961,0.08107382
101962,0.0116387475
101971,0.031815555
101976,0.32970858
102002,0.1573565
102005,0.012957559
102007,0.13071236
102017,0.03128796
102019,0.24704918
102029,0.0133843385
102051,0.10311626
102052,0.007520806
102054,0.018395498
102062,0.043738507
102067,0.09634464
102068,0.114827074
102070,0.031358235
102090,0.08737518
102092,0.03088811
102099,0.071081065
102100,0.025588732
102112,0.13367887
102113,0.02428119
102122,0.20372209
102123,0.027868787
102125,0.01523639
102126,0.14644952
102146,0.010461775
102147,0.06362981
102151,0.035514027
102158,0.11791659
102159,0.017917246
102162,0.04116213
102165,0.024195094
102166,0.018543364
102174,0.007989741
102193,0.17093578
102198,0.025991244
102205,0.18596593
102206,0.0060839937
102218,0.018291363
102221,0.031060703
102230,0.07518636
102238,0.02017637
102248,0.02460606
102252,0.19513272
102259,0.051045153
102262,0.11303049
102273,0.029250037
102286,0.10228879
102293,0.005464555
102294,0.02260906
102296,0.05158307
102298,0.11072523
102303,0.008578652
102309,0.031232433
102315,0.020106787
102340,0.068218194
102342,0.06850548
102344,0.027785636
102346,0.08457835
102347,0.009139448
102374,0.06873447
102380,0.038569123
102387,0.019313429
102393,0.040009946
102403,0.0126753
102413,0.02237756
102414,0.0030478078
102415,0.03824359
102416,0.08333749
102439,0.033425733
102441,0.018795433
102443,0.016637316
102444,0.05060646
102445,0.08550976
102448,0.022741504
102449,0.15340371
102450,0.20036253
102456,0.008051573
102458,0.1473512
102459,0.084474586
102465,0.027090307
102470,0.18882367
102471,0.02229523
102475,0.022437038
102476,0.14271298
102506,0.03150045
102509,0.037189934
102519,0.018746028
102522,0.014311814
102545,0.04962719
102549,0.0412623
102562,0.013763042
102563,0.015854353
102568,0.10121074
102582,0.029322281
102592,0.0073347725
102597,0.057303954
102605,0.026979031
102614,0.02859528
102617,0.07146246
102634,0.02710306
102652,0.019628206
102655,0.012510217
102671,0.04686216
102694,0.23550154
102701,0.049283314
102703,0.011986705
102704,0.01884312
102713,0.0052000494
102720,0.07532697
102731,0.016463097
102733,0.02385959
102749,0.020140959
102755,0.13955578
102763,0.008250304
102770,0.03198537
102772,0.09409206
102799,0.0875241
102838,0.008098514
102854,0.016800324
102862,0.110194676
102863,0.028763792
102867,0.0060268855
102868,0.011430492
102878,0.059549056
102887,0.017212713
102898,0.3136016
102904,0.08016161
102912,0.04371342
102919,0.05183445
102927,0.06545622
102932,0.043913286
102933,0.045565315
102935,0.009808433
102958,0.047626305
102969,0.15647414
102971,0.0177283
102975,0.06841456
102979,0.03278256
102982,0.0074254368
102987,0.2077509
102989,0.059989966
102995,0.048095576
102996,0.0130452225
103000,0.040977333
103001,0.07820703
103004,0.016357835
103010,0.012898091
103025,0.22274514
103029,0.014236796
103046,0.05565984
103056,0.019564275
103062,0.093506366
103078,0.023722423
103083,0.013377763
103092,0.06257016
103096,0.046886124
103097,0.07894668
103102,0.2854002
103112,0.03533213
103132,0.029990178
103144,0.035762493
103145,0.14310446
103146,0.0071095275
103147,0.04931072
103158,0.025001012
103171,0.060029116
103173,0.02877269
103184,0.010580992
103195,0.10965403
103196,0.046896625
103206,0.016336545
103230,0.17655574
103231,0.25396308
103232,0.017184831
103239,0.06976775
103240,0.07085677
103243,0.012437586
103252,0.077479646
103258,0.03479053
103259,0.08440611
103279,0.02420871
103280,0.010229455
103286,0.02421495
103287,0.2184917
103290,0.01287932
103298,0.019490827
103315,0.0064112716
103319,0.021476215
103334,0.19173573
103336,0.036032405
103345,0.09819918
103368,0.021127094
103371,0.20156963
103377,0.010331754
103398,0.019299928
103404,0.06522193
103408,0.13622275
103410,0.032877408
103418,0.01140018
103420,0.19278367
103432,0.0549849
103433,0.020605084
103436,0.012039955
103440,0.033193927
103453,0.02464452
103459,0.024580173
103460,0.052788295
103461,0.00715124
103462,0.02454877
103473,0.12533945
103474,0.02004455
103475,0.17452814
103478,0.08847855
103480,0.036512267
103484,0.01639563
103494,0.18725722
103513,0.03750723
103515,0.050713133
103516,0.14133205
103525,0.10026163
103541,0.18492001
103544,0.010796939
103562,0.32351962
103570,0.20819591
103572,0.13131228
103574,0.019512996
103575,0.054571304
103591,0.1630471
103594,0.0074239895
103609,0.06014077
103613,0.13755067
103614,0.041898716
103615,0.02509205
103624,0.026762012
103625,0.21443054
103628,0.12827866
103629,0.012022371
103647,0.05924445
103648,0.083877176
103651,0.024538677
103658,0.03843896
103668,0.055738248
103669,0.02526676
103676,0.04095048
103682,0.030174479
103683,0.062103927
103689,0.021684948
103725,0.064906545
103733,0.10587068
103744,0.039458927
103762,0.08354812
103771,0.39916265
103773,0.0049259965
103783,0.040371273
103784,0.07159107
103808,0.008097392
103812,0.038833838
103813,0.1439774
103814,0.051216617
103818,0.050403465
103824,0.01261126
103828,0.010320672
103830,0.17004691
103840,0.018395817
103842,0.088564195
103847,0.1953822
103848,0.0972019
103851,0.024022171
103854,0.085025966
103857,0.1496048
103861,0.017585572
103862,0.03382008
103865,0.020034252
103870,0.010221008
103876,0.02074759
103891,0.24640828
103908,0.05132266
103914,0.07677753
103918,0.08705658
103940,0.012753461
103963,0.09193394
103966,0.027797025
103971,0.11034222
103980,0.07807154
103984,0.02962998
103985,0.022330109
103998,0.19143227
104019,0.012209101
104026,0.02475279
104035,0.088316455
104044,0.030596608
104045,0.08935802
104047,0.1019153
104051,0.020431373
104058,0.03830169
104063,0.022322327
104066,0.41293246
104087,0.023181269
104089,0.06599006
104095,0.048127048
104098,0.10440786
104104,0.037285563
104110,0.33601418
104120,0.04583059
104122,0.034009814
104131,0.0416069
104132,0.045399625
104135,0.021633798
104136,0.02267677
104149,0.04527939
104150,0.10932499
104156,0.3146356
104165,0.13882442
104175,0.0126958825
104179,0.080986425
104184,0.10964552
104206,0.022792222
104216,0.20012408
104230,0.16239783
104257,0.02323859
104272,0.020926392
104273,0.069172636
104278,0.023815615
104294,0.05098719
104295,0.020343205
104297,0.03264832
104298,0.05804154
104308,0.01864898
104318,0.030386778
104319,0.10147198
104320,0.063696414
104327,0.10988533
104334,0.05076167
104344,0.030308416
104350,0.026700925
104351,0.11482861
104354,0.04136416
104369,0.06825529
104376,0.09575755
104381,0.036072623
104384,0.122203924
104391,0.031581134
104394,0.032026254
104398,0.20085259
104402,0.012300815
104408,0.04918441
104409,0.01294838
104410,0.5343482
104412,0.035306606
104417,0.07159493
104424,0.04788972
104426,0.014498027
104435,0.05464096
104445,0.024002548
104458,0.012493663
104460,0.022807876
104466,0.014006168
104472,0.05732061
104473,0.0484559
104479,0.017225789
104480,0.013143222
104482,0.038240563
104499,0.019634882
104501,0.016281072
104502,0.008579768
104506,0.10928575
104510,0.003764651
104512,0.027058491
104520,0.19781752
104528,0.032315824
104529,0.008578295
104541,0.06854566
104578,0.01200626
104584,0.049213767
104588,0.040182445
104602,0.13697325
104610,0.014135889
104611,0.1403389
104618,0.058083076
104620,0.03867817
104622,0.014900943
104624,0.033156183
104625,0.133443
104634,0.08064082
104639,0.06280875
104646,0.009372328
104647,0.0505522
104652,0.010577153
104670,0.03635837
104677,0.0073807985
104685,0.05933998
104691,0.0280014
104696,0.116398185
104699,0.011252602
104712,0.06375969
104714,0.014186063
104717,0.077882536
104718,0.016384738
104740,0.04179814
104741,0.027415216
104743,0.0048420597
104744,0.017242614
104747,0.05087773
104767,0.03960191
104772,0.08913588
104776,0.16381286
104779,0.029652527
104814,0.01491336
104815,0.020835906
104830,0.036069173
104831,0.06566174
104833,0.031170482
104839,0.016448399
104840,0.018771902
104860,0.17456236
104861,0.01981645
104866,0.04348801
104870,0.009023631
104877,0.0675751
104878,0.010201231
104879,0.02796354
104880,0.06344721
104899,0.010217954
104906,0.02606205
104907,0.05932215
104913,0.08039064
104916,0.06111564
104921,0.052153487
104930,0.04701054
104931,0.30911258
104936,0.012919704
104937,0.015729543
104942,0.022001013
104943,0.02589963
104969,0.047324616
104972,0.15939339
104988,0.102936655
105013,0.0179321
105015,0.018531937
105019,0.05657895
105027,0.043825313
105030,0.062131457
105035,0.2772159
105041,0.015703691
105051,0.3190432
105056,0.038073324
105067,0.21901082
105071,0.03659843
105072,0.0087027745
105074,0.10184852
105091,0.036740355
105101,0.02391994
105103,0.064822115
105134,0.044364918
105139,0.008257013
105142,0.109692276
105146,0.060901254
105163,0.09962003
105168,0.06568892
105172,0.013425916
105176,0.26900798
105195,0.044178423
105196,0.28445992
105197,0.008811391
105203,0.09085563
105223,0.098035656
105227,0.13037284
105228,0.009884766
105230,0.085733354
105231,0.2514038
105239,0.027681118
105242,0.16670226
105244,0.04210478
105245,0.04136713
105248,0.018768944
105249,0.040028386
105266,0.14266413
105271,0.19121675
105276,0.028292194
105282,0.03106489
105292,0.08570872
105297,0.0064093675
105332,0.043235984
105333,0.012067722
105343,0.071319
105344,0.017966267
105345,0.07159474
105357,0.031389732
105359,0.1042161
105366,0.057329394
105367,0.04440291
105370,0.0035576797
105377,0.028560214
105390,0.0175369
105399,0.009277387
105403,0.13760582
105404,0.03946714
105414,0.011851314
105417,0.053083062
105425,0.18793808
105452,0.16796295
105454,0.08354045
105456,0.052728623
105470,0.04023983
105471,0.025680568
105483,0.1700993
105493,0.16113715
105508,0.069452904
105514,0.047314808
105515,0.018240543
105528,0.18735012
105529,0.009233598
105531,0.027959486
105532,0.022505442
105558,0.012546894
105574,0.015476838
105578,0.014499117
105584,0.21855421
105595,0.032353133
105617,0.3039768
105618,0.033380922
105621,0.023911186
105625,0.042181425
105629,0.027009448
105630,0.011179859
105634,0.016985262
105635,0.017394826
105641,0.12402335
105647,0.17387572
105648,0.08751418
105655,0.02210275
105657,0.01726947
105672,0.13889149
105678,0.15974404
105682,0.09606368
105691,0.036464933
105692,0.018682927
105706,0.013040894
105712,0.023335015
105720,0.020431615
105734,0.008236898
105735,0.017032897
105736,0.12158128
105737,0.013776565
105738,0.081613645
105740,0.1662866
105744,0.038838148
105747,0.033527486
105749,0.14667976
105754,0.03796912
105758,0.056517303
105760,0.03076007
105767,0.2344506
105784,0.05381584
105791,0.011385621
105802,0.17315198
105807,0.16394094
105809,0.034883097
105816,0.05857621
105817,0.012813592
105824,0.047887344
105832,0.03529286
105856,0.011786909
105865,0.01971614
105899,0.17843847
105906,0.020828698
105916,0.07123554
105923,0.055054236
105937,0.07147974
105965,0.02381311
105966,0.08296683
105968,0.057665862
105973,0.059567347
105976,0.17636947
105978,0.11876081
105979,0.015701227
105991,0.12629189
105998,0.13095246
105999,0.009643177
106000,0.17398371
106001,0.027598806
106010,0.22971508
106011,0.0072075194
106013,0.122921914
106015,0.008818056
106026,0.013286355
106032,0.010730305
106035,0.20260008
106040,0.029875297
106041,0.284545
106044,0.020854283
106053,0.06427185
106054,0.0068816906
106065,0.0739977
106081,0.03209985
106083,0.071541175
106087,0.024277942
106090,0.063117884
106101,0.029687228
106102,0.04069959
106109,0.0386641
106116,0.06911198
106150,0.012618116
106155,0.079779975
106166,0.02109596
106176,0.14470977
106189,0.02195102
106199,0.108582534
106205,0.15542804
106206,0.10078769
106211,0.0125471
106214,0.038031384
106216,0.037076425
106217,0.06993148
106225,0.037751645
106249,0.020773085
106256,0.044674523
106258,0.029244715
106261,0.03302244
106262,0.07643587
106264,0.015893854
106271,0.04040023
106276,0.0150304865
106277,0.05457113
106286,0.033661887
106293,0.022557285
106295,0.03776948
106296,0.012372624
106297,0.09006172
106298,0.03636758
106311,0.048533663
106314,0.040819842
106320,0.024277674
106334,0.038832247
106346,0.04305087
106347,0.023160702
106349,0.07139263
106354,0.15146716
106360,0.009327633
106373,0.10578297
106377,0.02390059
106386,0.11725613
106387,0.051123247
106391,0.010554331
106401,0.32949284
106411,0.05179178
106413,0.29385903
106426,0.32974938
106427,0.092017345
106428,0.10233074
106434,0.058304895
106438,0.0085670445
106440,0.015462743
106441,0.024307637
106452,0.19096081
106453,0.04667453
106454,0.05489816
106457,0.089152984
106484,0.011842826
106488,0.06816666
106491,0.21166345
106514,0.09516522
106527,0.08784394
106528,0.022615599
106529,0.013528288
106534,0.19477306
106550,0.15912242
106577,0.05546949
106585,0.14474687
106590,0.0052123796
106607,0.044156168
106610,0.110164374
106611,0.035635322
106612,0.033262897
106624,0.025711564
106631,0.011230365
106647,0.2760799
106660,0.17192736
106674,0.009084224
106687,0.010333296
106712,0.0322117
106713,0.040427826
106717,0.038175236
106720,0.060302295
106721,0.0907175
106724,0.098249435
106735,0.06553266
106739,0.05375429
106740,0.06913549
106754,0.056791756
106760,0.24985045
106761,0.06255115
106784,0.13865806
106787,0.042408615
106797,0.0067833215
106798,0.061080478
106802,0.12552102
106803,0.026865594
106804,0.18264443
106805,0.011023474
106810,0.08573122
106812,0.11284357
106813,0.028781028
106817,0.063151166
106822,0.06912742
106823,0.0264874
106827,0.006521638
106841,0.022421196
106851,0.13831592
106852,0.07191103
106853,0.1796766
106854,0.60846055
106861,0.03196896
106873,0.027268354
106877,0.021120032
106878,0.008520662
106881,0.07515727
106900,0.017875152
106906,0.0240149
106907,0.05675731
106914,0.08728696
106916,0.06552113
106924,0.008513248
106931,0.037076894
106936,0.048600446
106937,0.14903846
106938,0.0139103485
106939,0.051910207
106943,0.029024156
106944,0.11004237
106967,0.07520159
106980,0.01643506
106986,0.058217306
106987,0.01553028
106990,0.012940969
107013,0.012749753
107023,0.058664676
107033,0.03091334
107037,0.059675876
107048,0.022369394
107071,0.043198362
107081,0.00459729
107113,0.079454824
107130,0.04094094
107131,0.030905953
107145,0.038817115
107156,0.071423315
107219,0.08856487
107222,0.10633111
107223,0.36356646
107232,0.2476369
107245,0.040327955
107246,0.062768675
107247,0.039368127
107256,0.010430164
107259,0.017922057
107260,0.005306633
107279,0.23514542
107280,0.0587953
107281,0.01975288
107285,0.11612895
107329,0.008141884
107337,0.07317552
107349,0.13056132
107350,0.032405276
107351,0.005952973
107359,0.14471614
107391,0.06011981
107394,0.04347097
107395,0.029852185
107406,0.07151451
107416,0.12236532
107417,0.0070572947
107418,0.070489265
107419,0.021981783
107444,0.017537368
107445,0.022758508
107446,0.094665416
107460,0.19045505
107470,0.0868669
107475,0.028679367
107520,0.027974598
107526,0.19961052
107527,0.013720409
107530,0.015571283
107532,0.05246678
107534,0.11678008
107535,0.022715839
107554,0.064992815
107556,0.014235715
107559,0.10036649
107561,0.009072129
107564,0.033034552
107566,0.027020413
107571,0.05016072
107590,0.1215314
107602,0.099164836
107625,0.08199905
107626,0.4318025
107635,0.012924504
107636,0.049004875
107645,0.012520116
107652,0.15975176
107655,0.020759562
107668,0.032635957
107670,0.02151721
107677,0.0037782989
107680,0.23375359
107683,0.24104963
107684,0.01234707
107691,0.05388686
107692,0.051580407
107703,0.035939734
107709,0.034355097
107710,0.15125486
107721,0.17649475
107725,0.08578947
107727,0.10337177
107739,0.02426674
107740,0.028778981
107741,0.03064354
107747,0.015625529
107765,0.15581873
107768,0.004838381
107775,0.1160939
107782,0.27847973
107790,0.015406365
107801,0.030280387
107807,0.013831261
107811,0.022433117
107817,0.057747483
107826,0.053979754
107838,0.122609384
107839,0.019999668
107843,0.09033248
107847,0.051638264
107849,0.0723433
107850,0.05087837
107867,0.08397378
107871,0.060689
107908,0.036328793
107913,0.068907745
107927,0.014498669
107931,0.025406828
107955,0.013752391
107962,0.060048457
107977,0.03493355
107978,0.03941
107993,0.008484306
108010,0.06910178
108016,0.035374757
108018,0.2505174
108027,0.33888233
108045,0.2868056
108069,0.18971464
108082,0.021560065
108089,0.07867057
108092,0.040832322
108106,0.008315871
108112,0.04808685
108120,0.10166922
108122,0.20331225
108135,0.01732403
108170,0.00919575
108171,0.072546385
108177,0.009079788
108180,0.09545759
108183,0.017204573
108184,0.012887061
108185,0.02119121
108192,0.051908787
108195,0.15115651
108196,0.118282385
108218,0.024757419
108219,0.062262356
108243,0.07803904
108249,0.009388009
108251,0.016975567
108274,0.023137871
108280,0.35358107
108289,0.08715564
108292,0.031723958
108295,0.06842491
108327,0.023335375
108332,0.06959209
108346,0.024501156
108349,0.336298
108353,0.036170408
108362,0.022428144
108363,0.019532474
108377,0.30531347
108378,0.05995313
108381,0.018062495
108383,0.33248454
108390,0.06418224
108407,0.011645603
108408,0.057190355
108411,0.06550519
108412,0.020349333
108419,0.017930489
108436,0.17359392
108437,0.14572208
108438,0.19330531
108441,0.026371742
108448,0.016411759
108449,0.038491227
108466,0.022166036
108467,0.18227234
108473,0.023962358
108474,0.08433777
108476,0.015396561
108479,0.0104886
108486,0.013540574
108493,0.011948352
108501,0.02421866
108506,0.18077657
108510,0.028258398
108511,0.010493499
108514,0.1146149
108517,0.013644715
108519,0.08279318
108522,0.034473855
108548,0.08886095
108554,0.041854985
108555,0.12439093
108559,0.058862474
108562,0.023118163
108571,0.15166295
108572,0.037205324
108579,0.02690398
108583,0.012700266
108584,0.00378107
108592,0.03555679
108602,0.009779327
108609,0.01214827
108613,0.14297053
108616,0.066939026
108618,0.05975819
108620,0.014320218
108643,0.018818922
108649,0.012747284
108654,0.10637705
108655,0.012940154
108656,0.014993816
108667,0.10628356
108668,0.08745259
108682,0.058448993
108690,0.03720907
108691,0.07290602
108692,0.049804803
108695,0.027575761
108699,0.047498718
108710,0.24101424
108718,0.32448342
108739,0.12047494
108740,0.012200616
108741,0.009049892
108742,0.018678939
108763,0.013127257
108767,0.102092676
108769,0.15369764
108779,0.15621161
108788,0.02520715
108801,0.03815127
108802,0.040965207
108810,0.0526316
108811,0.0130445445
108813,0.013983427
108814,0.15556802
108825,0.024533775
108826,0.07169885
108830,0.06024912
108834,0.053412836
108852,0.008982205
108887,0.15314056
108901,0.0748887
108908,0.009498668
108910,0.027538113
108920,0.04178545
108922,0.019152572
108929,0.2258829
108930,0.014700428
108937,0.024722869
108938,0.025526252
108943,0.09844479
108948,0.030184982
108953,0.044445395
108956,0.058009297
108965,0.012844465
108985,0.077215716
108986,0.097443305
108987,0.01883622
108990,0.00779415
108991,0.015568604
108993,0.2590628
109000,0.08035744
109001,0.08225863
109012,0.2646215
109014,0.050295543
109015,0.09740231
109021,0.04630653
109037,0.06335508
109042,0.21191981
109044,0.034214538
109046,0.4177913
109064,0.0034588757
109084,0.06473549
109086,0.01778075
109092,0.005249795
109093,0.10722416
109100,0.11269297
109101,0.0034141617
109110,0.02739328
109114,0.16574743
109126,0.109392025
109152,0.019522984
109162,0.045923755
109167,0.049784504
109168,0.05785152
109169,0.008838726
109179,0.033953935
109184,0.04183818
109191,0.054635167
109192,0.042521782
109193,0.011154103
109196,0.109845534
109206,0.033895023
109210,0.02142787
109244,0.03434329
109249,0.012140077
109273,0.020948475
109276,0.25429985
109281,0.058058765
109287,0.12627696
109297,0.06757059
109298,0.03718331
109306,0.023911335
109309,0.062051494
109321,0.1959171
109328,0.15046124
109336,0.013047263
109342,0.043520253
109346,0.016210575
109347,0.053964417
109348,0.05886787
109362,0.05626759
109363,0.035368577
109367,0.026091674
109370,0.0133576635
109393,0.090845264
109405,0.024149284
109413,0.05421256
109414,0.2871492
109421,0.02617379
109427,0.038287755
109428,0.07190018
109429,0.10618876
109437,0.017912738
109443,0.029391352
109461,0.07361894
109468,0.08656709
109469,0.018625757
109471,0.062049467
109479,0.07563747
109484,0.009331051
109501,0.06143014
109505,0.10817838
109535,0.016886955
109539,0.00960578
109544,0.04347251
109545,0.015833247
109551,0.1193468
109553,0.022682967
109555,0.02751484
109561,0.049438532
109580,0.015066231
109583,0.3141852
109593,0.22859599
109604,0.104160644
109620,0.062426995
109635,0.032425646
109637,0.11673317
109638,0.10232463
109642,0.1177833
109649,0.022868155
109652,0.032406837
109656,0.038237277
109663,0.01448085
109696,0.12765917
109700,0.09119079
109709,0.08880162
109735,0.011691918
109740,0.03714106
109741,0.025899014
109749,0.045262255
109764,0.014480647
109771,0.035120454
109772,0.010590293
109773,0.10649392
109798,0.04162078
109802,0.4410575
109804,0.020990137
109813,0.03522702
109818,0.051411495
109848,0.07429224
109850,0.01860332
109851,0.024098162
109855,0.012011557
109871,0.14607248
109877,0.048920926
109883,0.008985961
109886,0.009325924
109905,0.0660599
109936,0.15560925
109950,0.073963895
109958,0.07877027
109959,0.08165484
109969,0.025399031
109971,0.066019416
109984,0.01953564
109985,0.1488009
109988,0.022644572
109992,0.082378924
110005,0.021845203
110009,0.03145887
110011,0.16734082
110014,0.020866387
110026,0.02453357
110042,0.040810537
110058,0.0082766125
110069,0.06677996
110080,0.009856581
110087,0.037943643
110091,0.10936394
110094,0.03824305
110098,0.061370797
110105,0.053646237
110117,0.049863916
110136,0.124377415
110138,0.114736475
110149,0.085541055
110164,0.06435771
110202,0.08513941
110212,0.0089311665
110226,0.005055958
110236,0.020183504
110249,0.015836615
110257,0.052749697
110258,0.012249472
110277,0.014896581
110282,0.0148910275
110284,0.12604883
110286,0.0711441
110289,0.012882832
110304,0.011047352
110319,0.09433988
110324,0.12444413
110326,0.013949081
110335,0.016591733
110337,0.07032561
110338,0.02276374
110343,0.07037895
110345,0.015200631
110347,0.07217995
110355,0.005597175
110359,0.042408746
110360,0.069039784
110364,0.045253333
110371,0.102993004
110372,0.016470755
110376,0.051420465
110379,0.12961587
110380,0.03252506
110393,0.032445904
110401,0.12872759
110406,0.029492006
110411,0.026523892
110416,0.010321852
110420,0.020240309
110443,0.016782826
110465,0.016051222
110468,0.029345062
110469,0.0811896
110471,0.098728344
110487,0.28802273
110491,0.131713
110504,0.10207144
110547,0.030880934
110550,0.057321392
110559,0.15282603
110578,0.069354296
110582,0.030522766
110590,0.012998518
110598,0.03976565
110601,0.37977546
110602,0.03668408
110604,0.014987097
110625,0.0888823
110626,0.11167955
110636,0.2749646
110637,0.03144391
110638,0.07543452
110646,0.030388288
110648,0.028898727
110652,0.031230042
110681,0.030846879
110682,0.11903666
110687,0.078240395
110691,0.02004056
110694,0.08836377
110695,0.030101674
110696,0.20483986
110708,0.012730661
110710,0.009692364
110717,0.062733814
110730,0.04033216
110740,0.028647438
110742,0.024132352
110747,0.020272288
110761,0.030471228
110766,0.014442641
110769,0.024950521
110774,0.05809221
110803,0.023300325
110805,0.013151547
110809,0.2030407
110827,0.02383678
110832,0.019839777
110839,0.05591738
110859,0.14549232
110861,0.012238189
110863,0.08258073
110865,0.11463547
110881,0.0939021
110889,0.034690388
110891,0.010236288
110894,0.0078274
110895,0.12173995
110907,0.23160723
110914,0.050427202
110933,0.018553708
110934,0.007259176
110937,0.025170425
110953,0.017147725
110954,0.086211056
110958,0.2262236
110970,0.06233094
110974,0.07446934
110977,0.058216903
110989,0.017062068
110993,0.4156575
110994,0.100391366
111018,0.014248615
111019,0.025494924
111030,0.043358013
111032,0.103752494
111041,0.012604934
111045,0.04325814
111048,0.018514303
111052,0.039175827
111070,0.189707
111084,0.14808938
111091,0.12129706
111104,0.011753083
111108,0.031435587
111112,0.016292071
111127,0.0066075483
111142,0.07763442
111146,0.4949873
111165,0.034235314
111168,0.032493383
111169,0.25640666
111172,0.017118633
111173,0.014147451
111174,0.053185407
111175,0.20609146
111176,0.04330126
111177,0.051241897
111180,0.026968207
111182,0.028891524
111192,0.011992398
111194,0.123308524
111196,0.33997303
111197,0.020882275
111198,0.043550868
111205,0.028051678
111207,0.060377885
111222,0.005259116
111228,0.036057536
111233,0.025587674
111256,0.04777218
111258,0.0065810676
111262,0.029632736
111263,0.11181043
111267,0.01627838
111269,0.027185975
111276,0.034102127
111277,0.24828056
111279,0.062308077
111290,0.019969115
111294,0.006827747
111295,0.094443046
111315,0.30135825
111318,0.060014527
111327,0.029216878
111328,0.106631964
111332,0.064506486
111338,0.013500118
111343,0.06068974
111344,0.022427207
111345,0.37888288
111347,0.015054476
111356,0.00897254
111359,0.04908006
111367,0.011069832
111368,0.01112228
111391,0.21318515
111408,0.004947052
111412,0.14456171
111419,0.12772918
111422,0.02593344
111423,0.2475617
111439,0.111575514
111452,0.5694426
111456,0.066951424
111467,0.021481618
111478,0.16082942
111482,0.035008147
111488,0.32018852
111503,0.05819723
111510,0.018454699
111512,0.009096312
111518,0.044904925
111532,0.061897244
111537,0.011456209
111541,0.06574496
111544,0.08743341
111550,0.039251126
111554,0.06807903
111560,0.22686253
111566,0.030309442
111567,0.09040189
111592,0.024507577
111618,0.08491837
111620,0.102008395
111627,0.011291526
111641,0.24018429
111646,0.27507716
111652,0.024275461
111657,0.05267628
111664,0.043718863
111665,0.09274161
111669,0.020702463
111673,0.009252217
111687,0.019726975
111688,0.015332466
111689,0.016313817
111694,0.081496924
111695,0.07652367
111698,0.060583554
111703,0.0054085935
111709,0.014811572
111712,0.053363662
111715,0.061777547
111724,0.12204667
111730,0.026326107
111747,0.035911012
111760,0.02684587
111761,0.014616542
111763,0.08011426
111776,0.08962656
111777,0.008754107
111781,0.017574612
111793,0.03653353
111804,0.1893535
111810,0.079368934
111816,0.015732933
111818,0.03673511
111830,0.013727967
111832,0.030779656
111841,0.040117934
111842,0.026948757
111843,0.05597512
111846,0.09725773
111848,0.1350152
111856,0.04447924
111857,0.006363324
111877,0.016709825
111882,0.078313194
111883,0.06368293
111891,0.0130805615
111893,0.029715464
111901,0.06280658
111912,0.040989906
111913,0.012280839
111955,0.01564628
111958,0.012022664
111960,0.04947572
111967,0.014875122
112000,0.082279414
112003,0.106326506
112015,0.31597596
112019,0.2662886
112020,0.02920894
112028,0.023965754
112029,0.031929318
112031,0.04702909
112039,0.04277578
112042,0.013515058
112049,0.00954539
112052,0.23215953
112054,0.014407651
112055,0.022998264
112063,0.08723821
112070,0.026518917
112071,0.02951716
112080,0.010698513
112083,0.017978486
112085,0.010857233
112089,0.09260329
112098,0.089141846
112100,0.02030834
112105,0.12028897
112124,0.01947647
112126,0.03961631
112127,0.022727678
112128,0.028424792
112148,0.018548016
112149,0.047148135
112165,0.13022597
112170,0.016474908
112171,0.03158481
112176,0.12163849
112186,0.023667995
112199,0.04772709
112203,0.035716888
112214,0.091156766
112215,0.023850964
112216,0.033526592
112224,0.0957433
112225,0.045304205
112231,0.15924557
112234,0.10267222
112235,0.03128115
112236,0.038722504
112254,0.14460614
112265,0.09853881
112271,0.019119127
112284,0.028395932
112287,0.062126018
112295,0.23030968
112303,0.06891494
112307,0.18535331
112310,0.02010325
112312,0.12650152
112313,0.0423956
112326,0.038117208
112333,0.035524923
112334,0.021366715
112339,0.039625823
112347,0.051845457
112350,0.048350282
112356,0.04840748
112357,0.059407327
112359,0.053086374
112360,0.043909207
112371,0.21961543
112385,0.021381518
112392,0.026022436
112401,0.07682682
112405,0.15263075
112414,0.1442587
112429,0.09577604
112448,0.030221174
112467,0.08502073
112468,0.090909466
112469,0.0725236
112491,0.045540802
112500,0.08797189
112510,0.1596406
112535,0.06385665
112537,0.017981805
112551,0.016104462
112552,0.068686225
112556,0.11064702
112577,0.041161582
112590,0.03525911
112593,0.015554538
112596,0.16908932
112601,0.025045808
112604,0.069252625
112622,0.013465787
112655,0.015372842
112663,0.008658484
112667,0.007358991
112670,0.040549766
112676,0.05663502
112677,0.051345047
112679,0.019109378
112683,0.30430132
112688,0.016435338
112692,0.071602665
112696,0.12852238
112702,0.015296026
112709,0.008091233
112720,0.052974984
112735,0.01599574
112738,0.05482148
112742,0.0060396255
112748,0.01192743
112749,0.079032294
112766,0.02336264
112767,0.016367208
112769,0.03490788
112771,0.10208568
112775,0.022567905
112794,0.059734017
112795,0.010783999
112796,0.01388481
112815,0.013714499
112817,0.14770803
112821,0.027948147
112822,0.06649237
112829,0.10475617
112831,0.12239037
112835,0.04177228
112838,0.026559198
112842,0.020046353
112844,0.10908108
112845,0.008703952
112846,0.044254985
112847,0.019678269
112867,0.04489132
112868,0.026325688
112874,0.011574609
112879,0.0065412475
112882,0.12981333
112886,0.04296331
112895,0.0401997
112896,0.03059091
112902,0.027789155
112904,0.026336297
112917,0.40816918
112932,0.07676149
112944,0.011306047
112946,0.11030043
112947,0.03562948
112948,0.029583806
112966,0.07471119
112967,0.012007016
112971,0.06064151
112973,0.033217944
112974,0.010428262
112978,0.08343959
112988,0.0149658155
112992,0.2946277
113003,0.032619752
113004,0.037270736
113007,0.2505941
113020,0.104058675
113025,0.12667787
113032,0.013338278
113042,0.14383872
113047,0.014292184
113066,0.016888361
113067,0.15054053
113071,0.07078896
113087,0.061266404
113108,0.008179657
113109,0.032590862
113123,0.018435186
113128,0.21867324
113134,0.058970742
113151,0.047419406
113175,0.10146564
113181,0.02101058
113188,0.27578458
113191,0.050738983
113193,0.14590012
113201,0.086362675
113209,0.07892463
113222,0.047692243
113248,0.0061706332
113272,0.052514475
113276,0.01372832
113287,0.010134917
113302,0.017832683
113308,0.0625774
113316,0.14663182
113318,0.04796886
113320,0.042416137
113322,0.20352122
113325,0.05288491
113326,0.11036772
113332,0.042277686
113346,0.33701095
113352,0.011742433
113361,0.010359294
113362,0.026121853
113365,0.029609649
113366,0.032178737
113368,0.02899071
113382,0.0070808395
113385,0.024822203
113390,0.045790985
113391,0.036759175
113393,0.037367947
113396,0.032914408
113397,0.08884905
113402,0.028863072
113403,0.03801307
113405,0.03732769
113406,0.0774575
113410,0.16318418
113413,0.042449076
113418,0.0448095
113419,0.017608622
113435,0.17326838
113438,0.1493719
113447,0.0074284137
113458,0.1079776
113466,0.03584769
113475,0.025881525
113482,0.07505398
113490,0.023228325
113505,0.025692016
113508,0.040277235
113520,0.041400585
113532,0.049950216
113535,0.025454748
113549,0.012431484
113557,0.12937129
113558,0.01405091
113561,0.08508464
113566,0.027021231
113569,0.15135357
113574,0.02820116
113576,0.078238286
113577,0.028433185
113585,0.02927595
113587,0.17305736
113599,0.07282816
113601,0.04017161
113602,0.037503067
113605,0.07304225
113609,0.046710376
113611,0.059852336
113616,0.032235336
113627,0.7024484
113631,0.18213409
113643,0.026796998
113652,0.075306736
113657,0.039209217
113659,0.016864384
113672,0.061946638
113680,0.011478169
113692,0.06132695
113694,0.0438739
113695,0.058085278
113701,0.0118188
113733,0.016207473
113738,0.08536635
113740,0.09378961
113742,0.02201002
113777,0.0037117803
113783,0.052291937
113788,0.02013265
113789,0.062348783
113791,0.08643506
113795,0.053000227
113799,0.033250015
113805,0.013761897
113820,0.015781386
113822,0.008357171
113824,0.050389443
113829,0.050921693
113832,0.016475936
113833,0.0833248
113841,0.015664201
113849,0.03740149
113862,0.15364341
113863,0.121473335
113864,0.018709615
113870,0.013350025
113875,0.021638839
113882,0.031262044
113887,0.06345527
113894,0.027137648
113909,0.014474279
113930,0.107209764
113936,0.06936427
113939,0.0419318
113942,0.03456475
113943,0.21293597
113945,0.07862196
113947,0.008439065
113950,0.015352733
113951,0.13819003
113957,0.06666224
113966,0.08841893
113967,0.049206495
113977,0.042390388
113984,0.22295457
113986,0.061469298
113992,0.01078184
113998,0.0049494416
113999,0.6139138
114003,0.035022654
114010,0.011639563
114011,0.19603747
114032,0.009781421
114047,0.060448483
114055,0.026539424
114056,0.15233365
114064,0.10465354
114065,0.01102098
114067,0.024232589
114068,0.013991126
114075,0.03008873
114076,0.081777744
114077,0.016405813
114094,0.022737488
114095,0.008646562
114109,0.06850941
114114,0.166372
114116,0.024658963
114127,0.020639436
114158,0.08669975
114168,0.08347866
114169,0.09222752
114171,0.08962593
114180,0.2219036
114193,0.0067995284
114198,0.019068187
114201,0.039080095
114202,0.10420839
114207,0.09513376
114210,0.08348906
114221,0.06280908
114222,0.0908605
114227,0.1130819
114250,0.011614775
114253,0.071350455
114265,0.023860289
114267,0.04484983
114273,0.18529262
114280,0.2951189
114281,0.03920461
114283,0.58332026
114291,0.11989326
114310,0.2081244
114316,0.0047281054
114326,0.0038889903
114327,0.025302283
114339,0.0600937
114352,0.0332578
114359,0.19866194
114360,0.04782587
114382,0.09877207
114396,0.14381115
114397,0.026701706
114415,0.049831837
114425,0.040065676
114434,0.01311168
114456,0.11866247
114463,0.014329046
114469,0.0054174615
114476,0.0065665212
114480,0.003450256
114482,0.12311905
114492,0.011131676
114493,0.08224779
114501,0.047820598
114506,0.13895305
114510,0.015310056
114515,0.21204942
114524,0.13261794
114545,0.1827523
114546,0.008190525
114560,0.00821638
114562,0.05342085
114563,0.050142534
114566,0.08943975
114599,0.010620778
114601,0.0065096123
114607,0.08007761
114612,0.019752434
114622,0.089180134
114625,0.36548543
114634,0.12604631
114635,0.030452203
114641,0.0059130527
114644,0.03305604
114645,0.14513724
114651,0.009653616
114653,0.0056065475
114654,0.04304255
114667,0.02709843
114668,0.19471504
114670,0.025407398
114686,0.049998444
114688,0.27603742
114690,0.041612446
114691,0.018432152
114700,0.038519304
114706,0.008681394
114740,0.051333554
114741,0.1338754
114755,0.011111332
114757,0.009033902
114767,0.02344473
114772,0.39906046
114780,0.12734209
114782,0.033337925
114791,0.02944393
114815,0.053701036
114823,0.025815591
114835,0.060152605
114838,0.007164943
114840,0.02678335
114842,0.029376628
114844,0.08572126
114850,0.11905036
114853,0.012648678
114856,0.27690306
114857,0.02157893
114858,0.06312675
114864,0.02557133
114871,0.018444633
114875,0.06146636
114879,0.040503826
114893,0.027402697
114912,0.052618537
114922,0.029612772
114930,0.013620482
114945,0.02756814
114951,0.0060470854
114958,0.0211285
114962,0.032183573
114976,0.06285541
114978,0.10669694
114987,0.0328035
115002,0.020082407
115005,0.018857034
115023,0.23528099
115030,0.0273939
115033,0.11792368
115034,0.05997622
115038,0.007848829
115046,0.034562096
115049,0.033501636
115055,0.02375029
115059,0.02435053
115076,0.11983157
115078,0.028839959
115081,0.03611002
115085,0.051723536
115096,0.03519346
115101,0.016482275
115114,0.030992363
115119,0.027170144
115121,0.056801714
115122,0.071259536
115144,0.07734719
115147,0.15156029
115151,0.009141063
115172,0.033505287
115175,0.08272421
115183,0.008978827
115185,0.10941887
115197,0.03333641
115200,0.05003274
115207,0.06710353
115217,0.006623118
115230,0.049955186
115237,0.017418887
115246,0.021715038
115251,0.018877856
115269,0.16988063
115290,0.084811166
115299,0.039263655
115309,0.3246449
115310,0.034528114
115311,0.011396353
115312,0.013452185
115323,0.010583909
115324,0.031899873
115341,0.097785406
115342,0.025816638
115343,0.008737163
115350,0.05518697
115354,0.07602095
115360,0.13604236
115368,0.04414443
115373,0.028822072
115396,0.22451445
115400,0.04023374
115401,0.015013377
115404,0.013839802
115405,0.052091934
115406,0.020126598
115407,0.0070379158
115412,0.016148364
115413,0.02769864
115415,0.034187816
115423,0.015727095
115427,0.1174245
115428,0.005870439
115439,0.05831897
115440,0.20865855
115447,0.01809562
115450,0.023562258
115457,0.037234887
115459,0.043639954
115463,0.02783686
115473,0.11188624
115477,0.010868318
115479,0.013984862
115480,0.12794907
115481,0.03624142
115485,0.14365563
115489,0.041095458
115495,0.014857028
115500,0.027475992
115521,0.037190318
115572,0.007982664
115580,0.0095156655
115582,0.008981951
115586,0.013237042
115587,0.09312896
115588,0.019011563
115591,0.13335322
115592,0.014148879
115618,0.0048857834
115619,0.049707696
115621,0.26265413
115632,0.14679858
115646,0.045213174
115658,0.054327574
115671,0.028814504
115680,0.030343343
115686,0.019050065
115688,0.016092593
115705,0.08477176
115707,0.018832257
115708,0.018730158
115726,0.2495459
115759,0.044856336
115773,0.017692583
115777,0.0119430255
115778,0.1725688
115781,0.007086072
115801,0.23953477
115804,0.04987763
115810,0.0681237
115812,0.04069461
115820,0.14688234
115827,0.05411169
115831,0.050732262
115841,0.07103142
115846,0.11179451
115852,0.009867266
115857,0.032388754
115858,0.05211439
115860,0.019753411
115865,0.030662823
115867,0.10805485
115869,0.06955491
115877,0.07677955
115904,0.048395663
115913,0.112128966
115916,0.02490307
115928,0.036357377
115932,0.032154568
115933,0.022835312
115937,0.20558839
115938,0.006976996
115957,0.0290471
115958,0.09291865
115969,0.0077920053
115980,0.028229272
115984,0.011552574
116006,0.09786409
116007,0.11735458
116008,0.07008728
116009,0.15325859
116011,0.012187954
116012,0.104033425
116015,0.3201601
116025,0.13252221
116047,0.010935244
116052,0.06878972
116068,0.014698633
116077,0.1084754
116084,0.022473466
116089,0.01224874
116093,0.02754332
116097,0.10418081
116102,0.13581719
116118,0.02915715
116119,0.010970353
116125,0.017148484
116128,0.11155005
116135,0.02404482
116140,0.23671947
116141,0.011039346
116142,0.07815724
116153,0.025519352
116156,0.00982269
116157,0.037079524
116167,0.011128649
116168,0.04757038
116175,0.016522003
116187,0.010835236
116189,0.046042707
116191,0.08587973
116201,0.1533108
116210,0.073002696
116213,0.07049069
116215,0.10192597
116223,0.032044977
116226,0.026431298
116228,0.013543496
116241,0.01368138
116247,0.008420404
116266,0.017507786
116276,0.5027866
116287,0.0069995522
116289,0.04005986
116292,0.036514584
116306,0.015453183
116309,0.013986056
116312,0.010955804
116313,0.03321892
116335,0.030855386
116342,0.07328308
116348,0.01182854
116367,0.02869961
116380,0.029645221
116383,0.08441417
116389,0.06130691
116395,0.23175521
116397,0.025876077
116398,0.073648036
116402,0.034968745
116404,0.027856426
116406,0.020253906
116424,0.058005832
116428,0.003177389
116436,0.026605276
116440,0.013320566
116448,0.053819593
116458,0.009384183
116466,0.010362994
116469,0.0139057115
116473,0.027739678
116474,0.05625287
116479,0.020214614
116480,0.023518758
116491,0.0139279235
116493,0.03389894
116505,0.037477784
116511,0.019122541
116525,0.015462298
116535,0.09244006
116544,0.01575617
116546,0.004661766
116562,0.029935963
116565,0.03595067
116578,0.01660934
116579,0.017448856
116580,0.119337544
116582,0.008926094
116584,0.0093275495
116586,0.15783639
116596,0.016194468
116597,0.051911917
116598,0.016896768
116604,0.15134199
116608,0.01141999
116609,0.02629074
116613,0.018068656
116614,0.032579534
116615,0.068979815
116633,0.07046987
116637,0.025631065
116643,0.012747312
116647,0.07058325
116656,0.045196794
116659,0.022821734
116662,0.08161458
116676,0.056461964
116680,0.034198903
116681,0.036649387
116683,0.12572894
116684,0.030241035
116712,0.029615678
116720,0.02464558
116726,0.054643054
116729,0.019115932
116737,0.16694252
116745,0.030304378
116747,0.033324007
116766,0.006244823
116781,0.019229148
116783,0.031644348
116787,0.02116769
116788,0.23410241
116789,0.009506254
116801,0.021862477
116803,0.024391238
116804,0.05575524
116806,0.03200436
116815,0.048417803
116817,0.017971275
116825,0.046232034
116828,0.0058054896
116829,0.046503287
116853,0.05299128
116854,0.12062988
116859,0.05467678
116860,0.10781463
116865,0.04957424
116872,0.21649009
116880,0.41819593
116882,0.037052654
116893,0.0602326
116896,0.084070444
116906,0.010132791
116908,0.08912569
116925,0.019365776
116926,0.2893942
116948,0.057092134
116949,0.10599816
116955,0.05039226
116964,0.027666831
116974,0.026505161
116976,0.17849259
116990,0.019226043
116993,0.0638055
116994,0.087500945
116997,0.07438662
117003,0.013208585
117007,0.041855127
117011,0.038473886
117012,0.023450654
117019,0.008187682
117021,0.005171491
117030,0.107837655
117036,0.022785954
117043,0.12681524
117054,0.029984666
117070,0.13124755
117077,0.19057807
117087,0.03085486
117093,0.046015665
117105,0.04099805
117112,0.13547532
117129,0.32888532
117135,0.11694178
117138,0.21613555
117142,0.02125713
117148,0.11957514
117157,0.18515375
117170,0.010577532
117171,0.016873144
117172,0.048110873
117178,0.09735217
117186,0.07539498
117187,0.051169343
117193,0.12615639
117194,0.10382871
117199,0.023799164
117207,0.03468199
117211,0.07036283
117216,0.473195
117217,0.0130144255
117218,0.025832005
117219,0.048473127
117224,0.017174225
117225,0.023835355
117239,0.050820373
117242,0.040401418
117249,0.108683474
117255,0.028642721
117257,0.22529039
117272,0.005998029
117284,0.18030722
117287,0.0379124
117293,0.014063273
117298,0.22098699
117299,0.016439186
117307,0.0109985145
117321,0.03437854
117323,0.023978105
117326,0.121535465
117327,0.18457492
117341,0.01698681
117350,0.06238723
117362,0.15412016
117375,0.023885196
117391,0.07153358
117392,0.03281159
117396,0.23261923
117399,0.048899513
117400,0.048078097
117402,0.030993978
117406,0.11069288
117417,0.33621255
117418,0.08996015
117425,0.03813093
117428,0.032837633
117443,0.031758483
117448,0.022543572
117449,0.016993387
117450,0.29339203
117463,0.06400563
117467,0.025739303
117478,0.025469149
117480,0.23307228
117483,0.13265257
117484,0.056616914
117495,0.037859116
117498,0.00814197
117501,0.04709736
117503,0.0716049
117520,0.55147076
117524,0.06504572
117525,0.18675052
117526,0.09107927
117527,0.08458517
117531,0.017457653
117545,0.051632736
117547,0.24233736
117557,0.103533775
117563,0.023355827
117564,0.032390792
117598,0.20745978
117599,0.032533955
117610,0.013556528
117614,0.030379878
117616,0.23508011
117623,0.02746346
117625,0.25655475
117633,0.009968957
117634,0.0768846
117639,0.108289525
117652,0.027311638
117653,0.07525517
117660,0.02084888
117661,0.016665513
117662,0.08418114
117676,0.061183702
117677,0.15113787
117681,0.024782715
117684,0.09456479
117707,0.09352523
117736,0.13326189
117737,0.16166669
117741,0.057802577
117746,0.22288461
117753,0.07457593
117755,0.06774984
117775,0.03866771
117784,0.119113326
117786,0.06736138
117791,0.02572691
117801,0.077708155
117805,0.02559382
117816,0.019530453
117824,0.12680621
117835,0.16958311
117837,0.023490243
117847,0.042391263
117853,0.03271273
117854,0.023096493
117886,0.036857046
117900,0.01466614
117920,0.40772596
117924,0.025947303
117925,0.10376323
117934,0.033862043
117957,0.07026342
117959,0.106740355
117967,0.12819134
117969,0.115292765
117981,0.016779251
117982,0.04772771
117996,0.104024
118000,0.0991176
118018,0.12731403
118025,0.061114293
118026,0.3594008
118044,0.07267282
118045,0.0707324
118048,0.02576232
118055,0.072102815
118058,0.009633689
118060,0.49848604
118066,0.0094142975
118071,0.041392673
118072,0.20923272
118082,0.025231889
118089,0.10330816
118106,0.026124362
118115,0.03513979
118127,0.34908262
118144,0.0593776
118150,0.01225776
118151,0.01627645
118157,0.3102333
118162,0.010402738
118163,0.008163272
118166,0.06216531
118181,0.028869675
118191,0.018765159
118202,0.163955
118205,0.039260965
118214,0.024070382
118251,0.1543574
118264,0.17562294
118271,0.5202611
118272,0.11090783
118276,0.17341484
118287,0.19037381
118291,0.013215747
118292,0.04206763
118294,0.022562908
118305,0.033764385
118312,0.05390336
118319,0.027072495
118321,0.011463348
118326,0.3412661
118342,0.16293296
118343,0.029561065
118353,0.12184806
118354,0.030502256
118358,0.016500153
118359,0.052618936
118365,0.092415035
118367,0.007879705
118368,0.014637912
118371,0.04671745
118378,0.017428152
118379,0.04481374
118383,0.022673441
118386,0.06071576
118387,0.02984697
118400,0.05429416
118403,0.026945915
118428,0.105243154
118440,0.07794146
118459,0.03168173
118490,0.017077845
118491,0.036073025
118492,0.060771957
118498,0.105395645
118499,0.10521667
118509,0.06376338
118518,0.016659876
118531,0.061646797
118532,0.030833807
118546,0.0068228673
118548,0.06185287
118558,0.03750432
118560,0.07165789
118561,0.008518196
118562,0.28838027
118564,0.051976953
118569,0.1412338
118578,0.032887746
118585,0.024852771
118591,0.015467648
118592,0.036679354
118594,0.04709037
118611,0.011754438
118614,0.07429627
118622,0.020015528
118641,0.028699037
118642,0.024124876
118650,0.07496147
118666,0.052777823
118696,0.13190845
118697,0.008710648
118710,0.008536121
118717,0.060012605
118720,0.018544154
118735,0.019545343
118747,0.023129156
118750,0.044032786
118789,0.03259758
118791,0.024463514
118803,0.0671074
118804,0.061226603
118806,0.20182775
118809,0.05803442
118823,0.12251496
118842,0.032685496
118871,0.2782591
118874,0.041477848
118876,0.02981349
118886,0.09760318
118888,0.1319199
118889,0.0041759224
118894,0.038681533
118898,0.010509666
118905,0.13501024
118911,0.015812656
118915,0.015055006
118916,0.0828735
118925,0.033523384
118926,0.046254043
118929,0.07101002
118935,0.021250978
118947,0.08071378
118951,0.006607744
118953,0.016024014
118960,0.08908077
118973,0.034451067
119001,0.08979648
119003,0.16221057
119009,0.057223577
119011,0.026788196
119012,0.09621556
119014,0.038470022
119025,0.011220595
119047,0.079074495
119049,0.01837163
119057,0.038847394
119062,0.009787233
119064,0.024536185
119069,0.033100136
119079,0.004251101
119088,0.011341873
119091,0.250141
119095,0.16846061
119104,0.030378763
119108,0.14241618
119109,0.027677756
119115,0.051132973
119125,0.009587593
119146,0.020411957
119148,0.03833043
119160,0.22989497
119164,0.30638972
119169,0.041116428
119179,0.17669697
119187,0.04042914
119191,0.012807435
119205,0.008468191
119207,0.025361987
119208,0.015580299
119217,0.04997687
119230,0.07307533
119232,0.057882063
119236,0.27408084
119238,0.048620775
119240,0.04501334
119250,0.14679833
119251,0.0470202
119252,0.02939906
119266,0.019399147
119267,0.01423268
119270,0.14440276
119272,0.084656455
119276,0.12098988
119281,0.007441475
119295,0.03507206
119313,0.075662605
119318,0.035923664
119321,0.047559485
119340,0.06015137
119341,0.010425079
119344,0.048512876
119348,0.032298155
119353,0.013199989
119361,0.06192719
119362,0.35838428
119376,0.064250365
119383,0.0507481
119391,0.13472946
119394,0.051134687
119395,0.03271367
119415,0.043483704
119430,0.14286275
119441,0.02102745
119454,0.04300232
119468,0.029784625
119474,0.22281061
119492,0.016930971
119496,0.06905317
119500,0.11184507
119501,0.13797858
119510,0.027047232
119518,0.021880832
119524,0.18028094
119533,0.17136392
119540,0.08816839
119553,0.009050475
119573,0.06452205
119593,0.0589711
119594,0.023930138
119595,0.37699065
119596,0.0465181
119607,0.2795697
119609,0.06460736
119616,0.068683684
119618,0.0706443
119619,0.1923088
119628,0.029206058
119630,0.0221814
119632,0.022728903
119648,0.5016913
119671,0.028875217
119675,0.04975303
119683,0.027463317
119689,0.0073129684
119697,0.031025875
119698,0.26098475
119702,0.21384169
119709,0.0782687
119715,0.0060086064
119718,0.003997976
119719,0.28838405
119731,0.14457065
119736,0.08066467
119745,0.069234915
119749,0.0045644036
119751,0.04032496
119757,0.089966156
119761,0.024422975
119762,0.12747523
119771,0.0881312
119778,0.020361217
119784,0.04468442
119788,0.018316286
119802,0.0027359172
119803,0.10595325
119806,0.09553766
119810,0.020081107
119811,0.19855481
119813,0.28997025
119820,0.09698425
119821,0.37620297
119842,0.051485844
119843,0.034012944
119844,0.022930315
119861,0.007965186
119866,0.03320725
119868,0.032302946
119875,0.11244225
119896,0.69085395
119898,0.007566201
119921,0.0352497
119922,0.048110258
119929,0.059904568
119934,0.014490311
119938,0.024437534
119947,0.021080526
119948,0.32298675
119967,0.03437396
119977,0.07799698
119980,0.06800896
119984,0.05237066
119989,0.24027818
119990,0.03921836
119994,0.015133725
119999,0.083650015
120004,0.020150496
120020,0.06396012
120030,0.011490887
120036,0.037851274
120050,0.32160544
120051,0.27907243
120053,0.048675522
120075,0.029929692
120076,0.037144363
120088,0.024968559
120099,0.029158028
120101,0.03235602
120102,0.011057558
120108,0.009123657
120145,0.056144506
120146,0.26039115
120154,0.059446897
120156,0.096940644
120165,0.032010823
120166,0.032052223
120176,0.036412872
120179,0.07251656
120182,0.011667057
120198,0.010590209
120205,0.096991405
120208,0.05854291
120214,0.014725991
120220,0.1775114
120227,0.05594857
120233,0.062746175
120240,0.034851965
120243,0.014133095
120266,0.039246958
120268,0.11142993
120280,0.11153814
120281,0.058506235
120284,0.02089061
120298,0.01593001
120304,0.045986973
120306,0.027016424
120320,0.1789369
120325,0.015725384
120326,0.05915932
120335,0.19763407
120341,0.029831475
120343,0.029381577
120388,0.008101478
120390,0.022343911
120404,0.007728947
120405,0.022470094
120408,0.12213951
120415,0.11247651
120421,0.22288688
120422,0.0692811
120433,0.046075873
120437,0.34018505
120440,0.06017536
120441,0.06738863
120449,0.07066759
120457,0.04491759
120459,0.014298021
120460,0.013917121
120463,0.121033624
120464,0.016853794
120470,0.07503672
120488,0.28685355
120535,0.02123018
120538,0.019171335
120539,0.16835888
120541,0.18655519
120562,0.015578674
120570,0.050108798
120580,0.05617367
120581,0.07869911
120591,0.28602663
120593,0.067544244
120598,0.030177569
120603,0.010038521
120607,0.13660516
120642,0.01757419
120647,0.023876643
120649,0.0059527806
120664,0.016988983
120665,0.0069520087
120671,0.07017447
120678,0.010898002
120679,0.016179202
120680,0.07699239
120681,0.0447934
120691,0.14958395
120696,0.011870966
120697,0.14030056
120713,0.06286562
120721,0.19077647
120725,0.049025908
120734,0.08437044
120740,0.23129565
120748,0.111787945
120755,0.038917016
120759,0.03846319
120761,0.035659518
120764,0.05568793
120770,0.04134154
120777,0.025832852
120796,0.011430822
120803,0.14569971
120809,0.03483605
120811,0.026624642
120826,0.105995655
120829,0.09856674
120832,0.041697633
120840,0.19353878
120857,0.07068351
120885,0.054747093
120891,0.017672889
120894,0.01638416
120905,0.16343834
120913,0.014358227
120914,0.012899493
120918,0.025314176
120921,0.028241646
120923,0.06314604
120927,0.08418307
120928,0.13681585
120934,0.2287291
120936,0.02272812
120942,0.021983653
120946,0.035600707
120947,0.02840907
120953,0.023174679
120955,0.019863788
120956,0.14997359
120977,0.07331513
120980,0.2977142
120981,0.022662051
120982,0.0065341806
120991,0.13793603
121011,0.032349925
121013,0.013360483
121018,0.07250491
121020,0.010122574
121037,0.011707679
121038,0.040796526
121039,0.0322879
121045,0.06166588
121046,0.0044928235
121059,0.15238088
121066,0.17329106
121078,0.23468286
121080,0.09839931
121081,0.054119296
121086,0.04187645
121099,0.0374372
121100,0.08130769
121107,0.15427396
121108,0.06272698
121111,0.012739529
121130,0.10228685
121131,0.08326989
121135,0.22672
121152,0.020206677
121156,0.010601733
121160,0.07841382
121162,0.14672257
121175,0.07867437
121181,0.027014835
121186,0.027846454
121197,0.0063603865
121201,0.24013749
121208,0.05162238
121215,0.04517435
121220,0.15592067
121225,0.2233223
121227,0.01776926
121228,0.29688206
121243,0.06071082
121258,0.099130824
121259,0.017934587
121265,0.022350471
121279,0.028486246
121280,0.054149665
121281,0.063192636
121283,0.0074303155
121288,0.029211134
121296,0.024988258
121300,0.042605355
121308,0.0979627
121321,0.04521006
121323,0.015870787
121332,0.013160029
121334,0.008887797
121348,0.007929505
121350,0.009498342
121351,0.07775632
121363,0.016470488
121379,0.07844154
121380,0.07535248
121383,0.05759134
121387,0.09547595
121414,0.084416665
121416,0.030292425
121422,0.0994298
121423,0.028717337
121427,0.06456006
121431,0.008604435
121438,0.028421024
121460,0.106265835
121479,0.0073527447
121482,0.032717347
121483,0.14533348
121488,0.11166873
121489,0.120478414
121492,0.110115655
121502,0.03781798
121503,0.03510027
121513,0.024358401
121544,0.01807261
121545,0.008664495
121546,0.014466881
121552,0.17909913
121553,0.049485646
121556,0.100442104
121557,0.056652557
121583,0.07133889
121588,0.0072591854
121596,0.07413255
121597,0.01388631
121612,0.005587519
121618,0.019934887
121619,0.010926426
121621,0.09630907
121622,0.049622707
121626,0.06443701
121628,0.046435565
121630,0.17642637
121631,0.03699131
121632,0.09444396
121641,0.04742161
121695,0.08575416
121733,0.13838391
121754,0.044085957
121762,0.09763904
121765,0.011877398
121766,0.010501758
121771,0.019573977
121772,0.5363229
121778,0.20742294
121791,0.038748138
121792,0.023589041
121822,0.09909598
121825,0.12973921
121832,0.014809812
121841,0.040036235
121846,0.026983391
121850,0.025545692
121851,0.04412415
121853,0.17688192
121857,0.032560132
121862,0.019893749
121863,0.006528922
121875,0.0064864284
121881,0.036367062
121896,0.07381931
121901,0.009402247
121908,0.05100745
121909,0.16713765
121916,0.05541782
121919,0.036352888
121921,0.03758768
121933,0.0674848
121947,0.020473607
121948,0.24029687
121963,0.32277325
121968,0.012416247
121970,0.02967789
121978,0.082782336
121991,0.079589024
121996,0.045768075
121997,0.3745346
122000,0.06318061
122015,0.114898026
122017,0.04343815
122027,0.044902947
122044,0.00950451
122047,0.08587152
122055,0.11987318
122065,0.042859334
122069,0.025011817
122074,0.05430103
122086,0.057632264
122089,0.079383716
122099,0.0044741924
122102,0.009919345
122118,0.09708992
122124,0.019132325
122125,0.022445267
122129,0.0077889943
122133,0.14746182
122135,0.038588405
122136,0.04790476
122142,0.033989746
122154,0.010214642
122158,0.14060892
122160,0.053163163
122165,0.021372944
122166,0.103211015
122170,0.027489372
122175,0.020968396
122192,0.052085534
122207,0.0124857575
122210,0.09763918
122215,0.03114421
122222,0.012461517
122234,0.29849258
122235,0.012337192
122236,0.014020544
122248,0.13876711
122256,0.026894987
122257,0.006938048
122258,0.042234875
122259,0.026826547
122260,0.12118004
122264,0.018196153
122266,0.12984374
122268,0.06816158
122271,0.07453213
122283,0.05662794
122286,0.015920786
122288,0.014202666
122301,0.047222074
122313,0.025498105
122322,0.049217064
122323,0.028477108
122324,0.030098617
122336,0.04044685
122338,0.25727832
122349,0.011677579
122351,0.0500126
122354,0.05118265
122358,0.021923004
122376,0.16443175
122378,0.047851663
122387,0.031131554
122392,0.14895195
122405,0.22419801
122409,0.06116981
122411,0.15980832
122415,0.03948369
122416,0.042522836
122425,0.22203654
122452,0.07225781
122453,0.07936104
122456,0.059785523
122458,0.22653556
122465,0.045136727
122468,0.013521533
122477,0.008940178
122483,0.022800766
122517,0.26221108
122521,0.43986368
122537,0.031740416
122538,0.031072514
122552,0.05167536
122557,0.07985719
122561,0.0344635
122568,0.07999295
122573,0.18107934
122583,0.096656054
122590,0.15480946
122609,0.026547438
122617,0.009606912
122621,0.056180734
122635,0.16174698
122638,0.16228318
122639,0.11413943
122644,0.019702801
122675,0.02697789
122699,0.16873053
122703,0.027471226
122706,0.041132953
122712,0.052486062
122730,0.038600497
122731,0.010569995
122736,0.073037915
122741,0.029101612
122745,0.012958189
122751,0.13001327
122768,0.022379383
122785,0.16919288
122797,0.020882832
122812,0.06169072
122816,0.018490858
122817,0.0670183
122826,0.06150769
122838,0.064024985
122845,0.0073420224
122848,0.10152924
122850,0.010556655
122856,0.015718432
122862,0.1686147
122869,0.24213134
122871,0.06910618
122874,0.26912272
122875,0.04334325
122885,0.10382819
122901,0.05717189
122902,0.034414716
122903,0.08991783
122904,0.023578525
122910,0.02723345
122921,0.025137607
122925,0.06554142
122964,0.022064447
122975,0.034862377
122977,0.03773498
122984,0.22385547
122999,0.019676588
123004,0.206801
123009,0.09990904
123012,0.088078596
123018,0.018905528
123025,0.09730658
123037,0.041519597
123038,0.036592774
123039,0.019531485
123045,0.066388614
123046,0.0069998214
123051,0.027469898
123052,0.042509165
123056,0.11296542
123061,0.046149235
123072,0.11257837
123074,0.023162026
123086,0.069711275
123087,0.025472924
123091,0.08733956
123094,0.010419192
123105,0.04069799
123110,0.04188471
123113,0.019658167
123114,0.15831506
123124,0.03232883
123131,0.052038785
123136,0.24669893
123146,0.0203011
123147,0.049110096
123155,0.058700733
123163,0.027675657
123182,0.019757308
123196,0.032050613
123200,0.055013545
123204,0.02512901
123207,0.03339792
123210,0.014408739
123215,0.13437247
123227,0.013941922
123234,0.031599227
123239,0.1787754
123249,0.12439424
123252,0.119092084
123255,0.010234011
123257,0.0131563265
123260,0.03483048
123263,0.040711578
123274,0.03432366
123275,0.021695552
123276,0.013255842
123292,0.049369577
123308,0.010786897
123316,0.016319968
123328,0.013086865
123330,0.0612626
123331,0.042544365
123334,0.09407586
123343,0.0018977694
123344,0.03243304
123345,0.032935064
123352,0.0546922
123356,0.013439953
123365,0.1284057
123368,0.024000073
123376,0.011282402
123381,0.06601761
123384,0.034291297
123389,0.015619437
123401,0.27862623
123419,0.011803439
123433,0.10813443
123438,0.05662157
123441,0.1357502
123456,0.05908409
123457,0.033361495
123476,0.007936777
123477,0.11950619
123489,0.08677261
123490,0.04027895
123496,0.15074044
123502,0.04451414
123503,0.08254103
123513,0.060245026
123515,0.04251791
123530,0.049817417
123532,0.030062461
123537,0.0153926
123539,0.04603256
123540,0.027344225
123546,0.033340152
123547,0.1767041
123554,0.04484515
123572,0.014732504
123574,0.07119338
123575,0.1641104
123576,0.039563756
123584,0.08607691
123586,0.061939076
123591,0.067285314
123606,0.03719125
123607,0.07073324
123615,0.009272691
123616,0.18946314
123619,0.14134109
123621,0.036075782
123622,0.017687988
123633,0.055452827
123635,0.14678772
123658,0.07119939
123659,0.02977342
123663,0.100509815
123666,0.062690176
123670,0.041923005
123678,0.02148422
123688,0.06981617
123707,0.015266406
123709,0.18930593
123720,0.14820231
123741,0.030009277
123751,0.067963354
123759,0.019373039
123765,0.21226662
123766,0.06982716
123793,0.20860209
123794,0.025243096
123809,0.05412989
123837,0.009917349
123839,0.022672646
123843,0.046153303
123851,0.057750896
123854,0.04855391
123860,0.019095503
123863,0.15873532
123879,0.093941756
123888,0.06700177
123891,0.0323001
123912,0.014080064
123942,0.03114335
123952,0.091343775
123953,0.029582674
123958,0.12868519
123966,0.006923835
123977,0.032652657
123981,0.031167544
124000,0.008887144
124023,0.026180582
124026,0.015327666
124027,0.024263898
124033,0.2569022
124053,0.044686448
124057,0.020030329
124065,0.18616426
124074,0.00989894
124079,0.12688428
124095,0.012118132
124110,0.054374963
124138,0.01931088
124167,0.1016803
124168,0.15232468
124175,0.010088985
124176,0.124857225
124181,0.06856497
124195,0.040387735
124197,0.022146784
124206,0.007829946
124225,0.062220987
124230,0.044897128
124231,0.1139046
124253,0.07927248
124257,0.0492516
124263,0.021811586
124277,0.06541323
124285,0.024294527
124289,0.018186342
124299,0.20624872
124303,0.03463768
124309,0.10633781
124316,0.071733795
124319,0.12322519
124335,0.20387706
124347,0.20022649
124359,0.12246153
124362,0.0038476207
124363,0.21427216
124389,0.015779702
124390,0.019978754
124393,0.1438083
124401,0.36793953
124406,0.014845889
124407,0.016417278
124416,0.09640978
124423,0.028867695
124429,0.018659722
124431,0.08112655
124439,0.01027257
124441,0.011991822
124451,0.08730945
124454,0.009591639
124463,0.22960143
124492,0.03924854
124493,0.13457613
124503,0.025860721
124506,0.049863398
124514,0.07622827
124516,0.0123257255
124519,0.0065554217
124520,0.1143218
124539,0.042453665
124545,0.17302263
124546,0.046288963
124552,0.068355836
124553,0.15168828
124555,0.02349253
124575,0.0067901206
124586,0.025439354
124587,0.02383943
124591,0.35174826
124595,0.057369374
124597,0.041224316
124625,0.123748764
124628,0.036904592
124647,0.063321754
124648,0.013213624
124654,0.12175367
124655,0.034176577
124656,0.02222639
124658,0.06472642
124674,0.11522199
124675,0.011077667
124686,0.11704254
124696,0.10816984
124698,0.03165237
124702,0.054627605
124704,0.115800455
124705,0.023016106
124719,0.026927605
124732,0.012917779
124734,0.026655812
124737,0.0076172114
124742,0.09680971
124793,0.033935625
124816,0.32574674
124820,0.005315706
124823,0.23185329
124826,0.011990811
124829,0.018578477
124844,0.017114768
124850,0.011746549
124866,0.034030605
124868,0.011199799
124874,0.05606844
124875,0.04990705
124876,0.01136068
124887,0.027650002
124893,0.06936562
124901,0.008218051
124905,0.2814759
124906,0.12686363
124931,0.085575625
124938,0.026660668
124940,0.19567278
124947,0.04080605
124948,0.044315502
124949,0.036916923
124971,0.11525193
124974,0.02523737
124976,0.04831543
125004,0.12120211
125025,0.048832625
125029,0.033176314
125031,0.037371933
125037,0.05951673
125046,0.0039621284
125052,0.0066319345
125053,0.011872719
125090,0.089617446
125093,0.052754752
125100,0.033828218
125101,0.04143771
125104,0.06481515
125111,0.1266962
125133,0.040250067
125144,0.054544114
125145,0.039120216
125149,0.024139315
125157,0.050956886
125158,0.31208852
125164,0.033349402
125167,0.0126475375
125170,0.0405428
125177,0.038413364
125185,0.109012485
125190,0.04218086
125196,0.10126867
125200,0.0480685
125203,0.062363837
125215,0.03065147
125221,0.06626104
125224,0.007193926
125227,0.073613234
125252,0.02604043
125256,0.013852655
125264,0.016614782
125266,0.04013638
125267,0.01663673
125268,0.46134925
125270,0.01028247
125271,0.016574124
125276,0.022684563
125290,0.017816728
125300,0.04105979
125311,0.030086327
125327,0.027428638
125338,0.016641866
125359,0.015399415
125360,0.014892992
125366,0.0075237732
125373,0.07412681
125376,0.45776922
125384,0.017973887
125387,0.12965983
125388,0.04239754
125393,0.031279802
125394,0.27456656
125396,0.00456266
125397,0.011908255
125408,0.09048293
125409,0.11303196
125414,0.26743862
125423,0.050464448
125425,0.052695926
125436,0.11796682
125450,0.09172061
125465,0.06708425
125471,0.16461766
125488,0.037984557
125496,0.068388835
125500,0.15632327
125505,0.015766708
125507,0.044178076
125519,0.015211019
125521,0.08533292
125524,0.05461039
125531,0.28298002
125542,0.035012987
125552,0.015879484
125560,0.016699577
125573,0.010366743
125574,0.071223915
125576,0.0986551
125592,0.018014548
125604,0.13809334
125622,0.10496527
125628,0.014937268
125649,0.024988854
125668,0.06909832
125695,0.01955924
125698,0.0372454
125701,0.117278256
125705,0.063433364
125709,0.033526536
125713,0.006637429
125720,0.17042136
125727,0.18149275
125747,0.097886056
125752,0.06335977
125758,0.068914846
125772,0.06749521
125779,0.6107732
125798,0.049055465
125804,0.02361682
125814,0.021850098
125817,0.011946921
125835,0.017502442
125838,0.032103926
125842,0.051077627
125852,0.10408777
125878,0.007477838
125886,0.06104647
125896,0.22506475
125924,0.02567344
125930,0.032581497
125939,0.018927947
125957,0.030338706
125961,0.075994276
125972,0.07713932
125973,0.095857106
125975,0.019207926
125983,0.014255227
125984,0.17103644
125990,0.054158375
126016,0.0828152
126022,0.024572538
126028,0.09322588
126047,0.15504876
126048,0.04294521
126067,0.019559942
126068,0.01233605
126069,0.10344295
126088,0.17908399
126121,0.007894581
126123,0.009644482
126125,0.017914746
126136,0.14069016
126159,0.026509557
126162,0.05110814
126165,0.077930115
126172,0.10440097
126175,0.14809649
126178,0.022119971
126184,0.008563217
126198,0.0467295
126202,0.14900273
126203,0.016936341
126205,0.003557715
126214,0.0284912
126231,0.11876543
126238,0.061935123
126242,0.050441343
126252,0.014395893
126263,0.096269436
126265,0.085740864
126267,0.022390343
126274,0.022784699
126299,0.04519364
126307,0.030324982
126310,0.05012289
126329,0.03636126
126331,0.07109605
126340,0.008143263
126341,0.14756256
126348,0.02891839
126349,0.018711235
126351,0.010132639
126354,0.019962804
126366,0.014735106
126370,0.012039575
126398,0.022287298
126407,0.01958176
126409,0.11241046
126431,0.01027888
126438,0.28059164
126448,0.026947876
126462,0.017772766
126464,0.01739752
126468,0.010880165
126472,0.093027845
126473,0.027054321
126479,0.05370043
126484,0.14626807
126486,0.023318928
126488,0.019394113
126490,0.06393752
126494,0.03615507
126506,0.031991705
126510,0.03066973
126513,0.020401396
126526,0.109563954
126533,0.028826078
126538,0.06449955
126549,0.13445744
126553,0.07278918
126554,0.013166695
126555,0.076434374
126579,0.055192705
126584,0.026435502
126594,0.01301792
126595,0.009437051
126596,0.18289824
126602,0.059151787
126611,0.017598525
126614,0.03872993
126636,0.046398316
126638,0.043432333
126651,0.073465094
126658,0.06304918
126674,0.009409031
126685,0.009797756
126688,0.04333654
126689,0.01240459
126707,0.24838114
126715,0.041679997
126716,0.008447888
126721,0.191553
126722,0.033931628
126732,0.029830238
126738,0.040932678
126743,0.05660906
126744,0.02469645
126752,0.04849035
126759,0.038363785
126763,0.20272073
126775,0.029544665
126778,0.09913265
126784,0.03196891
126791,0.030004892
126792,0.016853362
126804,0.17543182
126816,0.095767856
126817,0.023786178
126822,0.0099195745
126832,0.03554499
126842,0.025272248
126849,0.01957102
126850,0.01701738
126861,0.02233428
126871,0.0260443
126872,0.18535653
126880,0.04283535
126888,0.033402056
126896,0.02158248
126913,0.046980802
126918,0.028154137
126954,0.008055346
126961,0.018174857
126963,0.010328665
126965,0.24261633
126968,0.21600968
126971,0.008207974
126981,0.03136199
126984,0.101175964
126985,0.07489875
126995,0.2027623
126999,0.094017364
127007,0.04608516
127015,0.050283644
127038,0.06283121
127054,0.014179266
127057,0.010309768
127062,0.036074862
127083,0.023866098
127098,0.016230077
127102,0.008480429
127110,0.029932389
127111,0.057818033
127116,0.027783979
127126,0.027006429
127135,0.007577531
127137,0.022877118
127142,0.03670502
127151,0.04436139
127155,0.016995441
127156,0.015695982
127160,0.034872387
127169,0.120761044
127174,0.08454822
127175,0.03523077
127177,0.05228487
127192,0.012269261
127193,0.014239261
127196,0.015837692
127197,0.10814484
127204,0.022526875
127207,0.028679183
127215,0.017637523
127226,0.054620013
127230,0.112828895
127244,0.032944977
127247,0.016442759
127249,0.031045431
127259,0.14009067
127299,0.10555462
127304,0.027247183
127308,0.22764207
127309,0.054577857
127313,0.06617499
127316,0.029815355
127317,0.027763158
127318,0.008163343
127333,0.011669731
127334,0.0118469205
127336,0.012508358
127346,0.077242576
127370,0.018168807
127375,0.09950674
127390,0.059063446
127392,0.09135349
127398,0.059144873
127400,0.030963346
127402,0.06158415
127407,0.06932968
127412,0.011309361
127413,0.017127944
127415,0.018570548
127418,0.17758484
127425,0.07888281
127432,0.0204805
127436,0.017723404
127448,0.010018569
127449,0.049963657
127463,0.0602622
127464,0.06386895
127468,0.017767005
127481,0.020518212
127492,0.20482552
127495,0.037864845
127496,0.038621273
127501,0.074922256
127508,0.021876493
127531,0.014856446
127554,0.04734263
127562,0.010023735
127565,0.0120187085
127567,0.02624672
127582,0.042621356
127593,0.03431103
127595,0.013571337
127614,0.027670085
127627,0.025680693
127630,0.029065482
127638,0.09232211
127639,0.0171831
127641,0.01737704
127643,0.028435001
127665,0.035050526
127674,0.012937415
127676,0.09015546
127693,0.0863561
127701,0.019242972
127702,0.107898876
127709,0.13689502
127720,0.044779293
127733,0.032516517
127739,0.07113889
127753,0.023597192
127756,0.022207845
127757,0.15014474
127777,0.10421456
127810,0.19827065
127811,0.062093776
127821,0.06332456
127835,0.018708467
127839,0.027450718
127870,0.13927175
127878,0.1330783
127887,0.10638318
127918,0.09643031
127919,0.22444975
127920,0.0248545
127932,0.015522655
127933,0.0685116
127953,0.012497557
127955,0.03229389
127957,0.014469735
127961,0.059687033
127967,0.12014531
127970,0.14786637
127975,0.072677135
127985,0.015482631
127991,0.018428061
127997,0.03140459
127999,0.011345836
128004,0.017401386
128005,0.047328725
128015,0.073964916
128018,0.045581214
128044,0.09663832
128046,0.026994301
128047,0.062422235
128048,0.16428885
128054,0.06762062
128066,0.052719966
128070,0.009803688
128071,0.088438526
128094,0.057447746
128095,0.035533626
128099,0.09821289
128116,0.004919665
128130,0.041648947
128132,0.06442636
128133,0.34790915
128140,0.010714133
128154,0.07202029
128156,0.1433412
128160,0.011530226
128165,0.21543986
128166,0.009715682
128169,0.014536554
128171,0.019703232
128177,0.05875702
128178,0.0117601575
128182,0.008219228
128191,0.19174951
128199,0.113617845
128213,0.065140285
128214,0.020230917
128216,0.025695154
128217,0.12705493
128226,0.079577036
128229,0.04037081
128232,0.1017688
128246,0.015631227
128273,0.08142929
128274,0.039735
128283,0.02016154
128284,0.06425951
128294,0.14903818
128295,0.08716095
128297,0.094595835
128300,0.015265252
128314,0.0191141
128317,0.011376492
128339,0.023062352
128340,0.008470711
128342,0.04421646
128343,0.03615333
128364,0.080858774
128368,0.2824538
128377,0.0205829
128380,0.012017443
128383,0.02561149
128407,0.017745372
128409,0.019403344
128423,0.03746601
128428,0.013096872
128433,0.057450034
128438,0.12431582
128439,0.053188056
128446,0.055271976
128447,0.03525029
128450,0.12610175
128455,0.1811681
128457,0.114389636
128464,0.024266576
128465,0.057491485
128471,0.020241454
128474,0.07103916
128483,0.024810132
128514,0.039141603
128516,0.02644509
128519,0.04809869
128528,0.015115412
128529,0.14893103
128536,0.05146765
128541,0.011071287
128542,0.046396237
128545,0.010273037
128557,0.011124271
128560,0.060360953
128568,0.037209135
128571,0.02245032
128578,0.010114754
128582,0.11427214
128588,0.088648684
128597,0.09132078
128610,0.16884668
128619,0.2580748
128630,0.061926037
128680,0.057007555
128684,0.038788844
128687,0.022199519
128699,0.12229036
128702,0.03571358
128704,0.043231487
128710,0.15859525
128720,0.072802156
128724,0.021067664
128727,0.06887106
128744,0.06871934
128745,0.025617069
128760,0.053810745
128766,0.26264414
128770,0.03542601
128782,0.16584149
128822,0.012061118
128830,0.24556747
128836,0.084271625
128845,0.029463576
128858,0.023698676
128859,0.012413476
128860,0.044339158
128874,0.10359963
128880,0.092308246
128882,0.11323588
128883,0.029271169
128884,0.0126424935
128892,0.055864498
128905,0.04586237
128910,0.066625096
128912,0.058523856
128915,0.022223225
128917,0.052705023
128937,0.009323812
128942,0.06492994
128945,0.027627418
128957,0.05093913
128962,0.03052026
128970,0.017337773
128985,0.04575137
128986,0.021200728
128992,0.007091493
128994,0.040571384
129003,0.026134787
129005,0.114530094
129010,0.013956532
129024,0.08152104
129038,0.02994284
129042,0.036665455
129049,0.012362348
129062,0.07642655
129067,0.08365236
129070,0.01413604
129073,0.009108531
129074,0.049875293
129088,0.023962101
129090,0.052177314
129101,0.29257017
129102,0.026115099
129106,0.04521556
129108,0.11921172
129120,0.04046812
129122,0.030049764
129123,0.3455684
129135,0.05194352
129141,0.10701451
129152,0.07649421
129160,0.035004947
129168,0.057461713
129174,0.049772706
129178,0.057491865
129183,0.04646764
129187,0.019806875
129197,0.04423328
129200,0.02067214
129205,0.1022947
129222,0.079932064
129230,0.012995769
129235,0.0046190135
129251,0.011960391
129274,0.027944025
129282,0.025122764
129284,0.0640156
129298,0.028221197
129299,0.06155117
129311,0.056682903
129312,0.011681981
129313,0.012716161
129314,0.027956057
129321,0.085302345
129329,0.0460775
129330,0.11146119
129332,0.010263341
129338,0.049425267
129345,0.0069054556
129349,0.055953454
129353,0.0074122264
129357,0.014883573
129358,0.16019788
129365,0.052120473
129376,0.012543344
129380,0.016861806
129382,0.0331147
129402,0.04539192
129403,0.01010328
129412,0.028703565
129441,0.39003605
129442,0.031165753
129448,0.06161597
129466,0.022707375
129475,0.033747263
129483,0.028940707
129484,0.024511756
129499,0.015227134
129501,0.032332342
129508,0.020683061
129510,0.17003645
129526,0.040754385
129527,0.22141187
129533,0.027069135
129535,0.21059534
129536,0.16617627
129545,0.039144028
129553,0.07262974
129557,0.047073506
129560,0.023876917
129576,0.055315085
129580,0.13291645
129585,0.05825142
129587,0.027843313
129597,0.064004734
129611,0.022947611
129619,0.030777942
129622,0.082867436
129631,0.047934905
129632,0.009171184
129640,0.006481841
129647,0.03364272
129658,0.013780189
129676,0.013607054
129683,0.020007525
129685,0.0150181465
129701,0.16810392
129706,0.23509398
129707,0.025245363
129720,0.013789414
129727,0.41346014
129728,0.021305604
129768,0.030360358
129775,0.016435416
129790,0.010515206
129804,0.029460859
129805,0.07633062
129813,0.0120917065
129816,0.014614095
129823,0.093540005
129826,0.4784986
129831,0.007384863
129833,0.0044421623
129851,0.036573324
129857,0.18381537
129860,0.025693294
129914,0.04480494
129926,0.033168886
129933,0.048563853
129939,0.05457938
129949,0.017747073
129959,0.08981048
129962,0.20476703
129963,0.094146304
129964,0.019599611
129977,0.010140026
129985,0.011685273
129987,0.022649178
129992,0.051658157
130002,0.22324769
130016,0.048581645
130045,0.023334827
130048,0.04153836
130051,0.05494793
130053,0.11736292
130056,0.030114414
130061,0.019338135
130062,0.105162956
130065,0.049772684
130066,0.045991044
130070,0.100868925
130079,0.044959057
130080,0.060384713
130098,0.039173383
130109,0.06258359
130110,0.049518164
130116,0.0100009935
130125,0.2154672
130134,0.17618935
130137,0.019596975
130138,0.029820917
130146,0.026253944
130148,0.058874965
130154,0.007329014
130156,0.02051335
130158,0.1320459
130159,0.034765534
130177,0.012529429
130186,0.29505065
130204,0.19956684
130205,0.14199899
130206,0.033850867
130211,0.011135851
130217,0.02408813
130218,0.018603541
130235,0.048713244
130236,0.2767297
130239,0.0128037315
130256,0.06620518
130260,0.010272246
130261,0.091529936
130262,0.009677145
130263,0.043694872
130264,0.004735842
130266,0.103656605
130277,0.09824891
130278,0.023159442
130281,0.113826945
130297,0.050634395
130302,0.07610548
130320,0.071844384
130325,0.12921897
130329,0.015546078
130338,0.19716845
130339,0.043309476
130340,0.10780395
130344,0.040490687
130347,0.020002633
130353,0.029349081
130358,0.012934182
130366,0.02049264
130371,0.016827893
130374,0.050034646
130389,0.0137492325
130390,0.061505605
130404,0.015519227
130426,0.033241045
130440,0.018113412
130449,0.3131583
130451,0.007107773
130452,0.12587774
130453,0.10190274
130463,0.0086972695
130466,0.01680565
130467,0.026075967
130475,0.03601566
130489,0.07504956
130490,0.012505711
130495,0.08104666
130497,0.060751982
130499,0.0046512564
130504,0.05093362
130513,0.02815395
130528,0.02583399
130533,0.10990362
130543,0.031394243
130567,0.098803475
130571,0.037811022
130572,0.040443227
130589,0.04030868
130592,0.13682298
130603,0.07316338
130623,0.025827039
130641,0.058963083
130687,0.023359329
130690,0.091337025
130698,0.03370998
130707,0.11229574
130709,0.14783378
130718,0.16516212
130722,0.059326004
130732,0.031190407
130735,0.050379705
130757,0.07142167
130760,0.031725317
130771,0.028094362
130772,0.012543316
130774,0.055441745
130779,0.055997845
130795,0.10224747
130828,0.048914496
130833,0.015334792
130843,0.0137762325
130855,0.07169412
130871,0.009483409
130878,0.12564926
130885,0.0656673
130889,0.1681484
130894,0.025514027
130896,0.12221064
130905,0.014408941
130906,0.020020088
130930,0.032860745
130931,0.07489859
130943,0.14839318
130946,0.004615211
130947,0.11817016
130950,0.007283542
130954,0.010743633
130966,0.032110434
130983,0.15553078
131003,0.010118707
131005,0.0061440845
131009,0.047615133
131013,0.058168277
131027,0.021256385
131030,0.3060327
131031,0.0060715345
131033,0.008239841
131039,0.036642224
131045,0.11224662
131057,0.07455757
131072,0.016529946
131084,0.077246085
131088,0.01619335
131089,0.04339408
131091,0.02187744
131093,0.030403627
131114,0.31971687
131118,0.0083750235
131123,0.0682604
131130,0.06051359
131144,0.018507864
131162,0.08417071
131163,0.008213448
131166,0.051487565
131179,0.087925315
131181,0.022352688
131183,0.40648633
131219,0.029938338
131227,0.03095723
131231,0.03978496
131235,0.08416866
131242,0.090833105
131251,0.033679657
131257,0.055424336
131263,0.04883306
131268,0.12812835
131271,0.020165188
131275,0.019843686
131286,0.07908379
131290,0.05105983
131300,0.013001961
131306,0.034367833
131316,0.11066175
131321,0.16047457
131322,0.010375871
131326,0.0064394157
131333,0.11759335
131335,0.07943043
131352,0.02378553
131354,0.009925987
131366,0.12545376
131373,0.070285015
131388,0.09349999
131394,0.03021822
131404,0.1693164
131405,0.07691033
131411,0.010190393
131416,0.022825353
131421,0.06921949
131424,0.03486348
131426,0.11909868
131443,0.26984668
131470,0.1557535
131471,0.099626474
131476,0.012140147
131477,0.055184808
131479,0.213491
131493,0.27717227
131495,0.1336676
131496,0.11473178
131498,0.14616673
131504,0.043128785
131525,0.18102199
131528,0.035867527
131548,0.021237645
131549,0.017747609
131550,0.067949295
131557,0.18702137
131564,0.021155208
131565,0.014993037
131576,0.07375065
131602,0.1943621
131628,0.14615846
131629,0.06536836
131641,0.0508378
131647,0.023863934
131664,0.03425062
131677,0.039578423
131681,0.055735298
131682,0.07511069
131688,0.1758526
131690,0.020545872
131691,0.01594504
131709,0.041490193
131713,0.028314983
131719,0.09667163
131733,0.021637606
131734,0.118336886
131743,0.13386871
131747,0.040889014
131748,0.113606766
131758,0.017446484
131759,0.1721474
131764,0.017274484
131771,0.013738763
131788,0.019952701
131791,0.1191485
131798,0.049501948
131810,0.086854205
131812,0.024438426
131815,0.035259366
131823,0.09052048
131824,0.0072104423
131828,0.07131108
131844,0.038531452
131846,0.018108174
131848,0.019958392
131863,0.023064712
131864,0.015637586
131889,0.015697947
131890,0.06821264
131892,0.07186341
131895,0.026762985
131896,0.03644383
131897,0.017329505
131905,0.023317266
131906,0.031685915
131907,0.19070444
131914,0.03185321
131921,0.020407947
131922,0.03068773
131925,0.014762398
131936,0.02990871
131941,0.065650456
131950,0.015759518
131952,0.06541706
131959,0.4476869
131983,0.012548002
131987,0.09366039
131994,0.032976113
132004,0.04011518
132009,0.035288364
132012,0.014117535
132013,0.024293186
132014,0.1800204
132028,0.2981462
132054,0.056122977
132061,0.035034116
132062,0.063788034
132078,0.109660804
132082,0.012892108
132086,0.026167054
132089,0.032042254
132095,0.078473225
132109,0.033622008
132110,0.047069885
132121,0.0032138196
132125,0.017733485
132127,0.11670399
132128,0.004477773
132134,0.05361315
132139,0.028961157
132141,0.016761636
132149,0.23839463
132150,0.042993426
132152,0.020144843
132153,0.06430828
132164,0.013212217
132179,0.31570968
132182,0.052381363
132189,0.030752454
132193,0.016524335
132194,0.014986343
132195,0.035277903
132208,0.34477097
132211,0.08351715
132212,0.07765182
132216,0.008462562
132219,0.013939084
132223,0.06864675
132238,0.06153424
132242,0.019315772
132268,0.014898299
132275,0.023927614
132276,0.08924981
132279,0.024086094
132289,0.41371247
132290,0.014513981
132300,0.24434912
132319,0.047117572
132340,0.0023212861
132344,0.0693398
132345,0.011896345
132346,0.10613017
132352,0.03382581
132353,0.0287509
132358,0.685088
132381,0.12674364
132382,0.023022303
132383,0.06335848
132410,0.03680685
132419,0.009781459
132423,0.024112932
132432,0.117199495
132434,0.01572135
132440,0.12871826
132441,0.047087513
132452,0.023227872
132453,0.0083220415
132456,0.05585988
132459,0.009638631
132462,0.03469146
132463,0.029420007
132468,0.296907
132485,0.268636
132490,0.022669591
132500,0.058502506
132521,0.17851727
132555,0.053082895
132560,0.0066494434
132562,0.033234693
132575,0.044968046
132587,0.03813327
132591,0.044462405
132611,0.035376873
132615,0.019987315
132617,0.16273446
132622,0.41363144
132629,0.009786765
132638,0.02940427
132642,0.030364852
132658,0.040148415
132664,0.07263902
132668,0.011179289
132676,0.21379378
132704,0.09386818
132707,0.16437674
132719,0.027778182
132723,0.38982722
132724,0.122513056
132732,0.045060664
132754,0.098413415
132756,0.03120198
132766,0.049273327
132767,0.030962976
132775,0.04835273
132776,0.13346286
132785,0.05287588
132787,0.024697652
132793,0.053927794
132807,0.008658399
132811,0.0044446797
132818,0.017509403
132834,0.0130726695
132846,0.012355509
132861,0.020359455
132870,0.13550971
132882,0.012408922
132884,0.01704214
132885,0.15485872
132888,0.04125678
132898,0.0781164
132912,0.01660218
132916,0.103313394
132917,0.038022265
132932,0.07897389
132940,0.030314578
132943,0.01173427
132962,0.0870039
132965,0.08168328
132969,0.0042578727
132974,0.08688692
132977,0.020783294
132978,0.029147195
132982,0.014115141
132983,0.00883366
132996,0.019288333
133006,0.004849179
133007,0.033272702
133025,0.04846231
133027,0.038568676
133033,0.01274179
133038,0.027859993
133040,0.016723495
133041,0.011398665
133044,0.038307626
133053,0.012358325
133063,0.08869614
133065,0.026606804
133083,0.024526425
133084,0.008259045
133091,0.035033513
133092,0.02487799
133107,0.063623875
133111,0.016504135
133122,0.012447448
133132,0.021803718
133140,0.044798836
133147,0.016833633
133150,0.0036084298
133168,0.024090191
133170,0.013190906
133184,0.016773382
133228,0.0066850875
133229,0.028017769
133230,0.012465239
133232,0.08009939
133242,0.07587265
133246,0.079598136
133247,0.01641093
133253,0.05828766
133268,0.07792973
133271,0.14606763
133272,0.01910731
133296,0.26053843
133299,0.111469485
133302,0.06823148
133315,0.05403652
133330,0.036362737
133331,0.03576421
133332,0.028237203
133333,0.03203096
133334,0.55644774
133361,0.33921486
133363,0.086182654
133404,0.004482079
133412,0.44462055
133418,0.048491966
133422,0.16635524
133426,0.1640014
133450,0.022483984
133465,0.06180517
133468,0.04577473
133469,0.032424938
133474,0.020958778
133479,0.038610462
133490,0.10617087
133492,0.014198318
133495,0.023903504
133496,0.02356629
133501,0.19721882
133502,0.08165673
133511,0.028655004
133515,0.032072894
133528,0.11658026
133539,0.019846123
133551,0.028331377
133564,0.058550254
133569,0.034209404
133570,0.029283118
133578,0.043003257
133586,0.014123979
133587,0.1795378
133597,0.036391076
133608,0.009744615
133624,0.0772425
133626,0.06966511
133645,0.04110711
133655,0.008306052
133658,0.053207926
133659,0.012857773
133660,0.041858245
133664,0.014016679
133684,0.14169198
133685,0.014598016
133688,0.06294808
133706,0.046515457
133713,0.032838956
133723,0.010353769
133730,0.045392495
133733,0.014391324
133760,0.028941037
133762,0.13978423
133777,0.009301821
133793,0.019789381
133816,0.07524171
133818,0.0452585
133824,0.042998165
133841,0.026234524
133850,0.030811569
133877,0.18838835
133880,0.07742239
133887,0.020995118
133889,0.16733927
133896,0.07533182
133916,0.097486906
133920,0.018394418
133936,0.046457853
133939,0.014814607
133940,0.011618169
133942,0.042012762
133956,0.118120864
133957,0.03685133
133965,0.06484222
133972,0.05564031
133973,0.018101817
134008,0.037421875
134016,0.43125024
134039,0.075684935
134040,0.014352116
134045,0.06626743
134050,0.14043403
134056,0.11744833
134082,0.1267244
134085,0.1308707
134089,0.019761354
134102,0.16418791
134118,0.023969563
134131,0.012908464
134135,0.07229081
134137,0.03475348
134150,0.042952932
134159,0.026716994
134183,0.014112036
134186,0.118878305
134211,0.029656263
134216,0.014785325
134217,0.03740786
134218,0.03215067
134230,0.01849838
134233,0.061023317
134234,0.008935976
134236,0.20461729
134241,0.029406697
134242,0.020974187
134273,0.019616146
134277,0.027238319
134287,0.074895926
134293,0.028183823
134302,0.016620334
134306,0.1871218
134307,0.029742828
134325,0.076281056
134330,0.12671535
134334,0.05594103
134338,0.16491786
134339,0.010153545
134348,0.02589965
134355,0.007383853
134369,0.29518217
134387,0.0540674
134399,0.061987728
134400,0.015315652
134405,0.023213333
134407,0.013782299
134433,0.019425502
134448,0.004332803
134460,0.04302862
134463,0.11711485
134467,0.026801439
134485,0.016330348
134486,0.115494326
134490,0.21476527
134494,0.23438208
134501,0.38772357
134508,0.009894359
134512,0.1380148
134514,0.008499518
134519,0.024935424
134528,0.045071937
134536,0.032954928
134540,0.05578359
134546,0.005345364
134549,0.03944709
134558,0.074817985
134560,0.087535426
134588,0.05693332
134590,0.044417772
134591,0.065437905
134594,0.0180724
134622,0.028183179
134626,0.011200508
134639,0.02099421
134649,0.039827216
134654,0.07828667
134658,0.016220298
134683,0.049819224
134688,0.14209017
134689,0.27448583
134697,0.028276103
134698,0.16425781
134718,0.04275799
134742,0.030250493
134751,0.0705286
134760,0.02126369
134763,0.0114280665
134764,0.13315652
134765,0.038912725
134773,0.023124073
134790,0.013760255
134794,0.021352082
134802,0.025004223
134805,0.0102122
134807,0.03468656
134812,0.02203608
134813,0.03319753
134823,0.049960002
134824,0.14114894
134838,0.075253434
134841,0.01697245
134857,0.012252032
134862,0.20354897
134865,0.029073885
134880,0.2624716
134883,0.08794125
134884,0.14038293
134916,0.0073881615
134918,0.032577243
134919,0.110396884
134921,0.0037056128
134928,0.08146182
134943,0.050564274
134950,0.051692303
134968,0.022327155
134971,0.091218054
134972,0.010907684
135011,0.038616512
135013,0.3808402
135016,0.017660027
135031,0.10189715
135036,0.026082808
135041,0.02038717
135052,0.035732
135053,0.066340305
135054,0.11010916
135060,0.015038184
135072,0.0384015
135078,0.029551044
135079,0.014895307
135090,0.07504324
135113,0.056355927
135123,0.03871448
135128,0.085828215
135136,0.13641568
135152,0.008260458
135163,0.012989362
135166,0.009739378
135186,0.06647416
135188,0.037361562
135194,0.015948132
135214,0.023215137
135220,0.019396761
135235,0.00782122
135236,0.01601748
135241,0.06285349
135243,0.09478128
135253,0.022086274
135258,0.07103942
135264,0.017184418
135271,0.008040567
135274,0.070438735
135275,0.081732325
135288,0.07134156
135290,0.03324793
135299,0.08858907
135304,0.102315046
135309,0.020683683
135345,0.36840585
135359,0.07310959
135360,0.18395549
135361,0.04980891
135363,0.13564558
135365,0.038814694
135369,0.16456643
135380,0.0070862207
135387,0.03542703
135389,0.03858407
135390,0.15087602
135393,0.025229989
135401,0.045375153
135409,0.1425129
135410,0.032766405
135412,0.00995964
135430,0.024864642
135434,0.013312828
135435,0.0267688
135445,0.21017271
135449,0.14575301
135460,0.037507057
135461,0.025988605
135491,0.017791979
135500,0.074696235
135504,0.01998301
135506,0.09371827
135521,0.1712169
135523,0.30816928
135527,0.023628209
135528,0.060007576
135530,0.25526205
135540,0.03209994
135541,0.38501576
135562,0.15116325
135578,0.01772783
135584,0.17722397
135589,0.18479304
135590,0.018742688
135591,0.112054065
135596,0.025651898
135607,0.003319881
135622,0.012825169
135626,0.09624646
135635,0.023419237
135636,0.05707872
135650,0.023974912
135656,0.012892424
135657,0.37299338
135672,0.29231888
135673,0.01827791
135678,0.11165462
135679,0.002252835
135684,0.09981766
135701,0.009682635
135704,0.057027493
135713,0.048437055
135716,0.08643023
135718,0.0052871387
135723,0.023392614
135737,0.04218406
135738,0.010663488
135745,0.015919788
135746,0.10334212
135752,0.14914797
135755,0.024901362
135756,0.015237817
135765,0.010105314
135778,0.052182876
135779,0.03210077
135788,0.00582614
135803,0.039525017
135804,0.06664125
135809,0.014337349
135811,0.15466952
135812,0.04970814
135823,0.13575323
135834,0.036456566
135838,0.019357404
135843,0.031743526
135847,0.01177693
135857,0.46946284
135865,0.01764153
135872,0.053788025
135885,0.12147325
135888,0.022145731
135899,0.035040986
135910,0.056216735
135930,0.24188936
135941,0.2796378
135943,0.07113308
135949,0.07159777
135950,0.03746635
135951,0.03521214
135954,0.070307545
135966,0.20798223
135967,0.02387118
135971,0.042442054
135974,0.11609895
135975,0.046475578
135985,0.008721358
136004,0.029283436
136009,0.0744513
136033,0.0716424
136041,0.040629797
136051,0.0057779225
136057,0.06472878
136070,0.2626158
136099,0.00739372
136103,0.0151354065
136114,0.0862249
136116,0.049024135
136140,0.03689321
136160,0.005059903
136185,0.06565237
136201,0.009775066
136211,0.10603323
136213,0.114265054
136224,0.23996955
136234,0.039967205
136244,0.03775404
136255,0.016070599
136257,0.055596538
136260,0.018709544
136261,0.053484462
136263,0.05684049
136267,0.021769231
136277,0.03850171
136289,0.024668982
136293,0.06471844
136296,0.016081296
136302,0.04652319
136312,0.01800353
136317,0.09265952
136337,0.20571308
136355,0.028396854
136356,0.32089248
136383,0.015455562
136390,0.029890386
136406,0.012651031
136416,0.020286549
136417,0.008767503
136429,0.20020999
136440,0.07227018
136445,0.14134665
136449,0.011242931
136454,0.099068835
136457,0.0034555986
136467,0.17388453
136474,0.08089748
136503,0.070567116
136505,0.16101706
136558,0.013399202
136578,0.12361436
136579,0.012426019
136582,0.10064644
136583,0.01284512
136588,0.02309429
136593,0.02374277
136605,0.1583102
136617,0.0827597
136620,0.046150643
136625,0.027926767
136640,0.023079934
136643,0.091877736
136653,0.09175413
136654,0.16319022
136660,0.018543439
136661,0.010002019
136663,0.02895625
136683,0.21176574
136711,0.059229683
136726,0.20205653
136730,0.076594345
136739,0.1964116
136740,0.1479945
136745,0.00820028
136751,0.042132605
136754,0.04404935
136758,0.07905746
136762,0.2237511
136763,0.015093622
136778,0.0053797574
136782,0.016862968
136798,0.04016493
136808,0.20509619
136811,0.057916287
136829,0.043167308
136832,0.0155057
136838,0.03994005
136846,0.081404515
136848,0.07368498
136852,0.017341286
136854,0.043695763
136856,0.01075184
136862,0.39013305
136863,0.051795013
136885,0.019153448
136887,0.051620327
136902,0.13075915
136918,0.023060512
136922,0.025974117
136923,0.009084757
136929,0.21371092
136940,0.06845469
136967,0.09483143
136968,0.19807355
136972,0.047523476
136984,0.05222926
136993,0.11772868
136994,0.018831966
136995,0.024198305
136999,0.009539614
137013,0.026462777
137015,0.07235206
137023,0.14902537
137025,0.043381847
137032,0.011990943
137033,0.18905507
137045,0.098796085
137049,0.016355315
137051,0.032737073
137052,0.033976402
137101,0.2363853
137119,0.1727019
137142,0.17586936
137149,0.06340865
137166,0.009665348
137167,0.018699223
137192,0.018100543
137193,0.19632286
137194,0.05720413
137204,0.071553014
137214,0.025288885
137222,0.101712085
137223,0.07508498
137234,0.012392441
137254,0.01757731
137269,0.008846095
137284,0.027358888
137285,0.2551946
137286,0.20214498
137287,0.035540707
137300,0.099318735
137305,0.055852134
137313,0.03208867
137344,0.11433741
137346,0.12792762
137354,0.22819431
137356,0.05401866
137357,0.10818524
137364,0.11803679
137368,0.0047281706
137380,0.04670363
137383,0.028376749
137395,0.03843385
137432,0.013609248
137433,0.082592
137435,0.040567644
137444,0.020421984
137453,0.054906648
137454,0.02081359
137455,0.03538165
137456,0.011531184
137457,0.11448497
137465,0.087677866
137476,0.029950835
137515,0.025859904
137544,0.16011132
137549,0.015703807
137560,0.19686782
137577,0.221425
137590,0.013219489
137591,0.019035766
137592,0.092401914
137595,0.019040419
137614,0.020641657
137624,0.020739568
137640,0.005983239
137651,0.1562012
137657,0.015065938
137658,0.11331068
137672,0.049990408
137673,0.029445741
137687,0.10307481
137688,0.10079758
137689,0.048635386
137700,0.26038945
137711,0.03138872
137715,0.07797587
137718,0.018127285
137721,0.01662205
137722,0.22457021
137726,0.05747648
137739,0.09186909
137741,0.0072937226
137743,0.06482668
137747,0.033339683
137761,0.013141934
137796,0.0067516873
137807,0.032377575
137809,0.05174065
137824,0.06390789
137827,0.07753054
137846,0.05046327
137862,0.015484443
137865,0.027272189
137868,0.05720042
137875,0.009337948
137878,0.029917924
137883,0.029631728
137888,0.024114497
137913,0.047791824
137915,0.0071853846
137934,0.05354783
137936,0.08063439
137937,0.09769355
137942,0.07521948
137944,0.11450716
137947,0.0056794407
137960,0.04306546
137977,0.0796085
138006,0.09016746
138007,0.04564971
138008,0.027830403
138019,0.14792912
138021,0.012324358
138022,0.07404707
138025,0.15015742
138044,0.008380922
138046,0.04798348
138050,0.039137535
138068,0.07026006
138084,0.06536744
138085,0.018889388
138086,0.012965543
138087,0.0059616724
138089,0.045490187
138100,0.010105244
138105,0.024129579
138107,0.032036055
138127,0.038388632
138128,0.038690105
138129,0.011100207
138131,0.019791761
138132,0.009427739
138150,0.007202129
138156,0.026195873
138169,0.050154388
138174,0.08288523
138177,0.027149955
138187,0.055879995
138189,0.020458793
138193,0.090116315
138203,0.019414904
138209,0.026902057
138237,0.057036962
138243,0.022894284
138273,0.009039593
138274,0.043818906
138275,0.014193782
138277,0.035895478
138285,0.015286045
138289,0.20323467
138308,0.026220843
138313,0.06823168
138317,0.019466937
138326,0.053324804
138327,0.07977508
138338,0.020916797
138367,0.02688674
138377,0.095301576
138416,0.03941836
138417,0.030607136
138419,0.026423449
138425,0.080510914
138430,0.06435206
138454,0.052011892
138465,0.017512264
138470,0.016945902
138480,0.013185319
138481,0.32917383
138486,0.04361382
138492,0.027005466
138496,0.09122281
138519,0.048597977
138520,0.069281206
138522,0.06442207
138545,0.010745087
138556,0.06299071
138560,0.0081122285
138564,0.021705406
138573,0.03068432
138581,0.16947448
138585,0.0659614
138591,0.06163946
138598,0.040691845
138600,0.008585694
138602,0.036531072
138613,0.075442486
138639,0.02681175
138651,0.03260028
138652,0.120733
138661,0.15859203
138674,0.013491896
138678,0.48175496
138679,0.012801108
138686,0.035827238
138695,0.0742528
138711,0.017088683
138728,0.10431019
138731,0.028657477
138744,0.102961846
138752,0.21941446
138754,0.12305995
138756,0.10321494
138770,0.026392773
138771,0.12590481
138807,0.0054642977
138818,0.036601234
138819,0.038076155
138820,0.064205505
138831,0.03637324
138843,0.01286482
138871,0.13274895
138873,0.036869947
138876,0.028658211
138880,0.116283044
138881,0.02687889
138882,0.015258164
138890,0.031969767
138892,0.0055211387
138893,0.0944358
138917,0.022046316
138921,0.017494336
138922,0.20105739
138924,0.022924352
138926,0.0199938
138932,0.108899415
138946,0.088953055
138959,0.11235221
138961,0.01007489
138964,0.011658145
138968,0.1585221
138969,0.26089954
138980,0.12653719
138992,0.08713374
139002,0.068663895
139010,0.14670654
139011,0.021694813
139017,0.21334912
139030,0.027736932
139032,0.025268128
139034,0.111675605
139039,0.047989924
139049,0.057750612
139053,0.015077156
139058,0.080528915
139062,0.06296212
139067,0.28257293
139069,0.26490867
139070,0.35962063
139075,0.03279601
139082,0.07293476
139092,0.1627509
139098,0.072207995
139108,0.17262311
139127,0.12548329
139130,0.10954828
139145,0.016943136
139164,0.06119789
139174,0.027316727
139175,0.07477544
139178,0.0101556685
139180,0.011057687
139181,0.4998081
139186,0.03620623
139189,0.060986962
139190,0.017183261
139191,0.007324461
139198,0.023752699
139201,0.03532347
139204,0.078043334
139208,0.0019072327
139211,0.03439726
139215,0.05811172
139225,0.05883652
139226,0.0125020705
139231,0.037654556
139246,0.21078289
139252,0.06092623
139256,0.00891681
139258,0.009157715
139268,0.024733031
139272,0.016393827
139283,0.01882862
139286,0.019628793
139289,0.04968654
139290,0.14680803
139291,0.042971477
139293,0.017744865
139303,0.012273757
139304,0.06652561
139307,0.3288901
139319,0.01773848
139321,0.101755254
139326,0.036710795
139327,0.025351431
139355,0.08733693
139363,0.015173132
139375,0.04157485
139397,0.057997186
139412,0.0444505
139413,0.011360264
139415,0.08927462
139416,0.094091035
139449,0.09121813
139461,0.019256126
139462,0.31822607
139463,0.11350718
139486,0.00946016
139493,0.16892779
139515,0.06414497
139516,0.076093204
139522,0.036378782
139532,0.032966893
139542,0.035702586
139545,0.041141015
139552,0.1796448
139553,0.060600817
139555,0.044674166
139559,0.15528278
139560,0.06755216
139564,0.03078768
139565,0.025118815
139567,0.010697841
139568,0.03083594
139572,0.027010145
139573,0.018000431
139592,0.0187794
139595,0.088212
139597,0.07344048
139598,0.089533195
139607,0.05382137
139609,0.04104743
139628,0.06620529
139653,0.024848294
139656,0.7016577
139661,0.037331738
139673,0.022535207
139674,0.047645923
139683,0.0050589363
139714,0.037994068
139724,0.01802383
139737,0.21925193
139749,0.09431716
139755,0.004078175
139756,0.06711587
139757,0.01733973
139763,0.12289691
139769,0.13938056
139774,0.22128078
139775,0.030191038
139777,0.041689508
139780,0.055041812
139788,0.27552575
139794,0.09747065
139831,0.06651234
139832,0.029397255
139834,0.03838964
139839,0.029481381
139843,0.17903489
139844,0.03305118
139858,0.20388532
139861,0.18313292
139864,0.22316965
139865,0.17628287
139874,0.03429984
139876,0.012399146
139895,0.014226096
139903,0.06679895
139917,0.021020759
139930,0.028020823
139934,0.023947332
139935,0.016985802
139946,0.02587067
139958,0.039827216
139977,0.016743388
139981,0.065634556
139989,0.009031829
139992,0.0601913
139995,0.027305147
139996,0.1486143
139997,0.022946933
140005,0.07680447
140010,0.104633205
140018,0.041152988
140026,0.049393553
140027,0.12581222
140031,0.06072811
140037,0.011503299
140039,0.0050889966
140040,0.0509065
140042,0.014865138
140049,0.15984745
140084,0.064881936
140087,0.022653215
140096,0.05377507
140101,0.45750037
140114,0.03493296
140117,0.11437721
140129,0.08293613
140131,0.32581243
140132,0.008113423
140136,0.059670433
140144,0.015675193
140151,0.055949338
140172,0.018742783
140174,0.0057537076
140190,0.032098986
140196,0.014955219
140200,0.02230892
140204,0.039905466
140223,0.070024006
140232,0.011413197
140234,0.038627274
140237,0.056200244
140245,0.2631242
140247,0.049998965
140248,0.083333805
140298,0.011955249
140305,0.2566893
140311,0.01576426
140312,0.13438427
140318,0.0799469
140325,0.04907033
140327,0.26842776
140334,0.047266837
140337,0.033587035
140338,0.007141361
140343,0.03274193
140376,0.032526378
140378,0.09245545
140381,0.014809308
140382,0.038775887
140384,0.054587364
140386,0.121057115
140390,0.028016886
140402,0.03212332
140406,0.0051553496
140425,0.021569217
140426,0.21571821
140434,0.003942476
140435,0.033827297
140436,0.15915176
140451,0.096490875
140452,0.01160242
140454,0.24077441
140455,0.022002839
140483,0.08269477
140504,0.022994174
140512,0.053686578
140518,0.010112796
140534,0.080874436
140545,0.0046893517
140546,0.11010126
140560,0.031855833
140563,0.011980601
140564,0.1414314
140569,0.015800636
140577,0.09066642
140638,0.02291745
140655,0.022990724
140664,0.13344403
140669,0.03246419
140672,0.22038181
140682,0.017031338
140693,0.04879107
140700,0.010780576
140701,0.033565763
140704,0.023327144
140705,0.025408618
140719,0.025456563
140749,0.22718363
140750,0.028323218
140751,0.10782331
140752,0.024713568
140762,0.10205806
140772,0.024338001
140778,0.09602073
140779,0.013580016
140780,0.014239124
140802,0.026880233
140804,0.086962245
140807,0.049964853
140813,0.03204122
140827,0.08240857
140840,0.025616808
140845,0.04134411
140847,0.15436259
140861,0.018677706
140862,0.07760672
140872,0.015806003
140879,0.04156649
140880,0.1824086
140886,0.0436266
140924,0.01620443
140938,0.010314588
140944,0.046284664
140945,0.11264138
140961,0.0063961176
140963,0.021435672
140967,0.03367051
140982,0.07820901
140990,0.017976284
140993,0.024900684
140996,0.32108045
141004,0.04000727
141025,0.46791053
141030,0.018742379
141031,0.034299824
141032,0.0378102
141067,0.00900469
141072,0.059069373
141081,0.027451005
141084,0.098626964
141085,0.058952905
141089,0.013744043
141090,0.026840825
141093,0.054675486
141095,0.16717735
141110,0.018298756
141114,0.03824067
141119,0.2727495
141147,0.09801594
141150,0.36202613
141159,0.05288238
141160,0.17136179
141167,0.0060043028
141206,0.04691699
141213,0.019938856
141215,0.5793265
141222,0.017664125
141255,0.024653118
141283,0.02023091
141298,0.06501211
141306,0.026249677
141310,0.19295338
141320,0.017078348
141323,0.11770146
141329,0.06576083
141333,0.017316032
141339,0.011508583
141340,0.06376267
141344,0.06792198
141345,0.017750347
141347,0.058519367
141350,0.024448708
141356,0.010608812
141358,0.023583956
141365,0.020991312
141368,0.00806508
141369,0.02494079
141376,0.13474675
141377,0.0407506
141385,0.014266278
141387,0.01710786
141388,0.2065879
141389,0.05825241
141390,0.036315944
141409,0.025398685
141410,0.0947809
141411,0.15897419
141414,0.049798153
141422,0.05133321
141426,0.11293498
141457,0.032145537
141470,0.03185123
141480,0.026117247
141481,0.019068483
141492,0.008496065
141493,0.02530214
141496,0.041341115
141497,0.013725639
141502,0.018650109
141503,0.04478299
141504,0.12544715
141507,0.096829675
141515,0.010525013
141524,0.24744633
141528,0.033520818
141540,0.010120216
141542,0.06771384
141551,0.25211397
141573,0.096830934
141580,0.018909179
141588,0.18541712
141596,0.1720762
141597,0.019392952
141602,0.10292001
141608,0.024141187
141611,0.009780931
141612,0.09822501
141618,0.03219848
141628,0.020731298
141632,0.08340495
141634,0.062424954
141637,0.052527275
141638,0.07489774
141639,0.014964337
141640,0.22848868
141644,0.11568621
141654,0.057969093
141656,0.026332777
141668,0.044530526
141717,0.1992433
141718,0.01546949
141723,0.21635514
141743,0.049198598
141744,0.029457904
141750,0.019119391
141753,0.024349166
141762,0.16098641
141809,0.018657463
141815,0.09005007
141826,0.032884687
141832,0.042284124
141840,0.026858669
141869,0.045086514
141870,0.082102135
141887,0.23185134
141915,0.026599515
141925,0.008250196
141945,0.51143026
141949,0.008890089
141958,0.00961452
141959,0.033894002
141963,0.015766064
141989,0.034638945
141995,0.05938396
141997,0.0848619
142005,0.03886953
142008,0.09202054
142012,0.028334843
142014,0.018227538
142025,0.15910809
142036,0.022862602
142037,0.051295403
142038,0.011818005
142039,0.07614891
142064,0.042692382
142065,0.13396217
142070,0.05284682
142074,0.06699598
142079,0.033034205
142084,0.11891722
142087,0.07627078
142102,0.0098850345
142106,0.013415069
142115,0.026087541
142120,0.002568424
142132,0.02381802
142139,0.030242607
142142,0.010844411
142153,0.08943738
142160,0.08513945
142162,0.014869713
142163,0.03860294
142167,0.016020859
142168,0.019350817
142177,0.047319714
142180,0.32506567
142183,0.0067732544
142186,0.060677607
142189,0.11470949
142195,0.019512152
142198,0.017057125
142210,0.014994862
142215,0.2572346
142222,0.01174604
142223,0.15278678
142224,0.011102186
142236,0.025965834
142237,0.012541866
142239,0.027923739
142242,0.053134434
142243,0.049243905
142244,0.02599693
142255,0.007022134
142273,0.009381699
142289,0.04455053
142294,0.006839012
142303,0.14632036
142305,0.082108304
142339,0.040125396
142359,0.2742088
142361,0.009263161
142364,0.013998708
142378,0.30902994
142380,0.15371685
142383,0.055234894
142387,0.04433868
142393,0.047675762
142396,0.1532766
142407,0.058910813
142409,0.037463855
142427,0.013082662
142429,0.6512581
142430,0.035443217
142431,0.047374494
142433,0.057457503
142439,0.162052
142440,0.018950626
142446,0.020964565
142459,0.032100484
142478,0.010466743
142481,0.040714327
142491,0.056300454
142495,0.020499693
142497,0.02793507
142510,0.06610153
142513,0.09092416
142521,0.02334879
142529,0.19393127
142537,0.030619577
142542,0.20494111
142558,0.025021505
142574,0.013322298
142575,0.017095132
142579,0.031779442
142587,0.023790378
142590,0.56127894
142610,0.017119622
142614,0.026472537
142621,0.007049882
142641,0.02329904
142650,0.0282467
142653,0.05678765
142667,0.085465185
142671,0.12729514
142676,0.16495286
142680,0.03980656
142684,0.04911587
142685,0.009800088
142686,0.053896055
142689,0.06551592
142691,0.16805027
142704,0.021198004
142707,0.025718115
142724,0.009444448
142727,0.04678056
142728,0.015023724
142741,0.021611454
142747,0.114816464
142748,0.11360064
142752,0.03768422
142755,0.016943222
142756,0.04032311
142759,0.026753694
142762,0.018001031
142771,0.042281717
142778,0.03147686
142783,0.03588174
142789,0.14598343
142790,0.040946547
142791,0.1202479
142793,0.12042871
142795,0.16138339
142803,0.3506691
142819,0.022131672
142822,0.07675532
142825,0.10695579
142833,0.028488059
142871,0.034381114
142872,0.027211403
142883,0.15160242
142905,0.018036049
142906,0.052095115
142917,0.07558672
142921,0.14565966
142927,0.12734067
142932,0.018201597
142940,0.019250026
142962,0.19800852
142969,0.0435649
142976,0.0054575703
142977,0.09786151
142982,0.16622348
142988,0.018311998
142990,0.067760095
142992,0.019566048
143012,0.035492733
143013,0.08717325
143016,0.10080361
143017,0.011220127
143033,0.0821996
143058,0.023570852
143059,0.033561256
143060,0.012975885
143065,0.03723003
143076,0.04569953
143081,0.23342964
143088,0.02677099
143089,0.033713818
143090,0.017564392
143094,0.010577746
143100,0.026011338
143115,0.028908674
143132,0.027699266
143135,0.012182433
143136,0.08773228
143149,0.12664156
143151,0.045008346
143152,0.014558459
143153,0.17996757
143162,0.049394213
143166,0.024436796
143167,0.019357847
143187,0.05310142
143188,0.017816622
143190,0.044553433
143191,0.011701221
143195,0.22077677
143207,0.06894366
143209,0.09633392
143227,0.06755699
143231,0.031470384
143232,0.02810646
143244,0.019513665
143263,0.062911935
143268,0.11976351
143275,0.118728824
143278,0.08362344
143302,0.10304654
143320,0.023134505
143328,0.1137559
143336,0.073795326
143339,0.019606192
143340,0.0991945
143353,0.02329808
143360,0.023231322
143361,0.08758546
143385,0.2689908
143388,0.096788295
143389,0.054539908
143390,0.014197304
143393,0.18440682
143396,0.1352303
143419,0.05616515
143421,0.007236022
143422,0.030419953
143431,0.022248061
143433,0.04970549
143440,0.11626081
143442,0.0148246335
143463,0.014675537
143466,0.008802768
143475,0.096692584
143500,0.059760973
143510,0.034189027
143528,0.013870675
143532,0.012226814
143535,0.1029909
143538,0.028645964
143548,0.021732798
143550,0.038365
143555,0.020372799
143576,0.22324604
143593,0.091852814
143595,0.07179078
143596,0.006719005
143597,0.048856016
143599,0.030032542
143601,0.022170799
143602,0.026108123
143605,0.0081650205
143609,0.07306115
143611,0.11430094
143613,0.01506246
143618,0.052126754
143652,0.014981384
143667,0.01568557
143679,0.048677832
143680,0.021224229
143692,0.14560072
143703,0.12320836
143712,0.048386827
143714,0.041996595
143715,0.020686187
143729,0.061182816
143732,0.024822837
143738,0.033225987
143740,0.033345815
143743,0.08172273
143772,0.032388125
143773,0.06021507
143792,0.05427226
143802,0.013808426
143808,0.030215435
143819,0.008400683
143820,0.15442182
143825,0.015689433
143828,0.008171202
143831,0.305033
143834,0.0069572586
143835,0.010074237
143843,0.019862039
143860,0.0074125105
143874,0.029755672
143889,0.21739396
143903,0.031435
143921,0.059355285
143936,0.025830586
143944,0.03350387
143947,0.08315028
143948,0.014484182
143957,0.2339186
143964,0.28919527
143965,0.0063209874
143971,0.034131914
143976,0.062843814
143977,0.2634199
143983,0.19476688
143991,0.048832778
144015,0.043704513
144032,0.037272215
144057,0.018546803
144065,0.016788632
144087,0.033062927
144090,0.026802266
144091,0.1618569
144092,0.023445792
144139,0.048617907
144150,0.026445447
144151,0.057066616
144153,0.08338781
144154,0.32082623
144159,0.3308861
144168,0.071408935
144169,0.030972091
144178,0.099818066
144179,0.01710005
144183,0.011115018
144186,0.073615246
144190,0.17427358
144191,0.018575324
144199,0.16145428
144226,0.035214584
144227,0.00713452
144229,0.06416448
144237,0.03642546
144247,0.012273279
144249,0.05285416
144259,0.06275137
144260,0.02408062
144282,0.057360776
144295,0.11988582
144304,0.018682247
144314,0.0376609
144318,0.047765173
144324,0.121906124
144325,0.0111774495
144333,0.030729545
144334,0.03717409
144336,0.010204006
144350,0.046668466
144354,0.017415369
144357,0.042155255
144359,0.030839665
144365,0.019391442
144385,0.0415661
144386,0.047294136
144387,0.06013671
144390,0.019710464
144393,0.03426492
144398,0.033638574
144402,0.012097753
144416,0.06044943
144422,0.006610416
144446,0.085456446
144451,0.253411
144461,0.016314086
144464,0.09374538
144483,0.027870959
144498,0.12885717
144499,0.0450488
144534,0.010085162
144549,0.04959851
144563,0.0094119245
144570,0.21122172
144579,0.026042355
144580,0.018705972
144581,0.008138491
144582,0.027224924
144587,0.030199824
144588,0.04608508
144589,0.03210927
144590,0.034225095
144598,0.10518908
144601,0.01418243
144610,0.017044969
144611,0.022113232
144612,0.015482449
144613,0.018172724
144617,0.040624097
144635,0.22060844
144640,0.06404766
144644,0.014684307
144645,0.028603476
144654,0.019886822
144656,0.062110215
144657,0.06685912
144658,0.054552324
144659,0.1242068
144665,0.025778428
144667,0.07747515
144675,0.025187783
144677,0.13627174
144678,0.026052501
144690,0.0285784
144701,0.13328347
144702,0.086206436
144716,0.030569972
144721,0.007635821
144722,0.10490497
144729,0.08450043
144744,0.045084726
144753,0.0062851
144761,0.020700226
144764,0.27834225
144767,0.020702202
144780,0.21010448
144781,0.026125124
144784,0.088020094
144806,0.04380129
144810,0.11871343
144811,0.048777547
144824,0.043382727
144828,0.087835096
144829,0.043335892
144835,0.41335583
144849,0.044647325
144850,0.0062273624
144870,0.023545086
144881,0.07026408
144891,0.022747383
144898,0.08483222
144904,0.027280275
144906,0.016124617
144909,0.013252307
144910,0.08996198
144912,0.16557166
144963,0.050223846
144965,0.11752218
144966,0.024187913
144979,0.061617963
144990,0.045840446
144991,0.036308605
144992,0.34829935
144999,0.038428243
145006,0.013388017
145007,0.074946895
145008,0.0112265665
145009,0.038357314
145011,0.004685335
145014,0.10760372
145025,0.0114360545
145036,0.030175408
145041,0.021450458
145058,0.120034955
145071,0.07814764
145106,0.0480656
145110,0.032925162
145142,0.061662454
145146,0.11185284
145147,0.009539763
145148,0.05810564
145149,0.01565292
145154,0.03036395
145157,0.04887391
145158,0.01650552
145167,0.01256744
145172,0.07817595
145174,0.010858673
145192,0.0052396143
145195,0.05182494
145196,0.10686693
145199,0.009252531
145209,0.08164885
145242,0.00957021
145248,0.009596286
145249,0.023741346
145250,0.044616956
145281,0.04709905
145287,0.038693942
145288,0.17866546
145298,0.08725535
145303,0.0043915072
145309,0.07280938
145333,0.03792413
145336,0.034496065
145339,0.072392
145350,0.034448575
145353,0.023207441
145354,0.027373437
145358,0.015498922
145382,0.23670188
145383,0.24687938
145389,0.070230484
145390,0.085787684
145391,0.03587961
145392,0.08433938
145407,0.007035914
145410,0.019911751
145412,0.14236374
145415,0.050031397
145418,0.020274956
145419,0.027103448
145440,0.0056843045
145451,0.15269147
145476,0.12533267
145481,0.017610393
145482,0.011023336
145484,0.006101761
145502,0.018665543
145512,0.04646515
145515,0.016546762
145521,0.020252986
145523,0.006733203
145554,0.014081222
145557,0.04261374
145560,0.29719546
145563,0.054233726
145569,0.015865253
145586,0.21819027
145601,0.09809594
145602,0.046601888
145615,0.11716249
145623,0.049135298
145638,0.013422686
145640,0.012491063
145645,0.02781794
145654,0.030440101
145664,0.041607484
145677,0.017883066
145679,0.013768322
145681,0.017520336
145698,0.031454954
145709,0.008748003
145713,0.038492754
145720,0.030342467
145780,0.022047607
145781,0.03299426
145798,0.14683224
145811,0.03447623
145819,0.016800607
145833,0.081376895
145834,0.06140865
145835,0.1054503
145844,0.019678213
145862,0.018474532
145869,0.10426566
145871,0.02219954
145872,0.003643643
145874,0.65439767
145888,0.016110398
145891,0.06476701
145907,0.07149928
145908,0.033734735
145919,0.018323965
145925,0.034879368
145940,0.059760354
145941,0.060574774
145943,0.0383795
145951,0.0070212106
145954,0.06652754
145957,0.014550895
145962,0.08576471
145974,0.011140464
145976,0.044113103
145987,0.021106215
145988,0.20683411
145989,0.027396472
145990,0.022802535
145991,0.09960642
145993,0.086809896
146000,0.19244087
146001,0.029977221
146006,0.030725528
146011,0.012992186
146014,0.036409285
146020,0.020452237
146021,0.00750796
146022,0.052491706
146026,0.06473477
146028,0.08432249
146032,0.040183727
146033,0.0746626
146037,0.24312454
146059,0.037277665
146060,0.28558484
146063,0.14109936
146069,0.11067224
146086,0.0244326
146090,0.4927129
146092,0.01660339
146094,0.1872595
146097,0.013984159
146098,0.13090754
146106,0.040554468
146115,0.01593772
146121,0.14751954
146122,0.029884737
146140,0.028915362
146142,0.01944148
146146,0.10852292
146149,0.021226583
146153,0.011412303
146155,0.011643363
146156,0.0310715
146159,0.0184188
146172,0.041297205
146176,0.059498325
146184,0.03292987
146186,0.06113018
146191,0.022572609
146198,0.024344174
146199,0.014939023
146202,0.02192709
146206,0.16301319
146214,0.016487336
146221,0.04412274
146232,0.029183105
146239,0.06526867
146246,0.094903454
146247,0.008764246
146252,0.008440298
146255,0.012476349
146256,0.011658867
146262,0.15304555
146277,0.05702171
146292,0.1361536
146303,0.015293397
146305,0.087793276
146313,0.046883136
146317,0.015075519
146330,0.038530465
146344,0.015878975
146345,0.033424586
146347,0.104669616
146356,0.013426558
146369,0.044680275
146384,0.10110805
146385,0.0055557187
146386,0.06730148
146388,0.037006862
146404,0.009291582
146409,0.11818141
146413,0.024420973
146421,0.05679799
146428,0.039828636
146451,0.10216678
146458,0.00817579
146466,0.006254125
146476,0.027161697
146485,0.011998375
146486,0.029667215
146487,0.02471369
146500,0.037037022
146502,0.050880145
146512,0.17229554
146514,0.014979292
146515,0.071716934
146516,0.025969291
146533,0.0962772
146535,0.02189749
146541,0.04197203
146557,0.06640183
146562,0.1694599
146565,0.013405792
146570,0.04841623
146571,0.024348916
146574,0.0579393
146587,0.031172734
146591,0.017237006
146597,0.066472985
146600,0.029821254
146614,0.3944817
146621,0.06296379
146623,0.027518902
146631,0.10752219
146644,0.012272096
146649,0.014176098
146651,0.022823708
146652,0.054973684
146663,0.17213108
146680,0.019906316
146683,0.04318482
146714,0.1998185
146724,0.073680475
146730,0.022407172
146732,0.11710946
146738,0.050724026
146752,0.05524267
146755,0.08831921
146756,0.043035533
146759,0.080716714
146760,0.13004175
146761,0.01633898
146765,0.0149010345
146806,0.060953934
146809,0.12291747
146810,0.023777394
146811,0.02282959
146815,0.047767255
146820,0.1399215
146821,0.021845732
146824,0.074629664
146829,0.03598654
146842,0.06849719
146864,0.035294943
146891,0.16975899
146918,0.03709684
146955,0.043046284
146957,0.09818518
146972,0.0499338
146973,0.03072718
146979,0.069697194
146982,0.023412952
146984,0.024024019
146997,0.16390857
147001,0.0108600715
147008,0.10660044
147014,0.0020249812
147022,0.080799416
147038,0.02866111
147048,0.04143175
147060,0.010504996
147061,0.019449828
147077,0.046274457
147082,0.056115728
147083,0.03188457
147085,0.054831635
147086,0.042138968
147099,0.034517627
147127,0.013244619
147128,0.03199057
147133,0.03885026
147138,0.017949548
147139,0.0061092344
147150,0.029607257
147155,0.19819246
147171,0.018398343
147172,0.013836578
147182,0.027620949
147195,0.021688053
147199,0.022326032
147216,0.10901478
147224,0.012723007
147225,0.02962089
147230,0.14279789
147240,0.05900475
147250,0.027389944
147253,0.017416723
147254,0.32221025
147264,0.011983936
147294,0.117569745
147308,0.04164142
147309,0.14839673
147315,0.07435809
147319,0.024982816
147329,0.01245611
147340,0.071646206
147345,0.1647514
147353,0.0074604396
147354,0.127285
147364,0.32940832
147366,0.06547316
147373,0.031169198
147382,0.0116161555
147383,0.060630526
147390,0.020908829
147408,0.08918456
147411,0.0057250448
147415,0.12040148
147416,0.07610716
147425,0.011066386
147427,0.02448434
147438,0.085175954
147439,0.017812012
147457,0.016558051
147459,0.014148879
147463,0.03224549
147469,0.07256881
147476,0.20956108
147483,0.011768094
147497,0.02253313
147502,0.1330955
147515,0.121650815
147523,0.070232406
147527,0.037925698
147541,0.109679185
147551,0.030008424
147552,0.061361022
147561,0.006028119
147571,0.05520653
147587,0.016047677
147657,0.0830089
147659,0.028130194
147670,0.005509789
147695,0.09937392
147696,0.06147645
147702,0.12807932
147710,0.552349
147711,0.01160755
147712,0.02589272
147713,0.069253266
147720,0.010870659
147722,0.06525392
147742,0.014290377
147750,0.04290304
147761,0.33336097
147764,0.0855439
147770,0.011941995
147771,0.10567681
147774,0.22040991
147786,0.013922857
147787,0.48126528
147791,0.013539911
147792,0.08174305
147793,0.13829072
147794,0.02542791
147801,0.03377912
147824,0.0055891527
147826,0.017504582
147840,0.023461198
147847,0.009001947
147862,0.057981443
147865,0.045569338
147882,0.096261576
147893,0.17473394
147925,0.05317458
147932,0.13060345
147942,0.09600641
147953,0.013814959
147955,0.09221425
147964,0.19377582
147966,0.046171878
147981,0.03859869
147982,0.30774057
147990,0.03619842
147998,0.02685044
148002,0.11988318
148013,0.08093917
148025,0.10752436
148026,0.08777949
148031,0.16773605
148035,0.045972936
148042,0.034207765
148047,0.013811001
148050,0.02991461
148063,0.11210829
148065,0.13785781
148069,0.12871851
148070,0.05992318
148075,0.19856514
148076,0.02503677
148087,0.011987042
148091,0.08687394
148102,0.08779218
148107,0.11663405
148108,0.068707116
148113,0.063237816
148131,0.04468178
148141,0.13419363
148149,0.08753753
148150,0.08186981
148163,0.18841615
148175,0.016417194
148185,0.1576035
148187,0.06788236
148198,0.26131883
148204,0.09091291
148205,0.011289726
148212,0.12567277
148216,0.24495001
148217,0.019256279
148223,0.0336538
148224,0.1234405
148235,0.11647971
148255,0.07837098
148276,0.022599494
148285,0.019176165
148289,0.026975537
148292,0.0949697
148294,0.07596507
148314,0.014277667
148319,0.017171072
148320,0.025333486
148322,0.071735494
148323,0.08070474
148325,0.08460126
148333,0.08557207
148339,0.033843543
148359,0.11715146
148361,0.12731282
148364,0.03434407
148380,0.019724848
148382,0.017690426
148386,0.14972758
148393,0.12655823
148394,0.04609748
148404,0.05310881
148419,0.060336582
148423,0.027974294
148437,0.15576932
148440,0.05802205
148448,0.023711383
148449,0.00441433
148450,0.041869067
148451,0.032765564
148458,0.101118445
148471,0.03863768
148475,0.013981949
148476,0.037126586
148497,0.08421812
148511,0.04722466
148512,0.057741825
148534,0.07916756
148545,0.070343606
148557,0.041874662
148564,0.038962636
148570,0.029251916
148586,0.035804972
148596,0.057829335
148600,0.0403265
148607,0.026177391
148609,0.044386286
148622,0.023799077
148623,0.024075275
148625,0.10127996
148626,0.0036360759
148628,0.033954818
148632,0.017921112
148639,0.027508084
148643,0.029979361
148644,0.16245939
148680,0.017396608
148702,0.11548267
148716,0.067396775
148717,0.062332693
148726,0.13517386
148738,0.17308684
148746,0.058506723
148749,0.025904005
148750,0.050376896
148769,0.035090998
148791,0.03715678
148803,0.02080213
148804,0.029076414
148823,0.00879256
148831,0.033963803
148849,0.015435022
148850,0.029826965
148855,0.035471782
148893,0.020088663
148896,0.046660297
148899,0.04623762
148903,0.051704478
148910,0.03159256
148911,0.013596371
148912,0.19035833
148913,0.023332307
148933,0.0674752
148935,0.012833574
148937,0.008290038
148946,0.23519206
148955,0.04883642
148980,0.041321665
148996,0.123690575
149015,0.23587796
149025,0.010010529
149028,0.14677846
149029,0.009144346
149035,0.018066365
149050,0.022071496
149051,0.033810683
149052,0.10225346
149056,0.0106405765
149062,0.016089493
149067,0.17236578
149076,0.15420203
149090,0.2970284
149106,0.07153066
149107,0.017627016
149118,0.32952955
149119,0.015937544
149130,0.12852958
149154,0.06265503
149157,0.062137328
149158,0.020071376
149160,0.06259324
149163,0.06698395
149164,0.06250847
149165,0.011286862
149166,0.032281883
149214,0.014897509
149231,0.1257132
149236,0.031078521
149237,0.056872588
149246,0.011135039
149247,0.04093513
149253,0.040738806
149254,0.008081292
149265,0.20493123
149266,0.11595571
149277,0.07396855
149283,0.19686337
149289,0.0793763
149310,0.018720197
149314,0.012426776
149318,0.034626484
149319,0.018272283
149320,0.02048076
149321,0.22189207
149333,0.035489567
149337,0.1531603
149338,0.024307704
149341,0.040626954
149342,0.034818135
149349,0.018083252
149351,0.117238685
149354,0.017251102
149360,0.010655515
149362,0.06251894
149366,0.013086804
149372,0.34665018
149376,0.03960486
149388,0.04548179
149393,0.018226672
149401,0.016342293
149405,0.14608926
149412,0.07157326
149415,0.02228123
149416,0.02023787
149430,0.08356146
149435,0.014593563
149436,0.012564209
149444,0.08647807
149456,0.051564112
149471,0.010580396
149480,0.013898638
149481,0.029673712
149490,0.0690291
149491,0.021109259
149503,0.029547969
149512,0.027772503
149524,0.012282319
149525,0.011972558
149532,0.024832817
149533,0.09833848
149536,0.31685475
149540,0.053383697
149548,0.032341756
149563,0.15455264
149568,0.16615891
149569,0.17638698
149570,0.07170894
149582,0.019770924
149584,0.04348007
149587,0.1543084
149592,0.05393752
149596,0.08273747
149599,0.041016236
149612,0.05824751
149643,0.079325825
149648,0.22854002
149665,0.019243019
149666,0.09732377
149671,0.01848132
149675,0.0135034155
149676,0.112639375
149677,0.011576797
149680,0.1547606
149711,0.10041061
149723,0.026733166
149726,0.052587528
149727,0.008114601
149730,0.014756455
149733,0.09835535
149734,0.17180762
149736,0.1151474
149750,0.010652661
149752,0.22548841
149767,0.041455634
149791,0.07835202
149793,0.012216112
149810,0.018656826
149850,0.038820002
149857,0.05398746
149858,0.015568038
149860,0.16491365
149882,0.0063259886
149889,0.0120510375
149890,0.23226328
149918,0.0062494716
149919,0.03369997
149927,0.006641821
149928,0.015376225
149940,0.119074434
149944,0.03821151
149947,0.07465306
149951,0.05001752
149956,0.058912415
149958,0.13209043
149969,0.022481268
149988,0.08309346
149996,0.037086476
150007,0.016345242
150018,0.016941516
150025,0.030710213
150054,0.073730774
150064,0.13284712
150070,0.056223977
150074,0.040077668
150078,0.018142285
150084,0.029326234
150106,0.05315454
150111,0.26812539
150115,0.009574107
150117,0.18929724
150120,0.107272245
150127,0.093984134
150128,0.037528574
150130,0.05967992
150132,0.06632706
150135,0.038272142
150145,0.029552547
150148,0.014982621
150153,0.08298047
150154,0.012718484
150173,0.00998859
150174,0.15443371
150176,0.06382201
150177,0.07541891
150178,0.07158698
150179,0.18964355
150187,0.013411562
150207,0.03518862
150223,0.060691763
150224,0.020260377
150229,0.016047563
150233,0.072878994
150245,0.043383803
150252,0.016114183
150257,0.109850116
150258,0.03519541
150267,0.0143610155
150268,0.11937899
150272,0.23007344
150282,0.03171495
150289,0.12572266
150299,0.0085285995
150307,0.06446032
150310,0.019003708
150311,0.029372163
150312,0.0072958977
150313,0.017786745
150324,0.057747465
150335,0.024211373
150343,0.040949944
150354,0.013401072
150363,0.018029587
150365,0.033952344
150377,0.023619186
150381,0.080496214
150382,0.007346089
150414,0.04115412
150418,0.08759558
150431,0.017632587
150449,0.03366972
150450,0.21649559
150473,0.0072939033
150475,0.01760401
150476,0.12872322
150478,0.1464561
150488,0.09582912
150499,0.15053362
150501,0.23523423
150503,0.041096866
150518,0.020228662
150529,0.033301737
150531,0.011943024
150532,0.04707658
150535,0.032278802
150543,0.23556627
150545,0.15208642
150548,0.035548
150552,0.016994245
150558,0.08572793
150574,0.12794767
150576,0.45543167
150577,0.021582033
150594,0.08192505
150601,0.015926432
150604,0.033436187
150618,0.03524418
150626,0.120602645
150627,0.07821904
150635,0.1920864
150648,0.028214782
150649,0.15221737
150650,0.13906975
150651,0.04010125
150652,0.019916689
150657,0.12422769
150659,0.034511153
150666,0.08780745
150667,0.060580548
150680,0.00830421
150698,0.5129983
150700,0.24358772
150713,0.03378437
150715,0.08595777
150718,0.0029757407
150724,0.10291546
150731,0.022418575
150734,0.0154206315
150738,0.012269623
150744,0.033749223
150745,0.119751476
150746,0.09123213
150749,0.02012325
150750,0.088789746
150753,0.01575871
150759,0.017699517
150762,0.009905813
150764,0.008309839
150782,0.022684556
150784,0.016156813
150785,0.045309775
150786,0.029700281
150789,0.039926637
150802,0.07151901
150809,0.029499648
150810,0.05909198
150817,0.017833162
150820,0.021162346
150822,0.06402415
150845,0.016368138
150846,0.07363723
150854,0.040027693
150858,0.32342857
150866,0.046440173
150869,0.012221148
150874,0.042424895
150887,0.0073739337
150889,0.014660565
150892,0.16988489
150896,0.010964653
150901,0.2057637
150914,0.32341585
150918,0.021986604
150919,0.023168894
150929,0.14003895
150935,0.02614957
150941,0.018510472
150949,0.017080419
150950,0.056161877
150951,0.0065928
150952,0.007361308
150980,0.11516405
150981,0.017769428
150986,0.1317117
150987,0.07766009
151004,0.042480905
151005,0.06682882
151010,0.04425981
151012,0.052212752
151016,0.020714879
151021,0.13456969
151022,0.014148426
151023,0.15008037
151024,0.4705429
151035,0.19021763
151036,0.02957663
151039,0.026235301
151041,0.050815422
151043,0.12672226
151052,0.27116895
151058,0.18362156
151065,0.07034473
151066,0.028004875
151067,0.19427797
151069,0.035467997
151070,0.02343144
151080,0.046775036
151090,0.041925192
151092,0.44789514
151100,0.023015054
151108,0.053675365
151113,0.03443858
151119,0.026374033
151131,0.01742986
151145,0.02684067
151147,0.0762399
151148,0.013504907
151149,0.07354361
151153,0.015209441
151158,0.037940394
151167,0.025134536
151169,0.027755665
151185,0.03267196
151186,0.061809503
151187,0.10063982
151203,0.043782134
151206,0.006901937
151213,0.2114694
151237,0.050949372
151254,0.038297184
151255,0.02776776
151264,0.082593955
151266,0.05786026
151267,0.04484843
151270,0.01196025
151286,0.007779103
151288,0.10712849
151289,0.050825126
151290,0.04138673
151303,0.025512354
151304,0.10633174
151308,0.026021983
151315,0.026533224
151324,0.02307496
151329,0.019295925
151335,0.012383933
151343,0.018261744
151347,0.13817897
151348,0.06747314
151357,0.082952365
151366,0.078284234
151372,0.015355191
151374,0.009768391
151394,0.016547801
151395,0.10919156
151403,0.020542629
151410,0.018892938
151412,0.071383834
151419,0.03803109
151443,0.009456174
151464,0.011908952
151466,0.22311285
151467,0.014237501
151476,0.048347246
151480,0.032273803
151481,0.27545667
151486,0.039722033
151487,0.072703496
151490,0.10294404
151498,0.03406495
151500,0.018259566
151504,0.014529679
151516,0.015454824
151519,0.048795637
151528,0.07789965
151529,0.054569047
151539,0.4565497
151540,0.059411727
151556,0.3718156
151558,0.010995369
151559,0.030794973
151581,0.014015405
151586,0.085305855
151589,0.13893458
151603,0.18236734
151604,0.029607687
151610,0.006172392
151637,0.13713273
151652,0.2163736
151654,0.02290453
151667,0.04929221
151668,0.1567464
151669,0.014321925
151678,0.018580383
151697,0.08422878
151706,0.035102572
151729,0.016056389
151730,0.02868351
151737,0.023604976
151744,0.12118275
151756,0.10294697
151785,0.03345333
151800,0.030893076
151801,0.01917073
151821,0.058897294
151822,0.07882776
151834,0.049512748
151845,0.06734483
151846,0.031910285
151847,0.08434926
151848,0.09087492
151859,0.048426073
151872,0.09786846
151875,0.0672899
151883,0.026779374
151888,0.029511763
151895,0.017162658
151896,0.01576986
151900,0.07789545
151913,0.008189421
151920,0.043647714
151928,0.14331841
151933,0.03572974
151934,0.023903817
151948,0.065454386
151951,0.010525525
151963,0.033111267
151964,0.0073224786
151965,0.0071379635
151966,0.09713336
151974,0.015784774
151975,0.2238541
151978,0.019099882
151982,0.05323903
151993,0.03915449
152002,0.012038464
152005,0.09110435
152017,0.043540254
152020,0.121863015
152039,0.053193092
152047,0.22707202
152064,0.060198426
152071,0.069661476
152076,0.05082713
152088,0.011432909
152091,0.012602914
152093,0.033567816
152100,0.06022421
152107,0.029483147
152115,0.014480014
152119,0.008555016
152123,0.019243402
152129,0.056150798
152140,0.42315573
152141,0.037192658
152142,0.08580118
152148,0.042240053
152170,0.013616547
152171,0.028436566
152176,0.018999452
152186,0.08187309
152192,0.10401135
152204,0.1997839
152215,0.006620809
152220,0.02959257
152230,0.008920855
152256,0.045977328
152265,0.056742404
152266,0.14835955
152268,0.02153098
152272,0.05304009
152286,0.015269642
152299,0.022093566
152305,0.061156154
152324,0.02930277
152329,0.16069452
152355,0.026276274
152356,0.005281282
152365,0.04360971
152369,0.13898143
152373,0.029814491
152374,0.053985115
152383,0.08519137
152395,0.15765622
152403,0.18025614
152404,0.050425667
152406,0.008759187
152425,0.014811307
152437,0.01384353
152438,0.056522544
152442,0.15288693
152460,0.055810384
152461,0.03046273
152462,0.008936522
152472,0.03963377
152473,0.11063073
152477,0.01735278
152506,0.034869954
152522,0.023063185
152530,0.025654279
152535,0.007621419
152543,0.013732341
152548,0.02820857
152556,0.045337103
152562,0.029600142
152563,0.079129525
152565,0.03114376
152591,0.030981624
152593,0.06523861
152612,0.054558847
152619,0.020220429
152627,0.025572252
152628,0.01970914
152632,0.2612155
152638,0.08498712
152646,0.05412233
152662,0.16355133
152679,0.10752285
152680,0.03436976
152699,0.09600639
152703,0.0253168
152717,0.17685194
152720,0.15556893
152721,0.039598145
152735,0.023285666
152736,0.01423376
152739,0.09839724
152755,0.0133007355
152769,0.009905352
152785,0.2138996
152788,0.019897928
152791,0.023360197
152808,0.04968987
152815,0.01410254
152816,0.23697576
152817,0.02640123
152818,0.015294988
152819,0.20903744
152820,0.048186325
152823,0.0784039
152831,0.036073267
152832,0.27292615
152833,0.18565321
152835,0.036367636
152838,0.017767925
152846,0.012512892
152862,0.21672347
152864,0.008202239
152865,0.040771887
152871,0.003781435
152874,0.013941658
152875,0.007667734
152876,0.34132758
152877,0.45547673
152881,0.10671301
152892,0.0101619875
152908,0.10640694
152909,0.07253973
152915,0.01128286
152916,0.13838924
152923,0.022492835
152932,0.014374178
152934,0.018048648
152936,0.008982246
152948,0.042181376
152951,0.05469769
152956,0.032559875
152963,0.055634987
152964,0.60595715
152978,0.0951127
152980,0.045782708
152986,0.16427588
153001,0.11412684
153002,0.046135094
153007,0.04705787
153009,0.010459086
153017,0.01806209
153018,0.21265006
153022,0.13868329
153027,0.30812722
153032,0.028969869
153033,0.059555322
153034,0.02427944
153037,0.0516338
153051,0.3387609
153052,0.031019233
153057,0.015906386
153067,0.13490225
153084,0.030275688
153088,0.12458693
153089,0.017790329
153093,0.011174377
153094,0.07221629
153095,0.11369803
153105,0.1776304
153108,0.16224663
153110,0.03680927
153119,0.07646032
153135,0.0077244374
153139,0.020387571
153146,0.03767173
153154,0.06627932
153185,0.012609086
153195,0.3033695
153196,0.0180862
153198,0.042132325
153202,0.0043613687
153203,0.016852159
153209,0.02112619
153223,0.05315337
153224,0.051147778
153227,0.028364504
153230,0.047475122
153233,0.029055513
153234,0.011060309
153235,0.1605512
153243,0.09429856
153263,0.075925164
153269,0.035136078
153272,0.013238817
153276,0.17560604
153279,0.024197085
153291,0.1324267
153311,0.054273814
153328,0.3300615
153330,0.079886034
153341,0.27740476
153345,0.031512536
153393,0.018552652
153394,0.045220993
153395,0.020500371
153420,0.07756953
153428,0.051033966
153432,0.075696796
153449,0.022504741
153458,0.31745133
153459,0.020441495
153472,0.036328528
153475,0.006454755
153479,0.105162635
153480,0.034499306
153490,0.096661754
153491,0.018400915
153501,0.023182942
153502,0.03274346
153507,0.087109946
153513,0.08944008
153514,0.058193937
153519,0.07139596
153520,0.012876954
153556,0.03134281
153577,0.13494769
153582,0.23547442
153594,0.08477339
153595,0.05803645
153598,0.07181928
153601,0.0219574
153625,0.044474337
153641,0.0052512316
153654,0.028871305
153676,0.06136273
153681,0.0030290268
153704,0.05142002
153706,0.0368475
153710,0.12218825
153720,0.07157956
153734,0.15464707
153738,0.030023701
153743,0.018657459
153748,0.050100077
153756,0.080722414
153757,0.011700959
153759,0.014235299
153764,0.17242728
153782,0.008015403
153796,0.10900295
153802,0.15361984
153809,0.53932995
153810,0.0052077845
153817,0.1527678
153821,0.01358348
153823,0.01867378
153830,0.030662326
153834,0.030902581
153839,0.015508833
153842,0.10117338
153847,0.09361641
153855,0.02030594
153873,0.0067439047
153875,0.07693788
153882,0.023442432
153884,0.0052187885
153885,0.18867986
153886,0.042202517
153890,0.054510836
153892,0.009920352
153897,0.03551309
153898,0.034281064
153901,0.087707
153924,0.018314136
153928,0.07223356
153929,0.21109425
153949,0.0063462392
153979,0.03754918
153980,0.007287765
153981,0.034094136
154010,0.14509232
154015,0.033954315
154039,0.05623859
154043,0.004544848
154044,0.066319704
154046,0.030107675
154047,0.028068878
154058,0.017254967
154060,0.027714673
154065,0.19987491
154083,0.038032986
154100,0.0399804
154108,0.0629312
154120,0.09850835
154121,0.025643425
154122,0.05812192
154128,0.06411162
154137,0.036584374
154143,0.27000463
154151,0.11389965
154158,0.04119297
154176,0.01647467
154184,0.0671693
154191,0.058193624
154215,0.14965585
154216,0.069242574
154220,0.007363923
154222,0.15516926
154227,0.04183193
154241,0.01329689
154243,0.043213792
154244,0.06395198
154254,0.024604192
154264,0.027214834
154265,0.09324199
154268,0.089332215
154269,0.007850624
154299,0.012678104
154307,0.035617504
154315,0.07804493
154325,0.0882447
154327,0.06770026
154332,0.10695581
154346,0.006554102
154347,0.008726037
154353,0.27010238
154369,0.022282833
154376,0.014715279
154377,0.26346588
154379,0.04745925
154389,0.023916198
154402,0.052386448
154403,0.025303386
154416,0.01139559
154428,0.041202467
154430,0.014648817
154442,0.34906122
154447,0.021720476
154468,0.013503103
154470,0.030572787
154473,0.1071239
154480,0.029819228
154486,0.019986546
154500,0.12467052
154507,0.112302236
154529,0.003037142
154549,0.006551299
154557,0.008480181
154571,0.045897935
154578,0.029970923
154580,0.022984592
154591,0.030764174
154611,0.26633513
154623,0.012600086
154650,0.057196658
154655,0.061888333
154659,0.032714944
154680,0.09312397
154681,0.020433264
154690,0.15944359
154711,0.032113682
154712,0.023509763
154722,0.008835617
154731,0.011543708
154747,0.17761877
154749,0.07461979
154750,0.07642021
154760,0.09138945
154763,0.033591837
154786,0.12386464
154788,0.045764003
154792,0.070367515
154807,0.28344
154812,0.011514503
154818,0.1986195
154819,0.042164054
154824,0.06998931
154839,0.10116385
154840,0.008320738
154843,0.028559385
154847,0.1684888
154849,0.12724523
154850,0.0038421701
154851,0.034163624
154853,0.0333473
154858,0.021178624
154868,0.37682027
154871,0.02018542
154877,0.019865835
154916,0.04132337
154920,0.012860994
154922,0.061366715
154924,0.022537457
154933,0.16421527
154942,0.31708938
154955,0.022277012
154957,0.3968383
154966,0.040665668
154971,0.011860097
154972,0.027410045
154973,0.0341693
154974,0.018298814
154979,0.013139664
154982,0.050472282
154990,0.110861495
154991,0.016364405
154994,0.12690076
154995,0.060619097
155009,0.02619827
155014,0.0142911365
155017,0.0059329066
155018,0.02115979
155019,0.013486442
155020,0.0144551955
155027,0.04051645
155034,0.069963254
155047,0.011525161
155049,0.102675065
155052,0.13102095
155053,0.013063289
155059,0.04499175
155060,0.23411576
155069,0.01626694
155077,0.14462043
155078,0.050943013
155086,0.0659108
155088,0.043000866
155094,0.022428107
155099,0.012128967
155100,0.0141970115
155116,0.06717881
155117,0.1422229
155119,0.032009438
155120,0.011061589
155133,0.052986283
155135,0.50626904
155141,0.18977089
155144,0.005530801
155145,0.019196248
155174,0.041233335
155194,0.12777318
155196,0.016864572
155204,0.07292597
155232,0.24371907
155240,0.036531717
155246,0.05384025
155254,0.013327772
155267,0.0146186175
155273,0.06210207
155274,0.030599974
155283,0.045085702
155296,0.33853665
155312,0.021964164
155318,0.015399365
155322,0.08561634
155323,0.088041246
155329,0.1820015
155342,0.011992533
155346,0.10065636
155366,0.16954626
155369,0.046334654
155372,0.09610549
155378,0.10290315
155382,0.1303282
155390,0.029287208
155401,0.09318195
155428,0.026318517
155443,0.039050728
155445,0.02473722
155450,0.0251147
155452,0.12924708
155453,0.011326845
155480,0.20531484
155482,0.008882996
155484,0.0603962
155485,0.023212772
155496,0.09145009
155497,0.12832372
155531,0.02512176
155541,0.0078214295
155547,0.20322026
155550,0.06072549
155551,0.043248974
155565,0.112107806
155567,0.021950953
155569,0.14797623
155573,0.018629631
155575,0.06679586
155581,0.028825281
155591,0.025937134
155593,0.18391736
155594,0.015263438
155610,0.36519638
155623,0.027388284
155624,0.062711634
155629,0.013468503
155638,0.088591546
155650,0.031144598
155652,0.0296226
155687,0.06209591
155697,0.46494788
155715,0.22722146
155718,0.020522734
155719,0.013541368
155723,0.1466279
155730,0.08786768
155731,0.019670073
155737,0.0784637
155738,0.06064133
155740,0.035616692
155742,0.03343952
155755,0.017124865
155766,0.050206546
155768,0.014288186
155771,0.12485517
155803,0.041059043
155808,0.011534296
155809,0.04419141
155812,0.015262403
155820,0.09884125
155832,0.07624511
155841,0.07354862
155847,0.16816036
155848,0.017870976
155855,0.091963954
155886,0.023843654
155893,0.13633426
155905,0.04128314
155910,0.1165849
155912,0.0074544107
155919,0.20486292
155921,0.018939026
155937,0.058886327
155939,0.08628584
155950,0.094300084
155987,0.06287345
155988,0.0312337
156005,0.014503053
156006,0.009467329
156010,0.058515888
156018,0.0583045
156021,0.15459962
156026,0.04278963
156030,0.03363247
156033,0.0065596215
156038,0.03935075
156041,0.07060046
156049,0.023531565
156050,0.01597726
156068,0.060381643
156069,0.22284906
156087,0.010630509
156088,0.084401056
156095,0.030625623
156104,0.11440954
156107,0.011258764
156108,0.09315672
156111,0.056818567
156119,0.010787587
156123,0.065573744
156140,0.4758709
156149,0.016106214
156161,0.019257037
156180,0.2667665
156186,0.06737616
156189,0.17148049
156194,0.023085972
156200,0.024297467
156213,0.2673495
156214,0.02940676
156228,0.021655899
156234,0.011213689
156236,0.116422914
156243,0.034240127
156256,0.031002766
156268,0.019699825
156269,0.004896349
156270,0.028771302
156274,0.101675145
156290,0.0110181775
156291,0.022953045
156292,0.03484459
156298,0.042618237
156301,0.10448892
156302,0.15909685
156309,0.035816483
156355,0.019127302
156365,0.011787506
156367,0.39922178
156372,0.014646938
156376,0.058166075
156377,0.040070478
156389,0.023852076
156400,0.0472482
156404,0.21746609
156405,0.02139141
156426,0.07931526
156427,0.019266237
156429,0.062370215
156430,0.019217344
156431,0.06102084
156432,0.041085813
156449,0.05846758
156463,0.018817715
156464,0.033647377
156478,0.017963335
156492,0.17984198
156508,0.10889587
156509,0.10868452
156517,0.08228564
156526,0.21063055
156527,0.010808675
156538,0.25735903
156542,0.021605032
156543,0.049253784
156555,0.012813486
156556,0.11936042
156561,0.04423912
156563,0.022069843
156564,0.066286
156567,0.016061807
156570,0.03717711
156581,0.055450723
156594,0.04226082
156597,0.020819983
156600,0.0753197
156601,0.016317356
156627,0.067018405
156629,0.1858276
156642,0.0050241095
156644,0.027019547
156663,0.018233621
156674,0.019137649
156688,0.0035769613
156696,0.059717122
156707,0.005336671
156723,0.057464298
156728,0.043288536
156731,0.14490205
156732,0.04448386
156733,0.11855963
156768,0.034307033
156773,0.04276123
156782,0.11697325
156815,0.056941103
156837,0.026386887
156854,0.05311794
156861,0.07045283
156862,0.009222713
156878,0.30006906
156903,0.10316431
156910,0.02616606
156925,0.055531368
156933,0.057316523
156952,0.031268533
156953,0.047667377
156963,0.30328828
156965,0.37689987
156989,0.019354692
156994,0.026337879
156996,0.024158841
157005,0.03837549
157011,0.008881581
157046,0.059090324
157058,0.037063897
157061,0.17680724
157065,0.019488141
157066,0.106383815
157067,0.052092277
157090,0.10751797
157091,0.09774742
157096,0.023307014
157101,0.2654434
157104,0.027458925
157109,0.021009697
157116,0.08415009
157120,0.45232424
157121,0.02176038
157124,0.19660152
157125,0.015889103
157132,0.23570718
157153,0.082265824
157157,0.29687452
157159,0.13749237
157168,0.064778104
157189,0.034494497
157195,0.03240136
157203,0.03656353
157210,0.08389198
157212,0.037031353
157220,0.026847422
157239,0.08767675
157241,0.016255323
157246,0.018338123
157247,0.08390865
157252,0.015192364
157253,0.4301782
157265,0.017214356
157291,0.071953624
157292,0.026944146
157301,0.08327863
157306,0.13054103
157312,0.5920921
157314,0.06289385
157332,0.013092262
157333,0.03531599
157337,0.08432285
157345,0.04448298
157347,0.045111075
157363,0.076600336
157376,0.018958962
157382,0.039158117
157397,0.011884138
157409,0.006898629
157411,0.019881891
157422,0.020060716
157428,0.040984612
157434,0.1531837
157442,0.024855087
157446,0.012363079
157456,0.018722905
157465,0.037236746
157469,0.01558394
157482,0.018209176
157497,0.010570547
157507,0.006079181
157510,0.040171772
157515,0.0101255765
157529,0.040677346
157530,0.13642995
157541,0.11847161
157546,0.10329116
157553,0.03567785
157554,0.019956917
157562,0.18283273
157565,0.12176483
157566,0.053066093
157571,0.012414825
157572,0.010808768
157574,0.015069741
157575,0.03370648
157581,0.22575608
157590,0.3738016
157604,0.022195585
157611,0.120165646
157617,0.090862095
157620,0.032443546
157623,0.024081932
157651,0.05838395
157653,0.013132536
157664,0.08199771
157690,0.047267467
157704,0.064015195
157712,0.111818805
157722,0.1649262
157727,0.026430508
157764,0.0176811
157765,0.10846704
157775,0.02689892
157777,0.06325153
157789,0.052679177
157802,0.22153746
157803,0.01630462
157804,0.018396385
157805,0.104113236
157822,0.07323613
157823,0.025084853
157827,0.028507506
157836,0.08610117
157839,0.05082091
157847,0.03081675
157859,0.050839122
157864,0.01298258
157866,0.298529
157877,0.17256968
157886,0.037895754
157892,0.053131085
157903,0.049815618
157913,0.12328012
157919,0.010531264
157920,0.12125779
157923,0.02641045
157926,0.02943374
157927,0.12233545
157948,0.010413531
157949,0.02485715
157952,0.017010244
157955,0.33564335
157958,0.097015545
157960,0.037764568
157966,0.04121546
157970,0.018276773
157979,0.027283525
157980,0.06744564
157985,0.0063777072
157997,0.06519346
157998,0.046701685
158002,0.052054897
158004,0.064582966
158005,0.115509644
158007,0.014901428
158008,0.01723571
158015,0.021191532
158033,0.060964387
158036,0.03355158
158041,0.061067875
158044,0.014076521
158049,0.1686913
158061,0.01562917
158078,0.020603463
158099,0.01360847
158100,0.032769468
158102,0.09397819
158107,0.05267535
158114,0.032451775
158127,0.12565133
158128,0.066193774
158142,0.028169684
158145,0.1597396
158146,0.06624611
158167,0.0066370456
158176,0.060942072
158184,0.017848415
158197,0.026688308
158201,0.05393743
158202,0.07501469
158205,0.04222056
158208,0.33658084
158211,0.09020373
158215,0.033771306
158218,0.053295847
158221,0.46688637
158223,0.066212796
158230,0.0058981264
158234,0.024007013
158235,0.05433442
158245,0.04642218
158254,0.08326219
158267,0.079310395
158277,0.010914128
158283,0.085467726
158289,0.14389949
158290,0.036963284
158298,0.017056072
158307,0.014373885
158332,0.06207367
158336,0.008942036
158342,0.022341127
158344,0.05010676
158347,0.14109041
158352,0.008211498
158354,0.08241491
158355,0.017173572
158357,0.008606402
158365,0.015004176
158366,0.0037925183
158367,0.034619432
158368,0.31465438
158384,0.052926365
158388,0.006382981
158395,0.06162888
158413,0.06946016
158425,0.054963488
158426,0.056798905
158432,0.010046474
158444,0.086816356
158453,0.011320286
158454,0.09633311
158459,0.012783803
158462,0.031241002
158468,0.12222353
158469,0.04701341
158470,0.02942993
158483,0.09008112
158485,0.026425315
158490,0.11319447
158494,0.035592105
158500,0.0420029
158503,0.023632603
158504,0.0074045653
158519,0.09452513
158523,0.03102529
158527,0.029206038
158533,0.011814559
158535,0.009829247
158539,0.032500345
158544,0.12602016
158547,0.017087456
158551,0.06242869
158552,0.005437816
158560,0.031624325
158616,0.22149007
158638,0.012754118
158642,0.010610922
158651,0.008044181
158653,0.017774142
158677,0.013929894
158683,0.019143548
158687,0.046268877
158693,0.018843928
158700,0.015843028
158703,0.033872806
158705,0.38103452
158706,0.038166355
158708,0.015826102
158712,0.041795783
158714,0.102506116
158715,0.028969638
158752,0.02726361
158753,0.017846461
158763,0.0070356694
158764,0.05779723
158767,0.12999384
158770,0.010139138
158781,0.023821855
158789,0.07089796
158790,0.007896208
158791,0.42965692
158795,0.18188754
158796,0.048543174
158800,0.023999652
158806,0.015443994
158807,0.3244516
158815,0.2384982
158824,0.048138496
158828,0.13189146
158831,0.19627449
158840,0.023602715
158841,0.018939534
158847,0.074538834
158856,0.030239942
158858,0.11316473
158884,0.0699141
158885,0.019169044
158891,0.06729139
158898,0.03326842
158911,0.024741638
158913,0.006517798
158918,0.023751365
158926,0.028520983
158929,0.14638428
158939,0.038201343
158940,0.058996316
158952,0.091673955
158963,0.017361421
158973,0.015218721
158977,0.17451808
158988,0.07898911
159013,0.11263315
159016,0.070818864
159018,0.0051521566
159024,0.3247516
159034,0.07312949
159035,0.12457827
159039,0.13984014
159049,0.057540886
159056,0.09379956
159068,0.024832789
159078,0.13668446
159099,0.0531277
159103,0.09718469
159106,0.12212988
159113,0.015248515
159117,0.031168384
159124,0.33464375
159132,0.040792115
159139,0.027651077
159142,0.03816306
159145,0.05682903
159147,0.0310772
159174,0.025676802
159201,0.054189734
159203,0.03111427
159212,0.19429393
159214,0.053618483
159221,0.019150166
159240,0.05860313
159241,0.040829975
159242,0.033794302
159244,0.06422228
159250,0.05715973
159275,0.020056581
159284,0.08405838
159293,0.050243165
159295,0.0316639
159301,0.010250806
159310,0.037722252
159314,0.030112144
159318,0.008516969
159333,0.037978556
159334,0.02590254
159335,0.08951201
159337,0.16760182
159338,0.08067257
159340,0.11726157
159361,0.015306599
159384,0.1208489
159402,0.047678098
159421,0.011269169
159424,0.08520797
159425,0.0059960536
159426,0.057708975
159439,0.11034654
159445,0.031612027
159449,0.009779583
159460,0.4996631
159475,0.037817556
159481,0.04614533
159483,0.054281417
159494,0.028534148
159504,0.01606641
159512,0.11638913
159522,0.20692487
159524,0.024699343
159526,0.023331972
159528,0.025410146
159547,0.34869605
159555,0.007589213
159562,0.024807688
159563,0.012693461
159565,0.12520821
159569,0.041109975
159578,0.021524226
159579,0.09381378
159581,0.011350122
159594,0.063132875
159598,0.007421689
159604,0.035785794
159605,0.018074352
159620,0.105240144
159631,0.05841674
159633,0.018729841
159659,0.066258185
159661,0.12776096
159667,0.017646996
159669,0.021762276
159682,0.046267737
159683,0.015279077
159693,0.036943853
159698,0.017228127
159702,0.06074504
159703,0.020777645
159707,0.016665958
159716,0.019070195
159732,0.041196655
159734,0.060828455
159740,0.030494375
159748,0.06866233
159751,0.062704615
159756,0.14844052
159758,0.3128166
159767,0.03205521
159769,0.22989899
159775,0.073510386
159802,0.027978016
159804,0.05107872
159817,0.042948294
159818,0.003865687
159824,0.014227975
159837,0.00530211
159840,0.027910616
159842,0.2712538
159851,0.008997755
159865,0.3326535
159866,0.08743146
159872,0.038368687
159874,0.021210983
159879,0.017417142
159883,0.036019053
159884,0.026460104
159898,0.178291
159903,0.032563806
159906,0.038695708
159914,0.09250199
159915,0.17592287
159917,0.020500218
159929,0.06968139
159949,0.19370086
159951,0.022921272
159953,0.05087032
159957,0.07142315
159968,0.053284455
159972,0.04112952
159973,0.09830608
159993,0.050106186
160008,0.16601524
160011,0.02508344
160013,0.025392506
160015,0.031146938
160017,0.008879185
160023,0.04815706
160028,0.12083323
160035,0.054600563
160074,0.11291181
160076,0.037480462
160077,0.026897926
160080,0.05197819
160084,0.12995914
160089,0.32870555
160094,0.0049941665
160101,0.0117460005
160103,0.028132852
160111,0.07124654
160114,0.050696727
160116,0.024933763
160119,0.08671633
160123,0.023055326
160141,0.022882689
160147,0.018308183
160151,0.034112487
160172,0.45294645
160173,0.009969965
160177,0.049155045
160178,0.03345989
160180,0.0143161025
160181,0.020365538
160188,0.013585471
160189,0.012537044
160193,0.029798545
160205,0.020085081
160214,0.07414731
160215,0.043165315
160217,0.016121684
160262,0.010961058
160263,0.023592262
160273,0.12457615
160282,0.12146407
160295,0.2181274
160297,0.04870256
160303,0.007478154
160305,0.02776035
160309,0.016537936
160324,0.029561406
160338,0.16675547
160366,0.05442327
160375,0.018985054
160381,0.016287848
160398,0.025622234
160400,0.04009751
160406,0.06614418
160410,0.022766784
160411,0.0032905177
160418,0.04294945
160440,0.010444968
160441,0.049115125
160450,0.2369248
160465,0.015863366
160470,0.03669308
160471,0.094005585
160472,0.19360968
160479,0.07155271
160490,0.024998847
160500,0.20874031
160503,0.015497255
160504,0.053782593
160515,0.05850404
160541,0.089214176
160545,0.05331546
160562,0.024496315
160589,0.05990738
160594,0.027536118
160595,0.0093744155
160598,0.06510572
160601,0.012513382
160605,0.18552075
160606,0.0077718236
160607,0.015757833
160608,0.16298068
160610,0.032067664
160614,0.11315992
160615,0.009534275
160626,0.0112407645
160634,0.0068189586
160656,0.029083336
160660,0.033142805
160666,0.061452996
160672,0.030456018
160673,0.024890227
160674,0.02930153
160681,0.020629257
160683,0.07301132
160694,0.016246224
160710,0.04679475
160715,0.12977749
160719,0.07972641
160732,0.043316413
160734,0.005321717
160737,0.12738526
160742,0.09855287
160747,0.008218927
160749,0.092637114
160753,0.03850638
160756,0.06257469
160757,0.1084118
160763,0.009224721
160782,0.016372511
160789,0.030655103
160804,0.11293155
160805,0.103094995
160813,0.029819297
160815,0.007215494
160819,0.0150454175
160820,0.06442007
160822,0.026193738
160823,0.084059864
160837,0.07874451
160841,0.01345432
160847,0.038082812
160861,0.052480225
160886,0.020800399
160891,0.04074572
160897,0.024924379
160914,0.039656095
160915,0.19799292
160929,0.128883
160930,0.0060938485
160931,0.009686783
160935,0.052773517
160939,0.031137045
160953,0.018440006
160954,0.041825976
160962,0.02577258
160966,0.009467176
160982,0.025967654
160983,0.01905144
160991,0.022813652
160998,0.019808097
161009,0.06086557
161014,0.010816581
161017,0.047752015
161021,0.051465627
161023,0.029409742
161027,0.026363112
161028,0.07935681
161030,0.22850962
161031,0.013487125
161033,0.0661689
161050,0.06231571
161053,0.027162394
161054,0.041927148
161055,0.0087318495
161059,0.033850126
161061,0.07518658
161065,0.038900282
161069,0.04936025
161072,0.023962686
161073,0.03655294
161080,0.05859251
161083,0.047659565
161104,0.042011015
161111,0.1952618
161139,0.12981997
161149,0.018699978
161158,0.09637152
161171,0.085824594
161175,0.048073888
161201,0.098768726
161202,0.12154675
161205,0.037373684
161228,0.016433258
161233,0.018832471
161234,0.05074762
161237,0.04441506
161238,0.040560387
161250,0.08414147
161251,0.024619937
161253,0.013996265
161254,0.019888204
161283,0.020901835
161291,0.041659195
161297,0.030208293
161300,0.04157461
161314,0.11963923
161315,0.043070808
161336,0.019238403
161341,0.14375612
161343,0.05722979
161351,0.080443785
161352,0.048855204
161353,0.040301606
161361,0.066301756
161366,0.038922425
161368,0.31648353
161378,0.047547664
161379,0.14240578
161380,0.016284978
161398,0.12282832
161408,0.007430532
161432,0.012025526
161439,0.12435945
161461,0.10943069
161467,0.08225871
161468,0.06054764
161471,0.028636437
161477,0.16490406
161503,0.023347026
161514,0.0073189065
161524,0.1620512
161527,0.031334717
161528,0.011962785
161531,0.25581738
161536,0.015748255
161537,0.042925064
161548,0.044000078
161558,0.015922146
161572,0.006719056
161586,0.008248378
161605,0.035253458
161606,0.038322635
161607,0.09458648
161618,0.056565676
161640,0.045851223
161658,0.07528254
161660,0.012824723
161661,0.09509138
161662,0.19527058
161677,0.09632317
161681,0.082801744
161682,0.011485467
161683,0.0552531
161685,0.009630127
161686,0.02495957
161687,0.051632527
161691,0.0210966
161701,0.10809517
161707,0.027703648
161709,0.014939462
161710,0.017182723
161711,0.061392896
161714,0.08002044
161742,0.054362535
161751,0.018329663
161764,0.050040886
161771,0.12122425
161781,0.04155426
161782,0.02554624
161800,0.018439095
161810,0.086075045
161812,0.08363448
161813,0.010086954
161816,0.009434619
161838,0.07499517
161841,0.0439685
161845,0.02546748
161871,0.10922485
161877,0.08835222
161882,0.03579605
161885,0.032809783
161886,0.024721883
161895,0.024059298
161897,0.076903
161914,0.06655172
161921,0.048589464
161922,0.028744468
161927,0.3308279
161946,0.007194928
161952,0.0309653
161954,0.14512311
161955,0.07463542
161961,0.122938685
161977,0.18587853
161980,0.038781054
161989,0.10725935
161993,0.21391793
162002,0.02420783
162011,0.04303959
162012,0.015226921
162015,0.024758035
162016,0.020691255
162019,0.016365362
162021,0.04832793
162022,0.22119232
162023,0.065028265
162025,0.017924944
162028,0.006693465
162029,0.009840288
162030,0.008433096
162031,0.28948668
162033,0.1686607
162037,0.008426488
162044,0.10355429
162071,0.05730426
162093,0.047887873
162094,0.01874588
162100,0.0065357015
162102,0.07060218
162105,0.0715372
162109,0.06476931
162116,0.06352542
162117,0.010906987
162118,0.13184306
162120,0.11721288
162125,0.05258605
162128,0.14264312
162131,0.21836369
162133,0.06745827
162135,0.043988876
162156,0.010400058
162157,0.018517632
162165,0.076427884
162166,0.034223516
162170,0.053065274
162201,0.028928882
162202,0.05046644
162206,0.005616991
162211,0.05258883
162227,0.016809454
162232,0.012220797
162235,0.02952965
162237,0.331126
162248,0.035895877
162261,0.06989459
162262,0.019299967
162280,0.018399272
162282,0.039661925
162284,0.03591866
162287,0.23183338
162305,0.018193766
162308,0.026356384
162309,0.014892618
162312,0.017700538
162313,0.010894425
162316,0.032651167
162324,0.039074462
162325,0.06189829
162333,0.015661921
162334,0.07421712
162337,0.03309351
162340,0.048613653
162344,0.07891814
162347,0.048116636
162350,0.045536164
162351,0.1273553
162365,0.04225795
162368,0.02116368
162379,0.104110174
162383,0.029108835
162392,0.030619541
162393,0.039203186
162397,0.052198697
162398,0.08846739
162406,0.064824715
162410,0.050342824
162418,0.007829845
162420,0.06671658
162424,0.09143207
162425,0.02105377
162438,0.020608252
162442,0.009243141
162462,0.025111038
162476,0.0046653543
162477,0.011636037
162480,0.020018565
162491,0.05116863
162493,0.017527904
162503,0.022090632
162504,0.014142833
162513,0.058613732
162516,0.22578225
162517,0.020053962
162522,0.0845052
162523,0.06535592
162542,0.075053945
162584,0.10724129
162586,0.031073675
162589,0.036716424
162594,0.040609896
162616,0.010763387
162630,0.06873238
162637,0.03671232
162652,0.011148144
162659,0.23586945
162668,0.012668122
162674,0.017266814
162680,0.061456624
162685,0.3399239
162689,0.13869299
162711,0.024095375
162714,0.018027965
162732,0.010824204
162741,0.031354602
162758,0.09959993
162759,0.030329851
162775,0.07301695
162776,0.067758195
162777,0.012566891
162782,0.03438449
162786,0.018962998
162794,0.08743979
162799,0.0155991465
162801,0.08463457
162802,0.12298523
162807,0.017539674
162820,0.021970792
162827,0.008976339
162833,0.024081944
162837,0.019548338
162844,0.03379749
162860,0.025432035
162862,0.018668914
162864,0.09979383
162868,0.09843836
162880,0.030895296
162895,0.25700185
162898,0.08131614
162918,0.04754388
162924,0.1134268
162931,0.09025825
162936,0.09215854
162978,0.076121606
162979,0.024953345
162988,0.033943832
162989,0.063909486
163013,0.0825383
163014,0.04338356
163021,0.061281234
163024,0.010330991
163027,0.005312747
163030,0.019201517
163031,0.015093416
163032,0.014019621
163039,0.08260519
163042,0.013399799
163048,0.038238242
163049,0.02129887
163068,0.09259711
163071,0.024470385
163074,0.08098589
163079,0.042680472
163080,0.011919901
163085,0.046021007
163093,0.035788942
163094,0.12538981
163109,0.06339547
163116,0.026055027
163117,0.03502746
163118,0.0550955
163119,0.31525338
163121,0.018353263
163131,0.027570082
163132,0.047087345
163133,0.15519741
163182,0.05600424
163187,0.024630796
163188,0.3587563
163195,0.017809292
163197,0.014904511
163200,0.004532151
163206,0.2406395
163207,0.04169108
163214,0.10331921
163222,0.01854992
163224,0.043983757
163226,0.14955896
163235,0.059220854
163240,0.06583734
163258,0.12724118
163263,0.016853472
163264,0.12080422
163265,0.0468337
163266,0.083561525
163268,0.108910955
163272,0.022029322
163273,0.5300575
163278,0.15106677
163288,0.0057033193
163299,0.12420241
163302,0.08988785
163307,0.023838248
163321,0.09127813
163349,0.06572893
163352,0.25592363
163353,0.05540081
163357,0.23371658
163362,0.025526755
163375,0.015347494
163385,0.018499294
163386,0.10515626
163390,0.09910505
163408,0.13029401
163423,0.02633095
163426,0.19865122
163437,0.12986845
163452,0.034619857
163472,0.05487817
163473,0.013473162
163479,0.0111015765
163480,0.024258746
163487,0.057914473
163492,0.14107554
163493,0.02511656
163523,0.22194761
163524,0.03127743
163527,0.0433247
163528,0.113876104
163531,0.0042197458
163538,0.06945509
163556,0.019970158
163563,0.7064302
163566,0.041814685
163570,0.015946668
163571,0.03679062
163574,0.025480583
163578,0.028142896
163580,0.049097475
163597,0.06994713
163601,0.10232381
163604,0.17546315
163609,0.015504556
163618,0.065955706
163634,0.09635777
163647,0.06188343
163660,0.37041605
163661,0.02324126
163666,0.014974528
163667,0.10390707
163669,0.06305282
163676,0.012264436
163681,0.016655874
163682,0.042033676
163684,0.05518054
163714,0.12029094
163724,0.020300541
163728,0.16474979
163729,0.009360609
163738,0.011948309
163742,0.042043902
163743,0.19848877
163748,0.055061217
163759,0.029777179
163782,0.0215164
163793,0.020110013
163800,0.019970965
163801,0.051987395
163802,0.040459555
163814,0.030487774
163820,0.037483994
163821,0.016352039
163848,0.021450862
163852,0.08927132
163854,0.018815074
163855,0.28000933
163882,0.010465054
163895,0.05704626
163900,0.12036066
163907,0.0600817
163915,0.015607745
163926,0.062308997
163929,0.018544894
163934,0.23813727
163940,0.0627969
163943,0.051995493
163944,0.032107126
163949,0.008501938
163951,0.01632557
163952,0.052034125
163965,0.18224388
163970,0.030933324
163980,0.023006901
163981,0.038989358
163988,0.15484725
163989,0.11115203
163991,0.010273642
164015,0.07330661
164028,0.03452169
164030,0.036979947
164031,0.1721903
164037,0.009275416
164049,0.03739217
164052,0.023786513
164059,0.01473408
164083,0.14154322
164095,0.03820227
164106,0.19048585
164116,0.037523273
164117,0.19256166
164119,0.029550746
164133,0.1815988
164134,0.052168768
164142,0.023966992
164143,0.010824358
164147,0.024512677
164148,0.07058806
164150,0.18896675
164152,0.07443627
164156,0.16407897
164157,0.048646428
164158,0.025785279
164166,0.098041736
164191,0.01125878
164194,0.042255145
164198,0.01101612
164201,0.023525247
164202,0.030442324
164207,0.51411295
164228,0.018793005
164240,0.044010848
164241,0.026444154
164244,0.009157642
164256,0.14379366
164262,0.03649525
164269,0.015720068
164276,0.013692649
164281,0.18738501
164290,0.016980294
164300,0.30442396
164305,0.20846894
164307,0.023652691
164308,0.01288264
164309,0.0076556248
164314,0.065167055
164319,0.021536676
164331,0.024049604
164332,0.011714432
164343,0.04829423
164349,0.0664196
164363,0.035561364
164373,0.07526272
164410,0.1769191
164417,0.03360159
164436,0.016965441
164438,0.012185537
164441,0.06533614
164445,0.022559522
164451,0.04216082
164452,0.00567269
164502,0.093442015
164513,0.09694828
164526,0.37554106
164527,0.032397293
164528,0.09454368
164530,0.00863318
164537,0.13234538
164542,0.059853274
164546,0.05657835
164555,0.29287618
164556,0.011801274
164568,0.2205372
164571,0.09107179
164572,0.2785426
164574,0.041485358
164580,0.03345377
164597,0.020201925
164601,0.007288674
164619,0.045514945
164633,0.021178646
164642,0.03437311
164652,0.1276924
164676,0.021750273
164682,0.030616276
164685,0.10840145
164691,0.078431875
164696,0.021837471
164708,0.048469972
164711,0.084262855
164712,0.090241514
164717,0.029273806
164721,0.04006872
164740,0.021578811
164746,0.008894515
164755,0.030665841
164761,0.05219018
164764,0.014786148
164766,0.43956858
164776,0.34385455
164777,0.015681634
164783,0.04613534
164786,0.007751923
164799,0.08879423
164808,0.07503711
164812,0.044241793
164815,0.08235301
164816,0.027425434
164817,0.08287464
164818,0.10601613
164819,0.3565277
164821,0.055527974
164822,0.01810715
164825,0.019823365
164834,0.049990755
164841,0.0057568587
164842,0.14134957
164853,0.02664946
164855,0.0756086
164856,0.009613942
164878,0.019410288
164883,0.017817795
164887,0.019918254
164888,0.021480344
164889,0.051512588
164891,0.23275636
164892,0.008104774
164922,0.022795707
164924,0.09736704
164933,0.1423676
164938,0.013625375
164939,0.13674971
164949,0.016069114
164950,0.017325966
164957,0.18585965
164961,0.057959616
164963,0.025451286
164972,0.03533686
164980,0.010994868
164981,0.023301978
165020,0.014829554
165027,0.04357079
165046,0.044485282
165048,0.16804387
165049,0.054141197
165058,0.03293465
165065,0.041163053
165081,0.024245305
165082,0.08141674
165090,0.021026203
165107,0.02216037
165131,0.069715515
165133,0.06250729
165137,0.013378325
165140,0.068970256
165142,0.025372524
165143,0.066235445
165152,0.11479067
165154,0.022043305
165158,0.1025316
165166,0.015902275
165168,0.11177807
165171,0.015918588
165175,0.106087655
165182,0.022915075
165188,0.2177995
165190,0.017441317
165199,0.0143086435
165202,0.14794677
165203,0.07980584
165204,0.075593404
165208,0.027720168
165221,0.11563457
165243,0.012409067
165283,0.16789246
165300,0.028535
165302,0.0683208
165304,0.0125161605
165313,0.0269578
165336,0.20236224
165339,0.07292262
165363,0.18467122
165376,0.21197131
165380,0.24559729
165385,0.009310941
165386,0.0452955
165410,0.006053487
165422,0.016910097
165426,0.019659353
165428,0.050030414
165445,0.07437585
165452,0.07686546
165454,0.030333864
165455,0.012214164
165462,0.022288494
165465,0.04015887
165466,0.09570296
165467,0.24162993
165476,0.022050153
165477,0.021131335
165478,0.35012695
165497,0.08017094
165500,0.031616457
165511,0.048352394
165513,0.11501934
165515,0.28116482
165521,0.013796808
165522,0.059801523
165523,0.03847134
165530,0.060953777
165537,0.023862602
165538,0.017001173
165539,0.052629504
165545,0.009568902
165550,0.04083514
165551,0.030531047
165552,0.058772378
165557,0.019569192
165558,0.04191377
165560,0.023405736
165574,0.055259813
165576,0.33772206
165587,0.02026947
165601,0.0064337826
165605,0.006782663
165606,0.008237978
165607,0.01969085
165624,0.05468722
165632,0.032782417
165633,0.05964382
165634,0.083102204
165646,0.038046386
165649,0.014064328
165651,0.11614042
165661,0.025108589
165666,0.047007937
165669,0.051919285
165674,0.01818336
165685,0.12036089
165687,0.054892465
165692,0.063887306
165721,0.20903969
165726,0.14273301
165748,0.033660676
165749,0.06489154
165752,0.035495263
165755,0.025370328
165758,0.024978634
165761,0.027730973
165762,0.029634593
165780,0.030994553
165781,0.015147742
165789,0.10913555
165802,0.003882747
165806,0.028390858
165817,0.029502615
165822,0.346361
165837,0.011144885
165840,0.1696172
165846,0.0078287795
165853,0.0125790965
165864,0.37783018
165865,0.025648339
165868,0.1348072
165869,0.029813476
165871,0.02937105
165880,0.04867804
165887,0.10945035
165904,0.07949068
165907,0.02910816
165910,0.038942814
165915,0.07467458
165917,0.03645462
165918,0.31554946
165919,0.022268899
165923,0.06957823
165931,0.011429624
165932,0.021770092
165934,0.43984216
165939,0.059235144
165944,0.078057885
165951,0.3259791
165955,0.011565351
165959,0.06490101
165966,0.11282919
165970,0.06583809
165975,0.017139457
165977,0.014761436
165990,0.17978397
165997,0.030584374
166003,0.05134483
166008,0.019113759
166020,0.038065366
166025,0.019486595
166033,0.035230473
166038,0.03344618
166042,0.041844476
166049,0.008997436
166071,0.008032175
166091,0.12579967
166093,0.20797132
166095,0.02544804
166104,0.01484866
166107,0.019802384
166108,0.03763879
166110,0.019840254
166112,0.11034523
166135,0.09470027
166136,0.021977141
166138,0.13818385
166153,0.14717115
166155,0.06902397
166158,0.02480679
166164,0.15400214
166186,0.061392196
166191,0.093244836
166196,0.008489867
166197,0.2184977
166202,0.035221476
166215,0.021482153
166230,0.05064277
166243,0.28551945
166244,0.027944954
166255,0.007488361
166258,0.029650018
166263,0.16454203
166271,0.09053892
166283,0.048097603
166286,0.026406704
166291,0.014380329
166294,0.051749133
166303,0.14913075
166306,0.05228743
166309,0.019307123
166316,0.13749471
166317,0.013207211
166321,0.085359424
166331,0.031085374
166349,0.015343736
166374,0.0043242904
166387,0.006140177
166393,0.01998062
166400,0.014622588
166420,0.003848611
166446,0.02066267
166449,0.03966886
166452,0.042760823
166495,0.019290464
166501,0.018788721
166514,0.0929187
166515,0.053408377
166521,0.033275127
166525,0.015276068
166529,0.013551496
166536,0.11515138
166542,0.040839337
166543,0.13562815
166545,0.025516577
166550,0.017299006
166560,0.015273892
166567,0.026469942
166570,0.09609759
166573,0.07319116
166582,0.14466459
166583,0.13871716
166590,0.016954685
166594,0.09592357
166618,0.2139674
166623,0.13285536
166626,0.09129265
166641,0.17673942
166654,0.0149380285
166682,0.07132359
166685,0.13734873
166688,0.042355802
166692,0.07243558
166701,0.023358567
166702,0.095027745
166705,0.018688884
166713,0.0660076
166733,0.016529255
166734,0.029150186
166738,0.031236244
166739,0.0207145
166740,0.032827694
166755,0.049561586
166761,0.25466427
166764,0.030069865
166773,0.012973513
166774,0.03724831
166814,0.021575367
166819,0.097042754
166834,0.15838948
166841,0.16358137
166848,0.17648853
166857,0.04743688
166858,0.010616624
166873,0.014632507
166889,0.012683675
166890,0.008689653
166891,0.065744564
166902,0.1571299
166908,0.055602986
166916,0.03296995
166920,0.035633978
166922,0.04207887
166926,0.026011461
166928,0.03388635
166930,0.13695373
166931,0.016665814
166932,0.014443418
166937,0.007446967
166941,0.016023263
166944,0.013346173
166960,0.042007465
166972,0.0204302
166973,0.05463934
166978,0.033147845
166984,0.09683461
166994,0.030592158
166995,0.052562222
166996,0.00897098
167001,0.026873028
167006,0.0467956
167007,0.04861177
167037,0.23388451
167041,0.013910665
167051,0.14386134
167052,0.04023911
167054,0.035767466
167057,0.0359124
167058,0.03976632
167059,0.011276493
167060,0.030458221
167066,0.005749631
167077,0.034177464
167078,0.028690679
167080,0.06289104
167089,0.06103804
167090,0.041567873
167091,0.043151066
167096,0.029432176
167105,0.056466196
167121,0.01820773
167128,0.04315331
167131,0.29106063
167139,0.054018255
167140,0.21840926
167149,0.07429827
167152,0.39070603
167153,0.13918287
167163,0.121457085
167167,0.17053929
167171,0.0240167
167178,0.04098703
167179,0.049823567
167182,0.011156733
167187,0.023857094
167192,0.104646884
167208,0.019906405
167212,0.13551474
167217,0.034760393
167230,0.14627182
167236,0.005208953
167238,0.045830157
167239,0.021335887
167257,0.15376197
167260,0.08936467
167264,0.08768667
167271,0.035134558
167273,0.12019182
167276,0.14320472
167283,0.12754981
167295,0.044889018
167296,0.15850028
167299,0.16970082
167310,0.0055965967
167313,0.114346325
167323,0.02874516
167328,0.078843586
167329,0.0337755
167333,0.02576827
167349,0.045781597
167351,0.027062407
167359,0.019413961
167363,0.03750475
167371,0.016871715
167384,0.06299698
167387,0.050206214
167389,0.019872759
167393,0.01616425
167401,0.021952739
167427,0.022264203
167428,0.013822354
167433,0.02854315
167434,0.036212407
167437,0.05098338
167438,0.030783966
167454,0.036574505
167475,0.0061200503
167480,0.022347875
167491,0.026478563
167494,0.0975623
167495,0.06875156
167503,0.029425722
167521,0.040556133
167529,0.041562397
167530,0.00937326
167550,0.038065914
167554,0.035211492
167557,0.12620242
167562,0.023248998
167566,0.06375663
167572,0.3955855
167573,0.094466925
167578,0.058487948
167592,0.17019415
167597,0.04051126
167621,0.08355146
167622,0.009905449
167631,0.24014816
167637,0.30340722
167638,0.023113271
167645,0.043855596
167648,0.24458525
167697,0.07255906
167698,0.00906792
167701,0.042846642
167708,0.0076517467
167714,0.014201475
167717,0.22314084
167727,0.013995032
167737,0.017786305
167746,0.107322425
167751,0.0338116
167753,0.060964882
167755,0.017567422
167771,0.031421863
167805,0.041504063
167811,0.03811771
167815,0.02611059
167829,0.023879562
167830,0.071947284
167834,0.02121242
167841,0.0774385
167846,0.012474731
167851,0.43379942
167871,0.01179419
167890,0.03518228
167898,0.010315166
167901,0.0057276865
167902,0.02025056
167907,0.16450498
167911,0.01797728
167912,0.033590853
167916,0.07070339
167917,0.016498819
167928,0.13284425
167940,0.030335398
167947,0.031984415
167948,0.12541227
167953,0.010153088
167957,0.07548447
167958,0.011061616
167968,0.009351427
167970,0.044492133
167977,0.012896111
167980,0.023025956
167993,0.22697422
167994,0.09683539
167998,0.0212326
168000,0.090811655
168006,0.052882113
168011,0.03928569
168012,0.013720496
168013,0.03337512
168022,0.006047484
168026,0.07300617
168032,0.0046034204
168046,0.12198245
168054,0.09301658
168071,0.057259843
168078,0.29331258
168092,0.069244206
168093,0.1435622
168097,0.01464567
168105,0.19767484
168107,0.10306358
168108,0.08392921
168115,0.24728233
168127,0.057305217
168133,0.22225611
168135,0.022592539
168162,0.012306945
168163,0.017569713
168165,0.275857
168169,0.030417847
168171,0.14082702
168174,0.013698731
168175,0.21928856
168186,0.030500801
168202,0.023555098
168204,0.012653954
168208,0.056427896
168229,0.025228541
168239,0.046606094
168245,0.045578934
168276,0.010798118
168309,0.08772135
168313,0.13049182
168322,0.012702936
168323,0.0018003826
168326,0.12712277
168331,0.05386861
168349,0.04096225
168384,0.042453203
168398,0.0066361194
168403,0.02008326
168405,0.094477974
168416,0.0063484176
168418,0.050621916
168420,0.039121497
168422,0.02897043
168436,0.09574487
168438,0.019499775
168443,0.019835433
168444,0.017159952
168446,0.0069666496
168454,0.040310256
168459,0.10114863
168462,0.0502595
168472,0.02703219
168485,0.008119273
168496,0.13135658
168503,0.01798632
168515,0.01966665
168516,0.0210592
168520,0.22823127
168521,0.024389593
168531,0.003863402
168542,0.09526717
168548,0.040659506
168551,0.016615463
168575,0.010255869
168580,0.019084016
168588,0.067606606
168593,0.026826583
168614,0.056427665
168615,0.015347971
168622,0.015525188
168623,0.030293701
168634,0.009621676
168645,0.24048252
168651,0.14127298
168683,0.030414063
168691,0.1164904
168708,0.101539746
168716,0.1253139
168718,0.023899348
168720,0.087035805
168722,0.26601693
168731,0.07372033
168736,0.094731435
168738,0.059332024
168747,0.019689197
168751,0.14421168
168752,0.13780735
168753,0.011912434
168774,0.13618961
168782,0.030095037
168788,0.005952003
168790,0.054403305
168791,0.12790374
168793,0.15119843
168796,0.06195538
168802,0.09773944
168803,0.033538293
168810,0.12968941
168817,0.0063694846
168820,0.32734212
168823,0.04862832
168827,0.059040174
168828,0.04138182
168831,0.030033533
168842,0.091395915
168845,0.023939457
168855,0.073753975
168856,0.093108684
168861,0.020459987
168876,0.011612176
168897,0.21483746
168899,0.012930462
168913,0.15120111
168915,0.028183827
168916,0.04085106
168929,0.076517634
168930,0.020439034
168933,0.25925922
168954,0.018438898
168957,0.16466862
168959,0.019217711
168960,0.052282747
168961,0.13649675
168968,0.09523789
168969,0.057201367
168994,0.029917255
168995,0.110489495
169003,0.016001437
169004,0.17470792
169008,0.042725567
169009,0.057718787
169014,0.025730845
169030,0.0083217565
169048,0.026773173
169061,0.123486795
169070,0.1236173
169092,0.0064804326
169117,0.12683325
169118,0.21808198
169121,0.042377453
169123,0.029993663
169124,0.28900218
169137,0.051686928
169138,0.0082655
169143,0.00279187
169165,0.080326125
169166,0.05083296
169167,0.10041231
169168,0.06935784
169175,0.0075025903
169184,0.062049333
169195,0.020046761
169196,0.009064204
169197,0.105038695
169202,0.30685186
169204,0.06451313
169212,0.04234261
169214,0.08949234
169218,0.24463797
169239,0.020170158
169248,0.014731022
169252,0.03928692
169254,0.093779765
169257,0.045387857
169264,0.123239145
169267,0.021029515
169269,0.13213363
169278,0.02647934
169297,0.034873273
169299,0.06996972
169301,0.24354383
169306,0.008123523
169323,0.04772898
169328,0.13505673
169330,0.033837043
169331,0.017944112
169346,0.05154595
169348,0.08832336
169350,0.1633989
169353,0.007066952
169355,0.12820613
169364,0.21683896
169365,0.019826792
169367,0.009718631
169370,0.019035093
169378,0.13176386
169385,0.0042065787
169387,0.077888235
169389,0.028204856
169395,0.08301319
169412,0.029849555
169426,0.2917382
169427,0.0935179
169432,0.047949642
169436,0.17189723
169453,0.027143717
169455,0.15403102
169457,0.053922653
169458,0.0064104735
169461,0.053895608
169467,0.016569467
169470,0.015922138
169477,0.024854977
169481,0.012915927
169483,0.15758584
169490,0.13727485
169491,0.011950095
169495,0.029937146
169504,0.07276027
169514,0.030967299
169517,0.12368119
169523,0.020356122
169528,0.3447043
169534,0.041465342
169535,0.025545787
169537,0.04492112
169541,0.1074202
169546,0.013863432
169549,0.0071216924
169554,0.48803216
169561,0.011861119
169571,0.0067851814
169580,0.34588024
169597,0.013076214
169598,0.028104248
169625,0.057665464
169626,0.09929741
169627,0.050941575
169628,0.031206302
169629,0.08683987
169658,0.05473745
169659,0.029536357
169668,0.009457071
169669,0.08904362
169673,0.017758606
169674,0.017871222
169676,0.14034975
169677,0.09136046
169678,0.043910876
169680,0.03892199
169695,0.13168873
169698,0.105964474
169710,0.18703838
169719,0.012572358
169720,0.0651429
169722,0.014932237
169735,0.11867978
169745,0.03214887
169749,0.05012736
169754,0.010074216
169760,0.06477603
169772,0.028170248
169773,0.012433451
169780,0.019592062
169788,0.009115099
169793,0.06141724
169809,0.12867099
169810,0.03118911
169824,0.0038020727
169831,0.07761932
169833,0.07775354
169836,0.004848398
169859,0.06588905
169864,0.71964777
169872,0.0204341
169895,0.120978184
169911,0.010806208
169914,0.032638263
169960,0.0879326
169961,0.13980164
169964,0.015032515
169974,0.015706891
169988,0.013293628
169989,0.008012602
169995,0.017914344
170007,0.015156172
170026,0.04862146
170030,0.25811988
170033,0.13014923
170041,0.07160115
170043,0.009928223
170048,0.019768197
170050,0.014999665
170051,0.026433844
170056,0.07459887
170072,0.26985398
170076,0.010550154
170080,0.13392113
170101,0.025107184
170102,0.020537259
170107,0.28093067
170115,0.034124423
170119,0.00938528
170128,0.033293296
170129,0.011411993
170134,0.37484178
170136,0.1563373
170139,0.013221995
170140,0.058893815
170143,0.21029104
170148,0.6025762
170159,0.032844793
170163,0.12277932
170164,0.11601353
170173,0.025913695
170178,0.044844963
170179,0.025598295
170199,0.077706866
170203,0.012501504
170207,0.079447374
170211,0.077925496
170217,0.006105512
170224,0.024905313
170225,0.051957157
170255,0.16557744
170258,0.017759023
170259,0.029807672
170262,0.02304269
170278,0.038863838
170284,0.051748883
170285,0.18931498
170292,0.01522437
170293,0.10288981
170301,0.05145532
170302,0.2232162
170305,0.10918044
170309,0.1008989
170310,0.022749668
170326,0.07881526
170327,0.0121193305
170328,0.07417532
170329,0.038204674
170330,0.03456956
170331,0.028042266
170337,0.01322046
170340,0.10447224
170341,0.030565878
170343,0.14555669
170361,0.055816058
170366,0.03771959
170376,0.06594219
170382,0.32607743
170396,0.012190973
170400,0.10582314
170403,0.118879005
170409,0.380994
170410,0.007816831
170421,0.107346095
170425,0.032168962
170427,0.009671654
170428,0.043891054
170435,0.007824645
170438,0.021527493
170442,0.11180082
170446,0.1397882
170461,0.009372353
170473,0.21995333
170477,0.06087512
170516,0.0067357942
170517,0.015514021
170522,0.07029506
170523,0.02902023
170534,0.03937488
170535,0.068647236
170538,0.12652613
170549,0.0853771
170556,0.019178351
170563,0.024564547
170570,0.12567404
170580,0.09372877
170582,0.02350394
170584,0.15857133
170585,0.018079018
170587,0.056312274
170590,0.04281823
170598,0.02985958
170599,0.12530814
170601,0.027912114
170612,0.25836933
170617,0.011780799
170620,0.09873889
170629,0.03007992
170647,0.17052758
170651,0.022007253
170654,0.046468124
170657,0.13442503
170662,0.016684728
170707,0.05100037
170719,0.21483324
170722,0.047929894
170723,0.08099875
170731,0.27681565
170735,0.01555015
170750,0.041275334
170769,0.023721032
170770,0.06781451
170776,0.19497977
170783,0.012382192
170789,0.23147741
170800,0.10065029
170809,0.12673461
170810,0.029384837
170811,0.06213206
170827,0.008518965
170842,0.017576443
170854,0.07634758
170857,0.07905555
170865,0.1425417
170867,0.010596907
170869,0.03979346
170870,0.08907436
170878,0.036154516
170881,0.080250375
170910,0.07694565
170913,0.10873912
170919,0.05698485
170932,0.04629225
170939,0.15370905
170947,0.021441948
170950,0.088198066
170953,0.08055193
170954,0.04679063
170970,0.057224672
170972,0.032017276
170973,0.12113685
170980,0.01690692
170981,0.05116919
170983,0.09405952
170998,0.10949243
171001,0.12135948
171004,0.04281372
171020,0.02863672
171023,0.009725634
171026,0.04410518
171060,0.14930043
171061,0.052672725
171065,0.021775382
171077,0.034551896
171081,0.011345009
171103,0.26297426
171110,0.058454182
171114,0.031310793
171118,0.010867749
171119,0.1436952
171120,0.24771161
171137,0.12232058
171147,0.029591855
171153,0.14098023
171156,0.16313048
171158,0.07599166
171163,0.040999778
171169,0.030066978
171170,0.040576193
171172,0.017878484
171173,0.025206538
171176,0.032076534
171181,0.066971384
171182,0.08168319
171191,0.023757208
171193,0.10546005
171195,0.20018835
171198,0.025608404
171205,0.019816294
171212,0.30045643
171237,0.08962968
171241,0.031247212
171262,0.04190548
171263,0.03732494
171266,0.027954126
171274,0.019227125
171290,0.051207848
171291,0.22613382
171297,0.011131911
171307,0.015439795
171311,0.32955018
171320,0.045931373
171322,0.0067933984
171328,0.012771956
171337,0.013748925
171346,0.02329458
171348,0.09704198
171354,0.03333753
171358,0.032424856
171359,0.007109533
171360,0.10061135
171369,0.05287694
171379,0.035056435
171384,0.03491398
171388,0.05832217
171390,0.038093235
171394,0.0043055806
171395,0.100808516
171399,0.23672616
171403,0.0223502
171422,0.01055036
171423,0.009884503
171469,0.049812034
171480,0.061198484
171487,0.011059282
171497,0.10540358
171502,0.12868302
171503,0.012144515
171506,0.05086722
171521,0.014544966
171530,0.05607684
171540,0.12313742
171541,0.19334826
171544,0.09036541
171551,0.12598214
171582,0.16094354
171587,0.03214107
171597,0.15616316
171603,0.055086005
171610,0.05483781
171614,0.017148037
171619,0.011455949
171621,0.022221519
171625,0.019146722
171626,0.027035028
171638,0.01527288
171642,0.033908844
171658,0.05006557
171674,0.113229804
171677,0.07263602
171684,0.037786406
171685,0.31224412
171686,0.035930675
171695,0.009345609
171702,0.016920926
171703,0.010854753
171704,0.024813026
171705,0.009181217
171706,0.033329505
171709,0.008572564
171712,0.03720968
171716,0.012201219
171730,0.047689963
171748,0.008002828
171757,0.05310844
171767,0.009876831
171768,0.20381738
171771,0.06655832
171775,0.013233846
171778,0.23036307
171780,0.32890356
171781,0.030341765
171785,0.023963511
171786,0.17143126
171789,0.027086036
171802,0.0061474373
171803,0.023344634
171812,0.09253091
171862,0.013533546
171864,0.1680934
171891,0.19178787
171892,0.03853213
171913,0.028154649
171914,0.21643196
171922,0.12172785
171927,0.06248094
171933,0.045969058
171934,0.013327873
171943,0.09207473
171945,0.07099734
171960,0.07270991
171964,0.017925946
171975,0.06387963
171994,0.07585489
171996,0.14465171
171997,0.008863226
172000,0.016045256
172029,0.007234485
172038,0.02783772
172039,0.039750364
172043,0.03961911
172046,0.019304376
172048,0.048185542
172049,0.060994145
172053,0.063087046
172054,0.18916392
172058,0.039429158
172060,0.012175605
172061,0.005761768
172067,0.058686215
172072,0.035934053
172073,0.06253137
172098,0.025012115
172100,0.051241163
172101,0.039829448
172113,0.31391865
172144,0.058839235
172147,0.015693396
172149,0.06386964
172168,0.037936334
172169,0.032443512
172175,0.020991646
172197,0.05256748
172200,0.15486503
172205,0.17154543
172207,0.037056338
172210,0.027285863
172261,0.04048838
172279,0.01749314
172294,0.020510938
172300,0.0069880057
172301,0.08414541
172310,0.02937792
172351,0.012326616
172353,0.0111824535
172358,0.0035644753
172374,0.07349724
172380,0.093883924
172384,0.01396586
172400,0.03818701
172403,0.030440709
172408,0.095451005
172411,0.024918724
172420,0.009674466
172426,0.24070452
172433,0.039745416
172434,0.07626972
172442,0.042950884
172443,0.074212864
172452,0.05212838
172454,0.040456373
172456,0.072100535
172460,0.037962332
172470,0.011354623
172479,0.14073095
172481,0.028403427
172483,0.012615194
172484,0.094628796
172485,0.02851201
172486,0.10754647
172493,0.059913646
172494,0.05598054
172497,0.11563894
172504,0.0202038
172518,0.12258571
172523,0.04956733
172527,0.067882806
172533,0.026084667
172536,0.013099381
172540,0.06156694
172541,0.08005385
172543,0.04181775
172545,0.15683728
172547,0.017444186
172551,0.025052635
172556,0.09323172
172562,0.030011201
172570,0.022018239
172574,0.027342917
172575,0.07795722
172599,0.004978463
172611,0.105578646
172612,0.016184257
172616,0.019417385
172623,0.05115855
172627,0.021478975
172635,0.12430346
172643,0.023894979
172644,0.006095816
172652,0.063863926
172656,0.027840428
172661,0.02004032
172664,0.038462985
172672,0.026660806
172678,0.039238617
172680,0.033140536
172683,0.015182915
172684,0.06396012
172690,0.0069844853
172695,0.019123085
172696,0.014781652
172701,0.015625
172713,0.09894908
172714,0.009898209
172731,0.02376764
172738,0.016145594
172761,0.01907034
172767,0.11468367
172770,0.19658202
172771,0.02396741
172799,0.013153472
172800,0.056419738
172804,0.17518586
172805,0.027999898
172820,0.048247375
172829,0.22081469
172831,0.051799197
172833,0.043729585
172843,0.019078972
172853,0.03986691
172855,0.021897947
172856,0.09688635
172857,0.011651075
172863,0.007931429
172877,0.06445646
172881,0.062399402
172895,0.023441069
172896,0.01803714
172910,0.006823868
172922,0.007066462
172939,0.18717775
172942,0.080191575
172945,0.050788473
172948,0.024085848
172949,0.14423527
172953,0.01065572
172967,0.16097425
172993,0.030214706
172995,0.07584615
172996,0.3801235
172997,0.027836913
172998,0.12176429
172999,0.063554
173004,0.03174423
173006,0.2594381
173007,0.11644679
173013,0.07397993
173016,0.08855681
173020,0.17282584
173030,0.054253545
173048,0.037021197
173056,0.0077994606
173066,0.032982543
173079,0.058499936
173107,0.030917518
173109,0.013348701
173127,0.014416774
173128,0.06475354
173130,0.024244903
173137,0.05172096
173157,0.021296851
173160,0.039824527
173168,0.015461342
173193,0.008931153
173197,0.32408786
173215,0.0050006597
173216,0.07223576
173227,0.013783714
173236,0.08007166
173237,0.056183238
173247,0.031877197
173250,0.14826047
173259,0.065469846
173277,0.17602806
173285,0.08914448
173286,0.0139469365
173299,0.04132026
173310,0.2183205
173312,0.04969822
173313,0.027848335
173320,0.053300325
173330,0.05540193
173333,0.05034148
173351,0.055379428
173370,0.22081868
173372,0.011285079
173381,0.09855665
173386,0.006871791
173387,0.17940345
173388,0.1426456
173393,0.012262914
173394,0.17600155
173403,0.011227903
173467,0.02642762
173469,0.0832201
173475,0.07164177
173476,0.030292075
173477,0.0054477258
173484,0.052639216
173485,0.07665701
173488,0.104372635
173491,0.032433495
173520,0.00837988
173522,0.28470278
173535,0.025405236
173539,0.05037269
173549,0.010230328
173552,0.014259796
173565,0.054957643
173586,0.019637218
173587,0.019898461
173588,0.012377895
173595,0.066354156
173606,0.19655344
173620,0.13439554
173623,0.02097704
173629,0.012402948
173647,0.014318621
173649,0.01821237
173650,0.016007965
173652,0.012708718
173654,0.13141374
173665,0.038426947
173667,0.26477733
173685,0.06282657
173710,0.11966041
173711,0.12640359
173713,0.072166204
173718,0.114699274
173743,0.011061452
173744,0.08688485
173762,0.1960859
173768,0.077189654
173769,0.39572582
173770,0.03659557
173773,0.20404817
173779,0.053868316
173780,0.024125146
173781,0.17005047
173783,0.0353902
173795,0.045426324
173800,0.256614
173812,0.0056432234
173823,0.022899648
173834,0.10785265
173874,0.018368457
173891,0.045896318
173904,0.16419338
173909,0.029313909
173925,0.017488444
173941,0.043920346
173942,0.024260623
173944,0.09091669
173955,0.014349662
173959,0.03307359
174000,0.043356486
174004,0.021130333
174006,0.013999704
174008,0.026196001
174012,0.023851927
174017,0.12474049
174020,0.02041939
174044,0.011022025
174051,0.016584514
174052,0.02431879
174059,0.04766138
174060,0.020483755
174061,0.024625817
174063,0.08713388
174068,0.048484832
174069,0.054631647
174072,0.055085897
174074,0.020134976
174091,0.023091573
174092,0.04230821
174098,0.23440664
174105,0.081896484
174107,0.02068077
174110,0.016014656
174121,0.0103378715
174126,0.056483492
174153,0.014325411
174156,0.022744268
174160,0.033924036
174173,0.010706002
174183,0.006485069
174185,0.010745584
174188,0.20861544
174198,0.009946297
174206,0.012666838
174207,0.009715341
174211,0.034959015
174239,0.05268909
174260,0.1397883
174261,0.018331422
174262,0.19390911
174264,0.021831283
174271,0.23142381
174275,0.2371916
174277,0.06128017
174286,0.008222222
174301,0.011697053
174312,0.33046266
174314,0.028633798
174322,0.1223307
174323,0.092307106
174325,0.09457874
174326,0.044247344
174327,0.030001236
174334,0.23043951
174360,0.0167498
174362,0.17705731
174367,0.02562499
174371,0.03540546
174372,0.027349295
174384,0.008581428
174390,0.039280966
174391,0.026743894
174396,0.008986684
174412,0.08623378
174423,0.1825178
174428,0.099846415
174429,0.22851527
174438,0.027284486
174481,0.024645835
174483,0.10874726
174484,0.009368423
174485,0.19455987
174488,0.03469371
174497,0.026183186
174509,0.18363114
174513,0.04648049
174514,0.12893379
174520,0.04764898
174526,0.035502195
174532,0.011825086
174536,0.037087828
174537,0.022452608
174538,0.13787791
174539,0.10293678
174540,0.013102526
174549,0.019428778
174551,0.032921426
174563,0.10149031
174574,0.20622237
174575,0.16739032
174586,0.004622206
174590,0.054297045
174606,0.07611664
174607,0.098604895
174609,0.019845529
174610,0.07995731
174630,0.06623136
174631,0.015488765
174661,0.032769237
174665,0.014155934
174666,0.01351466
174677,0.013316942
174690,0.029256308
174700,0.02164518
174702,0.019010346
174703,0.010777556
174713,0.015390689
174721,0.06535203
174726,0.022205668
174729,0.033144627
174741,0.020587573
174742,0.22506271
174754,0.01603032
174757,0.015568458
174782,0.2694789
174795,0.040544905
174805,0.018391069
174806,0.040837992
174809,0.07419299
174810,0.05279382
174829,0.0107766185
174830,0.21006663
174832,0.03176315
174836,0.06270467
174839,0.02503152
174843,0.02439696
174854,0.037136976
174861,0.05809989
174863,0.030513147
174867,0.03817754
174871,0.02985252
174887,0.023092283
174890,0.12053633
174897,0.009322136
174901,0.1639638
174903,0.01375946
174912,0.009473576
174913,0.03296093
174920,0.30664685
174922,0.28632945
174924,0.07353953
174925,0.014984798
174928,0.03490342
174938,0.04088326
174939,0.009673768
174943,0.020730779
174950,0.20174636
174954,0.03967409
174955,0.011417385
174957,0.03760466
174965,0.04455808
174966,0.05313433
174967,0.068258904
174977,0.10387004
174983,0.018365884
174986,0.101589
174987,0.040043138
175012,0.22348917
175015,0.04128983
175025,0.049202148
175027,0.110237084
175029,0.013800719
175056,0.09264536
175075,0.017442556
175081,0.088287875
175097,0.10991582
175128,0.074628584
175129,0.010575538
175138,0.038097415
175169,0.13109796
175183,0.082343675
175211,0.019828659
175212,0.053601764
175215,0.021635748
175223,0.04318243
175225,0.017636077
175233,0.036154926
175250,0.019225692
175253,0.01279702
175257,0.012713572
175260,0.012304866
175261,0.022111574
175264,0.010667591
175284,0.14948606
175288,0.014457186
175295,0.027229784
175309,0.039387047
175310,0.026304461
175313,0.0870418
175334,0.019756228
175337,0.018487541
175346,0.010566503
175347,0.02672842
175349,0.03162918
175350,0.10301129
175351,0.029919704
175367,0.1878419
175369,0.06571888
175371,0.08457894
175372,0.026505314
175392,0.12551466
175400,0.00898789
175402,0.02105384
175403,0.14974985
175407,0.07584044
175408,0.018924907
175414,0.15710925
175431,0.0190119
175435,0.055504948
175442,0.008420717
175454,0.017553007
175456,0.019422589
175457,0.028200494
175464,0.052551564
175465,0.026766874
175477,0.032636363
175488,0.03761871
175495,0.054592766
175499,0.08635831
175500,0.038077038
175515,0.03060822
175519,0.019844696
175520,0.06430022
175531,0.016107898
175534,0.014375124
175543,0.16574296
175566,0.01880351
175568,0.011894914
175573,0.037153594
175574,0.06665032
175576,0.039612617
175591,0.04272211
175593,0.022133002
175605,0.116811454
175609,0.055518
175617,0.014910443
175624,0.19718836
175629,0.01809306
175633,0.02420316
175645,0.11312331
175649,0.0058649774
175650,0.027944759
175653,0.0394152
175659,0.007823477
175660,0.009549614
175661,0.02516243
175664,0.028473284
175665,0.017898653
175677,0.021189138
175682,0.14106014
175684,0.16661234
175687,0.03391442
175690,0.085837126
175706,0.030890496
175722,0.0974435
175724,0.03976705
175730,0.1080998
175731,0.00499674
175737,0.036787197
175743,0.090244256
175745,0.08302821
175758,0.03690076
175768,0.053443186
175769,0.03558994
175773,0.010187135
175775,0.042487677
175794,0.01705422
175798,0.063125364
175809,0.09754513
175818,0.023752414
175830,0.0071354103
175835,0.02432385
175840,0.19933726
175864,0.021323472
175875,0.018552389
175890,0.019844417
175892,0.015780661
175914,0.028085778
175930,0.22934999
175935,0.027360057
175955,0.006636344
175958,0.07531263
175959,0.018818833
175960,0.100594476
175964,0.013048928
175968,0.00999141
175986,0.06332619
175987,0.10308118
175997,0.034775704
175998,0.09244802
176003,0.021275653
176004,0.120250896
176021,0.070299044
176034,0.059415843
176035,0.08482231
176043,0.40496
176045,0.033876315
176051,0.043417063
176052,0.04162851
176059,0.013530903
176067,0.019231066
176073,0.15016617
176076,0.007073468
176077,0.007814446
176085,0.0055335215
176088,0.038589552
176095,0.020885833
176118,0.07922357
176129,0.055801846
176177,0.03606243
176183,0.042096585
176206,0.20696723
176218,0.013494395
176240,0.043574844
176253,0.009853252
176260,0.12122557
176275,0.03250578
176285,0.04146516
176288,0.050721552
176289,0.07402727
176290,0.114785746
176297,0.0365889
176300,0.25231692
176301,0.10288541
176319,0.028336648
176322,0.056885853
176337,0.009168986
176346,0.07275931
176347,0.034595713
176352,0.08775057
176358,0.016468558
176359,0.13695411
176365,0.12992916
176371,0.03240606
176403,0.077269405
176419,0.045338705
176428,0.022860331
176429,0.16915375
176430,0.035356805
176432,0.07590467
176437,0.037051365
176440,0.021376768
176441,0.13188013
176450,0.017658684
176454,0.047933973
176459,0.036957107
176460,0.060625568
176467,0.05962288
176472,0.320513
176482,0.119323425
176483,0.66902786
176486,0.092511155
176487,0.026944181
176494,0.02500106
176497,0.055786446
176500,0.03472383
176509,0.098397724
176511,0.04367469
176512,0.01265735
176522,0.031943828
176525,0.05451609
176526,0.16558312
176537,0.018416386
176538,0.07510176
176572,0.028280878
176573,0.056676134
176574,0.19951412
176579,0.05069439
176580,0.04241471
176592,0.20942345
176601,0.02123766
176603,0.08431036
176605,0.060680777
176606,0.021014865
176615,0.032583512
176620,0.163494
176634,0.030809935
176635,0.030340469
176638,0.010373691
176639,0.029938059
176641,0.047885776
176661,0.026330784
176668,0.16463579
176669,0.07201205
176683,0.08041089
176688,0.010028466
176700,0.068106644
176702,0.016403314
176705,0.061233126
176709,0.02402392
176710,0.18384193
176720,0.114555284
176726,0.0034665097
176731,0.048534013
176732,0.09443966
176733,0.028316675
176734,0.025433589
176736,0.02367051
176741,0.016493784
176756,0.025123747
176785,0.0098003335
176790,0.00681354
176793,0.03148413
176820,0.12748186
176827,0.053634696
176828,0.016642874
176839,0.18777764
176848,0.012707158
176850,0.01747613
176853,0.010163934
176866,0.004205776
176867,0.039332286
176875,0.06396034
176883,0.2497148
176888,0.11577301
176890,0.14860812
176898,0.14778052
176917,0.092163116
176925,0.064432114
176929,0.048236273
176934,0.08992665
176938,0.09122079
176953,0.049777884
176957,0.12339138
176970,0.017095728
176997,0.06606811
177029,0.06897013
177030,0.010716601
177031,0.05212238
177032,0.12602808
177047,0.019480731
177048,0.008720284
177051,0.048666693
177055,0.013336877
177060,0.030287495
177064,0.26124448
177065,0.008431136
177069,0.12484508
177076,0.08305374
177085,0.041560948
177087,0.03688042
177105,0.06491566
177126,0.019762998
177133,0.022625562
177141,0.016361268
177146,0.03901176
177156,0.048328117
177179,0.024009977
177187,0.27331367
177192,0.2492564
177203,0.07793663
177228,0.12373034
177229,0.042359672
177249,0.026233599
177250,0.18042073
177253,0.0818576
177260,0.050243814
177262,0.04893772
177270,0.05302863
177275,0.111981995
177284,0.05708054
177285,0.14517292
177314,0.07048602
177319,0.09017568
177325,0.006630838
177327,0.09585219
177339,0.041298434
177344,0.03943437
177378,0.08845856
177384,0.029913267
177385,0.014978162
177386,0.016231371
177387,0.018981831
177405,0.020058723
177423,0.091415696
177424,0.003620582
177425,0.030169368
177430,0.1345244
177435,0.020161059
177447,0.036568195
177448,0.014709323
177449,0.017811764
177451,0.11654518
177460,0.2104766
177479,0.012971899
177489,0.01162181
177504,0.006667649
177505,0.098445594
177511,0.18659045
177524,0.042123917
177526,0.015905075
177535,0.023832727
177558,0.019564703
177562,0.121718116
177569,0.022931937
177579,0.024688644
177580,0.048344936
177583,0.004997707
177584,0.16114582
177585,0.06619926
177605,0.12030451
177606,0.039209355
177618,0.10608023
177639,0.37025732
177649,0.009259019
177656,0.024561742
177657,0.015802091
177661,0.08990394
177665,0.028273828
177669,0.029748408
177680,0.13378967
177688,0.2492129
177689,0.026040917
177694,0.020077217
177696,0.11767341
177700,0.036699794
177705,0.0231795
177710,0.070892595
177720,0.010557579
177728,0.030402424
177729,0.083902635
177731,0.0464325
177733,0.044625532
177749,0.0674667
177751,0.09611629
177767,0.0703039
177776,0.029509475
177780,0.12735188
177783,0.015925193
177785,0.11604071
177791,0.055137206
177797,0.037904583
177798,0.06921256
177799,0.007437487
177802,0.024534369
177803,0.024466796
177805,0.0154653825
177820,0.012043735
177824,0.023179123
177825,0.021387339
177829,0.011478266
177839,0.12465281
177861,0.023439817
177865,0.06558532
177867,0.02451879
177875,0.11641469
177876,0.3379263
177878,0.045909878
177883,0.01464404
177886,0.01133058
177891,0.12434158
177892,0.035820376
177902,0.019217908
177904,0.093260795
177931,0.038125917
177939,0.016278695
177944,0.09671714
177946,0.025613416
177959,0.1208734
177977,0.029482622
177992,0.15805309
177993,0.087308235
178005,0.12774594
178008,0.03822216
178009,0.042784136
178012,0.14550929
178015,0.010910275
178018,0.022893762
178037,0.11092941
178050,0.010451777
178058,0.07043301
178060,0.01452587
178064,0.20597926
178074,0.03869066
178077,0.047098596
178094,0.03531867
178095,0.13094035
178096,0.046484597
178107,0.037759386
178117,0.01964944
178146,0.025833366
178154,0.06608608
178160,0.04830151
178164,0.022005307
178172,0.011033815
178174,0.09435901
178182,0.3640368
178184,0.10989735
178196,0.073929615
178223,0.058980282
178225,0.033556934
178226,0.051677004
178240,0.15469398
178242,0.035745893
178250,0.06461887
178268,0.021420918
178282,0.01784558
178285,0.10090372
178288,0.051621526
178290,0.0024501649
178295,0.013269069
178312,0.016404252
178317,0.021709971
178342,0.14104599
178343,0.030215988
178344,0.065020956
178346,0.021477984
178353,0.1278981
178356,0.28955513
178358,0.013095893
178359,0.028033953
178362,0.09827636
178380,0.018209254
178387,0.026404103
178391,0.1853613
178395,0.10931582
178408,0.14730132
178415,0.01266644
178421,0.0081891045
178424,0.111550756
178428,0.063946344
178432,0.018464351
178433,0.086115904
178436,0.053991277
178442,0.019840693
178453,0.025624009
178459,0.04669856
178467,0.042040452
178472,0.1091047
178491,0.006809669
178499,0.029359374
178504,0.13505435
178506,0.1787184
178509,0.014996763
178517,0.018206129
178525,0.032412697
178530,0.08239493
178531,0.18456934
178537,0.036522083
178553,0.09185338
178557,0.026203187
178565,0.030600587
178566,0.031815138
178579,0.012996538
178586,0.06494361
178589,0.08607658
178592,0.027589748
178610,0.007991289
178620,0.073245
178621,0.019996746
178622,0.114209644
178643,0.013655499
178665,0.028183144
178671,0.04419059
178675,0.012039853
178692,0.044904877
178722,0.01961636
178723,0.026828568
178726,0.110089
178731,0.17722557
178737,0.035052337
178739,0.040060423
178745,0.009534873
178766,0.028140292
178771,0.05900742
178775,0.021640021
178785,0.02582886
178789,0.037229374
178790,0.02590714
178792,0.095336124
178804,0.017067961
178817,0.025931044
178821,0.03046293
178825,0.025632938
178830,0.07547819
178831,0.15873331
178832,0.15643328
178847,0.03870707
178853,0.045433898
178856,0.09096748
178867,0.029406909
178868,0.011995308
178881,0.025334777
178887,0.015898868
178888,0.08011244
178908,0.023500152
178909,0.110705666
178942,0.025198543
178943,0.35164997
178946,0.019840812
178947,0.20269883
178950,0.12602709
178958,0.047505967
178976,0.029858824
178986,0.008854279
178989,0.007123166
178995,0.12756184
178996,0.14138487
179006,0.05658263
179025,0.12210192
179034,0.042306367
179038,0.109319344
179043,0.013561448
179050,0.041241266
179051,0.098759726
179076,0.19924551
179077,0.032634553
179091,0.071552776
179092,0.047141764
179111,0.03262803
179128,0.034457497
179132,0.08572519
179137,0.040982995
179138,0.07688256
179146,0.024783088
179148,0.0515116
179149,0.015398928
179150,0.027950648
179155,0.010258282
179164,0.026116477
179177,0.015884196
179178,0.039739337
179182,0.12622198
179184,0.0074133896
179186,0.2779176
179191,0.2841839
179194,0.043128897
179201,0.042718306
179210,0.005733764
179211,0.019585444
179212,0.050085917
179216,0.09329561
179229,0.015851991
179235,0.019855885
179236,0.05240768
179241,0.016028877
179244,0.05337069
179249,0.06438492
179256,0.47035235
179260,0.17385419
179262,0.09837079
179264,0.067837335
179268,0.04490138
179272,0.00954111
179280,0.044477817
179287,0.021324903
179288,0.026595337
179290,0.009040641
179295,0.008063071
179298,0.036497176
179306,0.032966226
179307,0.01137574
179310,0.44643524
179314,0.01779902
179317,0.029359005
179319,0.1622524
179327,0.010389509
179336,0.05589048
179342,0.012988444
179344,0.33342916
179347,0.010847633
179357,0.03317552
179368,0.093430154
179413,0.029802235
179425,0.019273074
179435,0.03770016
179447,0.012370438
179449,0.014296263
179458,0.015839038
179460,0.02343549
179475,0.10596168
179486,0.13079248
179493,0.021011434
179499,0.08001014
179501,0.027385378
179508,0.06536081
179511,0.010155336
179513,0.039325114
179519,0.09498854
179537,0.03803569
179550,0.00893938
179559,0.03305474
179560,0.03850441
179578,0.045364715
179583,0.021031221
179590,0.007682518
179597,0.006484693
179599,0.028441507
179602,0.123610504
179609,0.0059890994
179621,0.050281253
179624,0.054924816
179625,0.010928058
179630,0.013554302
179640,0.036231846
179641,0.019998774
179644,0.013409215
179649,0.039633192
179650,0.20528182
179652,0.037958913
179653,0.11598408
179660,0.13717268
179662,0.021132795
179673,0.10023401
179678,0.04690353
179679,0.024951331
179686,0.005805036
179721,0.026996547
179733,0.1349994
179736,0.08168784
179737,0.0144407675
179748,0.087020025
179750,0.25199032
179751,0.025008906
179752,0.1232862
179753,0.05744745
179765,0.01155371
179768,0.061449245
179798,0.008177678
179827,0.017842088
179837,0.008551028
179838,0.0385346
179851,0.046943594
179868,0.2089169
179875,0.055815075
179876,0.023732694
179882,0.08942121
179883,0.031748053
179894,0.008779396
179905,0.096423015
179907,0.08337371
179919,0.032805078
179926,0.020495605
179936,0.0239274
179941,0.045561258
179945,0.048774038
179951,0.17736723
179960,0.038423788
179967,0.015686275
179980,0.0850846
179985,0.11261596
179997,0.025758935
180001,0.051144283
180007,0.032432575
180011,0.17990348
180017,0.04620264
180027,0.040662736
180033,0.03758399
180036,0.25503334
180037,0.03063932
180041,0.11885403
180042,0.24626946
180050,0.2132988
180059,0.017571634
180066,0.034103356
180067,0.022725482
180085,0.041076876
180092,0.014625558
180099,0.023131948
180101,0.17201023
180115,0.054905362
180122,0.04312628
180126,0.018160159
180127,0.030175267
180140,0.08400959
180141,0.0095001245
180158,0.02596975
180163,0.16205741
180178,0.010537511
180189,0.0181291
180198,0.049945556
180201,0.18168566
180202,0.12972583
180209,0.09297383
180239,0.06444527
180244,0.029992368
180270,0.01391195
180271,0.034986626
180286,0.02730542
180287,0.025079185
180291,0.02674188
180293,0.01598461
180296,0.07449246
180297,0.020741297
180305,0.014288035
180318,0.06341877
180319,0.039090805
180322,0.011667108
180323,0.036436718
180331,0.023740456
180365,0.030614346
180368,0.086015455
180369,0.033599235
180382,0.030731272
180387,0.01894733
180388,0.4084303
180389,0.04631111
180398,0.043130275
180399,0.013776995
180402,0.06865699
180406,0.020643007
180407,0.01576729
180408,0.06611157
180413,0.03412383
180416,0.036104392
180420,0.017427217
180429,0.33140427
180430,0.3993076
180431,0.017053088
180438,0.032264385
180441,0.009651813
180448,0.07015235
180453,0.01771147
180478,0.20298989
180480,0.070125654
180510,0.019302003
180524,0.05318934
180534,0.006364151
180537,0.6191158
180545,0.01878177
180550,0.031015337
180559,0.009831809
180583,0.06938462
180587,0.013873039
180594,0.09764137
180597,0.06358195
180598,0.106094405
180599,0.095954545
180601,0.09676439
180624,0.03869345
180625,0.4132999
180634,0.038183436
180647,0.006809432
180652,0.057558645
180656,0.14584598
180664,0.081161655
180666,0.18667081
180674,0.047381427
180679,0.03676371
180685,0.06462228
180692,0.063073754
180698,0.022808185
180699,0.013240574
180700,0.014756051
180702,0.014181966
180710,0.026070949
180736,0.01238544
180739,0.10534427
180741,0.053309154
180743,0.12937638
180747,0.0070032324
180754,0.08931932
180755,0.01897073
180756,0.017021945
180768,0.025451805
180773,0.036393993
180775,0.04624251
180784,0.11454522
180787,0.030095713
180795,0.035108283
180796,0.03681433
180799,0.010801439
180811,0.036201824
180813,0.04660591
180827,0.042708907
180828,0.06387903
180833,0.11131161
180834,0.07550596
180847,0.023844728
180852,0.15615594
180853,0.022431988
180854,0.0052787666
180855,0.13045645
180856,0.032570448
180858,0.02754918
180859,0.33137438
180867,0.05134684
180868,0.020697314
180872,0.050395478
180873,0.062056947
180874,0.19470598
180875,0.058511164
180878,0.02605969
180888,0.031397004
180889,0.020445421
180891,0.011276845
180902,0.037377343
180907,0.1312949
180913,0.048939526
180916,0.021248272
180954,0.018656852
180962,0.027496286
180963,0.013010368
180967,0.073158614
180971,0.16914266
180975,0.034640405
180985,0.059712574
180991,0.009292935
181009,0.044105638
181012,0.007549744
181015,0.047209263
181034,0.08309296
181064,0.07744059
181071,0.07912073
181083,0.112962
181084,0.0076916623
181085,0.017053857
181088,0.023752566
181098,0.057026643
181110,0.18809181
181111,0.06578823
181112,0.0061156987
181114,0.23874545
181117,0.08046191
181157,0.010030509
181160,0.03886874
181161,0.07336406
181165,0.034899805
181179,0.30511633
181186,0.070528045
181196,0.07070653
181197,0.19090171
181204,0.03708586
181213,0.050360214
181214,0.42653063
181221,0.0628367
181224,0.035984576
181226,0.02244153
181236,0.1109732
181256,0.5091238
181257,0.03694614
181279,0.0429665
181282,0.030872123
181285,0.05897677
181288,0.03123725
181289,0.1878334
181290,0.013901398
181298,0.03246853
181299,0.054243468
181307,0.039451364
181312,0.46453536
181318,0.020323297
181322,0.044397034
181338,0.092390105
181340,0.021496363
181342,0.009166094
181344,0.04080954
181350,0.04436013
181373,0.04212408
181374,0.03508002
181375,0.014260471
181379,0.040833734
181381,0.016080867
181385,0.066860355
181388,0.017385872
181392,0.049332134
181393,0.0517058
181425,0.010679857
181465,0.015498059
181481,0.024092983
181484,0.027172582
181494,0.015494924
181501,0.036349084
181507,0.01950411
181521,0.03873007
181524,0.009133497
181538,0.24348104
181540,0.027813405
181547,0.13888252
181551,0.03664461
181555,0.05762315
181561,0.053054776
181564,0.026210107
181567,0.06538222
181599,0.048891086
181602,0.31468567
181612,0.031912107
181613,0.03932566
181615,0.039897915
181621,0.018152958
181622,0.030197676
181629,0.021999288
181630,0.018153751
181633,0.029267294
181635,0.07140514
181641,0.025465902
181643,0.13718854
181644,0.08765625
181649,0.018169377
181659,0.016748069
181660,0.008650903
181665,0.18567494
181666,0.062285986
181672,0.07438812
181682,0.086107984
181693,0.14218606
181697,0.027017923
181703,0.021490006
181704,0.030057296
181720,0.026310211
181722,0.02899087
181732,0.056246445
181733,0.07395935
181736,0.021689266
181737,0.014003628
181747,0.024698231
181758,0.10475542
181764,0.06550186
181770,0.11115449
181774,0.15574645
181783,0.22211748
181788,0.021604056
181789,0.052914925
181804,0.051969144
181809,0.03396018
181821,0.1411851
181836,0.013902657
181863,0.06825819
181867,0.027516123
181868,0.1401702
181871,0.035488512
181904,0.15875553
181931,0.019120807
181932,0.029309057
181941,0.04068658
181944,0.19939241
181958,0.061142407
181971,0.014794225
181986,0.048360106
182002,0.027545355
182007,0.022606783
182012,0.016251275
182022,0.01688509
182031,0.056939576
182050,0.083493136
182053,0.038667064
182071,0.04127204
182072,0.06474363
182073,0.0640972
182102,0.025294682
182106,0.031049887
182116,0.021063093
182117,0.14904892
182118,0.009614448
182124,0.037757114
182125,0.124424495
182145,0.028319238
182150,0.05085412
182154,0.025238002
182167,0.025736576
182179,0.15110868
182181,0.019198917
182183,0.015870968
182218,0.02053818
182225,0.011371597
182226,0.12922727
182266,0.102358244
182272,0.06775539
182275,0.2029694
182295,0.16774483
182305,0.006107909
182312,0.06711669
182313,0.027363423
182327,0.012672954
182337,0.026933331
182340,0.0051908717
182341,0.051819805
182342,0.029583672
182345,0.036575824
182353,0.011171903
182355,0.017586311
182371,0.0071868477
182376,0.0123721715
182381,0.016369099
182382,0.0057955766
182384,0.045054074
182387,0.061056577
182412,0.015424511
182419,0.04076111
182432,0.13580014
182438,0.04587429
182448,0.17999253
182450,0.07976094
182465,0.010350676
182468,0.013519979
182474,0.043873314
182483,0.019230723
182484,0.114501044
182485,0.014603228
182486,0.043815907
182489,0.17072779
182500,0.019614292
182501,0.038429663
182504,0.29852074
182514,0.013570559
182524,0.046845097
182525,0.03300216
182533,0.042461257
182536,0.19387308
182539,0.040306654
182550,0.07004994
182553,0.060313195
182568,0.011278875
182571,0.022414014
182573,0.02771007
182580,0.02827837
182615,0.044535853
182618,0.010915579
182624,0.027442519
182644,0.04750581
182686,0.1823313
182687,0.23922156
182695,0.510884
182718,0.032649614
182726,0.06168185
182735,0.022255009
182742,0.032541495
182747,0.05991215
182748,0.015437097
182752,0.03101503
182761,0.08982464
182800,0.013926756
182802,0.05407337
182807,0.051282305
182816,0.079241164
182818,0.019499924
182826,0.10147238
182836,0.013206736
182840,0.22482139
182841,0.14135376
182846,0.03915196
182862,0.04736316
182864,0.05957384
182871,0.10677835
182878,0.045888897
182880,0.047650248
182885,0.012562431
182893,0.021042224
182894,0.136146
182895,0.03718368
182901,0.08673838
182907,0.11217309
182921,0.16049562
182952,0.010784455
182964,0.08246453
182966,0.28370488
182980,0.0632418
182985,0.27250257
182989,0.05099384
182994,0.030866282
183035,0.24855332
183037,0.29911366
183042,0.030015554
183049,0.024862664
183050,0.00961743
183051,0.015360185
183062,0.012163676
183063,0.028743498
183064,0.031453855
183076,0.030678248
183078,0.06949454
183086,0.029087389
183089,0.045152403
183091,0.0405564
183097,0.054982897
183104,0.011642248
183118,0.13719267
183119,0.0673489
183134,0.09097589
183142,0.15256463
183157,0.020569345
183162,0.014327355
183180,0.0110941725
183193,0.13898423
183213,0.02005173
183216,0.18597706
183223,0.02012418
183226,0.034442063
183264,0.013432385
183273,0.07372709
183278,0.022063835
183282,0.03917678
183283,0.035271507
183286,0.01697791
183288,0.029441345
183299,0.02934581
183310,0.011229799
183315,0.09506413
183332,0.01581607
183336,0.045739807
183341,0.023075845
183342,0.03819637
183345,0.011604997
183347,0.03291439
183360,0.060150493
183362,0.013054587
183370,0.019926017
183379,0.009085631
183386,0.07482554
183410,0.09682611
183417,0.024288056
183419,0.055372372
183421,0.0288127
183425,0.12384051
183427,0.08732633
183433,0.10173408
183434,0.07842569
183438,0.020616924
183439,0.03151395
183440,0.10192617
183450,0.051090483
183451,0.11416921
183453,0.009170313
183454,0.030634118
183455,0.16230358
183457,0.010295911
183463,0.24402599
183475,0.010963874
183478,0.17269005
183480,0.21038784
183490,0.0058917725
183494,0.15125068
183503,0.018230734
183512,0.2024226
183517,0.1009827
183530,0.052568264
183532,0.0101945745
183533,0.017750923
183536,0.006825813
183545,0.042338382
183549,0.0074081304
183550,0.021209586
183551,0.13472062
183555,0.11200486
183560,0.03352255
183585,0.017076597
183591,0.019114662
183592,0.015808593
183603,0.19371685
183610,0.02397005
183628,0.18748748
183644,0.03852038
183646,0.162988
183649,0.015361656
183656,0.05327899
183658,0.21831118
183688,0.011814214
183690,0.021498915
183691,0.0787655
183697,0.09183125
183709,0.1370782
183711,0.052526154
183714,0.10330726
183725,0.03688831
183736,0.041898143
183742,0.011239207
183772,0.05462396
183776,0.09398596
183787,0.032427732
183792,0.20078437
183793,0.061795976
183799,0.140156
183816,0.026278848
183818,0.06864679
183832,0.01752154
183836,0.016990699
183839,0.020148946
183840,0.02266483
183855,0.008428228
183857,0.028902054
183863,0.05106336
183866,0.017204149
183876,0.0720109
183878,0.20297022
183897,0.005809656
183902,0.052391335
183915,0.010764643
183925,0.29660386
183936,0.021814996
183939,0.041084718
183951,0.008523614
183956,0.035105992
183957,0.025158495
183974,0.011532045
183982,0.049924936
183994,0.012030571
184008,0.040819995
184013,0.18533401
184016,0.012804459
184019,0.011749227
184024,0.031250272
184025,0.12539262
184038,0.004929762
184045,0.03510725
184056,0.025025118
184060,0.05369839
184071,0.013629152
184073,0.04637573
184074,0.041526146
184077,0.034125287
184105,0.055550408
184106,0.06875097
184133,0.09183549
184154,0.33829448
184163,0.022258384
184165,0.11462905
184193,0.32794565
184194,0.071960606
184195,0.0074128653
184202,0.1475662
184226,0.64038503
184230,0.025524624
184231,0.1338466
184234,0.03855449
184238,0.006054941
184248,0.014896809
184257,0.016552512
184268,0.026090724
184282,0.008363673
184291,0.063507415
184294,0.020108692
184295,0.20657703
184304,0.012426926
184309,0.025012016
184318,0.04296315
184325,0.04185288
184329,0.019254195
184330,0.010753301
184333,0.0909233
184337,0.0060494165
184338,0.10017648
184340,0.010717959
184341,0.027005948
184347,0.0561809
184354,0.04063204
184355,0.027199345
184372,0.024200074
184384,0.032877382
184385,0.023531092
184386,0.013726152
184389,0.10763794
184401,0.011803354
184405,0.036393892
184431,0.23979644
184450,0.021479022
184453,0.5882439
184470,0.04576241
184471,0.017180905
184486,0.0677847
184488,0.0074160825
184489,0.01123406
184497,0.03740631
184508,0.015544438
184509,0.017611569
184516,0.035325214
184525,0.071629144
184526,0.035148058
184531,0.037808526
184557,0.03518554
184576,0.009260303
184589,0.0049297325
184605,0.010020447
184613,0.08501038
184630,0.027695619
184635,0.036740836
184636,0.011260202
184643,0.005094938
184645,0.03592277
184653,0.03837984
184655,0.03956081
184656,0.04571705
184660,0.066075176
184716,0.039449055
184736,0.016436
184758,0.050825965
184767,0.07690156
184770,0.074108176
184773,0.012309038
184776,0.040568188
184792,0.055786133
184812,0.12303126
184820,0.030577937
184829,0.0040753363
184831,0.18955046
184832,0.029035607
184834,0.0120880315
184847,0.09494157
184848,0.032700837
184858,0.017468154
184866,0.031836327
184869,0.0387425
184870,0.046326913
184873,0.0069738594
184874,0.014960045
184876,0.084440544
184879,0.18639909
184880,0.047446135
184885,0.008562582
184896,0.054121874
184916,0.21960077
184918,0.030053742
184919,0.053775992
184921,0.074601404
184936,0.039029155
184944,0.08053188
184956,0.12036948
184963,0.08949436
184964,0.0073249484
184965,0.06335074
184972,0.05335252
184977,0.11584143
184982,0.019880272
184988,0.13917832
184992,0.03056356
184994,0.026647879
184998,0.12758884
185017,0.009548712
185024,0.026098644
185032,0.11436183
185037,0.03208018
185040,0.0070539173
185043,0.023690848
185048,0.017857295
185059,0.113459274
185076,0.084976465
185083,0.0145635195
185090,0.24649757
185099,0.038470924
185101,0.007254928
185106,0.023690151
185121,0.09686277
185125,0.2410514
185126,0.23590952
185127,0.08239389
185153,0.042865083
185167,0.23342638
185171,0.092810646
185178,0.031740062
185180,0.010921283
185181,0.007200774
185183,0.04991158
185186,0.060815267
185187,0.04697882
185188,0.019495387
185189,0.02379552
185194,0.16996057
185207,0.057240058
185209,0.026494823
185210,0.18441316
185212,0.009431504
185220,0.051503636
185221,0.08276284
185230,0.08925507
185231,0.030324712
185245,0.0072912243
185249,0.059590057
185262,0.0113466075
185285,0.11096435
185286,0.0811852
185288,0.01686126
185296,0.018604869
185298,0.24605715
185299,0.011491752
185308,0.030665096
185311,0.011665657
185313,0.040701576
185314,0.04169931
185332,0.13037507
185337,0.017204937
185338,0.012390274
185339,0.03336297
185341,0.05123726
185342,0.013677984
185344,0.029876051
185349,0.13673863
185362,0.061022915
185363,0.05976914
185394,0.007222181
185410,0.038789235
185418,0.00812023
185423,0.089158006
185428,0.029610796
185442,0.13804197
185447,0.21679586
185450,0.020020096
185454,0.0062646223
185475,0.120922506
185481,0.069677226
185483,0.0187047
185485,0.06410454
185496,0.011495214
185504,0.011258744
185505,0.008084061
185512,0.04215342
185515,0.008273699
185534,0.050607845
185536,0.016852112
185538,0.03341465
185552,0.012926102
185569,0.015742427
185576,0.01182596
185578,0.052539874
185581,0.07065735
185584,0.016836625
185585,0.020183563
185586,0.118529946
185592,0.057098158
185604,0.02521432
185606,0.0037058378
185607,0.06412932
185618,0.09930411
185622,0.04629354
185628,0.080929376
185629,0.016232636
185634,0.032035723
185637,0.13808112
185638,0.009188875
185640,0.13577755
185641,0.010886243
185645,0.02726459
185646,0.093779415
185647,0.018500175
185662,0.036976337
185669,0.051384196
185675,0.0054587005
185687,0.021141745
185688,0.077146254
185689,0.037827067
185690,0.03478541
185697,0.018105393
185710,0.07834923
185733,0.012840007
185740,0.08170775
185806,0.053800944
185812,0.19488809
185824,0.0226898
185825,0.016399488
185826,0.25045484
185827,0.2214534
185828,0.008934094
185837,0.02704383
185859,0.038023233
185861,0.012801274
185872,0.030075286
185874,0.021792656
185891,0.06738809
185893,0.038640685
185897,0.06327525
185900,0.032596115
185910,0.02934109
185919,0.017804507
185932,0.03683857
185937,0.06821241
185939,0.05069626
185965,0.033532713
185968,0.06408924
185971,0.032755967
185978,0.086855374
185980,0.013156946
185981,0.032496184
185982,0.04456236
185991,0.00917961
185997,0.021106841
185998,0.020668829
186014,0.016176883
186021,0.017847441
186025,0.0779805
186034,0.033862755
186054,0.027207578
186061,0.118852556
186065,0.033532638
186066,0.026599115
186070,0.107263885
186080,0.021944536
186085,0.019169137
186094,0.18810837
186110,0.0935106
186113,0.010092072
186116,0.032457247
186127,0.009338324
186129,0.044706807
186135,0.029386228
186139,0.19162607
186151,0.017538806
186153,0.07639933
186156,0.008874879
186158,0.026565006
186159,0.016188543
186166,0.064425245
186168,0.027040295
186169,0.052589886
186170,0.010345457
186179,0.0077580656
186188,0.019556893
186210,0.0057669096
186227,0.013919196
186229,0.032017875
186230,0.026396077
186249,0.0154533535
186254,0.02405265
186264,0.011299984
186265,0.09086683
186273,0.026463872
186276,0.01948023
186289,0.02836837
186296,0.1835672
186308,0.0053991335
186309,0.0459118
186310,0.023032835
186316,0.015557249
186321,0.03271114
186333,0.037980817
186346,0.06543176
186391,0.04133684
186398,0.062115103
186407,0.014018315
186411,0.031977937
186415,0.05267981
186426,0.21097687
186444,0.011971545
186448,0.14537404
186453,0.16701807
186456,0.011555326
186460,0.020982273
186461,0.059515823
186473,0.056141045
186489,0.15398206
186490,0.12106885
186491,0.039448913
186492,0.017531792
186493,0.07844291
186503,0.041568976
186505,0.12661947
186506,0.019262133
186508,0.010572077
186524,0.10258336
186526,0.026936378
186536,0.00967634
186539,0.05893414
186543,0.025363082
186558,0.14321171
186568,0.11689449
186573,0.063992634
186587,0.054822274
186599,0.034294467
186609,0.30388442
186610,0.01130849
186612,0.054968104
186632,0.0644545
186634,0.04283043
186649,0.025460348
186652,0.085203476
186660,0.06134483
186668,0.12282741
186674,0.08597749
186675,0.018191297
186679,0.037568618
186682,0.02336287
186683,0.015411929
186695,0.31706762
186696,0.020294398
186704,0.062074684
186709,0.103073925
186714,0.11579024
186723,0.012390859
186726,0.27022907
186728,0.087863036
186729,0.013749532
186731,0.22958963
186737,0.036890294
186742,0.016709857
186743,0.0071494672
186745,0.05967645
186747,0.017379833
186750,0.023858238
186769,0.052292846
186771,0.08043101
186787,0.035431966
186796,0.071282916
186802,0.20193012
186811,0.018448772
186812,0.03338107
186815,0.02380522
186840,0.059381895
186842,0.3158182
186853,0.15679151
186859,0.046728846
186878,0.02545063
186885,0.05473681
186890,0.01709352
186906,0.20759629
186916,0.028136088
186927,0.013274984
186928,0.033045273
186931,0.09991829
186934,0.025285829
186938,0.14256299
186943,0.10505186
186944,0.07052786
186945,0.11190017
186947,0.022433074
186952,0.046574935
186953,0.012395573
186960,0.1600906
186962,0.039729103
186991,0.027470632
187001,0.29926097
187017,0.058735274
187019,0.0975457
187024,0.014484426
187035,0.0048509035
187037,0.09756472
187056,0.0064757965
187057,0.02038727
187058,0.19857016
187065,0.026922092
187066,0.12116145
187069,0.019088898
187070,0.057396844
187074,0.030251993
187085,0.013264367
187087,0.03598658
187100,0.03641211
187117,0.053222317
187158,0.16093734
187159,0.023568066
187162,0.074316435
187164,0.018820379
187167,0.05211674
187168,0.02284568
187171,0.04193028
187184,0.13824414
187194,0.07406887
187208,0.06322853
187211,0.17610651
187220,0.023679025
187224,0.044917263
187242,0.043773644
187259,0.022551894
187260,0.030984487
187267,0.1106758
187280,0.24440135
187287,0.008804648
187291,0.022380909
187296,0.01950889
187301,0.12562618
187315,0.0673515
187319,0.02715312
187326,0.1429335
187328,0.08469594
187329,0.02149373
187330,0.03405695
187335,0.036918577
187339,0.0158443
187340,0.08482351
187353,0.07694256
187356,0.023978595
187367,0.06527566
187383,0.028307373
187388,0.0269914
187401,0.13000219
187415,0.027361888
187422,0.010607207
187439,0.18316066
187440,0.06895619
187442,0.45422757
187447,0.03427126
187448,0.025908917
187451,0.13183676
187468,0.0066388915
187475,0.058613043
187477,0.14898948
187480,0.034303993
187498,0.048577674
187499,0.013036826
187516,0.0025454785
187524,0.007626462
187534,0.024869487
187552,0.021383459
187577,0.090360485
187584,0.0115535045
187585,0.016811091
187603,0.027061759
187608,0.030582566
187625,0.008588873
187637,0.089251235
187639,0.09554547
187641,0.014900669
187652,0.015775252
187684,0.02124562
187689,0.017317103
187698,0.037102636
187708,0.021261679
187716,0.025136452
187717,0.05075208
187719,0.01698302
187720,0.13512611
187743,0.043787073
187749,0.06829982
187762,0.08331904
187763,0.06413809
187772,0.067145
187786,0.014896481
187787,0.01775842
187809,0.045672644
187826,0.09633755
187828,0.010646682
187829,0.022014754
187833,0.01679272
187847,0.03975389
187852,0.02803963
187862,0.10598173
187867,0.032565113
187868,0.13011402
187870,0.07373499
187871,0.025736773
187879,0.10900612
187894,0.047750924
187895,0.026457915
187899,0.036128987
187903,0.19426051
187915,0.00898147
187919,0.10294045
187941,0.023555644
187942,0.117248304
187944,0.010630449
187947,0.057840675
187949,0.2780037
187950,0.049289275
187952,0.045633517
187964,0.15098342
187967,0.042468697
187977,0.019389024
187983,0.03979487
187987,0.044379286
187988,0.03938062
187990,0.040148403
187991,0.21881975
187998,0.09417245
188014,0.10544361
188017,0.023191161
188021,0.07409798
188032,0.014286683
188039,0.053303044
188040,0.014270432
188044,0.037762444
188045,0.014953119
188054,0.024242954
188069,0.037733864
188070,0.063811526
188081,0.04588371
188092,0.0647373
188106,0.039026547
188108,0.02547215
188117,0.008653427
188120,0.010337725
188130,0.029332131
188133,0.040245544
188136,0.036729045
188151,0.0077370843
188153,0.027699212
188158,0.0074376375
188171,0.028773924
188175,0.029553875
188192,0.07509563
188194,0.043838955
188198,0.12144474
188199,0.093785144
188228,0.13766646
188232,0.02066397
188233,0.02011544
188234,0.0068979384
188245,0.041566018
188248,0.02863915
188254,0.053249523
188261,0.054150466
188262,0.044988424
188267,0.026552746
188276,0.01771821
188281,0.25118873
188282,0.069594145
188295,0.010424709
188309,0.014293118
188313,0.1310001
188324,0.04774848
188327,0.04723181
188328,0.03869271
188329,0.14403023
188336,0.049060483
188337,0.064804964
188350,0.04594393
188389,0.100393794
188399,0.008130126
188413,0.018133746
188415,0.052659452
188421,0.012873697
188438,0.02408407
188449,0.36477503
188466,0.041633647
188470,0.004925545
188486,0.037439737
188492,0.10684457
188507,0.022492146
188511,0.014257186
188521,0.06588643
188540,0.16631252
188542,0.07351921
188551,0.3550573
188557,0.022529855
188558,0.019476626
188561,0.033137683
188563,0.18866383
188565,0.022209235
188577,0.032555357
188586,0.066813074
188591,0.03256817
188594,0.044601038
188614,0.034628216
188622,0.010282719
188626,0.06301259
188632,0.13465285
188635,0.14221251
188639,0.07103487
188645,0.08571319
188646,0.13615097
188647,0.04715502
188653,0.016021399
188659,0.039621096
188677,0.10957268
188694,0.064689994
188695,0.0038094115
188696,0.007419549
188707,0.012742356
188714,0.019524032
188715,0.15948653
188722,0.1560441
188724,0.022619493
188729,0.04536144
188734,0.038694587
188739,0.65479815
188746,0.042746212
188747,0.04197339
188768,0.014731055
188770,0.073975705
188772,0.030211922
188787,0.01827754
188792,0.025815189
188793,0.013784024
188808,0.040808875
188828,0.07644106
188848,0.028769797
188851,0.09465832
188856,0.029217612
188862,0.036008507
188875,0.1994621
188876,0.22313912
188878,0.025760138
188880,0.011748585
188890,0.10481783
188900,0.029577162
188914,0.039345354
188928,0.1138962
188936,0.012795855
188946,0.013989955
188947,0.012860748
188948,0.014829685
188949,0.0071763257
188950,0.03616934
188980,0.012804561
188982,0.14327005
188988,0.22848591
188990,0.087202966
188992,0.028245712
188993,0.017999895
188994,0.032429334
188997,0.032222062
188998,0.088536516
189009,0.009432675
189018,0.026126886
189022,0.021524556
189034,0.010648702
189045,0.01943043
189059,0.12330404
189062,0.018346738
189075,0.22368075
189086,0.029603915
189087,0.04018452
189107,0.06494828
189113,0.021065235
189144,0.07654014
189148,0.01418145
189199,0.06150856
189201,0.059996925
189202,0.009618172
189207,0.19230275
189213,0.029222956
189214,0.09889612
189224,0.05229995
189230,0.05314722
189251,0.017181415
189252,0.02301027
189255,0.038947396
189256,0.024523966
189257,0.0315688
189260,0.004853919
189261,0.20263542
189262,0.015420079
189263,0.0139231365
189272,0.028352836
189282,0.0047044777
189284,0.15808335
189294,0.017607117
189304,0.08922676
189314,0.04681902
189317,0.08242791
189333,0.011677561
189337,0.09983069
189347,0.013394127
189355,0.03857317
189357,0.025737284
189366,0.060667418
189374,0.040634185
189379,0.035884567
189388,0.05740569
189397,0.02518309
189418,0.048555978
189453,0.024219625
189458,0.0380694
189460,0.052052367
189481,0.021169342
189482,0.18268587
189483,0.11069985
189490,0.0328475
189491,0.011503781
189492,0.060313184
189511,0.02463876
189512,0.030173384
189518,0.033147953
189519,0.104917146
189531,0.05844401
189541,0.28622115
189550,0.040804576
189551,0.06646555
189559,0.15294193
189564,0.017389832
189573,0.047533862
189585,0.042312752
189587,0.08989582
189605,0.014325688
189612,0.008013464
189633,0.027805846
189640,0.021766001
189641,0.13684434
189643,0.029569374
189650,0.054411504
189652,0.035559718
189656,0.04754636
189661,0.11092977
189663,0.13685934
189684,0.028206443
189688,0.016199555
189711,0.067697905
189729,0.0973398
189747,0.17817982
189761,0.03600673
189773,0.038432933
189774,0.015609023
189779,0.1360422
189780,0.024817241
189796,0.020796567
189799,0.09327963
189800,0.028136456
189807,0.0328795
189808,0.016242765
189826,0.037884243
189836,0.020753434
189843,0.033917762
189845,0.050470464
189852,0.12397583
189853,0.0569914
189855,0.007750726
189866,0.03773037
189886,0.06670389
189888,0.01977542
189902,0.07739619
189907,0.15324941
189910,0.021399058
189922,0.008098367
189924,0.033609785
189933,0.033173013
189935,0.04153214
189939,0.01452473
189951,0.37266046
189965,0.033787593
189966,0.038558375
189977,0.034597285
189989,0.018408883
189990,0.046349045
190002,0.041339315
190006,0.4653444
190008,0.0148394825
190009,0.11370129
190021,0.014805496
190058,0.048207432
190061,0.026841331
190069,0.060639553
190072,0.02690252
190078,0.034890465
190109,0.104184754
190112,0.2563434
190117,0.06709288
190132,0.011999944
190133,0.057388406
190153,0.06873428
190164,0.015052446
190167,0.0058140336
190169,0.14811945
190179,0.4293262
190184,0.045777988
190188,0.010122778
190199,0.0144193955
190200,0.24613298
190201,0.04131247
190227,0.07160768
190229,0.02287184
190245,0.016788688
190272,0.06730931
190274,0.01923599
190281,0.043365505
190282,0.09808405
190290,0.08636338
190299,0.14652984
190301,0.093452886
190304,0.032231487
190306,0.015692594
190311,0.11701203
190341,0.042401563
190354,0.036016528
190364,0.012210733
190368,0.056891035
190375,0.08586477
190383,0.07807868
190384,0.02820559
190387,0.02165306
190388,0.10561381
190392,0.07154666
190394,0.35878706
190405,0.11983126
190406,0.06789238
190412,0.029408975
190413,0.2045151
190431,0.07801861
190452,0.035008572
190454,0.021306792
190461,0.053043958
190475,0.029733326
190489,0.17941715
190507,0.038186517
190513,0.029426686
190515,0.17856897
190516,0.009984174
190522,0.016103996
190523,0.1547867
190526,0.07509608
190533,0.008680628
190537,0.07080678
190542,0.033972662
190545,0.1922054
190548,0.016862402
190555,0.24209073
190561,0.028906219
190562,0.03235597
190566,0.010546466
190581,0.034002867
190590,0.013507724
190591,0.0808612
190593,0.01896318
190612,0.05094155
190617,0.03811879
190618,0.040192116
190619,0.03842682
190643,0.09416396
190647,0.049231555
190663,0.041579455
190664,0.017642232
190678,0.028772281
190691,0.005014113
190697,0.025242984
190698,0.030262299
190701,0.14574969
190702,0.2104658
190713,0.029088184
190739,0.024652613
190744,0.047032572
190756,0.030402912
190767,0.16008487
190777,0.048275266
190808,0.039776172
190825,0.024839249
190830,0.06701718
190844,0.08141016
190855,0.056296434
190860,0.099814154
190861,0.050675027
190865,0.014413544
190884,0.099667884
190886,0.041411318
190887,0.16146603
190893,0.13101207
190899,0.033624306
190900,0.02173747
190901,0.022403019
190903,0.010101178
190909,0.093638904
190911,0.26799408
190916,0.021570232
190922,0.025586024
190926,0.0062093013
190927,0.024091842
190929,0.06343874
190931,0.082343474
190948,0.024852205
190954,0.004012243
190957,0.020800868
190965,0.01333535
190978,0.13101949
190986,0.09893742
190990,0.03758902
190993,0.060870394
190998,0.031703934
190999,0.019597393
191028,0.038049184
191033,0.01759039
191042,0.16526487
191076,0.005404229
191114,0.11139693
191137,0.22687995
191138,0.11210316
191140,0.022442767
191141,0.0065286253
191143,0.06939237
191145,0.15550803
191161,0.07882008
191167,0.033163466
191192,0.027013509
191199,0.037055902
191200,0.021635834
191205,0.023725232
191206,0.01648084
191214,0.029310605
191217,0.013359494
191222,0.03641201
191224,0.012532256
191232,0.2419776
191238,0.0157818
191243,0.03557378
191247,0.03408727
191250,0.013796361
191266,0.035452392
191278,0.016196528
191279,0.019813253
191282,0.07693168
191287,0.06797155
191290,0.042926878
191291,0.15897825
191296,0.10464641
191301,0.020182092
191304,0.03253388
191305,0.023034915
191306,0.17420913
191324,0.123574264
191359,0.021813534
191360,0.09534974
191362,0.017886117
191371,0.14198895
191379,0.22493477
191394,0.023225388
191413,0.15446132
191430,0.0077702794
191435,0.013743871
191449,0.021940725
191452,0.018180229
191464,0.08453956
191465,0.011425839
191466,0.03150889
191469,0.117855884
191490,0.32154933
191494,0.10554306
191498,0.1001703
191506,0.08215205
191508,0.026251858
191509,0.031660397
191515,0.27054036
191524,0.02007341
191548,0.042891137
191562,0.013025585
191568,0.060355898
191596,0.09954414
191609,0.029524442
191619,0.021723587
191624,0.033898436
191628,0.0041741678
191630,0.0657373
191648,0.17536569
191649,0.055147875
191654,0.04651259
191655,0.017889135
191659,0.0432804
191674,0.14432517
191675,0.007051384
191680,0.042947605
191681,0.017848797
191684,0.02710053
191686,0.00732498
191721,0.26596346
191722,0.011563778
191726,0.074988835
191727,0.030685993
191732,0.10329881
191735,0.016559402
191738,0.30834705
191745,0.12914889
191746,0.074603066
191751,0.027488109
191761,0.15105899
191772,0.025616402
191785,0.064659886
191794,0.013595031
191799,0.029545851
191806,0.18069442
191807,0.0115990685
191809,0.13433589
191824,0.13665758
191826,0.027788686
191834,0.09324864
191837,0.027113192
191841,0.036042307
191845,0.009194114
191847,0.17876822
191850,0.040453766
191869,0.048687376
191873,0.020227406
191876,0.027207997
191878,0.1653825
191880,0.014048254
191881,0.032674313
191883,0.051823758
191898,0.066782564
191907,0.016942656
191910,0.020913746
191918,0.03389762
191920,0.08537266
191923,0.07095292
191942,0.036689598
191943,0.083107665
191951,0.072104365
191952,0.016985983
191958,0.06206021
191963,0.2682783
191971,0.16295533
191992,0.16739358
192000,0.20439744
192001,0.07727003
192008,0.029392852
192018,0.008798904
192029,0.0043701255
192030,0.038348343
192031,0.013732736
192043,0.04935561
192045,0.05020404
192052,0.113821484
192056,0.017171746
192071,0.084999636
192082,0.032212775
192088,0.013123968
192103,0.0107373465
192105,0.082210906
192119,0.012193472
192144,0.11304503
192151,0.033833567
192158,0.027549691
192163,0.011325121
192172,0.09188815
192176,0.018731363
192177,0.0478767
192212,0.0577101
192221,0.35044986
192223,0.35231897
192224,0.062176164
192238,0.054868005
192239,0.07187837
192252,0.2722483
192259,0.029137824
192268,0.016370622
192274,0.039288644
192276,0.04276668
192277,0.05092492
192289,0.009498896
192296,0.052770257
192308,0.07433908
192309,0.009344408
192315,0.05803786
192322,0.101704545
192324,0.02753059
192343,0.07140649
192345,0.015130493
192367,0.06152996
192375,0.012167897
192382,0.17756641
192389,0.015697684
192390,0.08082802
192391,0.12679048
192423,0.009228116
192427,0.029469173
192431,0.057078
192433,0.014028876
192451,0.039969098
192453,0.0596948
192455,0.014364339
192468,0.03736794
192469,0.0135434875
192474,0.0069189854
192481,0.04170061
192482,0.022430079
192483,0.027099827
192486,0.118017755
192490,0.04805558
192491,0.11985061
192494,0.038714226
192507,0.006926598
192508,0.013959165
192509,0.18940583
192525,0.13520944
192526,0.04872329
192528,0.02308172
192535,0.073740944
192545,0.23653041
192548,0.0521057
192572,0.20162675
192594,0.07648239
192607,0.013703372
192625,0.15075332
192626,0.03462411
192631,0.028729973
192632,0.07221036
192636,0.021041546
192637,0.027443904
192655,0.014204107
192657,0.005366783
192674,0.099751644
192675,0.023306658
192680,0.15471335
192682,0.061965354
192686,0.06517803
192698,0.0937246
192703,0.018050475
192705,0.013658186
192717,0.039686706
192720,0.013551136
192721,0.05167579
192722,0.036964115
192728,0.010487989
192734,0.019630903
192739,0.039839804
192740,0.076649636
192752,0.011880232
192761,0.007410533
192770,0.013886011
192780,0.028941525
192782,0.049147468
192783,0.20256348
192789,0.061146475
192796,0.011053171
192800,0.028694201
192802,0.024476117
192811,0.0460741
192812,0.030429719
192815,0.009084657
192838,0.18565202
192861,0.023306502
192868,0.034131642
192872,0.04969557
192876,0.029065616
192877,0.032417804
192897,0.18886876
192898,0.016399898
192903,0.06204797
192904,0.077410415
192905,0.008010465
192911,0.44563287
192920,0.05897455
192921,0.03980962
192922,0.13147238
192942,0.040484697
192946,0.18503836
192963,0.03324012
192978,0.098561905
192979,0.18073522
192981,0.15345895
192991,0.05984708
192995,0.03730966
192998,0.09029993
193019,0.03254828
193027,0.022849005
193028,0.023193551
193032,0.007653947
193036,0.06680883
193044,0.012083112
193046,0.010474798
193049,0.015294564
193050,0.034267418
193054,0.038197592
193057,0.017323907
193060,0.17693041
193075,0.01991575
193088,0.003755484
193091,0.037678253
193112,0.022402968
193122,0.02140495
193123,0.11926991
193128,0.04035354
193133,0.023246098
193143,0.045223396
193150,0.10812648
193151,0.007243111
193160,0.42674118
193180,0.13632809
193198,0.022729203
193204,0.088008486
193207,0.018584577
193210,0.19423816
193225,0.0444962
193232,0.11577395
193248,0.06963534
193249,0.25000334
193262,0.022955861
193270,0.06871386
193273,0.056353047
193275,0.008338259
193286,0.011657663
193289,0.22123025
193290,0.014077666
193311,0.35079604
193321,0.020792399
193322,0.027320024
193340,0.071026176
193349,0.014376023
193368,0.11311903
193369,0.034911238
193375,0.008422397
193385,0.13337491
193389,0.01751103
193394,0.039242532
193396,0.037218843
193398,0.009008519
193402,0.048516475
193409,0.0051493393
193421,0.059592817
193426,0.008366168
193430,0.014225188
193436,0.13289529
193437,0.048087325
193440,0.017106382
193441,0.20103642
193449,0.059247945
193462,0.009252457
193464,0.027064072
193468,0.016629847
193474,0.0076916763
193475,0.026500441
193479,0.1020873
193484,0.110701546
193488,0.022984087
193496,0.040165327
193507,0.022240207
193510,0.09979015
193512,0.014867586
193514,0.03828113
193515,0.09019392
193516,0.09575518
193520,0.008843252
193522,0.07758858
193541,0.013858346
193545,0.013858177
193549,0.09465506
193554,0.08770724
193558,0.24355802
193568,0.012726107
193569,0.21094759
193579,0.024536356
193587,0.023157194
193589,0.021453513
193613,0.02897191
193642,0.16519327
193643,0.048442032
193647,0.0115368385
193648,0.018962046
193663,0.052290004
193664,0.13528335
193665,0.020802174
193672,0.01786082
193675,0.12417382
193686,0.20546526
193692,0.026153382
193706,0.016901467
193725,0.016769912
193726,0.095892906
193727,0.03356011
193733,0.026402399
193738,0.25392443
193739,0.021411965
193745,0.09715811
193759,0.008403436
193767,0.0420232
193774,0.12046905
193776,0.011047593
193777,0.2679294
193787,0.27308774
193789,0.04109057
193793,0.036099024
193805,0.0052886284
193808,0.0113811
193816,0.029057983
193817,0.059767805
193821,0.11971766
193831,0.084869936
193832,0.009517535
193874,0.04875144
193879,0.025714563
193882,0.05156928
193910,0.02103307
193915,0.040232345
193916,0.05598604
193921,0.08577669
193924,0.10818602
193926,0.0040400205
193927,0.20703799
193949,0.009606797
193954,0.1243719
193966,0.22707231
193970,0.051727977
193971,0.07247581
193975,0.02163905
193980,0.04180107
193982,0.2087748
193983,0.035458576
193987,0.020020587
193997,0.021427559
194000,0.17427468
194013,0.021839695
194014,0.22014397
194026,0.024509627
194039,0.037549686
194042,0.016738808
194054,0.041647337
194057,0.058669098
194058,0.0073553366
194068,0.016017133
194071,0.040261902
194073,0.020599127
194075,0.063425474
194093,0.016080696
194098,0.075958885
194105,0.028370384
194106,0.19203086
194110,0.08013647
194128,0.03294983
194137,0.010956023
194149,0.017005602
194150,0.023647502
194155,0.08711246
194157,0.05460549
194158,0.01958593
194164,0.011746886
194165,0.037864525
194166,0.01855637
194170,0.021363173
194171,0.015934309
194177,0.02439298
194187,0.034084983
194188,0.014545961
194213,0.0387388
194229,0.13106619
194230,0.03273055
194241,0.0059980196
194243,0.065916024
194244,0.037362315
194276,0.013582089
194279,0.012784497
194280,0.022177875
194281,0.09540681
194291,0.013378346
194293,0.30239877
194306,0.008171844
194307,0.05508879
194308,0.020350536
194310,0.16641107
194314,0.08064513
194326,0.10961006
194330,0.109814174
194338,0.038445853
194366,0.13231845
194370,0.007488229
194371,0.0136426985
194379,0.017406553
194382,0.033242576
194383,0.18705757
194395,0.17242947
194402,0.010403367
194406,0.02455653
194408,0.17165874
194413,0.03719334
194414,0.01913913
194419,0.035459276
194423,0.14019841
194424,0.12911525
194429,0.024365127
194436,0.1448684
194468,0.05458243
194469,0.013253448
194478,0.031163557
194480,0.16561858
194484,0.065607674
194505,0.10338332
194514,0.025716094
194516,0.020909436
194523,0.1779111
194526,0.007510972
194533,0.013820379
194534,0.04488964
194536,0.05425974
194548,0.06030813
194552,0.1631288
194558,0.052535906
194561,0.093828104
194563,0.014615299
194569,0.09661305
194581,0.36415404
194586,0.018290201
194590,0.019026466
194598,0.051455937
194600,0.011471075
194603,0.011703788
194604,0.018292569
194605,0.055327892
194607,0.1351209
194610,0.03366281
194620,0.017194007
194627,0.16276067
194650,0.22371252
194652,0.031941544
194659,0.015790517
194660,0.059080217
194662,0.016082535
194665,0.02710585
194675,0.06619804
194677,0.042023357
194679,0.012573601
194691,0.34491646
194696,0.021823741
194713,0.097440116
194716,0.03536637
194717,0.029437732
194725,0.029863728
194732,0.023108054
194737,0.08886409
194738,0.18928468
194769,0.026527038
194791,0.025222888
194802,0.055535022
194806,0.064386435
194810,0.02103052
194812,0.0282609
194813,0.026580647
194816,0.02068645
194827,0.028042993
194844,0.015961196
194856,0.028667426
194860,0.018018005
194866,0.014053859
194867,0.013596654
194877,0.13646351
194879,0.17185256
194880,0.012445824
194881,0.025936648
194887,0.016880669
194900,0.01145948
194906,0.022543771
194907,0.06692897
194908,0.118778005
194914,0.077601284
194934,0.12793781
194955,0.1191547
194956,0.08192537
194965,0.01892592
194966,0.04794143
194980,0.025770599
194985,0.1096072
194986,0.076123975
194995,0.02329415
194999,0.020350538
195000,0.059780978
195010,0.07544526
195013,0.091058515
195044,0.03668612
195048,0.031886782
195050,0.6082874
195051,0.14930353
195055,0.18068516
195070,0.034527496
195074,0.086833365
195075,0.051159352
195077,0.17751889
195081,0.027927551
195088,0.014879342
195089,0.02704503
195091,0.012457269
195096,0.26332417
195100,0.06471637
195103,0.115193784
195116,0.021975797
195117,0.07901701
195129,0.124191165
195151,0.011210559
195158,0.044657912
195164,0.042612262
195176,0.11478075
195186,0.08216458
195187,0.2655632
195198,0.037613366
195201,0.028346526
195207,0.040677954
195214,0.070533894
195215,0.07859911
195234,0.037894487
195235,0.016779827
195239,0.040742863
195240,0.03765121
195253,0.068180665
195255,0.014876
195280,0.024592036
195291,0.016727392
195293,0.061970185
195300,0.015521487
195306,0.026448559
195307,0.04156897
195322,0.040962286
195326,0.057161864
195330,0.004596269
195341,0.16606808
195343,0.0697712
195367,0.02353748
195369,0.050063662
195371,0.011751414
195372,0.017361235
195389,0.062189333
195415,0.0080802785
195435,0.037340295
195439,0.025260916
195440,0.06320618
195444,0.02923878
195447,0.012017025
195450,0.012351964
195451,0.025079757
195456,0.040962595
195457,0.07179497
195461,0.1999535
195462,0.079387106
195463,0.01777729
195466,0.039963853
195468,0.011690893
195469,0.035744242
195489,0.018695038
195495,0.037940275
195496,0.06339775
195504,0.11565962
195505,0.102933824
195506,0.06616745
195511,0.029277353
195518,0.021861242
195519,0.08093569
195529,0.021671815
195531,0.03364519
195546,0.020725692
195547,0.016208228
195552,0.042464044
195577,0.02171479
195579,0.033422276
195588,0.047160912
195597,0.036100794
195607,0.009441832
195617,0.014679467
195626,0.06804785
195632,0.23283768
195634,0.16394396
195635,0.011911658
195645,0.05311943
195648,0.040113427
195674,0.11462063
195691,0.013763761
195695,0.22686954
195703,0.1010328
195710,0.04488663
195711,0.021305308
195727,0.0906398
195729,0.020325208
195734,0.028807588
195739,0.07459478
195740,0.0065731434
195746,0.22061132
195750,0.15710676
195769,0.11706496
195772,0.04491313
195785,0.009438007
195789,0.22435158
195793,0.074991114
195801,0.03222727
195803,0.016690644
195810,0.11857877
195818,0.022479761
195819,0.28595918
195823,0.06912712
195828,0.07733123
195836,0.034342453
195843,0.044594847
195858,0.08321962
195876,0.077181734
195890,0.033460088
195891,0.035672605
195900,0.03460822
195905,0.036908545
195910,0.08581173
195911,0.0905207
195912,0.076825514
195917,0.12894753
195918,0.12075217
195923,0.33667707
195937,0.18902424
195940,0.41898656
195945,0.01596892
195946,0.026227921
195948,0.065107666
195955,0.023050727
195957,0.2199692
195958,0.011681613
195959,0.3057237
195970,0.01250074
195974,0.0101045845
195979,0.09986768
195990,0.057344098
196004,0.040266212
196007,0.16351347
196012,0.24799067
196019,0.051737312
196029,0.15092082
196034,0.078625716
196042,0.044886064
196066,0.2751726
196067,0.06097447
196071,0.018406805
196074,0.2342603
196075,0.024055915
196079,0.009408879
196080,0.32187074
196082,0.019606654
196083,0.025296804
196085,0.1627465
196115,0.0314222
196118,0.114440255
196128,0.04170817
196149,0.037115384
196150,0.021891655
196162,0.12429435
196194,0.15264632
196198,0.013779589
196204,0.01044896
196206,0.025306726
196210,0.2186779
196220,0.049769703
196221,0.012881589
196230,0.009707023
196236,0.084623046
196242,0.06210307
196256,0.17493285
196261,0.3146572
196274,0.00862363
196281,0.018683765
196303,0.008503343
196305,0.18707952
196322,0.039921764
196343,0.008552544
196346,0.09075063
196354,0.0886013
196357,0.019217119
196359,0.009475273
196360,0.15249848
196361,0.009470447
196364,0.3358403
196371,0.008881988
196375,0.019974975
196377,0.011972101
196378,0.023569748
196381,0.022922736
196384,0.007990458
196385,0.120158866
196388,0.16430964
196394,0.18365563
196400,0.24583685
196401,0.04445041
196404,0.12163587
196411,0.046292823
196436,0.10044646
196443,0.073975176
196444,0.12882072
196446,0.21179372
196475,0.17597637
196476,0.09893462
196486,0.014587586
196489,0.20538764
196492,0.04769126
196498,0.1417468
196500,0.0063564023
196505,0.15457834
196507,0.028726565
196510,0.04384118
196514,0.012547549
196530,0.019646533
196544,0.0052122744
196551,0.05092501
196578,0.009902851
196585,0.12576786
196587,0.011935676
196588,0.16763337
196594,0.04101287
196598,0.14491892
196605,0.007460655
196618,0.018437164
196619,0.060094617
196623,0.11529816
196624,0.059913397
196643,0.049946785
196649,0.022386562
196650,0.009635719
196656,0.013008388
196663,0.24945392
196667,0.13236862
196669,0.18053888
196681,0.16984107
196717,0.036836162
196726,0.07551152
196728,0.005829925
196729,0.048774224
196731,0.06317638
196736,0.0321811
196738,0.03711414
196745,0.113042526
196747,0.012126092
196748,0.041949034
196753,0.014448509
196757,0.017789105
196760,0.091585435
196777,0.18632212
196788,0.026136352
196799,0.064439185
196808,0.03224378
196819,0.018179672
196825,0.019265844
196826,0.15275629
196834,0.0243405
196841,0.17680924
196847,0.04041863
196849,0.04392625
196851,0.049920164
196867,0.02797513
196884,0.018064069
196889,0.2528612
196898,0.056171358
196901,0.00759356
196917,0.07463028
196930,0.1873062
196936,0.05510247
196956,0.0064793373
196959,0.007958639
196962,0.04117518
196963,0.03534079
196971,0.20774141
196972,0.05847253
196977,0.028436488
196984,0.023893025
196985,0.12376615
197010,0.08306594
197029,0.07109205
197040,0.021484308
197058,0.09773222
197060,0.030495381
197064,0.21635099
197075,0.027568873
197083,0.120943226
197102,0.22676755
197103,0.15295233
197107,0.041681595
197129,0.026622638
197135,0.007951927
197140,0.011005589
197150,0.036519162
197152,0.0403779
197153,0.040943477
197154,0.0086813625
197156,0.12875813
197166,0.0176082
197167,0.011478069
197177,0.04593086
197178,0.022464672
197187,0.046229232
197191,0.01689284
197205,0.11229385
197206,0.16160503
197219,0.088417105
197224,0.0041195303
197245,0.046710536
197246,0.042367287
197273,0.14482105
197275,0.05004463
197278,0.03763541
197288,0.050748333
197290,0.073010325
197294,0.030004408
197295,0.036361415
197311,0.04543321
197314,0.06591907
197320,0.19990015
197321,0.12084177
197324,0.20682621
197327,0.025119506
197332,0.07122821
197333,0.12853384
197335,0.020994386
197348,0.009017901
197362,0.12594043
197363,0.2638878
197368,0.015708828
197378,0.100793205
197381,0.10041542
197384,0.030703804
197386,0.056232363
197393,0.03608314
197396,0.037552968
197400,0.019910319
197408,0.0135500515
197412,0.041823383
197413,0.12622994
197415,0.016571114
197418,0.15909408
197427,0.010641224
197443,0.12111371
197448,0.054027572
197449,0.012395791
197470,0.07343807
197478,0.049047172
197482,0.07106945
197488,0.041035533
197491,0.033815827
197495,0.08436928
197498,0.09702113
197502,0.14503947
197507,0.092195295
197509,0.10252701
197510,0.07330474
197512,0.069916874
197513,0.015856579
197524,0.041306287
197525,0.06338634
197529,0.5457087
197533,0.011548462
197534,0.15287226
197540,0.09799168
197541,0.011475743
197559,0.010211541
197566,0.021825368
197582,0.044891376
197585,0.034840964
197587,0.08016114
197595,0.1648634
197598,0.009548417
197601,0.011300999
197603,0.0633737
197607,0.071391486
197611,0.07066161
197625,0.08034981
197631,0.02293846
197633,0.029292315
197638,0.10541937
197640,0.05493174
197644,0.0046942737
197645,0.013962482
197646,0.12964858
197650,0.017394645
197657,0.045421798
197664,0.045875918
197668,0.032538217
197681,0.02461752
197682,0.055971447
197693,0.036708742
197695,0.12936154
197699,0.19151466
197709,0.019278081
197711,0.17969477
197715,0.010661868
197716,0.13278508
197722,0.2220236
197728,0.10516155
197729,0.02800638
197730,0.09781792
197744,0.03922016
197768,0.041846726
197770,0.02155273
197775,0.25368378
197788,0.015505575
197795,0.026474657
197806,0.1349157
197808,0.096830525
197812,0.07419658
197813,0.011972129
197822,0.017726472
197827,0.021504601
197828,0.02019006
197836,0.047756996
197857,0.020038763
197862,0.11669543
197872,0.023439717
197892,0.012952549
197903,0.05025949
197907,0.07725377
197908,0.05655584
197916,0.067711934
197921,0.018886345
197924,0.031891037
197930,0.05201679
197934,0.12210995
197942,0.03826892
197945,0.25826296
197958,0.011401413
197959,0.009336535
197967,0.065207094
197969,0.22238758
197978,0.16857429
197999,0.030782543
198001,0.22221673
198004,0.010037793
198007,0.015250638
198019,0.080585204
198020,0.024262555
198024,0.07525349
198026,0.097446
198038,0.054858033
198044,0.012563463
198050,0.16009893
198054,0.2237474
198055,0.03134357
198082,0.015857361
198094,0.012219395
198095,0.029191045
198099,0.048241027
198101,0.086381145
198102,0.025284711
198114,0.14770807
198125,0.04015124
198127,0.029939024
198128,0.022903016
198137,0.010365599
198141,0.010875825
198142,0.064384766
198155,0.035219584
198179,0.05110995
198181,0.22905134
198184,0.0446284
198185,0.027376164
198186,0.0512318
198187,0.044327497
198193,0.010951196
198197,0.027363883
198209,0.011962904
198221,0.074439816
198225,0.054691307
198229,0.12289271
198237,0.092311904
198239,0.2476211
198247,0.022265222
198253,0.054581605
198272,0.009253958
198279,0.0069425697
198282,0.021120043
198284,0.012918441
198285,0.015940052
198287,0.05452114
198294,0.050935674
198309,0.026336841
198312,0.13195868
198315,0.06419397
198323,0.04589805
198331,0.05673989
198333,0.26805848
198359,0.01759896
198370,0.049865074
198378,0.034283277
198379,0.13216057
198381,0.018359417
198383,0.035506703
198384,0.051338904
198385,0.080512196
198420,0.097682536
198421,0.124893785
198425,0.10454409
198427,0.11497962
198429,0.02156305
198437,0.017488291
198445,0.010837056
198452,0.017655343
198454,0.019297278
198487,0.011382679
198523,0.16420563
198528,0.073453195
198530,0.11453846
198539,0.008778178
198540,0.03584993
198547,0.038316257
198566,0.018618483
198568,0.01250694
198569,0.053786367
198595,0.015022527
198600,0.025000155
198614,0.041529033
198617,0.023304325
198619,0.45538265
198627,0.07292859
198640,0.01156019
198655,0.14677061
198664,0.091074005
198665,0.0069047916
198666,0.17577721
198670,0.021756995
198673,0.21506259
198680,0.047336902
198689,0.0229359
198690,0.071846485
198702,0.016446138
198703,0.015846075
198704,0.11501969
198714,0.102468796
198715,0.12284566
198717,0.007170326
198718,0.014498293
198720,0.15363911
198721,0.013549558
198730,0.029018229
198739,0.06340344
198754,0.017552122
198761,0.014084316
198772,0.009811785
198774,0.014902836
198775,0.09095971
198779,0.027192732
198783,0.01347914
198790,0.053478178
198794,0.11899375
198798,0.23672532
198799,0.035230506
198802,0.20346645
198806,0.041684676
198847,0.038897414
198854,0.18243794
198858,0.015997881
198859,0.11089922
198865,0.1079985
198872,0.0331279
198874,0.029915063
198878,0.036602955
198883,0.07351834
198884,0.038899682
198891,0.031385075
198899,0.08276245
198907,0.07411646
198916,0.06770331
198917,0.11771291
198934,0.011653228
198937,0.008464907
198938,0.008001068
198941,0.0516554
198957,0.017048232
198966,0.025969006
198984,0.015161564
198997,0.0029301706
199001,0.10412128
199003,0.0718984
199009,0.030407475
199011,0.023498628
199013,0.030372301
199015,0.009907595
199024,0.04452991
199026,0.05922033
199027,0.173467
199029,0.024385447
199030,0.056461856
199041,0.01568812
199048,0.12169977
199057,0.019835481
199058,0.0073545286
199062,0.015063263
199067,0.015662247
199070,0.053869646
199075,0.017672539
199076,0.005711445
199092,0.046653334
199096,0.0093738055
199104,0.1516198
199114,0.04316031
199115,0.009296982
199117,0.042307213
199126,0.15523045
199131,0.058919612
199141,0.023785815
199145,0.023977846
199150,0.14442974
199151,0.022775663
199153,0.0060966993
199166,0.01033601
199167,0.055661622
199177,0.14439002
199182,0.019308854
199183,0.11738744
199185,0.0046626586
199212,0.015928866
199213,0.13475361
199222,0.17956942
199229,0.031002829
199230,0.043396395
199242,0.56176
199243,0.00632576
199246,0.039328467
199247,0.071974136
199249,0.033650097
199262,0.117144585
199263,0.019127276
199275,0.006089545
199276,0.060731083
199287,0.025968459
199298,0.03274804
199304,0.061931547
199307,0.014429738
199311,0.09764392
199316,0.008882936
199320,0.18607394
199321,0.06276084
199325,0.0505244
199326,0.1420319
199327,0.070159525
199334,0.019907396
199344,0.2289302
199345,0.0413499
199352,0.08616622
199364,0.19017003
199378,0.031090967
199379,0.021518756
199387,0.016820513
199405,0.07399105
199418,0.20408146
199424,0.07019835
199425,0.012425062
199432,0.022834621
199433,0.06523789
199442,0.13321494
199446,0.030247372
199457,0.025662752
199458,0.023665665
199477,0.070382245
199522,0.04377202
199525,0.082816824
199533,0.10400778
199536,0.033812888
199537,0.012965038
199550,0.09366903
199560,0.031627163
199564,0.1519152
199575,0.05655973
199580,0.008327834
199586,0.020764634
199597,0.04083157
199598,0.06310029
199604,0.015766406
199608,0.08771772
199609,0.16010967
199616,0.017552892
199625,0.09690331
199648,0.38651997
199650,0.029305166
199655,0.006893781
199663,0.011089996
199670,0.014563401
199673,0.056682646
199685,0.027654272
199696,0.040285375
199703,0.039383236
199704,0.037156574
199706,0.025282847
199727,0.0472156
199740,0.12717737
199746,0.29032066
199764,0.17423347
199766,0.12630908
199785,0.009628181
199786,0.010122006
199795,0.02820239
199797,0.038040243
199803,0.26824307
199804,0.14803298
199810,0.1028148
199815,0.036391363
199822,0.03688433
199824,0.021440852
199828,0.08368649
199833,0.19710806
199840,0.07191205
199844,0.022974309
199846,0.05540039
199858,0.07190334
199862,0.045078557
199865,0.08131526
199866,0.037143007
199869,0.04101242
199870,0.02002112
199871,0.040818542
199878,0.010859354
199889,0.067449234
199891,0.040477127
199898,0.007708506
199903,0.00648679
199904,0.010921247
199924,0.08854699
199950,0.008613231
199954,0.056387782
199956,0.010402901
199962,0.12293584
199965,0.39441538
199971,0.010488165
199972,0.0683203
199988,0.15895684
199995,0.2501979
199997,0.045330603
199998,0.047834054
199999,0.025676224
200011,0.07233044
200012,0.010309172
200016,0.0071910815
200019,0.004152355
200030,0.026023181
200031,0.0501778
200032,0.020620264
200038,0.043938316
200043,0.014364374
200044,0.06708521
200045,0.14598198
200053,0.13492538
200057,0.021585751
200061,0.022424107
200064,0.039517347
200071,0.19799487
200084,0.19137886
200085,0.0095093995
200086,0.064884625
200093,0.059195
200095,0.06110596
200105,0.026464585
200111,0.039707903
200116,0.258614
200125,0.26850173
200126,0.07514163
200157,0.032536343
200173,0.22317062
200181,0.08043472
200185,0.024784574
200187,0.019744141
200193,0.020270288
200200,0.08630713
200202,0.011787449
200206,0.12510636
200207,0.007974135
200216,0.0036069315
200229,0.049320668
200234,0.0038660888
200241,0.085032016
200244,0.012968553
200258,0.05384622
200262,0.12137565
200268,0.2301068
200277,0.052313454
200286,0.008208876
200293,0.04572259
200299,0.31229475
200306,0.024363229
200335,0.020113276
200358,0.059476614
200366,0.019191632
200367,0.0062831254
200370,0.013896217
200373,0.1392381
200374,0.029709652
200383,0.032401178
200387,0.047019813
200390,0.16512293
200391,0.083860725
200421,0.22883366
200437,0.0257846
200442,0.012965891
200447,0.008882033
200460,0.02109307
200463,0.10361899
200467,0.19569303
200487,0.047134448
200488,0.03286663
200490,0.07464946
200493,0.038882375
200494,0.048210803
200501,0.07341076
200506,0.056870323
200516,0.014430156
200518,0.030823834
200520,0.08014465
200523,0.06937447
200524,0.08095085
200525,0.018652193
200534,0.038747292
200538,0.060765043
200552,0.031106155
200556,0.014319633
200557,0.117228165
200567,0.019159636
200568,0.0343016
200570,0.026607791
200572,0.09559507
200576,0.024521789
200585,0.080969185
200587,0.17417671
200588,0.10912158
200593,0.102429405
200594,0.044950098
200595,0.06140207
200603,0.20979191
200615,0.03445605
200624,0.059636682
200631,0.21620129
200632,0.00794074
200636,0.0204164
200638,0.020052182
200641,0.024513459
200650,0.028285071
200653,0.012614485
200657,0.06630988
200668,0.19669223
200669,0.018127855
200670,0.019127442
200676,0.03898746
200697,0.011146256
200710,0.052284535
200720,0.024716517
200729,0.0051980005
200749,0.07926701
200753,0.1191848
200755,0.05965858
200756,0.025621643
200757,0.087031394
200768,0.025064617
200776,0.011672793
200799,0.11783843
200801,0.008208287
200810,0.10455572
200823,0.055958018
200832,0.3901558
200836,0.017778499
200838,0.012375384
200864,0.19177015
200867,0.0341849
200869,0.028353734
200873,0.07790822
200876,0.023511935
200881,0.022569107
200883,0.012121357
200890,0.04153718
200895,0.017237436
200897,0.027071696
200899,0.03758488
200900,0.028296864
200907,0.050114714
200912,0.017605033
200926,0.07704849
200930,0.08878971
200971,0.0029020752
200974,0.017766638
200979,0.011739321
200998,0.09805598
201008,0.1677622
201018,0.07661552
201026,0.016969457
201043,0.023466779
201049,0.010527706
201050,0.06752912
201061,0.048165686
201062,0.010031672
201072,0.015577548
201076,0.07608703
201077,0.1055422
201081,0.14033478
201084,0.2551748
201089,0.03656577
201092,0.011914941
201109,0.039047137
201110,0.07361084
201116,0.012528612
201122,0.12964833
201135,0.10882989
201143,0.0040580914
201153,0.018460615
201159,0.030006679
201165,0.00841839
201187,0.092234924
201197,0.02989951
201218,0.08882192
201219,0.07224229
201231,0.023550782
201234,0.016562289
201243,0.018310659
201246,0.1205146
201254,0.040415052
201256,0.011641804
201262,0.5658203
201263,0.03675143
201272,0.26304108
201273,0.026184205
201281,0.08232644
201290,0.02408289
201294,0.063428275
201296,0.0049811476
201320,0.015120601
201332,0.034009174
201342,0.06703032
201343,0.021531506
201347,0.066363625
201350,0.01898756
201351,0.095933184
201362,0.15985355
201363,0.04533156
201368,0.1279494
201373,0.027853616
201375,0.02180688
201378,0.039259028
201386,0.045907762
201387,0.012224068
201390,0.26863483
201393,0.10734455
201409,0.025856605
201442,0.030512065
201444,0.055604238
201447,0.1345736
201451,0.016659543
201474,0.06207813
201481,0.051432293
201491,0.020658229
201498,0.032515816
201499,0.20231505
201501,0.07284435
201502,0.012450357
201516,0.044699684
201517,0.028345246
201524,0.019008225
201526,0.6219969
201528,0.00586113
201532,0.028405149
201543,0.27624407
201544,0.03973288
201546,0.12072148
201552,0.030671455
201554,0.06505715
201556,0.014730325
201557,0.016688202
201559,0.117705904
201575,0.04549247
201592,0.14830624
201593,0.09061393
201600,0.039486546
201630,0.09995774
201631,0.06599933
201635,0.009027418
201638,0.050267264
201642,0.033612024
201645,0.008743647
201660,0.009219859
201663,0.028420577
201665,0.010933844
201674,0.024536693
201675,0.01675816
201677,0.06551505
201688,0.3111937
201698,0.04526874
201706,0.010765289
201709,0.00956382
201710,0.20056063
201718,0.049983013
201720,0.06578254
201727,0.07122727
201730,0.029458208
201732,0.09831623
201733,0.012655506
201736,0.06582168
201738,0.04052574
201744,0.13241124
201747,0.109361775
201751,0.10788481
201766,0.19147871
201777,0.0140944645
201778,0.03298928
201785,0.1500505
201804,0.0140728485
201808,0.11217719
201813,0.1962967
201815,0.010887163
201820,0.04628445
201825,0.03342127
201830,0.021902706
201838,0.0033389407
201839,0.11815608
201845,0.062093727
201849,0.0064482084
201850,0.014328546
201853,0.0140073905
201856,0.03165401
201873,0.086052865
201875,0.018060561
201906,0.16948344
201907,0.068785705
201908,0.028279154
201909,0.09068871
201911,0.09198047
201927,0.011217345
201928,0.030390372
201937,0.023979211
201943,0.041934982
201946,0.022527244
201948,0.015879745
201949,0.062346954
201955,0.005884103
201962,0.018591858
201977,0.015606551
201996,0.018054867
201997,0.15896039
202004,0.07467961
202005,0.027045535
202006,0.067173816
202010,0.011054344
202020,0.03761047
202029,0.23497634
202033,0.03211519
202034,0.08766321
202040,0.28528193
202045,0.010914798
202048,0.012378894
202055,0.015608095
202058,0.019025175
202062,0.030701462
202073,0.11040804
202078,0.0188871
202079,0.16075379
202080,0.057054166
202085,0.060391538
202090,0.03662489
202092,0.08622167
202114,0.017054485
202124,0.0089966385
202133,0.04224492
202136,0.042985085
202150,0.011865542
202156,0.013556169
202159,0.042662352
202165,0.011249335
202167,0.080618806
202168,0.033817537
202169,0.06281947
202170,0.13137735
202204,0.018562544
202209,0.026680557
202216,0.053330377
202220,0.045131754
202228,0.027931834
202229,0.027248394
202231,0.079418845
202232,0.008373986
202234,0.2503078
202252,0.13922389
202253,0.097342156
202272,0.016520329
202273,0.021210428
202292,0.018115666
202300,0.017579334
202302,0.027195439
202311,0.0032298935
202316,0.030190123
202318,0.1098572
202324,0.057783753
202343,0.09681824
202344,0.121489406
202349,0.019794095
202351,0.07690708
202355,0.0037010808
202379,0.12178203
202407,0.008111139
202409,0.10636193
202410,0.023062782
202422,0.061678033
202423,0.071221545
202435,0.031236408
202437,0.18277673
202438,0.06921474
202439,0.13656273
202441,0.06770371
202444,0.008807303
202446,0.12796734
202450,0.03380884
202455,0.04545896
202457,0.021188568
202461,0.058627944
202463,0.17299247
202473,0.015050561
202478,0.05653094
202484,0.2360077
202490,0.02366027
202491,0.008987559
202492,0.107921995
202497,0.15513775
202508,0.040038973
202509,0.07051286
202510,0.0097081205
202511,0.07797584
202514,0.01146231
202524,0.039184682
202527,0.07767437
202547,0.037904244
202554,0.030397646
202557,0.0853236
202568,0.23622322
202573,0.032270636
202587,0.0066994843
202599,0.04235792
202610,0.05149554
202613,0.04183506
202618,0.29347947
202621,0.022789076
202645,0.05178547
202646,0.006318049
202649,0.06904902
202653,0.049856227
202655,0.0258188
202656,0.064823255
202659,0.12780875
202661,0.049443748
202681,0.043724503
202688,0.066669896
202691,0.007812611
202692,0.0060363235
202697,0.1598324
202698,0.13528094
202717,0.044273116
202720,0.16569924
202724,0.111034945
202725,0.082895726
202734,0.18416385
202740,0.015127497
202743,0.027289098
202746,0.005418797
202760,0.023033999
202761,0.021234738
202765,0.022637984
202769,0.08934618
202785,0.047975253
202793,0.08044308
202796,0.05317983
202805,0.0028637787
202816,0.072788075
202823,0.09244546
202825,0.024179697
202829,0.016140597
202830,0.14280277
202848,0.07133812
202861,0.08821966
202862,0.060584746
202863,0.01147727
202879,0.076765545
202889,0.014965702
202894,0.121952206
202895,0.029998051
202897,0.01799424
202899,0.033943065
202900,0.048004977
202907,0.020447372
202927,0.06345714
202945,0.0125044165
202951,0.07135352
202955,0.023354253
202960,0.014773562
202967,0.07333925
202972,0.032289952
202982,0.085011676
202993,0.011929331
202996,0.018917896
202998,0.033485975
203008,0.015910389
203026,0.077089936
203038,0.14691724
203044,0.024670023
203054,0.0137529895
203070,0.23433447
203075,0.019114764
203082,0.026887063
203089,0.038840096
203090,0.014670255
203098,0.1742502
203108,0.037311316
203109,0.013410775
203113,0.022001307
203123,0.01468473
203124,0.0080920765
203128,0.09799281
203129,0.35982606
203131,0.17220037
203142,0.044223197
203154,0.043233063
203175,0.04056978
203176,0.11480746
203183,0.038307063
203185,0.014873033
203195,0.08501679
203201,0.058122844
203205,0.06933681
203218,0.035871636
203241,0.022894802
203244,0.13534966
203245,0.026028756
203253,0.27697814
203259,0.03815323
203264,0.5572976
203276,0.033661094
203283,0.039179076
203286,0.007694258
203288,0.027502093
203290,0.023037203
203298,0.09018997
203300,0.07245058
203312,0.033664696
203318,0.019917823
203331,0.08022184
203337,0.0033171638
203339,0.019799205
203344,0.01215525
203348,0.13662294
203349,0.0059755975
203350,0.03179757
203358,0.2555628
203366,0.04251469
203371,0.013095082
203377,0.090576634
203399,0.051086728
203402,0.023188869
203407,0.14619125
203410,0.07943252
203421,0.10051021
203428,0.03761842
203431,0.12180016
203433,0.11960664
203459,0.027479457
203460,0.30835608
203462,0.16213688
203470,0.02516025
203475,0.23734218
203476,0.023752261
203496,0.1725593
203518,0.013321088
203547,0.0198298
203549,0.016237872
203550,0.018417837
203552,0.005779807
203561,0.040412664
203564,0.088939585
203567,0.06562795
203575,0.043901272
203590,0.039387878
203591,0.010564081
203605,0.046827823
203606,0.026455337
203640,0.052487366
203643,0.4783945
203647,0.072829664
203648,0.015630523
203669,0.020787438
203671,0.0052129608
203692,0.01921419
203695,0.07297489
203706,0.026401306
203713,0.048399124
203730,0.018349214
203736,0.020501582
203745,0.23651804
203751,0.06291458
203753,0.019864216
203755,0.015164153
203762,0.09327103
203769,0.008708
203774,0.024151675
203796,0.021481182
203799,0.027759066
203806,0.01971552
203807,0.10948023
203810,0.011373451
203816,0.11935047
203821,0.35201532
203822,0.023113688
203850,0.0418827
203854,0.009528576
203862,0.0483696
203868,0.03452431
203869,0.031346764
203870,0.021254629
203876,0.017849948
203878,0.033705484
203889,0.013551137
203897,0.02632977
203905,0.24004619
203914,0.072376445
203915,0.031741176
203950,0.05270736
203956,0.018665358
203957,0.022500688
203973,0.05853197
203975,0.014286201
203980,0.044676732
203997,0.039971717
204001,0.05573459
204008,0.060424875
204017,0.030214446
204020,0.0813818
204021,0.060076576
204026,0.061453473
204027,0.014422673
204043,0.015424526
204047,0.033676434
204055,0.012117761
204059,0.027561378
204060,0.06599909
204061,0.013594853
204073,0.04468294
204076,0.10132535
204086,0.11070454
204088,0.015124397
204102,0.13953516
204116,0.09996495
204117,0.06509712
204121,0.08995858
204129,0.008784851
204139,0.21901944
204148,0.021766048
204149,0.047198012
204175,0.008865946
204181,0.21589355
204183,0.009096517
204187,0.050516065
204193,0.111247905
204194,0.07922642
204195,0.019978188
204196,0.09593383
204202,0.049964406
204206,0.010826508
204207,0.14388391
204214,0.016746927
204222,0.050391376
204226,0.008478626
204227,0.09728045
204228,0.08880237
204231,0.1584989
204232,0.26398438
204235,0.34157825
204237,0.011133756
204239,0.01502592
204242,0.027881082
204254,0.0189841
204255,0.079180405
204259,0.0367457
204268,0.02675508
204280,0.030181836
204282,0.08018226
204307,0.0060357386
204314,0.047453023
204318,0.024723772
204321,0.0387228
204330,0.019028828
204335,0.09635822
204339,0.30268955
204344,0.013796196
204350,0.14394662
204371,0.005912379
204372,0.051273588
204374,0.062417608
204383,0.05296158
204392,0.1699143
204403,0.007062728
204409,0.0086117545
204416,0.068534575
204417,0.03643486
204437,0.08028008
204440,0.012469349
204445,0.005998493
204446,0.08112149
204449,0.31886655
204468,0.033302378
204504,0.033930887
204506,0.012213311
204536,0.019093923
204539,0.15369883
204601,0.012514513
204614,0.083455965
204616,0.14119788
204618,0.1056712
204623,0.024181295
204630,0.051535316
204636,0.10597801
204639,0.012322028
204642,0.04746056
204644,0.019479875
204648,0.016278377
204662,0.025352914
204673,0.011915896
204674,0.057609674
204681,0.0043814806
204682,0.014819875
204683,0.22227776
204689,0.116130546
204690,0.047169477
204707,0.054878768
204728,0.05018155
204736,0.10508596
204740,0.015115963
204749,0.0371283
204756,0.023507474
204771,0.0073289736
204778,0.018636253
204808,0.014695171
204822,0.23264901
204827,0.12302671
204831,0.07536058
204836,0.030733712
204837,0.0047959536
204843,0.03683527
204846,0.01451926
204847,0.022794938
204850,0.035148945
204852,0.013020224
204854,0.023831993
204856,0.15883592
204857,0.089659296
204863,0.04535757
204870,0.0077560986
204885,0.09098278
204895,0.101220176
204905,0.033560824
204911,0.040261544
204927,0.039300952
204929,0.03270848
204941,0.118770264
204959,0.061141066
204962,0.12812561
204965,0.44344094
204970,0.15703402
204971,0.020362241
204972,0.07486779
205000,0.075109676
205011,0.033988852
205013,0.013352884
205014,0.24003658
205019,0.016235914
205043,0.03646296
205045,0.05263307
205054,0.024607625
205066,0.04383009
205069,0.1090911
205070,0.010954219
205071,0.094720945
205073,0.03167659
205077,0.043139502
205078,0.018268773
205088,0.034901977
205104,0.052942537
205107,0.007765119
205117,0.010416254
205118,0.00956809
205128,0.073812604
205134,0.0130619025
205140,0.010481264
205141,0.2990552
205142,0.005195665
205153,0.26481947
205158,0.024886133
205169,0.01134589
205170,0.069324
205183,0.026335834
205184,0.011508812
205197,0.017860927
205199,0.06509786
205204,0.0044798413
205208,0.029799704
205209,0.007273086
205210,0.060113687
205216,0.021460136
205219,0.16355413
205222,0.083435036
205225,0.012317484
205235,0.05415875
205236,0.0236124
205241,0.006508449
205244,0.020312276
205251,0.123010114
205252,0.15228975
205258,0.017215734
205262,0.05666041
205264,0.011639748
205274,0.3334461
205277,0.052610848
205281,0.016430678
205306,0.011623911
205307,0.061420307
205323,0.023837015
205336,0.22213905
205337,0.29975396
205360,0.10065156
205363,0.02522527
205365,0.0142414365
205367,0.12816724
205368,0.007892909
205375,0.008496748
205403,0.036589205
205411,0.029864555
205415,0.017353145
205429,0.08494724
205434,0.07377586
205445,0.021973133
205463,0.12078645
205471,0.023637896
205472,0.1193053
205479,0.12198549
205480,0.023429835
205493,0.10158461
205503,0.07444865
205508,0.01787442
205524,0.10760589
205525,0.031627815
205526,0.012041297
205533,0.019674957
205542,0.013186902
205545,0.03333977
205552,0.013279231
205561,0.045971554
205563,0.01101258
205564,0.052677266
205565,0.008171975
205566,0.012122535
205569,0.037151784
205579,0.031787757
205585,0.10753218
205587,0.010199425
205588,0.028595088
205591,0.026258815
205594,0.26648378
205600,0.055255327
205608,0.025101488
205613,0.029006584
205618,0.05352629
205619,0.0036744985
205623,0.0020286653
205627,0.2160973
205628,0.181342
205635,0.0094905635
205638,0.019409833
205640,0.12805888
205641,0.25363013
205642,0.2893644
205643,0.0144694
205646,0.060656633
205655,0.044146653
205672,0.023325173
205678,0.03505724
205681,0.031793974
205682,0.024800273
205690,0.0046645273
205693,0.042479157
205695,0.035633806
205724,0.008219902
205738,0.014749585
205741,0.042136297
205744,0.019729504
205750,0.013003855
205751,0.075137265
205752,0.015503323
205766,0.022565655
205773,0.058205917
205775,0.07625805
205776,0.016421951
205789,0.27938214
205793,0.042427137
205797,0.01628828
205798,0.024695337
205802,0.008891985
205806,0.046953935
205807,0.016350215
205815,0.028201258
205819,0.029973658
205821,0.046540048
205822,0.068121396
205831,0.06697917
205832,0.039420065
205836,0.013262137
205843,0.07094221
205862,0.045387432
205863,0.016899863
205866,0.049575035
205873,0.040799674
205877,0.046992958
205879,0.06359573
205880,0.008878823
205886,0.07344656
205898,0.048055355
205903,0.023482185
205907,0.089553125
205908,0.044724677
205909,0.019028794
205930,0.006237818
205931,0.006326897
205932,0.024003973
205951,0.010515433
205957,0.45120224
205960,0.031271067
205987,0.04039162
205994,0.24305867
205995,0.048002757
206006,0.016348572
206007,0.01300816
206013,0.017629202
206020,0.012908876
206030,0.007781425
206035,0.00493129
206038,0.004740921
206039,0.098967984
206061,0.02049259
206066,0.05234301
206068,0.055587575
206071,0.1510252
206076,0.077505834
206077,0.062940694
206091,0.068814285
206097,0.052537028
206101,0.035674322
206145,0.09747838
206147,0.019222049
206163,0.015752215
206171,0.019303346
206173,0.115137935
206174,0.404143
206197,0.038320452
206198,0.059126943
206209,0.081084624
206211,0.06399503
206213,0.019436795
206246,0.24228674
206252,0.056969754
206253,0.11129261
206254,0.088106036
206257,0.037352
206270,0.03359051
206283,0.00637503
206290,0.018534228
206291,0.023598153
206292,0.2025165
206307,0.08347729
206315,0.016851548
206319,0.16557376
206324,0.0926362
206326,0.16962883
206338,0.05516921
206339,0.019035017
206354,0.02252971
206359,0.02430827
206374,0.08151005
206377,0.015199634
206395,0.18770728
206403,0.022316907
206410,0.10022315
206413,0.03118312
206414,0.011552727
206418,0.10197488
206424,0.06266208
206427,0.03839523
206428,0.035229087
206429,0.07078655
206430,0.014707087
206447,0.014822968
206451,0.041372087
206465,0.1426774
206477,0.12482733
206484,0.023273759
206497,0.005481582
206517,0.031554706
206533,0.017008523
206542,0.07039037
206557,0.06835598
206563,0.022984855
206564,0.083859704
206565,0.023968384
206582,0.062519364
206593,0.1565799
206605,0.20744388
206606,0.016728321
206621,0.02654588
206639,0.016622795
206640,0.039420426
206641,0.013223552
206645,0.0345799
206656,0.12402589
206666,0.063384615
206679,0.059442334
206681,0.016769612
206684,0.07704768
206686,0.011913497
206687,0.018321605
206697,0.026500465
206700,0.041536484
206702,0.037030496
206703,0.012720441
206708,0.011370364
206710,0.034157556
206721,0.05236777
206723,0.027765272
206735,0.07780775
206739,0.12638713
206742,0.036631342
206744,0.16383262
206747,0.17659992
206752,0.013109998
206774,0.04047052
206776,0.20757958
206792,0.018133821
206799,0.068868026
206805,0.03484671
206806,0.1542608
206809,0.080991045
206812,0.0528309
206814,0.011574992
206830,0.015093664
206831,0.008794722
206878,0.12804164
206905,0.015746105
206908,0.10240411
206910,0.018975629
206917,0.013356075
206920,0.0815516
206927,0.037781995
206933,0.04686796
206945,0.04419974
206968,0.029849723
206987,0.03962741
206989,0.004206385
207017,0.27990815
207027,0.015119957
207029,0.051473584
207030,0.1643257
207035,0.044128124
207040,0.07565929
207043,0.15186168
207054,0.112541676
207055,0.00644528
207059,0.02268445
207060,0.0056021065
207062,0.013740261
207071,0.05859425
207073,0.18462133
207079,0.023369424
207100,0.022750776
207107,0.029173428
207129,0.027791811
207132,0.08566949
207139,0.040340822
207148,0.048609704
207153,0.032865476
207163,0.050665293
207164,0.008649257
207168,0.021346223
207171,0.0054970994
207173,0.10176982
207174,0.013036912
207181,0.029590277
207182,0.03647598
207198,0.0621561
207201,0.013708934
207213,0.06107259
207234,0.049562357
207238,0.01705813
207256,0.028501686
207257,0.13686475
207264,0.23048349
207268,0.20876703
207275,0.021492956
207291,0.04631221
207296,0.022491748
207304,0.16914672
207308,0.015492372
207314,0.0770928
207324,0.08474471
207332,0.025284454
207333,0.13928226
207339,0.027008675
207349,0.0073904977
207351,0.07873949
207359,0.07368217
207361,0.012023604
207365,0.021297272
207369,0.017498082
207372,0.013584572
207377,0.050596155
207380,0.005794188
207394,0.020373568
207412,0.090398885
207423,0.0448318
207426,0.014508237
207427,0.17835197
207428,0.10286416
207430,0.4259878
207437,0.05454915
207440,0.09076653
207455,0.012045929
207456,0.039720066
207471,0.047206953
207476,0.0146617675
207483,0.012258739
207497,0.015076201
207506,0.026441352
207515,0.18719709
207529,0.04835887
207533,0.009089862
207534,0.009271436
207541,0.05343415
207560,0.016216598
207561,0.18290289
207570,0.023735471
207600,0.022565302
207630,0.21542302
207633,0.44744986
207634,0.0047478685
207635,0.007820312
207660,0.011705466
207682,0.012048236
207684,0.091325745
207687,0.052088317
207706,0.15104803
207708,0.039897807
207713,0.044737335
207714,0.022072894
207718,0.0067068106
207721,0.010916414
207724,0.085193
207727,0.026373655
207731,0.024475524
207732,0.046200227
207734,0.021084838
207739,0.14653546
207744,0.11003267
207787,0.08389005
207792,0.056383323
207801,0.04306961
207811,0.12584405
207817,0.1190607
207818,0.11885498
207819,0.029285062
207830,0.057885747
207834,0.047326528
207841,0.20674145
207844,0.09832717
207849,0.09990921
207856,0.00989189
207865,0.011505363
207867,0.0955423
207873,0.16500372
207882,0.07574459
207887,0.021399511
207888,0.031000897
207889,0.015399161
207907,0.013059549
207921,0.23062462
207922,0.016383877
207928,0.10749448
207930,0.10134875
207940,0.005822993
207941,0.060236387
207956,0.044304807
207960,0.006227118
207961,0.1000134
207968,0.07662332
207971,0.062485218
207972,0.08193902
207975,0.054362576
207976,0.031248078
207979,0.18461943
207997,0.051971372
207999,0.26293546
208008,0.035074234
208027,0.17238583
208030,0.016465185
208033,0.38140815
208035,0.120803446
208040,0.031139841
208052,0.049127374
208067,0.0077248784
208090,0.013598834
208100,0.021517424
208102,0.017058142
208110,0.047856566
208117,0.014409033
208119,0.056421444
208123,0.1315385
208127,0.55214626
208136,0.022247886
208139,0.0039794976
208140,0.03973423
208144,0.07189494
208149,0.015806165
208156,0.112918966
208166,0.087252036
208168,0.024769401
208170,0.25984305
208172,0.13479286
208178,0.013963919
208193,0.049164467
208195,0.016695146
208211,0.014526996
208213,0.029283522
208229,0.054633208
208231,0.09694273
208235,0.004843634
208238,0.08805266
208240,0.050584685
208249,0.010402029
208262,0.06297684
208263,0.078052275
208270,0.026022285
208288,0.018830884
208292,0.03853666
208302,0.018238753
208303,0.14168626
208312,0.016060296
208317,0.020400092
208322,0.07684388
208331,0.04039532
208336,0.052326094
208337,0.060101
208339,0.09650911
208346,0.15055871
208353,0.05414563
208358,0.017717455
208359,0.042603962
208360,0.019491563
208370,0.0498271
208373,0.0045394525
208390,0.014056922
208391,0.14481387
208394,0.039457563
208396,0.030610405
208397,0.014882138
208398,0.08607429
208400,0.034889862
208410,0.026410088
208420,0.02034221
208421,0.1399803
208431,0.3030805
208450,0.030387329
208451,0.23036687
208455,0.07200805
208478,0.052658338
208479,0.023820417
208482,0.023430975
208502,0.15771534
208516,0.0195489
208518,0.014226525
208534,0.051814243
208550,0.009278083
208551,0.007548416
208566,0.0354379
208567,0.019311247
208575,0.042001665
208576,0.024406647
208588,0.023570465
208590,0.10002441
208595,0.009266955
208619,0.031690586
208620,0.02717335
208627,0.24926627
208629,0.036245983
208642,0.019840365
208645,0.015718678
208661,0.0065524485
208662,0.0043133805
208679,0.009118056
208681,0.012103362
208689,0.09968988
208696,0.039363287
208701,0.023697864
208707,0.08175883
208719,0.034375127
208720,0.046164766
208730,0.05192245
208748,0.012409291
208753,0.070835486
208755,0.06329831
208769,0.021158222
208775,0.0430283
208785,0.014966315
208796,0.02222826
208806,0.020046849
208815,0.124309115
208830,0.036050793
208833,0.39557013
208837,0.013413796
208842,0.017975438
208860,0.016257785
208874,0.05369791
208886,0.015336009
208897,0.033242214
208898,0.10185088
208905,0.07031891
208907,0.026455155
208924,0.067551285
208925,0.10161598
208933,0.034129202
208941,0.036432557
208948,0.014025949
208960,0.013968252
208962,0.022996988
208963,0.021443143
208965,0.015774364
208973,0.013209298
208974,0.039822172
208986,0.021691227
208992,0.018463017
208995,0.10417714
209001,0.010359215
209006,0.07100027
209012,0.018623354
209022,0.027990252
209055,0.1557289
209056,0.06043168
209057,0.061027408
209060,0.021354595
209067,0.017911177
209071,0.050464533
209078,0.01614976
209080,0.019444427
209094,0.019109871
209097,0.009604302
209098,0.0839796
209101,0.021382745
209108,0.019184496
209109,0.01796567
209111,0.008252593
209116,0.2252608
209117,0.3898018
209121,0.019221373
209126,0.011786279
209127,0.029863684
209141,0.014697225
209142,0.037958
209159,0.017033227
209164,0.13929947
209168,0.3663606
209177,0.12548558
209197,0.061229914
209202,0.19240268
209209,0.008273521
209211,0.0478432
209233,0.018914513
209234,0.023356896
209253,0.026927087
209260,0.034143396
209263,0.032009155
209268,0.034110166
209275,0.04265507
209288,0.16744754
209298,0.15779597
209305,0.13412917
209326,0.11489302
209340,0.07783897
209352,0.2716628
209362,0.027264157
209367,0.044736557
209369,0.024509156
209377,0.014533605
209387,0.04301084
209392,0.03282897
209393,0.011220342
209420,0.009453565
209423,0.15630299
209457,0.044673327
209458,0.11248693
209470,0.0494405
209479,0.08337387
209483,0.038362883
209488,0.1580893
209489,0.027863633
209497,0.04074612
209504,0.029978612
209510,0.04672215
209513,0.023618428
209547,0.014980049
209549,0.016853549
209556,0.0191543
209561,0.23934029
209565,0.23239651
209591,0.07519787
209595,0.079856806
209596,0.16788876
209608,0.052401166
209628,0.025277881
209643,0.096099205
209645,0.32545942
209651,0.044288047
209659,0.08039929
209660,0.025241219
209661,0.16292895
209665,0.031857155
209682,0.007419609
209687,0.05128998
209689,0.016775073
209699,0.036173634
209705,0.097069465
209707,0.02479686
209713,0.04420704
209717,0.046219982
209718,0.08970874
209723,0.22575903
209727,0.015445171
209729,0.017732559
209739,0.0095744105
209741,0.12426021
209744,0.12917338
209748,0.17419192
209749,0.024714792
209758,0.020259222
209761,0.06251877
209764,0.05379484
209772,0.01419566
209773,0.22009067
209794,0.030181877
209795,0.09997256
209814,0.046813987
209828,0.073390014
209838,0.022462705
209839,0.12977692
209845,0.49730423
209855,0.017829608
209862,0.029420407
209869,0.083718725
209872,0.036167152
209879,0.21866074
209881,0.03381139
209882,0.26355347
209893,0.2989745
209913,0.09592743
209918,0.04899633
209920,0.1940406
209921,0.030098429
209929,0.1421985
209943,0.12038425
209957,0.013913021
209960,0.048330393
209962,0.037667993
209969,0.053028107
209980,0.042093564
209986,0.033520713
209989,0.08039979
209990,0.028269382
209991,0.01603518
210007,0.0552842
210016,0.02365804
210018,0.029375697
210019,0.018720109
210020,0.00564482
210036,0.010997885
210050,0.058719132
210080,0.017475843
210084,0.02745757
210089,0.29201794
210104,0.10843396
210129,0.048972525
210135,0.027303435
210137,0.05930367
210140,0.0672784
210145,0.00886356
210146,0.0497857
210147,0.0749222
210152,0.009945431
210157,0.03382517
210158,0.032769043
210164,0.028204534
210170,0.03885629
210171,0.04271227
210173,0.14792891
210174,0.08393352
210176,0.118761
210190,0.013785176
210191,0.18848442
210195,0.22687733
210196,0.042423923
210201,0.012408281
210211,0.068499416
210231,0.01253081
210239,0.13589284
210241,0.024232566
210242,0.02474687
210255,0.068813056
210278,0.040261768
210283,0.006492768
210284,0.034551363
210304,0.007645666
210307,0.020450179
210330,0.08533949
210332,0.040555615
210350,0.27705163
210379,0.009629408
210385,0.0224509
210401,0.042136196
210405,0.037087347
210413,0.166939
210414,0.10108594
210415,0.09374893
210419,0.058877807
210429,0.022698697
210467,0.12364938
210481,0.019592268
210482,0.0070357923
210492,0.020202812
210502,0.2457212
210523,0.024127392
210525,0.076646805
210529,0.163051
210538,0.007851484
210543,0.014234058
210549,0.13200781
210551,0.100011356
210555,0.11096822
210558,0.07994665
210591,0.08809584
210597,0.16943265
210599,0.03856992
210610,0.018388886
210616,0.17011839
210618,0.025103204
210622,0.19231689
210639,0.047693435
210645,0.014814783
210650,0.0072064865
210672,0.009908582
210676,0.051376812
210683,0.05455804
210697,0.4156754
210701,0.022322949
210706,0.06658074
210712,0.08383424
210717,0.030863995
210728,0.13690571
210729,0.030071845
210730,0.057987742
210731,0.05129863
210733,0.124242485
210735,0.05697139
210742,0.014538031
210748,0.0072067175
210749,0.028761521
210758,0.046553772
210767,0.18923336
210769,0.067378156
210777,0.15569966
210789,0.0055468036
210791,0.01975696
210794,0.008500309
210811,0.06777326
210814,0.009238737
210821,0.03368849
210833,0.018097691
210835,0.005532348
210859,0.014993007
210862,0.038066
210870,0.04030116
210886,0.015241397
210893,0.052052237
210901,0.015031847
210906,0.08613046
210913,0.040749427
210953,0.05611866
210961,0.03800228
210962,0.38234636
210966,0.04226967
210983,0.07210654
211000,0.13663223
211025,0.08485802
211036,0.010073395
211043,0.11303198
211062,0.13723417
211076,0.016857661
211085,0.051744197
211096,0.03131746
211097,0.12591909
211098,0.3399456
211103,0.012406576
211108,0.123319805
211131,0.023079399
211135,0.08645305
211139,0.018661045
211146,0.01763332
211150,0.006007573
211158,0.033326693
211170,0.12436651
211177,0.06910049
211183,0.21686505
211187,0.10669246
211191,0.018755542
211194,0.13789341
211196,0.03979317
211203,0.010556424
211209,0.12049947
211210,0.1241898
211211,0.066985235
211232,0.0507984
211244,0.2669404
211263,0.02294961
211264,0.10151476
211270,0.020138368
211278,0.0056236433
211292,0.00876265
211293,0.04690364
211295,0.026477711
211296,0.16878694
211308,0.029864877
211310,0.048603635
211312,0.12523274
211325,0.020150764
211326,0.031581443
211330,0.061384514
211333,0.015310306
211341,0.048501372
211342,0.0040293937
211350,0.015296161
211355,0.17502163
211357,0.17009553
211358,0.06154031
211362,0.02225414
211377,0.017254643
211378,0.20774716
211379,0.0575175
211384,0.0844874
211395,0.15681094
211398,0.01823268
211399,0.009251097
211417,0.047787197
211419,0.27757797
211420,0.07940169
211439,0.09225899
211442,0.018040206
211451,0.017230803
211457,0.08718572
211469,0.06837663
211483,0.019114263
211505,0.05929311
211508,0.05919935
211509,0.26655346
211510,0.07294528
211526,0.050346393
211547,0.021123355
211548,0.023443466
211550,0.007707269
211551,0.024516897
211553,0.42257512
211562,0.054585606
211563,0.02418316
211564,0.21385366
211565,0.07457992
211571,0.5264366
211572,0.42770666
211577,0.056739476
211580,0.050852954
211609,0.019224698
211625,0.034416176
211635,0.30381766
211646,0.05678867
211660,0.027439341
211670,0.11300402
211672,0.031246439
211688,0.12870511
211694,0.010884306
211696,0.059129864
211711,0.18523721
211718,0.033039078
211732,0.023759756
211735,0.01826037
211736,0.086429246
211740,0.034815602
211741,0.038552053
211746,0.012889318
211751,0.020846073
211754,0.09600071
211770,0.022544498
211771,0.06784998
211787,0.3598871
211788,0.072869025
211802,0.044681422
211804,0.019349145
211810,0.1762755
211832,0.048630726
211839,0.08595036
211860,0.03316524
211863,0.13511299
211866,0.0068879663
211869,0.055347577
211872,0.030633805
211894,0.035046164
211901,0.037036456
211902,0.1653521
211903,0.12771551
211946,0.03312088
211950,0.036940705
211959,0.08160973
211964,0.12061709
211965,0.018463954
211979,0.014877787
211983,0.12676148
211986,0.042123992
211987,0.020617153
211988,0.041314103
211999,0.008542105
212002,0.02789009
212004,0.021528423
212009,0.058872435
212015,0.0262863
212023,0.019391323
212048,0.034665305
212055,0.03831724
212067,0.008080841
212079,0.011905219
212080,0.03490627
212083,0.015896404
212085,0.15737067
212088,0.049607135
212089,0.054824438
212092,0.03714097
212097,0.05902443
212124,0.023241866
212132,0.014919568
212136,0.045292865
212144,0.020852316
212145,0.052461434
212167,0.0202198
212174,0.165869
212175,0.025071284
212187,0.18536824
212191,0.07578699
212194,0.11851203
212238,0.016127361
212242,0.0298765
212245,0.17209627
212258,0.0214727
212262,0.028427348
212277,0.009154161
212283,0.043283716
212287,0.035892103
212288,0.08565883
212289,0.05112154
212293,0.041181453
212296,0.09862048
212300,0.15983936
212303,0.21631476
212326,0.03303014
212327,0.042182215
212328,0.0086908555
212329,0.023453567
212339,0.043984607
212340,0.048963692
212343,0.0113576995
212360,0.026931705
212389,0.03492006
212401,0.08165051
212407,0.00836268
212409,0.055898856
212422,0.080244444
212424,0.19456254
212440,0.023310505
212441,0.13408545
212443,0.018997593
212448,0.038089752
212472,0.13960125
212478,0.038322818
212481,0.038125865
212493,0.08830508
212508,0.047934063
212511,0.010242435
212525,0.013310931
212531,0.087661624
212533,0.0054980554
212555,0.017561376
212592,0.055712286
212610,0.02524319
212621,0.12868279
212629,0.15684016
212635,0.021141957
212636,0.008777495
212637,0.028393077
212643,0.04150481
212648,0.015958458
212654,0.27917
212655,0.21877293
212660,0.031893354
212661,0.037487704
212664,0.06416908
212669,0.006687875
212670,0.044188526
212674,0.16765274
212676,0.3580479
212690,0.053963285
212691,0.04930607
212696,0.020299096
212710,0.13007626
212712,0.0047471495
212716,0.042817455
212718,0.033873074
212720,0.064132005
212723,0.015075807
212730,0.01778333
212740,0.013984883
212747,0.033457037
212763,0.03113443
212773,0.007253981
212775,0.03145713
212776,0.038735405
212777,0.1990682
212781,0.13125478
212782,0.21256313
212785,0.008602681
212786,0.07156669
212795,0.00782888
212800,0.06618664
212818,0.06589725
212834,0.11052798
212837,0.07084984
212841,0.030251289
212842,0.020213615
212847,0.072608456
212848,0.01727827
212851,0.040543757
212865,0.009746125
212866,0.01012844
212874,0.09927016
212880,0.0270755
212894,0.045269035
212897,0.029387582
212912,0.14091754
212913,0.015377311
212916,0.025317948
212917,0.014988691
212933,0.060375374
212935,0.03185305
212936,0.020009296
212950,0.105658814
212957,0.02950193
212958,0.026332153
212961,0.048501156
212962,0.009589274
212963,0.16090134
212964,0.20070222
212968,0.08126301
212969,0.04094338
212976,0.0127613535
212978,0.023365678
212983,0.045779776
212993,0.117510274
213004,0.012900628
213008,0.020290377
213014,0.006370983
213018,0.036861848
213021,0.038123604
213024,0.038921658
213045,0.033540417
213054,0.013778009
213059,0.23117968
213076,0.026026176
213095,0.05088177
213096,0.04423208
213100,0.0060957186
213101,0.09674904
213109,0.04403017
213111,0.0150257
213116,0.0077717793
213133,0.136073
213140,0.049434647
213141,0.042588215
213143,0.16302823
213150,0.010132145
213152,0.029532379
213158,0.021480676
213159,0.021009827
213166,0.029147202
213167,0.26778516
213170,0.16504249
213178,0.07633394
213179,0.0071879374
213189,0.13888995
213196,0.059714172
213201,0.011268817
213203,0.015347948
213204,0.019151984
213205,0.019870168
213206,0.08881345
213207,0.09942312
213208,0.018082533
213212,0.013824046
213214,0.012216621
213220,0.015039047
213240,0.03028424
213244,0.020128733
213263,0.4050088
213264,0.029340602
213265,0.013518081
213270,0.026516527
213283,0.08694677
213287,0.050465506
213292,0.10865171
213295,0.059350833
213299,0.22624809
213303,0.060356352
213307,0.039451566
213308,0.02792031
213312,0.04137008
213313,0.024481332
213316,0.014650032
213317,0.044284243
213338,0.0399995
213357,0.04090506
213368,0.238923
213374,0.044897936
213375,0.01986346
213386,0.11624919
213390,0.01896551
213393,0.015632031
213401,0.018834893
213423,0.030520527
213430,0.008606791
213431,0.032356385
213447,0.017027758
213465,0.06408601
213468,0.019369043
213473,0.10509865
213475,0.040612686
213476,0.030616567
213482,0.007911616
213493,0.07068556
213531,0.07248685
213534,0.03873722
213542,0.03484299
213546,0.03181305
213569,0.03689411
213570,0.03190799
213588,0.011174667
213591,0.03879418
213595,0.022639174
213597,0.024106588
213598,0.013277955
213604,0.027001088
213622,0.036957406
213623,0.24126488
213633,0.021253562
213639,0.013506615
213641,0.016196959
213649,0.033980742
213671,0.045623068
213675,0.020077249
213679,0.07414977
213680,0.045820218
213684,0.14512713
213685,0.007275428
213689,0.011140919
213691,0.17186382
213693,0.025168693
213712,0.016517779
213717,0.01321394
213734,0.118732326
213739,0.14474152
213765,0.06426621
213775,0.06083128
213776,0.0658025
213804,0.29158312
213808,0.01721236
213818,0.13134022
213821,0.036137257
213829,0.015747601
213836,0.04246151
213838,0.031349756
213843,0.02363989
213854,0.022775482
213859,0.16351393
213862,0.5513008
213874,0.12818086
213878,0.13352942
213886,0.008743847
213888,0.032029767
213892,0.029564172
213910,0.023285724
213921,0.07564063
213926,0.06010172
213928,0.016064998
213935,0.010257369
213949,0.037696283
213957,0.10197282
213959,0.015079784
213967,0.04085552
213974,0.013057616
213975,0.0432352
213983,0.039481
213984,0.00480016
213998,0.06746705
214004,0.023174345
214006,0.022593925
214008,0.02864388
214014,0.010750158
214015,0.03640468
214034,0.01855123
214059,0.04405757
214067,0.009756209
214077,0.019495368
214078,0.03147263
214079,0.076375306
214085,0.03209662
214088,0.113372505
214099,0.043833
214138,0.012745342
214141,0.010105984
214152,0.03381818
214154,0.025516422
214155,0.025276456
214177,0.06820784
214188,0.053072263
214192,0.046428066
214207,0.04770446
214217,0.037872907
214219,0.053308222
214228,0.11692521
214229,0.16042393
214233,0.07227694
214236,0.06328194
214242,0.009770398
214249,0.0059644724
214263,0.017608816
214264,0.008956676
214265,0.09104191
214268,0.023660362
214281,0.018103568
214282,0.021923823
214295,0.028419117
214311,0.019215284
214315,0.05667977
214325,0.048879493
214334,0.053688735
214336,0.02953127
214337,0.025454463
214342,0.20407227
214344,0.042010743
214349,0.041731186
214355,0.010819758
214356,0.036726713
214358,0.014591006
214363,0.029405419
214364,0.0074329926
214371,0.060610715
214377,0.31331697
214379,0.049034283
214383,0.06643523
214406,0.0025903203
214407,0.051370773
214411,0.041403387
214415,0.08394579
214418,0.12616685
214419,0.038801324
214421,0.01057662
214430,0.010425736
214436,0.024981003
214463,0.102772884
214472,0.087198846
214474,0.2062568
214476,0.04142338
214478,0.015723428
214481,0.13637607
214484,0.022266725
214488,0.077989995
214491,0.10225697
214505,0.041577816
214507,0.034679722
214510,0.10371363
214518,0.055651184
214523,0.2317966
214539,0.020888194
214542,0.025228795
214544,0.05451313
214553,0.033747893
214554,0.061404772
214561,0.033546507
214563,0.066432275
214566,0.013950803
214581,0.01047124
214587,0.022088844
214588,0.032531697
214589,0.12811592
214593,0.053019725
214620,0.14365551
214630,0.039576553
214643,0.031969525
214644,0.11171177
214647,0.03161819
214654,0.018155025
214657,0.027768506
214658,0.015632836
214662,0.021662483
214666,0.078844644
214680,0.020480627
214685,0.0402714
214693,0.012857238
214701,0.0447892
214705,0.027644105
214706,0.060240667
214719,0.03325845
214721,0.32835886
214724,0.021086078
214741,0.05190399
214769,0.07158082
214777,0.0053784056
214780,0.02617095
214786,0.016594559
214789,0.01566111
214797,0.039260402
214804,0.04570273
214808,0.32732153
214810,0.3302213
214828,0.07529371
214830,0.028873561
214835,0.17007142
214844,0.046445645
214859,0.2514319
214861,0.014942676
214863,0.024488673
214887,0.016270185
214898,0.0119582275
214906,0.02878259
214913,0.021994308
214915,0.045157302
214937,0.026821647
214944,0.13018455
214948,0.10764898
214970,0.09630332
214976,0.047776587
214999,0.109597035
215000,0.29614893
215016,0.0073626586
215024,0.0058370787
215029,0.36059046
215033,0.5745127
215037,0.13338709
215054,0.018965729
215057,0.13525096
215064,0.030212363
215074,0.02721818
215077,0.0830346
215082,0.018645275
215096,0.02084814
215101,0.015077324
215103,0.014945436
215109,0.08445114
215124,0.05279406
215142,0.12263158
215143,0.01810916
215145,0.016593501
215157,0.022019962
215159,0.0050047077
215161,0.26847267
215166,0.04408424
215177,0.05243521
215186,0.030490275
215194,0.1290722
215196,0.0534668
215204,0.13328217
215211,0.04792089
215230,0.14803828
215241,0.0074870232
215256,0.088656425
215257,0.057730805
215266,0.1213138
215267,0.00845244
215268,0.008390177
215278,0.101965636
215280,0.21362464
215318,0.15564732
215326,0.031462133
215331,0.061129525
215337,0.0075069247
215344,0.04660676
215346,0.03687338
215348,0.09573526
215351,0.0066851247
215358,0.078476354
215360,0.08611499
215367,0.017611727
215369,0.06131464
215383,0.0116064865
215395,0.18381134
215407,0.04871089
215408,0.050381634
215412,0.018937726
215433,0.022448339
215454,0.06418651
215463,0.18116526
215488,0.004247996
215508,0.05149525
215512,0.0052506905
215516,0.12830712
215525,0.09659737
215531,0.054522894
215534,0.1224232
215537,0.018226933
215539,0.016293198
215548,0.010980867
215554,0.047799576
215556,0.010010794
215559,0.16905597
215560,0.03409937
215563,0.023127113
215564,0.0050548036
215569,0.09168243
215574,0.31205994
215586,0.050897304
215594,0.07334601
215608,0.027732557
215614,0.036363017
215623,0.14899313
215628,0.10003216
215637,0.24976559
215638,0.12420292
215649,0.023088511
215651,0.023600126
215653,0.03378791
215678,0.040885728
215708,0.016780986
215711,0.075918026
215733,0.035112143
215739,0.009815668
215742,0.016972996
215756,0.056938905
215772,0.08003351
215775,0.09952966
215791,0.025471432
215796,0.15844633
215803,0.050062392
215805,0.018154426
215807,0.026202632
215829,0.04183352
215855,0.029896153
215856,0.08176035
215860,0.050369523
215861,0.03809229
215877,0.010690223
215883,0.050784938
215889,0.049923074
215897,0.01638042
215898,0.008721531
215901,0.025366517
215908,0.051358238
215910,0.6548935
215911,0.0074772197
215923,0.012069344
215928,0.045865014
215934,0.070167474
215936,0.05618551
215947,0.0044957353
215951,0.013911129
215958,0.00906356
215959,0.019157482
215963,0.19506621
215968,0.07645276
215972,0.025962973
215976,0.07802923
215978,0.023997087
215981,0.019068323
215999,0.022141082
216001,0.20105484
216012,0.02862254
216020,0.07980645
216035,0.025292387
216038,0.23191215
216041,0.05288951
216049,0.04675139
216065,0.045433544
216096,0.2579458
216110,0.00933807
216115,0.03762014
216121,0.012377822
216122,0.26876774
216129,0.016590184
216131,0.12233261
216138,0.07406375
216142,0.07180264
216143,0.071989894
216150,0.010712672
216180,0.04039651
216184,0.023626465
216189,0.01303194
216190,0.26424715
216197,0.011969126
216218,0.15008786
216219,0.08046151
216221,0.07219054
216231,0.009377482
216240,0.11556212
216272,0.04177552
216281,0.0493981
216284,0.02036911
216290,0.06860369
216297,0.03365147
216305,0.014250225
216306,0.027679723
216317,0.0146803465
216333,0.012400399
216338,0.05702703
216339,0.079511
216346,0.055102896
216349,0.124695934
216350,0.3497923
216351,0.029147584
216353,0.012137988
216355,0.031515714
216364,0.10818981
216387,0.055502154
216392,0.019498965
216393,0.216541
216399,0.004635724
216416,0.029488489
216433,0.01996589
216435,0.007979827
216442,0.10555188
216458,0.066035375
216461,0.33374196
216468,0.044308305
216469,0.03457145
216471,0.049368083
216473,0.09584334
216475,0.01658832
216496,0.033645768
216510,0.1210733
216511,0.05014968
216515,0.013134169
216516,0.03585069
216521,0.013360855
216532,0.0147770215
216548,0.011239869
216551,0.077561095
216560,0.08190744
216562,0.08470394
216563,0.040176723
216565,0.020687453
216582,0.031954285
216587,0.055894293
216589,0.041326042
216597,0.04616701
216606,0.029448533
216607,0.02561678
216608,0.092116706
216621,0.010295006
216622,0.02052477
216627,0.071698956
216636,0.10443488
216647,0.01793012
216655,0.12601145
216659,0.0774917
216666,0.17397851
216676,0.023738574
216677,0.08799106
216679,0.08056964
216681,0.03123546
216686,0.019639727
216687,0.082039066
216694,0.042378917
216697,0.022617415
216714,0.055342782
216719,0.051853657
216720,0.017339708
216721,0.030493049
216723,0.06403122
216740,0.06319014
216746,0.030331984
216747,0.024678983
216751,0.02354084
216758,0.04905966
216768,0.022864072
216778,0.05309213
216786,0.110064745
216801,0.17733847
216802,0.045041084
216807,0.014540987
216808,0.014649459
216810,0.021210775
216818,0.022826273
216823,0.032504946
216826,0.023609212
216827,0.0066872244
216828,0.048742212
216840,0.2665437
216844,0.036421444
216845,0.09432232
216851,0.14010562
216857,0.050403137
216858,0.026231293
216862,0.018288335
216874,0.032179218
216880,0.012891696
216900,0.030505076
216902,0.048571393
216903,0.028595412
216904,0.03280759
216931,0.025329651
216936,0.06652179
216938,0.18829983
216952,0.12415929
216954,0.029710202
216955,0.020378012
216961,0.04231796
216981,0.25971714
216985,0.020564936
216992,0.11495259
216995,0.016103681
216997,0.008846623
216998,0.034062717
216999,0.025332488
217022,0.06310537
217034,0.057322185
217038,0.023592135
217050,0.04969927
217055,0.0436149
217064,0.08482077
217071,0.010662793
217078,0.07303507
217083,0.10335404
217084,0.012788083
217086,0.05225947
217096,0.19723883
217101,0.21877056
217109,0.40001127
217118,0.017693965
217121,0.058471996
217125,0.07434462
217130,0.19399498
217136,0.023558639
217137,0.075478025
217143,0.011016805
217148,0.053673413
217155,0.022946734
217162,0.0065874816
217172,0.064261764
217174,0.053166106
217175,0.0632152
217177,0.11717607
217178,0.10931965
217192,0.03065888
217220,0.004503702
217221,0.025132488
217223,0.021353655
217232,0.053805914
217243,0.031065313
217248,0.10248638
217250,0.036840033
217271,0.17074668
217283,0.008902797
217297,0.109315805
217323,0.08390581
217326,0.020126741
217334,0.026688322
217338,0.011595497
217341,0.2626335
217342,0.16529745
217355,0.0077305157
217362,0.073418565
217366,0.10367144
217367,0.048653927
217371,0.01970857
217383,0.12794293
217401,0.11168511
217404,0.11452688
217419,0.014136885
217422,0.12794055
217423,0.008246008
217427,0.049163695
217429,0.022802029
217430,0.029918864
217441,0.05118559
217444,0.012017508
217465,0.016238777
217471,0.021900611
217488,0.027330272
217493,0.023439594
217509,0.119490005
217510,0.019647611
217511,0.20084634
217519,0.044134386
217522,0.20846714
217562,0.028724102
217574,0.038178593
217577,0.006814233
217579,0.15148136
217596,0.004972451
217602,0.012485923
217612,0.03386534
217632,0.047764137
217635,0.016740317
217636,0.17006327
217638,0.087257706
217639,0.10682083
217651,0.07245105
217652,0.008499754
217663,0.31492776
217669,0.04655754
217686,0.07120525
217699,0.03945066
217700,0.14449483
217703,0.02659272
217706,0.14935167
217714,0.0667001
217732,0.013677491
217736,0.04032633
217749,0.2358786
217763,0.005223027
217770,0.023243215
217771,0.031050527
217772,0.028693166
217776,0.03407062
217777,0.0394299
217778,0.1598122
217782,0.016469326
217790,0.07432253
217792,0.014023939
217793,0.06104086
217795,0.16019067
217796,0.016563118
217800,0.03837265
217804,0.014051993
217807,0.0066299345
217846,0.06473375
217847,0.0907658
217853,0.012085464
217856,0.015617029
217864,0.0072318353
217867,0.045597464
217868,0.33649755
217885,0.073261596
217887,0.017739715
217889,0.019062996
217900,0.010858586
217903,0.01027437
217905,0.0773827
217909,0.024465766
217913,0.0130486805
217944,0.029293068
217946,0.055902172
217954,0.038564615
217956,0.040612645
217957,0.008859784
217961,0.117324054
217962,0.020067506
217976,0.044847183
217980,0.019514315
217981,0.02328204
218006,0.028794782
218009,0.030670926
218032,0.10223123
218049,0.030746603
218053,0.06456924
218078,0.04227361
218080,0.14496975
218081,0.016801842
218094,0.15052648
218098,0.022397345
218099,0.06715822
218100,0.07983824
218113,0.043448307
218117,0.03381645
218118,0.019463683
218119,0.022441953
218125,0.009365554
218133,0.032232188
218153,0.09572173
218165,0.057260532
218166,0.0076293796
218177,0.014197689
218178,0.03239144
218202,0.02262535
218203,0.017295558
218207,0.122976504
218209,0.09091746
218236,0.04933763
218244,0.013730019
218247,0.10794909
218250,0.02896504
218266,0.048071325
218275,0.14125673
218276,0.06154285
218287,0.06981485
218292,0.009815432
218298,0.13938658
218300,0.012026733
218320,0.04385729
218321,0.13805793
218333,0.02375013
218347,0.02008763
218353,0.013164333
218366,0.031876776
218368,0.020402664
218369,0.034873318
218372,0.14666289
218376,0.02611183
218378,0.019110046
218403,0.05529359
218413,0.10535688
218418,0.053515308
218449,0.12726691
218450,0.073394254
218458,0.009926037
218464,0.030489296
218475,0.0556482
218476,0.1188136
218478,0.019694054
218515,0.02513529
218517,0.035675164
218518,0.090378076
218538,0.012241362
218539,0.10152349
218550,0.388912
218551,0.024248987
218565,0.16099033
218580,0.017045049
218591,0.081222996
218598,0.010620877
218600,0.0497472
218602,0.035707273
218607,0.25651285
218651,0.030869141
218652,0.009956061
218656,0.2659389
218658,0.030479366
218669,0.075774856
218670,0.059628576
218671,0.029857256
218677,0.09383318
218680,0.020380808
218685,0.0074547734
218686,0.11289791
218692,0.04087975
218693,0.044766687
218699,0.26431122
218709,0.02836831
218729,0.0427168
218734,0.031020297
218742,0.01579457
218743,0.012237897
218756,0.04442926
218772,0.12986395
218782,0.06041206
218786,0.03077781
218788,0.070291206
218796,0.04884927
218801,0.047208995
218812,0.03621466
218832,0.055346545
218834,0.104357615
218846,0.22599252
218847,0.08473481
218848,0.0061142184
218853,0.28155038
218865,0.021754302
218870,0.020096993
218873,0.009379754
218884,0.012032798
218893,0.10600477
218898,0.00894396
218911,0.124229744
218933,0.047705125
218934,0.024101647
218939,0.011977413
218948,0.028982831
218957,0.10799892
218962,0.065977
218973,0.010638633
218975,0.01607656
219000,0.004658446
219001,0.03288932
219006,0.018694125
219027,0.08182687
219036,0.03509688
219043,0.07139589
219047,0.11085524
219057,0.011924202
219059,0.18061525
219062,0.01334256
219074,0.0126772635
219085,0.004300098
219087,0.028393647
219095,0.046522062
219114,0.017768648
219115,0.021057472
219119,0.02260252
219140,0.0356247
219147,0.010590653
219170,0.015624524
219171,0.4009931
219174,0.04014283
219177,0.022514116
219180,0.011684558
219195,0.00886982
219203,0.0144418385
219207,0.06473368
219223,0.046262253
219229,0.10836009
219236,0.0321031
219238,0.15677711
219243,0.034860387
219245,0.049580656
219247,0.23025492
219273,0.012336367
219278,0.23863184
219279,0.09251972
219284,0.037553303
219319,0.008915703
219326,0.05447789
219336,0.038663
219344,0.14511101
219359,0.09633077
219360,0.007601785
219364,0.012250767
219368,0.08803922
219376,0.03304887
219382,0.0047486383
219388,0.042998068
219396,0.15991363
219398,0.13505997
219403,0.04935395
219405,0.025429739
219406,0.039364744
219410,0.10113218
219424,0.22787607
219446,0.009105694
219450,0.009303587
219451,0.06292519
219464,0.028110685
219465,0.026949866
219469,0.012155438
219472,0.1244506
219482,0.04540889
219506,0.029807502
219507,0.13902448
219516,0.07271868
219521,0.22566286
219564,0.24365301
219565,0.011194392
219568,0.008392132
219570,0.006291644
219578,0.011662275
219579,0.1516299
219588,0.08034271
219593,0.13681151
219594,0.014222078
219601,0.025385834
219608,0.009683953
219616,0.06652567
219620,0.064552404
219621,0.019605238
219628,0.037456088
219632,0.06545069
219637,0.04653319
219670,0.06635855
219688,0.006244598
219704,0.02265921
219717,0.085196346
219723,0.13720977
219741,0.051403508
219772,0.07852477
219774,0.040468905
219775,0.053445607
219778,0.025905622
219787,0.048999216
219788,0.15834716
219806,0.08882914
219811,0.031427693
219815,0.015663322
219817,0.035571154
219835,0.022798652
219845,0.023011565
219848,0.0068506203
219864,0.082241796
219866,0.012537195
219868,0.042580187
219870,0.085329935
219886,0.04556602
219908,0.020728936
219910,0.11008573
219914,0.027661871
219925,0.1082775
219935,0.2791605
219940,0.050939023
219959,0.035218634
219962,0.08432843
219975,0.01503231
219981,0.12811096
219998,0.05380322
219999,0.09881832
220006,0.0759185
220010,0.5580964
220012,0.0100502055
220014,0.021866465
220018,0.026362265
220019,0.14984676
220021,0.0792973
220058,0.012380491
220060,0.15894213
220061,0.011330483
220063,0.021348024
220066,0.122044295
220070,0.017571926
220071,0.21424258
220082,0.035134915
220094,0.043542206
220107,0.034825105
220114,0.07693722
220120,0.01464005
220126,0.055790816
220143,0.014428839
220147,0.15292475
220157,0.06104184
220160,0.06694943
220169,0.02259072
220177,0.02225829
220181,0.013531055
220186,0.06961471
220189,0.0177979
220206,0.12692402
220221,0.07466381
220227,0.08534189
220228,0.12954679
220248,0.025974216
220277,0.14427657
220304,0.0627605
220311,0.027901355
220315,0.06537087
220316,0.104188174
220323,0.009537152
220325,0.033887863
220358,0.010009934
220363,0.040245056
220369,0.036954112
220370,0.010258155
220380,0.046422664
220386,0.124385186
220387,0.030806914
220393,0.010243101
220394,0.05960547
220412,0.14163013
220415,0.012062388
220416,0.38885996
220417,0.139024
220418,0.019488858
220422,0.006260403
220431,0.078043215
220439,0.17651895
220456,0.019754983
220458,0.01776994
220468,0.009357591
220474,0.025660478
220479,0.083412535
220494,0.025077183
220501,0.0699875
220503,0.029006988
220511,0.01273681
220514,0.08570487
220516,0.28827342
220521,0.13225439
220530,0.02391896
220562,0.0061234534
220565,0.011172236
220582,0.037927724
220594,0.012924662
220600,0.17191331
220614,0.028229954
220621,0.088011235
220624,0.10767841
220629,0.059392355
220632,0.09102738
220639,0.009667604
220655,0.011118477
220664,0.026253758
220670,0.014414387
220686,0.00964392
220699,0.0813462
220714,0.016013486
220729,0.10307085
220732,0.14182676
220733,0.008087679
220735,0.019601846
220740,0.015353092
220741,0.010482376
220747,0.13210586
220748,0.021327714
220749,0.03518932
220755,0.07290944
220764,0.012178737
220767,0.08096402
220772,0.06888323
220779,0.045814738
220781,0.050491054
220790,0.02447978
220806,0.06796387
220811,0.01623795
220816,0.04787392
220822,0.018690137
220827,0.32435206
220828,0.033326287
220829,0.024014406
220832,0.03744973
220833,0.061401512
220841,0.22626348
220842,0.04855292
220856,0.046985094
220874,0.13852619
220881,0.06946852
220882,0.016147254
220887,0.010302681
220893,0.024177821
220909,0.010830196
220916,0.034454394
220917,0.2173636
220918,0.06987042
220924,0.017447822
220931,0.04100049
220932,0.025738912
220949,0.028680006
220950,0.1006516
220956,0.0317139
220972,0.010764724
220994,0.03796897
221004,0.24925473
221008,0.17681666
221011,0.027131595
221030,0.009577236
221032,0.011930185
221035,0.010274734
221058,0.13506281
221059,0.019367103
221075,0.032032035
221079,0.015763504
221080,0.020833626
221107,0.04591468
221116,0.20403285
221129,0.09320799
221148,0.047496554
221158,0.008235332
221165,0.0142141385
221169,0.03875838
221171,0.060948927
221198,0.080669284
221202,0.039659876
221205,0.17507029
221223,0.07685613
221227,0.015269442
221228,0.007021872
221234,0.07393308
221242,0.032211684
221252,0.24881278
221256,0.041834954
221260,0.104004614
221261,0.056013253
221264,0.014552361
221267,0.05557558
221272,0.015781142
221284,0.11194267
221292,0.11552058
221311,0.02733197
221322,0.047937997
221327,0.07013278
221339,0.019157594
221371,0.02025542
221372,0.052090295
221404,0.027599057
221411,0.031122256
221438,0.02787497
221451,0.020942569
221465,0.056383535
221477,0.065003924
221483,0.0361524
221493,0.06519532
221495,0.015205226
221498,0.080699205
221500,0.101885214
221506,0.10060461
221513,0.1031309
221523,0.072082564
221528,0.024625257
221529,0.070973575
221530,0.030777348
221531,0.038743734
221549,0.03957617
221550,0.010693207
221565,0.07899409
221570,0.17041631
221573,0.011531584
221575,0.021966716
221576,0.073065795
221604,0.05985459
221615,0.046297826
221626,0.022594253
221629,0.13696752
221630,0.01798356
221636,0.032283098
221656,0.018777385
221659,0.015071855
221663,0.06275672
221665,0.013172418
221675,0.09517965
221676,0.015806932
221677,0.0989342
221679,0.015239997
221707,0.0344669
221712,0.06716157
221717,0.04885553
221725,0.04881161
221733,0.06408244
221741,0.013323167
221747,0.01102926
221762,0.06284873
221763,0.0074571553
221770,0.037831713
221771,0.020502029
221787,0.01479391
221793,0.014428914
221804,0.018965371
221805,0.01061164
221825,0.05715998
221827,0.09000601
221828,0.084461495
221829,0.009130858
221845,0.16194458
221859,0.052995473
221860,0.024500104
221867,0.35344127
221868,0.047623504
221870,0.18608275
221876,0.04768304
221884,0.08166164
221895,0.043231793
221911,0.03083321
221921,0.07157167
221931,0.08540279
221935,0.027987204
221955,0.06930587
221959,0.0073050098
221966,0.034072578
221974,0.026401574
221981,0.044376247
222002,0.40321136
222010,0.010506007
222012,0.13881199
222013,0.1534983
222023,0.048977114
222034,0.05812197
222048,0.028905556
222052,0.27367124
222059,0.04482431
222060,0.059090473
222061,0.09899432
222067,0.013306115
222076,0.17727914
222081,0.19876534
222120,0.029191442
222121,0.064258404
222133,0.07590458
222149,0.09401561
222150,0.021686995
222153,0.05846215
222154,0.028917355
222159,0.022579802
222165,0.03726687
222167,0.01939289
222170,0.09244693
222178,0.12658323
222179,0.025623865
222188,0.060379926
222189,0.033741158
222195,0.069850795
222198,0.0714932
222224,0.07455817
222234,0.013780376
222254,0.033336855
222256,0.040719133
222264,0.01891141
222281,0.026386216
222296,0.52079386
222303,0.16405144
222309,0.019974701
222310,0.011850381
222313,0.12707707
222321,0.057154708
222322,0.025931677
222328,0.0921711
222333,0.03886765
222334,0.0835775
222338,0.021269165
222347,0.14043462
222349,0.019273225
222351,0.014444316
222352,0.05069474
222357,0.017364668
222362,0.0035297861
222381,0.0407849
222392,0.024968471
222401,0.069035664
222413,0.03424309
222422,0.028852878
222423,0.017762564
222430,0.07210703
222432,0.013147464
222452,0.022086605
222459,0.06879196
222473,0.018206771
222475,0.13741131
222481,0.072542205
222482,0.041921377
222489,0.012591456
222496,0.024185747
222505,0.049456414
222516,0.030906374
222537,0.044277407
222555,0.023275826
222566,0.072571285
222572,0.040476754
222577,0.039212894
222618,0.0100368615
222619,0.016305987
222624,0.018671064
222625,0.042359836
222626,0.015509856
222629,0.03096081
222634,0.013190055
222636,0.18366085
222637,0.009524035
222641,0.0239998
222646,0.026636034
222648,0.09200863
222659,0.004027541
222663,0.014164202
222665,0.012255258
222671,0.08387733
222674,0.040927492
222675,0.019724108
222707,0.07467874
222709,0.016690131
222711,0.05198084
222717,0.06414163
222728,0.32006896
222752,0.032733463
222753,0.03460754
222755,0.013256161
222765,0.019015426
222768,0.13745481
222769,0.2632848
222783,0.144752
222799,0.0386208
222821,0.015675306
222825,0.08553123
222837,0.18819071
222862,0.11721614
222863,0.049998105
222869,0.06648479
222876,0.066025525
222892,0.05288881
222898,0.021400897
222912,0.004086009
222920,0.032897048
222926,0.036518183
222934,0.12387503
222938,0.016034411
222945,0.079296
222947,0.012150068
222966,0.28503996
222971,0.034059238
222994,0.019873772
223008,0.15423335
223019,0.015740883
223040,0.056533005
223042,0.1346047
223049,0.0133265285
223051,0.0072775
223056,0.04071735
223058,0.051361155
223064,0.04348943
223067,0.0067707603
223073,0.25553387
223075,0.032631643
223078,0.033605166
223079,0.063377514
223082,0.13819315
223098,0.34884146
223112,0.041199133
223116,0.044662002
223121,0.08878766
223128,0.082226224
223135,0.071813226
223136,0.085651055
223144,0.00860681
223151,0.12565888
223157,0.11529593
223181,0.04440166
223190,0.034605857
223197,0.15316735
223205,0.036316372
223209,0.028027669
223221,0.3129439
223235,0.2848241
223238,0.01188631
223244,0.014251011
223258,0.029512862
223262,0.109900296
223272,0.04414922
223288,0.11496376
223298,0.024198396
223310,0.045746084
223320,0.018013222
223357,0.36881348
223365,0.0080218315
223369,0.039164785
223375,0.20134231
223384,0.008567454
223393,0.006391969
223412,0.018540008
223428,0.028280254
223440,0.32014328
223456,0.3907686
223470,0.02087391
223471,0.030887568
223484,0.0142342765
223488,0.122840635
223489,0.015234212
223490,0.03272774
223492,0.019439312
223496,0.025873072
223503,0.008269177
223507,0.06774851
223518,0.04717833
223519,0.05556543
223521,0.011544626
223524,0.009012707
223526,0.014067474
223527,0.0827433
223529,0.026175119
223534,0.015428471
223538,0.10053075
223547,0.018490845
223549,0.021535471
223551,0.14316493
223552,0.063003905
223567,0.02133066
223571,0.16899788
223582,0.017646004
223584,0.015559168
223585,0.11996704
223586,0.023338828
223588,0.00953319
223592,0.012626718
223594,0.034493875
223607,0.05991001
223608,0.0085843345
223609,0.20927416
223610,0.0066500246
223611,0.033446237
223635,0.046105873
223636,0.018406361
223638,0.07311259
223649,0.007435229
223670,0.075285405
223688,0.029952077
223698,0.043803807
223699,0.15002045
223716,0.04627198
223718,0.03776267
223720,0.015249007
223727,0.017741049
223729,0.0071910066
223739,0.043294657
223740,0.028960064
223741,0.017868282
223750,0.026932504
223752,0.044429168
223764,0.15002966
223781,0.010358448
223783,0.16229904
223794,0.06548681
223808,0.010999045
223810,0.11889811
223814,0.035363767
223817,0.045678303
223830,0.08734455
223839,0.023896784
223849,0.13881312
223851,0.22201376
223854,0.07522104
223888,0.13852678
223914,0.07034136
223923,0.04455226
223925,0.0134189185
223939,0.010320204
223949,0.030172432
223951,0.19049609
223952,0.07942798
223967,0.028237093
223971,0.34555334
223974,0.016054276
223978,0.085707314
223991,0.07477251
224008,0.009799277
224016,0.023276744
224024,0.06511977
224039,0.02978156
224040,0.084725246
224044,0.08992672
224047,0.07761818
224055,0.010305085
224061,0.050463542
224065,0.014505613
224079,0.0456178
224080,0.014569361
224089,0.027635178
224094,0.12991752
224095,0.15515044
224109,0.1122236
224111,0.03174752
224112,0.09799734
224134,0.1197839
224135,0.0069982884
224138,0.051669326
224139,0.0399492
224158,0.02582375
224161,0.12966113
224171,0.030343719
224182,0.22708724
224191,0.034936734
224194,0.024432888
224195,0.08807374
224205,0.067688055
224206,0.15401031
224211,0.017004512
224213,0.01199975
224214,0.05378313
224236,0.07817826
224239,0.25458014
224241,0.27607402
224251,0.042162497
224259,0.116412945
224262,0.062492207
224263,0.03317293
224268,0.051226914
224270,0.01590859
224282,0.093095325
224300,0.009962631
224315,0.023731144
224319,0.021662071
224325,0.019180566
224337,0.014181245
224339,0.060893998
224343,0.0053000455
224344,0.039801598
224347,0.14664888
224353,0.17769773
224363,0.021682806
224370,0.058293168
224379,0.03220719
224380,0.15524578
224393,0.02026363
224395,0.059163447
224407,0.045866556
224408,0.011648196
224426,0.02233282
224427,0.029626338
224428,0.005678524
224437,0.16328208
224444,0.009742271
224445,0.13208187
224459,0.021279067
224473,0.39886695
224488,0.09561623
224490,0.10192543
224493,0.17661865
224494,0.11009724
224495,0.058852173
224499,0.03975773
224524,0.043350156
224528,0.025868772
224538,0.44231674
224553,0.07666843
224554,0.019885996
224575,0.007318978
224586,0.01978601
224593,0.03991959
224599,0.021816157
224614,0.013985748
224625,0.017645983
224626,0.025260516
224627,0.06429285
224628,0.04751869
224631,0.0059142276
224651,0.14931788
224658,0.053651053
224664,0.023876982
224668,0.004878515
224673,0.06549883
224674,0.042829234
224683,0.05607238
224708,0.09848604
224748,0.023594059
224756,0.022643099
224757,0.051681437
224760,0.007700943
224771,0.11235206
224772,0.020818133
224797,0.04777244
224823,0.10613725
224831,0.07212158
224841,0.031195294
224843,0.07223071
224844,0.22546165
224849,0.021923915
224855,0.18072185
224856,0.050976004
224864,0.016160348
224871,0.025355157
224876,0.039914347
224889,0.09105569
224896,0.06395611
224899,0.061321218
224912,0.025445068
224916,0.080322936
224918,0.10534165
224925,0.089662634
224929,0.04181139
224934,0.02121836
224950,0.16996592
224953,0.039684612
224956,0.101856686
224958,0.025343414
224960,0.071929894
224971,0.15270889
224975,0.05155291
224978,0.03587887
224986,0.04384698
224987,0.105425045
224990,0.026899295
225010,0.025749458
225041,0.039335523
225044,0.021914098
225045,0.013238966
225048,0.036574267
225053,0.09337855
225058,0.022048926
225075,0.03521535
225085,0.026736582
225103,0.018056769
225107,0.012612261
225114,0.08621884
225122,0.046327844
225130,0.015212248
225131,0.19728659
225132,0.027444186
225134,0.014644185
225136,0.028542291
225141,0.017575426
225145,0.03160407
225146,0.003682988
225156,0.027613448
225158,0.06991297
225165,0.08126434
225185,0.10997394
225194,0.018838076
225195,0.006403228
225223,0.096906915
225224,0.11787187
225231,0.049843624
225233,0.059688482
225246,0.11155011
225281,0.018385801
225286,0.061748832
225301,0.08317911
225302,0.016423939
225336,0.052909255
225347,0.06804649
225351,0.027388757
225362,0.07351518
225363,0.012397098
225364,0.032013535
225370,0.019737253
225374,0.007909894
225375,0.038215645
225380,0.024667209
225381,0.024427654
225382,0.039390147
225392,0.05438225
225410,0.041880608
225425,0.05575972
225431,0.02426163
225456,0.011589121
225460,0.055763993
225475,0.037671093
225478,0.012852476
225483,0.08140599
225499,0.11002676
225514,0.38428184
225517,0.025581965
225524,0.2404035
225532,0.016497774
225545,0.07005913
225546,0.06913524
225550,0.025155904
225580,0.07991679
225581,0.08055478
225582,0.04945439
225585,0.046387564
225601,0.066503316
225612,0.07418569
225621,0.09186366
225636,0.08190451
225639,0.06912215
225650,0.007895336
225654,0.027442306
225664,0.01737698
225665,0.36801147
225666,0.008208916
225686,0.033940393
225689,0.02342631
225691,0.02048036
225721,0.006211184
225733,0.050529182
225739,0.025456123
225741,0.22217973
225766,0.013413816
225776,0.16522387
225788,0.033438683
225792,0.027599037
225803,0.11869102
225804,0.03348794
225805,0.37956813
225808,0.017586723
225819,0.035638634
225826,0.044562113
225832,0.08528497
225850,0.04427948
225851,0.15601838
225854,0.052191637
225858,0.03349436
225875,0.02288219
225884,0.022680411
225890,0.010102717
225906,0.031540435
225908,0.041907396
225910,0.039513256
225920,0.2781257
225950,0.10667378
225990,0.044053342
225991,0.013496451
226010,0.021870203
226011,0.009759568
226018,0.05198097
226029,0.051627535
226030,0.027956178
226041,0.020261772
226044,0.016087955
226051,0.030377638
226054,0.0702835
226085,0.16192909
226105,0.13631482
226116,0.40830672
226130,0.12042894
226131,0.026319243
226170,0.021996802
226171,0.029932223
226176,0.114072934
226177,0.04717916
226183,0.018673785
226187,0.024071703
226188,0.18168268
226190,0.1265044
226206,0.034063127
226213,0.08424483
226214,0.12313142
226226,0.015067058
226244,0.09891741
226245,0.009368967
226251,0.11711239
226258,0.013099736
226259,0.025587004
226265,0.06693792
226291,0.2820194
226294,0.031117111
226299,0.016604172
226300,0.04579694
226301,0.089862384
226302,0.061116148
226308,0.029747238
226309,0.022508701
226318,0.010640648
226319,0.08024551
226320,0.024147041
226325,0.05624456
226334,0.012403393
226337,0.15734269
226348,0.05856742
226353,0.006515802
226361,0.015023353
226387,0.2351143
226395,0.02954919
226413,0.017160816
226416,0.04084538
226427,0.013578785
226433,0.07332963
226447,0.18090454
226487,0.052471146
226495,0.06825543
226496,0.025372569
226499,0.010711983
226501,0.07823845
226505,0.02006881
226506,0.054284126
226507,0.04714234
226516,0.0129451165
226523,0.05536542
226527,0.0645805
226533,0.03979607
226537,0.059579827
226539,0.007929001
226551,0.16665737
226556,0.010472351
226557,0.028420258
226561,0.28879446
226565,0.030934999
226567,0.023191458
226590,0.043411773
226599,0.1336645
226639,0.060250774
226654,0.1718381
226664,0.037073642
226668,0.16519931
226677,0.051868096
226682,0.07162001
226689,0.06457007
226691,0.038223565
226698,0.04110958
226713,0.020317126
226720,0.043207083
226734,0.051272366
226735,0.037895456
226738,0.035735015
226742,0.005591008
226763,0.008584102
226766,0.028410407
226772,0.014691375
226779,0.041718546
226780,0.04973726
226787,0.26331982
226790,0.26829532
226792,0.044202946
226797,0.027278442
226803,0.034450684
226807,0.04781527
226827,0.008944484
226828,0.050895106
226836,0.02578858
226837,0.0058978642
226838,0.1331636
226847,0.04703238
226881,0.2546545
226882,0.08838007
226884,0.033627767
226917,0.019820292
226921,0.10980748
226933,0.02132868
226938,0.082487136
226948,0.031485282
226952,0.027325075
226954,0.08692827
226965,0.007233557
226970,0.016544532
226977,0.27253667
226986,0.048594013
227005,0.024912713
227009,0.044503074
227010,0.03153855
227013,0.051797554
227019,0.021156166
227025,0.02200728
227026,0.044905834
227027,0.04461727
227029,0.028826261
227049,0.098251306
227053,0.058410417
227054,0.09944846
227058,0.016471393
227074,0.008544011
227099,0.022226984
227100,0.024353597
227109,0.009068873
227111,0.059468944
227112,0.03077799
227125,0.20177531
227145,0.048881132
227148,0.09800847
227151,0.034444753
227160,0.15586056
227165,0.07695465
227200,0.13005489
227210,0.043570485
227213,0.11737823
227235,0.037306845
227242,0.06483034
227245,0.10324697
227246,0.009148452
227248,0.06892973
227251,0.06568162
227252,0.017874708
227258,0.023153743
227264,0.047335006
227270,0.04868938
227272,0.017095823
227274,0.008449347
227281,0.01358908
227290,0.0827838
227293,0.06198134
227299,0.07316865
227306,0.021251302
227323,0.028458316
227325,0.06348476
227326,0.043855578
227332,0.078173004
227336,0.023761097
227343,0.015208912
227344,0.012176325
227345,0.030831812
227348,0.19438688
227360,0.01090417
227376,0.039220225
227386,0.12850687
227392,0.09046375
227393,0.10247264
227401,0.022534367
227404,0.10606021
227413,0.025285529
227420,0.13385385
227459,0.014026729
227460,0.0066973916
227462,0.029837325
227463,0.1450872
227481,0.08105887
227482,0.010500314
227485,0.11885842
227486,0.017898344
227493,0.015905421
227500,0.06799735
227501,0.023075271
227502,0.032094337
227506,0.1437476
227523,0.09739516
227525,0.044601154
227531,0.02260108
227532,0.21911804
227535,0.031035602
227542,0.03066473
227545,0.028266521
227566,0.069793895
227578,0.015965905
227585,0.1518991
227586,0.012960413
227587,0.017739804
227590,0.039058752
227595,0.31583562
227596,0.017048499
227597,0.12810965
227600,0.12170078
227621,0.12721464
227637,0.071527794
227640,0.14441161
227649,0.4198411
227653,0.009446086
227674,0.05030597
227675,0.07562059
227680,0.06904984
227696,0.0157606
227701,0.2693615
227707,0.018671235
227713,0.034098577
227715,0.024402382
227728,0.03008865
227730,0.016549071
227731,0.006871363
227732,0.037921436
227736,0.05235159
227739,0.09166602
227740,0.21498671
227741,0.18474062
227742,0.36056703
227745,0.022535231
227749,0.18044062
227752,0.0105684865
227756,0.31217587
227769,0.045227174
227779,0.05034717
227783,0.042497974
227799,0.030816417
227803,0.0118433405
227818,0.0516502
227822,0.053622935
227823,0.009186684
227824,0.015680764
227825,0.032016937
227826,0.10463911
227833,0.02138432
227834,0.16292304
227837,0.069946624
227839,0.04062139
227856,0.03275517
227872,0.018824615
227876,0.035669014
227905,0.30974057
227908,0.16270104
227909,0.21338904
227912,0.0696211
227917,0.06562741
227931,0.0754294
227936,0.05957804
227939,0.028132806
227941,0.010081765
227942,0.01469327
227944,0.032239463
227945,0.12218998
227952,0.1214167
227954,0.06474917
227968,0.0070136553
227975,0.01640205
227989,0.056044746
227992,0.027782094
227993,0.042947624
227996,0.026371831
227997,0.048558217
227998,0.0141379675
228040,0.024632685
228044,0.021599883
228045,0.020825393
228046,0.029526222
228051,0.09468029
228052,0.085653484
228053,0.03518765
228059,0.031387184
228062,0.04124391
228070,0.014968411
228074,0.067359515
228077,0.057903066
228078,0.037340473
228097,0.040752858
228099,0.06803139
228100,0.027657544
228102,0.31493694
228103,0.056513935
228104,0.1329774
228107,0.018598089
228117,0.052407168
228123,0.017773231
228125,0.014077295
228130,0.00661727
228134,0.03831194
228141,0.039729096
228153,0.09095015
228163,0.019996861
228164,0.024764663
228166,0.08109501
228168,0.099551365
228169,0.046955563
228183,0.11762234
228198,0.03557037
228199,0.07391004
228201,0.033268027
228207,0.042954553
228209,0.09414035
228219,0.023520246
228239,0.00942975
228248,0.013292277
228260,0.0628409
228268,0.38762444
228280,0.057681337
228282,0.028522376
228288,0.01398965
228289,0.10687901
228295,0.022032235
228296,0.07917531
228297,0.10483014
228298,0.015942212
228299,0.08122853
228301,0.004283903
228322,0.11221777
228324,0.035497684
228332,0.012155057
228334,0.046119656
228342,0.16753778
228351,0.015364683
228354,0.03581216
228355,0.0069825295
228362,0.008698687
228375,0.03230937
228383,0.061783798
228389,0.04310375
228392,0.19613893
228411,0.038986135
228414,0.025231449
228420,0.036866646
228424,0.02481039
228426,0.1776755
228429,0.007242731
228447,0.42647538
228455,0.013997716
228458,0.051660575
228467,0.111125164
228472,0.038403258
228479,0.013534597
228482,0.057610735
228488,0.04079848
228489,0.23904677
228499,0.031366464
228501,0.0048377444
228502,0.026487095
228503,0.28198555
228509,0.012820969
228512,0.106022306
228514,0.021166392
228519,0.13394356
228530,0.01853116
228534,0.3387853
228536,0.006499911
228537,0.01603763
228538,0.052794352
228539,0.020333903
228557,0.11392317
228591,0.0741445
228592,0.013411211
228608,0.09914614
228609,0.056525756
228636,0.08078529
228647,0.037353165
228656,0.0774903
228657,0.024814034
228661,0.14883864
228663,0.072581835
228671,0.021767015
228682,0.19053441
228697,0.14736968
228698,0.036849536
228712,0.03748386
228713,0.03062947
228729,0.024381405
228730,0.0599265
228737,0.037690863
228744,0.016762517
228752,0.025013069
228761,0.3208669
228763,0.092555285
228764,0.0067925705
228770,0.025258152
228774,0.005960814
228781,0.017378397
228792,0.026943998
228794,0.18189535
228796,0.011495434
228799,0.04539227
228808,0.14616337
228809,0.054486755
228810,0.036425404
228813,0.018034533
228821,0.3809369
228826,0.024702352
228830,0.023596583
228831,0.0391833
228835,0.079950824
228854,0.0148801105
228855,0.048185807
228863,0.08958661
228869,0.10663317
228872,0.123012386
228885,0.12644908
228888,0.022849446
228889,0.07417914
228890,0.05704274
228891,0.026019167
228894,0.11523937
228902,0.051505905
228907,0.013950486
228915,0.042510703
228918,0.05763209
228919,0.014861454
228933,0.008513787
228946,0.010421354
228947,0.06560359
228954,0.030273793
228956,0.07257203
228958,0.02798067
228969,0.15969056
228973,0.0808957
228978,0.010107235
228979,0.3466736
228988,0.02284719
228995,0.07917134
229019,0.04934463
229037,0.013204311
229041,0.016100233
229042,0.010795965
229046,0.013145935
229048,0.015132218
229053,0.018685572
229064,0.16708066
229073,0.058955293
229074,0.019720891
229077,0.06399585
229095,0.09361094
229100,0.11555272
229103,0.037673548
229104,0.029057488
229105,0.014978259
229107,0.01112331
229115,0.017914975
229117,0.11036218
229118,0.029815266
229124,0.0780153
229125,0.0045492477
229130,0.1386314
229157,0.018485716
229162,0.011807472
229185,0.14629032
229195,0.017078947
229201,0.2068611
229202,0.01653188
229219,0.04070318
229220,0.0145408325
229223,0.15000005
229224,0.033896413
229229,0.09748949
229233,0.02402866
229255,0.019987438
229261,0.10480608
229262,0.05884111
229271,0.074103765
229276,0.081177354
229277,0.028342202
229278,0.08959624
229280,0.030711224
229298,0.0035217667
229301,0.070918575
229316,0.058023766
229325,0.023198947
229329,0.056362554
229334,0.01795145
229336,0.16856262
229337,0.0479142
229342,0.008419728
229349,0.061783746
229357,0.028602624
229369,0.22501595
229374,0.027576927
229402,0.06628541
229427,0.050826948
229452,0.10125182
229455,0.07804148
229459,0.20244652
229462,0.01465374
229482,0.02491878
229488,0.0073330724
229496,0.05197718
229507,0.07839532
229508,0.013524087
229531,0.013793811
229576,0.019204428
229595,0.044180315
229602,0.14469314
229609,0.040869135
229610,0.30692625
229614,0.04678227
229615,0.18732925
229631,0.07555378
229632,0.02025002
229638,0.02302933
229647,0.032964807
229651,0.010503808
229659,0.11258586
229663,0.08736359
229671,0.11070219
229672,0.038203858
229675,0.02266511
229684,0.017517097
229687,0.08890528
229705,0.01537636
229711,0.01695217
229713,0.11053738
229714,0.031507824
229731,0.1445002
229738,0.12862542
229742,0.09395273
229745,0.03680513
229746,0.010238862
229749,0.08701325
229765,0.08503649
229767,0.012613415
229779,0.1436602
229782,0.021612896
229802,0.050380174
229805,0.028581765
229810,0.35243744
229816,0.02327829
229828,0.029212058
229838,0.029357515
229850,0.14354484
229858,0.07775019
229860,0.02425844
229877,0.013824518
229888,0.019549722
229894,0.014219687
229898,0.100113675
229905,0.03669965
229912,0.15687743
229913,0.024722407
229921,0.15280136
229923,0.017138934
229930,0.012682258
229962,0.017232643
229963,0.09683534
229977,0.027826801
229984,0.021352572
229998,0.011710787
230012,0.02624799
230016,0.060591415
230020,0.035132244
230024,0.30466747
230037,0.02640061
230038,0.17941636
230040,0.025151057
230042,0.00937861
230044,0.05784531
230050,0.055011347
230056,0.009927918
230067,0.029925123
230076,0.031501062
230077,0.05245229
230084,0.112534806
230098,0.067074776
230107,0.07299787
230116,0.031194912
230119,0.032377202
230121,0.037785675
230122,0.09139376
230135,0.27364877
230139,0.011015493
230179,0.01346281
230180,0.13205947
230185,0.010848799
230192,0.029204043
230203,0.2737362
230216,0.025852911
230226,0.07425815
230260,0.13808098
230268,0.09749349
230289,0.17958842
230296,0.022279607
230317,0.024726287
230328,0.19502561
230329,0.27158785
230330,0.023912704
230332,0.010383566
230338,0.03267862
230343,0.05392255
230344,0.06763518
230349,0.022271458
230369,0.014105348
230379,0.057124462
230391,0.04688242
230393,0.33092877
230394,0.01912684
230402,0.027483277
230404,0.1951562
230416,0.021965649
230417,0.10686119
230423,0.15975754
230427,0.0388082
230448,0.1796094
230449,0.04229279
230451,0.004606316
230453,0.027200354
230454,0.013623834
230457,0.06723149
230458,0.048217226
230459,0.14721844
230461,0.015947865
230464,0.031092832
230494,0.015664147
230517,0.009117573
230520,0.036942393
230521,0.08083811
230534,0.044310484
230553,0.040450964
230581,0.09447623
230585,0.06743533
230590,0.01687677
230592,0.0503923
230605,0.0142731555
230610,0.0094437795
230623,0.026138697
230628,0.10328843
230629,0.08024907
230640,0.03883949
230641,0.010363993
230642,0.0050811684
230655,0.028358571
230656,0.036542904
230662,0.036852036
230675,0.06265368
230677,0.035106014
230688,0.012053585
230709,0.17332366
230716,0.012676692
230742,0.0141373165
230748,0.113980964
230763,0.1102476
230779,0.04473777
230780,0.014952021
230781,0.18590641
230783,0.02384102
230788,0.12020247
230789,0.016173784
230792,0.006865312
230817,0.05690196
230820,0.016245695
230827,0.021974877
230828,0.054237403
230860,0.011169636
230864,0.066687
230875,0.029201565
230878,0.010001944
230880,0.079906516
230929,0.03227985
230931,0.19869184
230934,0.10212644
230939,0.020739548
230940,0.03634271
230941,0.024875108
230942,0.28796437
230982,0.040024605
231028,0.030695196
231031,0.08574442
231039,0.046890862
231048,0.029971862
231065,0.06867196
231076,0.009823837
231079,0.019982053
231082,0.055202078
231086,0.018689401
231107,0.06368107
231118,0.06024873
231127,0.009294971
231134,0.014343388
231136,0.046169307
231137,0.13646817
231156,0.108364835
231160,0.3587575
231175,0.051949315
231177,0.021712445
231189,0.010699793
231191,0.32668445
231194,0.077117816
231198,0.074504726
231203,0.05776233
231211,0.041155953
231226,0.040268574
231245,0.045835994
231257,0.05370322
231268,0.051736105
231279,0.08146398
231290,0.07289439
231298,0.020053342
231299,0.020546596
231301,0.03768351
231306,0.0045105224
231312,0.022816403
231314,0.08925637
231326,0.44176415
231343,0.050965566
231353,0.09861034
231359,0.0987853
231364,0.015170172
231387,0.098468386
231392,0.031472392
231409,0.0357099
231423,0.057072602
231427,0.008459911
231429,0.049064368
231433,0.020372901
231437,0.018730741
231448,0.012780953
231454,0.6152024
231460,0.031753436
231480,0.017907564
231496,0.00801699
231504,0.1459954
231513,0.013785189
231516,0.015991813
231523,0.021903206
231529,0.009890828
231532,0.030094286
231533,0.051939923
231542,0.020397639
231546,0.025977347
231554,0.01826564
231556,0.2709274
231561,0.020909589
231562,0.07721776
231563,0.009383685
231568,0.09372647
231589,0.013607753
231598,0.12521267
231616,0.030273566
231628,0.019818118
231637,0.01936908
231641,0.06855557
231656,0.23947419
231679,0.18227181
231682,0.32770854
231689,0.039926715
231690,0.09318637
231713,0.20834069
231716,0.026045086
231726,0.02139359
231734,0.11401955
231736,0.03216636
231742,0.014749999
231754,0.075227365
231757,0.00961763
231758,0.013568642
231761,0.023109073
231771,0.033614986
231773,0.028966071
231782,0.050628994
231785,0.1130542
231786,0.021051932
231789,0.011903197
231790,0.011563448
231791,0.10141987
231804,0.07464639
231835,0.020525489
231837,0.019643886
231840,0.20965952
231845,0.07674055
231863,0.0957923
231867,0.08906932
231874,0.23816124
231877,0.014536067
231887,0.018521998
231892,0.018030379
231899,0.025222294
231912,0.43444657
231914,0.04399492
231924,0.04072143
231927,0.043329503
231935,0.041287523
231938,0.17173761
231940,0.32550034
231947,0.02568307
231954,0.013490735
231955,0.08758474
231956,0.009690182
231969,0.014421021
231982,0.0041738087
231983,0.019092258
231984,0.022910474
231987,0.029113539
232006,0.00686625
232012,0.0031456954
232022,0.021630377
232023,0.07281004
232028,0.027412875
232034,0.029072125
232047,0.0319928
232050,0.012189222
232054,0.044976342
232063,0.059418052
232066,0.009837163
232081,0.07977311
232083,0.16445665
232094,0.043429777
232103,0.013687935
232108,0.0065861214
232110,0.03471098
232122,0.033208493
232123,0.013208381
232132,0.005780133
232148,0.17947042
232149,0.016124139
232152,0.13159217
232157,0.11305516
232164,0.044005327
232170,0.055061378
232172,0.05236518
232174,0.038358692
232177,0.07295097
232227,0.0707075
232228,0.030334696
232237,0.007881269
232256,0.1734933
232275,0.02498571
232278,0.020886958
232279,0.015255379
232282,0.020649169
232285,0.06924396
232288,0.015818983
232301,0.053372707
232303,0.035497535
232309,0.020225935
232325,0.10918784
232329,0.040684726
232331,0.012540783
232335,0.029053587
232370,0.11246943
232371,0.01639529
232372,0.02134012
232390,0.3595656
232391,0.0058114566
232392,0.10079286
232410,0.0126945535
232423,0.005625123
232426,0.13331059
232428,0.42438227
232450,0.033095285
232466,0.09987197
232478,0.06809912
232493,0.11149884
232506,0.055132378
232516,0.2905203
232518,0.07593511
232530,0.030641466
232534,0.030241607
232535,0.049435228
232541,0.019783197
232547,0.03028984
232552,0.012554672
232558,0.0907395
232559,0.0036631217
232560,0.0222462
232566,0.06634228
232570,0.016586805
232575,0.08087367
232578,0.00916236
232590,0.025912024
232615,0.033060316
232640,0.21440026
232643,0.021593936
232664,0.14039232
232676,0.012908225
232699,0.023523118
232702,0.029806683
232720,0.024187269
232733,0.008937872
232736,0.014802671
232738,0.015722586
232752,0.011517057
232758,0.018539358
232779,0.049446344
232784,0.14581972
232790,0.030752348
232799,0.08472887
232823,0.014527039
232824,0.0236933
232842,0.0140318135
232849,0.011216159
232853,0.06673905
232859,0.07493541
232862,0.13788491
232864,0.006834698
232866,0.038376648
232869,0.04279944
232871,0.0170629
232876,0.033317987
232881,0.024663618
232898,0.04121303
232899,0.029695237
232914,0.093353055
232917,0.110924125
232923,0.02972151
232925,0.01067291
232942,0.26297987
232943,0.05606373
232965,0.014805156
232968,0.16950846
232972,0.010009641
232980,0.054380305
232999,0.0074797487
233013,0.06815944
233021,0.2997949
233022,0.02236496
233054,0.06971616
233059,0.03931644
233065,0.027049685
233071,0.08405196
233074,0.0066706454
233093,0.0059348806
233095,0.117028266
233102,0.032164168
233104,0.07733753
233107,0.01234362
233108,0.022114238
233109,0.14790818
233112,0.16464786
233113,0.008595857
233122,0.092447504
233125,0.08284243
233126,0.055316754
233170,0.020646729
233171,0.064366914
233172,0.216397
233175,0.03851107
233179,0.03621813
233189,0.04193172
233223,0.03390262
233224,0.010694974
233228,0.036682393
233247,0.27010554
233249,0.042104606
233263,0.018483736
233271,0.030086935
233273,0.092852116
233301,0.015960423
233305,0.052194294
233310,0.11113106
233311,0.021526294
233312,0.067448825
233324,0.013379528
233326,0.05322429
233327,0.016097046
233335,0.11480042
233349,0.031155035
233352,0.2072926
233362,0.03051739
233373,0.020860057
233390,0.16311628
233393,0.0928594
233400,0.063726425
233401,0.21955946
233404,0.07379119
233405,0.049474843
233406,0.087829486
233411,0.0316625
233421,0.015700774
233423,0.023070186
233424,0.044210237
233427,0.029129501
233429,0.15921338
233431,0.044379402
233432,0.014760375
233438,0.01738824
233448,0.03827222
233450,0.029099647
233451,0.024267493
233453,0.102450505
233480,0.08853726
233482,0.03639442
233483,0.010560429
233489,0.24985795
233490,0.051867478
233496,0.21182734
233497,0.033925485
233508,0.11084073
233509,0.15105563
233512,0.017420445
233517,0.14175607
233526,0.10491969
233528,0.026250787
233544,0.0216201
233554,0.11201876
233566,0.07301502
233572,0.009108718
233575,0.01936012
233578,0.012714469
233582,0.31005788
233583,0.079180665
233589,0.053377576
233594,0.1279468
233603,0.07723345
233627,0.028095704
233632,0.06725037
233639,0.025068628
233651,0.22061604
233652,0.1470654
233658,0.010730388
233675,0.03668497
233677,0.029785458
233682,0.032977264
233688,0.084161945
233689,0.13910888
233692,0.026693458
233697,0.18714388
233704,0.11618908
233709,0.0756086
233711,0.05249336
233721,0.028134665
233729,0.010691702
233734,0.031166002
233744,0.012737935
233764,0.089474164
233775,0.08028517
233783,0.21768928
233792,0.03980777
233796,0.1088747
233797,0.034492936
233798,0.032084163
233810,0.03011782
233818,0.041431203
233819,0.03155454
233830,0.015336914
233831,0.025635969
233838,0.021005828
233852,0.02691403
233854,0.017404955
233856,0.0201428
233858,0.013470476
233883,0.009818257
233888,0.027098693
233889,0.015122983
233892,0.014069565
233893,0.0059188954
233894,0.11727617
233895,0.29225335
233901,0.008013262
233927,0.14180472
233928,0.043285802
233929,0.1537095
233960,0.02972643
233965,0.0791883
233970,0.014952399
233975,0.060786873
233981,0.0681773
233991,0.24609704
234012,0.061191343
234016,0.015132671
234024,0.018346287
234025,0.009157788
234027,0.099647775
234034,0.09331391
234035,0.009292447
234048,0.027045885
234069,0.014660298
234077,0.009979175
234086,0.09828694
234103,0.036261883
234110,0.03909652
234115,0.020123048
234126,0.0195066
234135,0.27708387
234136,0.040760323
234147,0.03197668
234151,0.04013993
234159,0.011737053
234163,0.035421256
234174,0.008892126
234186,0.011368985
234187,0.0962036
234192,0.033278406
234198,0.021877091
234205,0.026233088
234215,0.056359425
234220,0.03594562
234225,0.019229751
234227,0.018363444
234228,0.012149193
234231,0.13102937
234232,0.10397821
234236,0.07779733
234239,0.0082618855
234240,0.061006345
234242,0.035056215
234262,0.027760096
234267,0.19233854
234283,0.04188449
234284,0.043395177
234286,0.023804653
234291,0.083067305
234302,0.116762444
234303,0.09507758
234308,0.013613852
234320,0.03286318
234326,0.05963881
234336,0.04167693
234340,0.1536985
234362,0.006736079
234365,0.021786751
234371,0.027910635
234373,0.064951755
234395,0.007457538
234400,0.04464287
234404,0.06745777
234412,0.041392244
234431,0.042676616
234433,0.2709004
234440,0.11705004
234453,0.12114645
234454,0.037804943
234460,0.0345068
234470,0.13816294
234473,0.026564697
234502,0.062638454
234503,0.039013118
234507,0.27245125
234529,0.18414083
234531,0.021487314
234543,0.012769224
234550,0.21310991
234556,0.012707412
234560,0.058371108
234567,0.0028935608
234580,0.054686043
234582,0.21224864
234594,0.014686708
234599,0.13731408
234604,0.01742617
234605,0.14270744
234611,0.023074375
234617,0.025533263
234648,0.02891272
234660,0.012623187
234661,0.054210044
234663,0.055957425
234664,0.008900462
234670,0.013084928
234671,0.12839395
234673,0.031415876
234687,0.11676539
234688,0.038291413
234690,0.03269773
234694,0.018720021
234695,0.0026228065
234704,0.1500349
234705,0.0451158
234710,0.047798593
234718,0.09470283
234719,0.031060012
234732,0.06731839
234739,0.027151337
234755,0.15040168
234760,0.015876587
234778,0.016011469
234781,0.06693695
234786,0.10269469
234788,0.09155804
234789,0.0146838715
234802,0.040967926
234809,0.58210707
234814,0.04040794
234823,0.019397756
234825,0.035797767
234829,0.01913152
234838,0.10236312
234847,0.038279075
234876,0.012366292
234908,0.19917484
234914,0.014156125
234917,0.040840257
234935,0.102998406
234936,0.014298966
234941,0.039077107
234942,0.18877552
234943,0.047628198
234946,0.019500831
234947,0.016529134
234960,0.040963817
234967,0.046167124
234980,0.0954958
234990,0.3627967
234996,0.04114091
234999,0.015696878
235002,0.05677618
235021,0.058599375
235025,0.21282186
235034,0.014276304
235037,0.03263087
235046,0.015514306
235051,0.037754923
235052,0.008419996
235054,0.013011766
235061,0.042651672
235066,0.017702885
235076,0.018047765
235087,0.011297158
235089,0.22715113
235091,0.052232247
235107,0.016455254
235118,0.03610098
235123,0.0338014
235134,0.025741298
235137,0.07828126
235146,0.009922337
235147,0.033544317
235153,0.01582245
235166,0.13330193
235168,0.069707446
235183,0.019723546
235187,0.022172313
235189,0.0101636145
235202,0.07748927
235214,0.030421503
235215,0.0044879075
235216,0.21285498
235219,0.075489804
235223,0.024927115
235231,0.073176
235240,0.035364274
235252,0.02390087
235253,0.0048129847
235254,0.021197235
235259,0.063872926
235270,0.047829848
235275,0.016902352
235283,0.13721398
235291,0.006552351
235306,0.0051432964
235327,0.02037494
235337,0.07764047
235342,0.005971239
235356,0.008953599
235357,0.022282125
235372,0.029712882
235378,0.1670986
235386,0.022012824
235401,0.0047627594
235403,0.0134180365
235423,0.029832482
235424,0.015771339
235434,0.012965415
235435,0.028975116
235438,0.053853504
235451,0.023011044
235452,0.00833083
235454,0.13210587
235456,0.006207242
235459,0.033248916
235460,0.014031045
235463,0.09474162
235491,0.17440778
235492,0.112988204
235501,0.04047593
235505,0.094268784
235512,0.3333617
235519,0.12053588
235549,0.057883512
235592,0.019922007
235597,0.037032135
235601,0.031850822
235602,0.16063663
235612,0.016211076
235617,0.03960192
235622,0.01847641
235636,0.015866147
235641,0.042322103
235644,0.02084576
235645,0.014904352
235651,0.064880304
235664,0.025214469
235668,0.29840901
235677,0.0103653185
235692,0.029957874
235693,0.012780699
235698,0.06218599
235722,0.242216
235741,0.01991967
235743,0.13055089
235752,0.007353025
235757,0.040604644
235766,0.007220339
235768,0.03765438
235769,0.028964598
235775,0.022412429
235778,0.102562584
235782,0.3649591
235791,0.16146506
235792,0.05550808
235796,0.049032375
235797,0.1840905
235799,0.16336598
235803,0.03532612
235804,0.32994336
235809,0.06222315
235811,0.04198817
235812,0.009240266
235827,0.13578045
235837,0.017581908
235839,0.012749293
235850,0.39679253
235852,0.008784356
235854,0.11457144
235860,0.014389624
235862,0.06501363
235869,0.03423086
235877,0.013640227
235889,0.077528656
235890,0.19060214
235891,0.040379327
235893,0.031598255
235900,0.021925202
235901,0.02516491
235914,0.011915807
235915,0.24556497
235924,0.114792325
235950,0.06142057
235968,0.028560154
235977,0.10554738
235978,0.048925865
235980,0.051305562
235990,0.02134108
235999,0.008293729
236002,0.20426233
236022,0.058858275
236033,0.047252487
236034,0.025338331
236037,0.2977347
236038,0.112112135
236039,0.038750827
236040,0.012504062
236053,0.18677728
236064,0.056419317
236068,0.029874934
236069,0.053244602
236094,0.015194891
236107,0.077648334
236123,0.08588391
236143,0.02600137
236214,0.021961868
236215,0.0106783565
236221,0.27557892
236229,0.045337845
236234,0.033789463
236236,0.028745653
236237,0.025741357
236239,0.065006964
236266,0.395537
236271,0.021925442
236283,0.020810459
236286,0.0065948428
236287,0.32465443
236289,0.0062177647
236293,0.03794677
236302,0.047420684
236303,0.0744636
236313,0.031458225
236324,0.03453361
236330,0.07167151
236332,0.07142114
236345,0.08993573
236350,0.073316835
236352,0.10216243
236359,0.016993184
236362,0.033698294
236373,0.016598212
236378,0.06269024
236391,0.018609548
236395,0.05919893
236412,0.05494065
236418,0.009851104
236421,0.019526236
236451,0.0388111
236454,0.01623144
236457,0.0121870525
236463,0.07345155
236469,0.017927842
236476,0.059434295
236485,0.056049693
236508,0.03195433
236509,0.063645385
236525,0.073957376
236527,0.10429416
236529,0.03229868
236555,0.07828469
236562,0.18037336
236568,0.12679526
236569,0.17454623
236580,0.0355108
236581,0.010185115
236583,0.05221416
236586,0.07013479
236594,0.08433685
236631,0.0067048687
236632,0.051126186
236634,0.045127023
236638,0.015488428
236643,0.14657404
236648,0.08297096
236655,0.23372984
236656,0.019113695
236657,0.045549158
236663,0.08188028
236681,0.013312595
236683,0.03224964
236691,0.011780346
236698,0.074597895
236713,0.02083303
236727,0.17494884
236732,0.024021957
236733,0.0095215235
236735,0.028188383
236737,0.0039327913
236749,0.02715113
236750,0.021167476
236752,0.025197266
236765,0.041569825
236766,0.036240406
236769,0.023543214
236771,0.106318995
236774,0.1238067
236775,0.035082333
236790,0.13892995
236793,0.019010449
236797,0.3391845
236798,0.03194343
236809,0.04986828
236821,0.058808852
236831,0.0966782
236836,0.024823371
236838,0.028160907
236849,0.079775125
236852,0.07297795
236860,0.08527147
236862,0.015758587
236865,0.026120849
236873,0.017893858
236885,0.04084486
236891,0.007846784
236894,0.031255905
236904,0.050493572
236905,0.022494854
236911,0.023002153
236939,0.012639331
236948,0.024592219
236950,0.011208915
236957,0.008408213
236965,0.020419613
236974,0.02764604
236975,0.01733164
236981,0.034219686
236985,0.018759927
236995,0.17575029
237023,0.043620314
237025,0.0070458665
237038,0.014357843
237058,0.02009472
237060,0.027449679
237078,0.0742015
237079,0.032669023
237080,0.17389421
237084,0.03730659
237086,0.012064869
237087,0.01157965
237091,0.16122757
237092,0.019240933
237093,0.04906979
237094,0.06671218
237103,0.0058523607
237116,0.037523184
237118,0.01913338
237126,0.10761992
237136,0.023426998
237144,0.12777527
237149,0.05913815
237150,0.15016873
237157,0.013764155
237158,0.02134659
237170,0.05581394
237171,0.014203146
237193,0.008096944
237196,0.03581484
237200,0.014212397
237248,0.0938406
237254,0.09799374
237256,0.030421458
237257,0.016367123
237267,0.013647275
237268,0.017227078
237269,0.009893998
237271,0.023530975
237280,0.026933793
237301,0.034817297
237304,0.15069087
237308,0.007898853
237311,0.07314184
237334,0.04970152
237338,0.21382308
237344,0.05048176
237361,0.011764944
237362,0.074488334
237368,0.22839832
237369,0.12873627
237371,0.08186864
237373,0.06199782
237377,0.02832241
237378,0.017620366
237383,0.079023056
237386,0.006996633
237392,0.022082508
237399,0.03175185
237408,0.030982248
237411,0.029916205
237414,0.03746682
237417,0.08068437
237424,0.091338746
237439,0.016382344
237457,0.043274455
237458,0.028282072
237459,0.01811276
237471,0.028166067
237474,0.0835908
237475,0.061966177
237476,0.047667813
237490,0.0310455
237491,0.03793803
237495,0.09378062
237501,0.05832876
237512,0.06769355
237516,0.009879191
237518,0.041775703
237528,0.057239264
237529,0.15569258
237537,0.17862746
237543,0.03348249
237547,0.03206639
237552,0.028838174
237563,0.06290007
237585,0.067350395
237598,0.026964381
237606,0.01697417
237624,0.093870476
237632,0.015086204
237635,0.040240854
237640,0.041534442
237642,0.05885869
237647,0.04948264
237648,0.08783695
237651,0.23544167
237657,0.042082436
237663,0.16632555
237692,0.09236873
237701,0.06457488
237715,0.01683418
237726,0.019124398
237728,0.08026239
237731,0.0062569696
237732,0.05577479
237746,0.024337612
237759,0.027084684
237768,0.01972697
237772,0.30817145
237780,0.22445633
237787,0.11243757
237792,0.10375701
237804,0.22584727
237812,0.0107005285
237815,0.06787409
237821,0.013132143
237827,0.024324387
237845,0.08919917
237862,0.012632049
237869,0.017290693
237872,0.06097517
237900,0.25782627
237909,0.025069954
237917,0.020519637
237921,0.008858236
237951,0.057296697
237952,0.09054348
237957,0.0051289736
237960,0.086141944
237963,0.049382214
237973,0.010082013
237984,0.035251737
237990,0.08994873
237997,0.062255785
237998,0.15477696
238025,0.10391366
238027,0.009167799
238052,0.010684338
238053,0.054863226
238054,0.14755435
238065,0.009449026
238066,0.016869575
238075,0.2903515
238082,0.07091442
238087,0.044058394
238114,0.012035731
238117,0.09423972
238127,0.08321902
238129,0.04930369
238133,0.0380775
238135,0.016009707
238152,0.057525024
238157,0.016213993
238163,0.008948804
238170,0.015534355
238176,0.032974422
238180,0.10670747
238195,0.025306603
238198,0.045801908
238199,0.015124099
238206,0.18991837
238218,0.027791865
238219,0.061118275
238222,0.02194318
238224,0.03631959
238230,0.053011917
238237,0.04570464
238238,0.04256314
238247,0.01992589
238254,0.062218096
238256,0.007588144
238257,0.019143729
238270,0.14226425
238278,0.024538781
238279,0.055580135
238282,0.02204903
238286,0.014373296
238293,0.1218015
238298,0.013124838
238299,0.00575389
238306,0.17161767
238307,0.0075467248
238308,0.038650274
238322,0.018285768
238327,0.053649865
238328,0.100598015
238330,0.008535063
238335,0.04862662
238347,0.07487094
238355,0.15793742
238356,0.112969026
238361,0.056321982
238367,0.06121516
238377,0.040678997
238413,0.008235137
238419,0.045605205
238436,0.02057399
238437,0.04427547
238443,0.010122897
238450,0.0070794993
238452,0.018016774
238453,0.11740272
238454,0.22630116
238457,0.04650897
238467,0.056222215
238469,0.019917063
238470,0.015468486
238474,0.20765527
238478,0.17132093
238480,0.074122995
238492,0.011257943
238496,0.070648715
238500,0.02508986
238508,0.45356676
238512,0.025120076
238520,0.012623142
238540,0.055438694
238548,0.023375839
238549,0.013871572
238550,0.019254364
238563,0.01453475
238586,0.015853632
238607,0.032373954
238608,0.035521578
238615,0.023320347
238623,0.09805918
238627,0.014802795
238630,0.026167514
238635,0.07482794
238638,0.045884747
238642,0.00542003
238646,0.075618565
238656,0.04539882
238665,0.037766308
238674,0.02668876
238687,0.03786518
238702,0.069868036
238703,0.024114506
238705,0.06807427
238712,0.3188865
238716,0.021316946
238717,0.048196815
238718,0.043635115
238747,0.050757345
238754,0.12182288
238767,0.05522007
238793,0.013675779
238794,0.20394501
238796,0.109118916
238806,0.022271963
238832,0.13716
238833,0.024548836
238840,0.26944578
238850,0.0079718055
238853,0.020522783
238855,0.026935523
238858,0.011120714
238867,0.27514938
238868,0.036418404
238869,0.1425628
238873,0.034683555
238879,0.06461985
238893,0.24576402
238903,0.019294806
238904,0.019410085
238906,0.13853243
238928,0.016367529
238933,0.050265532
238941,0.06854344
238945,0.033461127
238947,0.020551292
238954,0.017019557
238963,0.034188643
238986,0.080795445
239003,0.14734654
239018,0.041446514
239019,0.15495387
239020,0.15071647
239021,0.04811354
239031,0.0557523
239042,0.021310832
239051,0.015006651
239056,0.11713492
239058,0.030629639
239075,0.038055133
239078,0.012659901
239079,0.016585592
239081,0.0054677944
239082,0.17522588
239085,0.065455355
239100,0.03374306
239104,0.023682691
239120,0.042559873
239123,0.026525289
239140,0.33035293
239144,0.014592528
239145,0.058971666
239146,0.053700063
239153,0.019650951
239155,0.010578325
239161,0.099547245
239168,0.07477632
239177,0.056128945
239180,0.04437347
239193,0.019075466
239199,0.028494284
239206,0.025095493
239207,0.03732724
239209,0.05781997
239221,0.12922177
239225,0.03200208
239227,0.031259716
239237,0.023036934
239249,0.010146458
239273,0.5552233
239282,0.009074642
239290,0.1817657
239298,0.017892802
239302,0.12199686
239307,0.26447913
239309,0.11858924
239314,0.05815785
239319,0.08738163
239328,0.05699157
239334,0.007412997
239343,0.033352695
239344,0.017779127
239356,0.025421215
239357,0.14675213
239428,0.021575833
239429,0.03567391
239453,0.008011241
239471,0.1295339
239479,0.034793068
239480,0.10253432
239485,0.024380902
239489,0.09964603
239518,0.23477961
239522,0.011834245
239525,0.06547821
239540,0.15570882
239567,0.024110144
239573,0.053674545
239574,0.0576494
239578,0.0613854
239587,0.023778388
239588,0.12700374
239597,0.053675197
239603,0.015548999
239612,0.07993052
239616,0.48356107
239617,0.06668539
239618,0.19513443
239631,0.22464152
239639,0.1441172
239644,0.055025738
239672,0.048629362
239680,0.084133364
239685,0.021433322
239687,0.009771729
239715,0.06253863
239722,0.05397818
239733,0.02067738
239746,0.0063367267
239748,0.004520805
239760,0.20684141
239765,0.045772377
239766,0.08971637
239774,0.029358678
239775,0.014234721
239788,0.19362329
239795,0.061819516
239796,0.016339269
239801,0.039964966
239808,0.037899002
239816,0.0053963102
239819,0.0066951187
239825,0.04364944
239832,0.17838517
239840,0.062659234
239845,0.01646667
239853,0.02107872
239862,0.048219882
239867,0.09822037
239873,0.046075974
239884,0.032716148
239920,0.019082598
239924,0.15768118
239937,0.015027004
239938,0.017523255
239948,0.057370562
239951,0.018485095
239952,0.025733722
239996,0.022523781
239998,0.057719488
240013,0.025098884
240027,0.036131207
240028,0.013668183
240036,0.07568807
240041,0.10570758
240046,0.031431213
240063,0.022413837
240076,0.015339287
240082,0.10939622
240086,0.039242744
240087,0.017898673
240089,0.12632638
240090,0.018096823
240093,0.2991212
240110,0.10639792
240111,0.031416398
240113,0.004840493
240117,0.029968672
240118,0.095033035
240120,0.03112989
240125,0.2531549
240130,0.08429666
240131,0.12007693
240133,0.019533992
240138,0.2949125
240149,0.14783737
240161,0.026576616
240177,0.18911731
240188,0.021754337
240197,0.035897892
240204,0.12675087
240215,0.05756329
240257,0.013805578
240266,0.030998815
240284,0.05513613
240296,0.06295893
240300,0.03114611
240312,0.0052004023
240314,0.04358475
240320,0.016084451
240321,0.14895996
240337,0.040063024
240339,0.11275862
240341,0.052416462
240342,0.08425862
240346,0.012733593
240348,0.07454279
240364,0.021168612
240378,0.04039007
240382,0.057058126
240387,0.026588988
240404,0.025835743
240409,0.020744149
240412,0.02083078
240413,0.15863658
240414,0.027548274
240415,0.015459209
240416,0.05487731
240427,0.019610938
240428,0.12659873
240438,0.08042524
240447,0.0083129965
240489,0.30544087
240494,0.46717307
240495,0.032363344
240507,0.042588633
240526,0.11363375
240530,0.11258798
240531,0.16406822
240554,0.035625733
240559,0.09068506
240561,0.023324871
240577,0.028764056
240578,0.06856965
240585,0.06703379
240587,0.04638642
240594,0.046738066
240603,0.017535957
240615,0.013113671
240629,0.023881339
240631,0.016203765
240637,0.008293331
240646,0.14930087
240649,0.027898857
240657,0.042156972
240664,0.16006027
240665,0.45935488
240668,0.024493882
240670,0.18547183
240685,0.23098113
240689,0.13034165
240702,0.017668944
240707,0.029076483
240709,0.09103367
240712,0.07627154
240716,0.038879853
240717,0.038745333
240725,0.0050893733
240733,0.017077353
240742,0.15542352
240744,0.029050013
240819,0.040226165
240820,0.011779365
240826,0.052875627
240836,0.21894516
240839,0.0045668166
240847,0.3617868
240859,0.15294749
240866,0.28701106
240868,0.027190136
240875,0.03705396
240878,0.039665192
240888,0.007837346
240896,0.09411997
240897,0.024467936
240898,0.15176263
240899,0.15902983
240900,0.029337695
240901,0.09370065
240902,0.020839661
240903,0.06803858
240904,0.03897618
240910,0.03313272
240916,0.036170043
240921,0.048260447
240923,0.050498996
240929,0.06346763
240930,0.03747932
240931,0.00910325
240932,0.0451733
240938,0.08179062
240943,0.03181011
240948,0.01295995
240954,0.023803225
240972,0.026337367
240992,0.025170956
240993,0.11712792
240994,0.06992334
241018,0.02833529
241026,0.011338771
241031,0.11695389
241052,0.024325633
241060,0.041612744
241076,0.17138636
241113,0.036263112
241116,0.111779585
241118,0.04124815
241121,0.04815998
241130,0.076358125
241142,0.010281235
241146,0.024070304
241159,0.022650862
241160,0.02177812
241161,0.17739905
241163,0.17169327
241176,0.038515255
241187,0.022071468
241188,0.065813124
241191,0.07958455
241192,0.14969486
241198,0.1667123
241208,0.22820784
241210,0.023029216
241226,0.056659076
241244,0.032685906
241252,0.08138767
241254,0.014968102
241256,0.14503749
241264,0.08242825
241266,0.08381309
241267,0.15743604
241274,0.04688998
241279,0.01955073
241281,0.26577133
241284,0.014500486
241293,0.013975099
241330,0.038965527
241333,0.013064201
241344,0.10442599
241348,0.15429015
241359,0.05083584
241362,0.09445778
241372,0.020862581
241377,0.006957088
241381,0.209712
241390,0.008329043
241395,0.0061440105
241397,0.011428831
241401,0.028856209
241402,0.20315588
241415,0.05054916
241417,0.037343767
241426,0.23374692
241432,0.02671057
241436,0.005291584
241444,0.01214892
241447,0.16441183
241456,0.039364573
241457,0.020770006
241464,0.04106553
241465,0.12236712
241469,0.035012078
241479,0.024601435
241482,0.03449083
241488,0.15464447
241489,0.023302471
241507,0.045896545
241509,0.018029904
241511,0.010388507
241520,0.018796884
241523,0.015430166
241536,0.03420417
241545,0.19534022
241574,0.022658553
241577,0.180623
241599,0.16595525
241608,0.04567546
241627,0.015491866
241631,0.019260714
241640,0.04308436
241642,0.04004954
241645,0.025062151
241647,0.009828827
241649,0.2174509
241654,0.3775053
241655,0.021892574
241657,0.059342675
241665,0.023780245
241671,0.045595907
241678,0.14772977
241683,0.01718423
241686,0.023595229
241699,0.019185489
241704,0.17667688
241706,0.029464055
241709,0.008812694
241718,0.025962133
241723,0.098061055
241729,0.018969817
241739,0.08837629
241741,0.062374953
241752,0.042572085
241756,0.023360195
241763,0.019871576
241779,0.057037156
241793,0.012814743
241797,0.03299253
241804,0.030928431
241813,0.015680993
241816,0.04766828
241817,0.07576043
241821,0.0045070318
241838,0.100060284
241839,0.039894577
241855,0.038797084
241857,0.01682416
241887,0.0069524264
241888,0.010609292
241899,0.12054282
241903,0.037264302
241908,0.0873932
241914,0.016444923
241919,0.03548911
241933,0.0803796
241943,0.0069364505
241947,0.11505606
241957,0.051004995
241960,0.094654575
241961,0.028295584
241965,0.09586835
241971,0.03863194
241982,0.043421224
241990,0.041216448
242011,0.020380983
242022,0.016857516
242023,0.035868354
242025,0.19888803
242035,0.08003096
242037,0.16658336
242043,0.032202736
242067,0.017881662
242075,0.015117786
242077,0.005213442
242088,0.09008224
242103,0.028923362
242125,0.02997281
242134,0.23146221
242143,0.05373596
242144,0.043511607
242148,0.029810699
242155,0.014227948
242163,0.008351996
242171,0.12072852
242182,0.07007296
242185,0.04539971
242188,0.074078046
242201,0.15322256
242203,0.02040956
242204,0.01823538
242208,0.19144954
242210,0.05893488
242217,0.083550416
242219,0.09057245
242222,0.09709924
242224,0.27577102
242229,0.07136804
242231,0.4503681
242236,0.24562137
242256,0.107824065
242264,0.016616646
242269,0.022414219
242280,0.16887091
242281,0.018030375
242285,0.12223625
242295,0.020318536
242302,0.14664075
242314,0.031861655
242319,0.086337276
242332,0.053645648
242338,0.011179125
242342,0.093091
242343,0.1115266
242345,0.008255968
242354,0.02629698
242361,0.0632331
242365,0.05220555
242373,0.020272784
242378,0.033199113
242383,0.035113726
242385,0.065231204
242389,0.023542877
242397,0.12996534
242404,0.24841033
242406,0.07775263
242410,0.1440414
242436,0.030023765
242439,0.0055657807
242440,0.30098107
242444,0.038043104
242445,0.14217997
242455,0.061095
242477,0.06644869
242479,0.08083927
242484,0.047740474
242491,0.058767844
242492,0.020597575
242497,0.04018466
242498,0.011288369
242499,0.3283409
242500,0.108053796
242501,0.030511515
242502,0.1105601
242516,0.06751295
242518,0.023429984
242523,0.045271344
242525,0.025252122
242537,0.03238937
242549,0.014273042
242550,0.036191106
242553,0.0035796368
242554,0.01757521
242561,0.022151014
242566,0.28043208
242567,0.22122474
242587,0.042027414
242598,0.08859323
242609,0.2580838
242611,0.034785587
242614,0.043660298
242617,0.13008209
242622,0.087662764
242623,0.02631089
242629,0.022342125
242633,0.026338952
242636,0.08247352
242637,0.07969646
242642,0.085083716
242651,0.017261105
242655,0.024396377
242667,0.02548594
242668,0.022112068
242670,0.013089463
242681,0.029848268
242689,0.020709004
242690,0.4140509
242692,0.104812816
242693,0.030716632
242699,0.031362228
242706,0.023851285
242712,0.17351514
242714,0.037506185
242715,0.008734357
242721,0.03877853
242725,0.011313463
242728,0.05035102
242740,0.0074860733
242741,0.017699277
242762,0.0976469
242766,0.03708223
242772,0.018853912
242779,0.02632203
242782,0.02918578
242795,0.08908194
242796,0.013273865
242800,0.013716038
242810,0.021519838
242816,0.048623145
242824,0.0664485
242829,0.13271281
242833,0.005115348
242837,0.055934656
242851,0.035166815
242857,0.07437068
242858,0.029233456
242860,0.04726658
242874,0.037734836
242876,0.052442115
242877,0.009008277
242879,0.009073233
242890,0.14128003
242897,0.0139753735
242898,0.019471588
242904,0.016846085
242916,0.00455554
242920,0.054133806
242924,0.07714955
242930,0.07171164
242936,0.06869189
242938,0.008577943
242951,0.10226514
242952,0.13179933
242956,0.023995433
242970,0.29915214
242972,0.010629339
242973,0.012610992
242975,0.010771949
242979,0.06433845
242985,0.02086085
242989,0.010992273
242994,0.18411313
242996,0.20332094
243004,0.14045498
243013,0.008415865
243015,0.042754196
243017,0.017020607
243022,0.013515651
243075,0.24499269
243077,0.013521666
243089,0.009301954
243096,0.035170823
243099,0.009563934
243109,0.021305043
243110,0.05904645
243111,0.010218895
243112,0.048241306
243114,0.050101377
243124,0.18732285
243128,0.4368611
243136,0.03002362
243143,0.037297886
243148,0.11015143
243151,0.015508011
243152,0.038576216
243163,0.031016884
243170,0.10724481
243173,0.01597819
243184,0.026718227
243187,0.07946847
243193,0.13633016
243206,0.10746481
243208,0.006322902
243236,0.010696529
243237,0.03579975
243241,0.030255912
243244,0.024177292
243251,0.07360323
243256,0.02624753
243257,0.022196302
243263,0.04633141
243265,0.04441754
243276,0.04172658
243283,0.039142445
243287,0.006963248
243289,0.18466365
243291,0.005379334
243294,0.028984766
243299,0.28317234
243301,0.15379885
243302,0.19419369
243310,0.09413001
243313,0.20556766
243334,0.14594845
243335,0.050242253
243345,0.010934746
243353,0.0133551
243369,0.017607898
243371,0.081873134
243375,0.10315215
243383,0.22170685
243387,0.003771602
243390,0.16986817
243398,0.008885254
243399,0.10343578
243401,0.008233994
243412,0.014053264
243430,0.021907205
243433,0.023250027
243440,0.042042095
243445,0.1948543
243475,0.07206296
243481,0.032010876
243501,0.1792563
243518,0.23638943
243528,0.016631052
243544,0.025046702
243550,0.025281515
243555,0.019458452
243558,0.101548076
243559,0.11685115
243569,0.07080068
243580,0.024233317
243581,0.011388981
243590,0.011533703
243611,0.021969391
243619,0.0103798155
243643,0.09252581
243659,0.080778845
243664,0.024356933
243665,0.35104048
243679,0.028193016
243680,0.08646527
243681,0.040637154
243689,0.053247493
243699,0.14627884
243700,0.1975755
243703,0.053958934
243714,0.30673504
243734,0.016301721
243741,0.26867718
243747,0.03937595
243757,0.12186179
243764,0.227806
243766,0.073122635
243770,0.032144763
243774,0.08196057
243777,0.01423777
243778,0.028578406
243783,0.061506256
243788,0.10139384
243801,0.049107846
243802,0.010673247
243805,0.33143562
243821,0.088187076
243828,0.03562234
243831,0.08837112
243838,0.27928346
243850,0.01246938
243861,0.026124882
243871,0.11533344
243873,0.059394646
243874,0.05808789
243875,0.020907689
243891,0.084273584
243893,0.116902985
243900,0.040890843
243907,0.16474828
243908,0.34786955
243916,0.08671184
243921,0.038258765
243943,0.028955447
243958,0.2443164
243963,0.23824956
243965,0.0643875
243968,0.02239045
243978,0.05580484
243993,0.021258416
243996,0.039923627
244004,0.22181197
244006,0.113041595
244045,0.07268462
244046,0.015971685
244047,0.060342077
244049,0.009735153
244051,0.09605001
244058,0.04309893
244093,0.040490404
244100,0.07226846
244102,0.09338853
244104,0.025286822
244108,0.03161758
244112,0.08354187
244114,0.0673567
244134,0.059231773
244136,0.03110022
244140,0.0071641523
244151,0.005632062
244152,0.073529944
244164,0.16258667
244168,0.024910796
244173,0.021391664
244176,0.027781857
244179,0.006063586
244189,0.07656756
244201,0.048707046
244205,0.13310528
244212,0.043021865
244216,0.010200572
244226,0.04923203
244228,0.050975867
244238,0.031287093
244246,0.027827272
244252,0.035470936
244257,0.03184389
244266,0.07351687
244268,0.116747044
244280,0.1067872
244290,0.048206687
244294,0.18712571
244295,0.21510404
244296,0.10496558
244298,0.0965898
244307,0.09455763
244321,0.012354502
244322,0.028411902
244324,0.017911293
244335,0.025090385
244346,0.08294486
244364,0.018743433
244372,0.23644595
244377,0.15713426
244387,0.3686151
244388,0.17364264
244395,0.15328275
244396,0.009759052
244403,0.01232678
244416,0.0451688
244417,0.016338931
244420,0.04629016
244421,0.055968676
244428,0.03369043
244429,0.110637836
244432,0.14765027
244456,0.08218891
244460,0.047241308
244461,0.059856214
244464,0.011405249
244470,0.016810844
244475,0.08817613
244484,0.10918279
244487,0.01379198
244489,0.035723284
244498,0.076469466
244526,0.07987741
244529,0.20955622
244534,0.04482247
244536,0.054356847
244543,0.3137675
244545,0.028520726
244555,0.03126713
244560,0.13361597
244562,0.029197762
244570,0.1269559
244572,0.0745346
244574,0.07522166
244605,0.055868145
244612,0.057767093
244624,0.062308643
244631,0.008859896
244632,0.113412455
244643,0.006208476
244652,0.03972549
244666,0.0115195885
244671,0.03718328
244672,0.023853563
244683,0.013108704
244690,0.06971998
244696,0.019952985
244703,0.013090112
244710,0.044645097
244713,0.037743933
244719,0.01754604
244724,0.0716219
244736,0.051750094
244763,0.0948708
244764,0.097729675
244765,0.2641759
244767,0.100276396
244772,0.04859298
244786,0.039848935
244789,0.014374966
244794,0.030387158
244799,0.00850772
244810,0.007218826
244815,0.024376841
244830,0.029384587
244848,0.044850357
244852,0.007297087
244866,0.017976876
244867,0.10376383
244874,0.07072007
244887,0.03687417
244891,0.04779768
244897,0.21487635
244898,0.0112140775
244909,0.07950043
244910,0.1368831
244913,0.11199866
244925,0.053193476
244928,0.07264113
244932,0.028761504
244942,0.027158352
244943,0.07572178
244949,0.07545123
244954,0.007996589
244971,0.024647918
244973,0.2604821
244989,0.21099424
245001,0.04146288
245012,0.052567396
245026,0.34305966
245030,0.03581964
245036,0.029172312
245049,0.1761035
245057,0.019593433
245062,0.08303391
245063,0.03790886
245074,0.015255243
245076,0.030590722
245105,0.06321391
245106,0.02516286
245121,0.016355535
245124,0.03713538
245129,0.012855584
245133,0.044696596
245138,0.029952455
245150,0.11439375
245156,0.06833403
245157,0.07958996
245168,0.12001741
245170,0.018713884
245177,0.036356416
245178,0.02568229
245182,0.02799396
245208,0.07236881
245219,0.21598881
245221,0.014037334
245222,0.013027623
245224,0.031286992
245225,0.009822022
245233,0.07293383
245234,0.032310344
245244,0.042996645
245253,0.4205029
245260,0.06903554
245272,0.049275823
245281,0.018221484
245296,0.263187
245297,0.16847798
245303,0.004770917
245309,0.09558188
245313,0.009949515
245316,0.028332105
245328,0.01484417
245344,0.039881308
245351,0.031784277
245357,0.060715638
245367,0.0121248625
245369,0.28327242
245376,0.08432506
245381,0.026902953
245411,0.096856266
245426,0.036972094
245428,0.005199096
245430,0.10978596
245437,0.37068897
245443,0.026723268
245450,0.005536407
245452,0.06413298
245468,0.04296326
245481,0.016753277
245486,0.017729614
245496,0.05589246
245501,0.112133086
245502,0.06973703
245503,0.015496428
245564,0.30135587
245567,0.09907275
245568,0.19398284
245576,0.25083455
245577,0.025556723
245578,0.019075746
245595,0.018667202
245598,0.02669905
245604,0.017602688
245611,0.01515499
245615,0.1116552
245617,0.0161102
245627,0.052183274
245659,0.018298013
245661,0.055856355
245681,0.031904057
245687,0.029784933
245697,0.051348433
245708,0.019502303
245713,0.022209307
245717,0.012216371
245720,0.037365276
245721,0.077900775
245724,0.013466741
245728,0.057212625
245738,0.023417648
245746,0.039818086
245747,0.041384533
245748,0.047694396
245766,0.022898948
245767,0.13518786
245784,0.041108526
245792,0.103128456
245802,0.26497167
245804,0.019386435
245815,0.019211017
245820,0.07697009
245830,0.03318093
245834,0.028958661
245836,0.030363698
245844,0.07074741
245853,0.024157768
245862,0.016591711
245863,0.06797889
245882,0.14248548
245892,0.017106915
245906,0.05007938
245913,0.030718956
245926,0.008222246
245932,0.02527536
245933,0.010846255
245934,0.04809098
245939,0.13489582
245948,0.10727688
245955,0.039722476
245957,0.006639604
245967,0.085515805
245979,0.025545692
245980,0.050414424
245989,0.033811282
245992,0.028397264
245994,0.11333723
246006,0.04153309
246010,0.013919281
246017,0.11189992
246041,0.029463407
246045,0.023031486
246053,0.07389924
246057,0.0271468
246059,0.042262804
246061,0.03949171
246079,0.008555013
246082,0.018731963
246089,0.020494532
246091,0.023469908
246102,0.017476289
246127,0.29339635
246134,0.01888269
246135,0.041602265
246138,0.34561974
246143,0.04197878
246146,0.06454744
246148,0.03082338
246152,0.1441808
246155,0.034748722
246164,0.031181563
246171,0.1213132
246185,0.013168448
246192,0.1768646
246200,0.08430411
246208,0.01828564
246210,0.02567111
246213,0.044271775
246214,0.071351565
246229,0.028289475
246242,0.020402746
246250,0.09040069
246258,0.011651466
246267,0.16385347
246273,0.020724434
246287,0.024089353
246289,0.015878674
246290,0.05539522
246302,0.019257968
246303,0.021436395
246304,0.028017227
246312,0.09342909
246319,0.41846827
246321,0.0376227
246335,0.052989587
246337,0.03086127
246348,0.014244927
246358,0.03067803
246362,0.114605844
246369,0.013147198
246374,0.040406067
246382,0.11140859
246384,0.04552123
246386,0.28468323
246390,0.08919097
246396,0.01693107
246400,0.04362018
246401,0.014368762
246405,0.0505145
246415,0.1381657
246416,0.072127044
246418,0.1910711
246422,0.0062374
246423,0.02131295
246426,0.13763152
246429,0.1843441
246432,0.05127876
246444,0.0315224
246448,0.075090535
246455,0.092814334
246469,0.07827226
246482,0.013290433
246488,0.017459996
246489,0.099522136
246491,0.025322346
246502,0.010093842
246516,0.031831563
246524,0.1491919
246525,0.104013905
246543,0.056053586
246550,0.1382535
246554,0.028525574
246558,0.0043428764
246559,0.05891932
246560,0.0625007
246561,0.016488915
246562,0.030159751
246564,0.025005441
246585,0.27820998
246615,0.15636992
246618,0.019124854
246619,0.0132351555
246621,0.09575858
246624,0.033561744
246625,0.011516412
246627,0.119333036
246628,0.029820966
246631,0.04341711
246633,0.086674236
246654,0.018739272
246660,0.03384218
246665,0.14731383
246669,0.05934163
246681,0.0138271535
246700,0.22163326
246705,0.016013902
246708,0.06073933
246711,0.115178026
246724,0.054618232
246740,0.01727165
246744,0.052929953
246745,0.13463362
246746,0.037940424
246748,0.0075815734
246752,0.14456478
246758,0.09405969
246762,0.022004474
246765,0.029924177
246786,0.049225524
246798,0.019141907
246807,0.041039314
246816,0.10305936
246820,0.019507412
246833,0.02359258
246835,0.55367756
246836,0.0541318
246845,0.029903729
246849,0.050318766
246857,0.08068079
246861,0.016351148
246871,0.015809773
246872,0.13215925
246877,0.012543968
246879,0.013315209
246894,0.29187945
246896,0.016514536
246905,0.036254987
246907,0.0765514
246928,0.009852014
246935,0.008972954
246939,0.03300228
246947,0.03335522
246951,0.027594557
246956,0.03195101
246972,0.08319985
246979,0.022223806
247003,0.017120065
247005,0.08932814
247006,0.074456215
247008,0.012032939
247014,0.077011086
247027,0.016107611
247032,0.06408913
247036,0.070328094
247080,0.08113106
247083,0.03865493
247086,0.030772557
247092,0.028372956
247098,0.04906287
247103,0.13916446
247105,0.02378383
247108,0.043033414
247118,0.15813445
247123,0.044899516
247129,0.05165099
247139,0.07708665
247147,0.053825244
247153,0.084352575
247157,0.038912416
247179,0.015686428
247190,0.067868836
247213,0.035119854
247220,0.035064086
247234,0.00809798
247260,0.017942667
247265,0.041342825
247269,0.13162766
247272,0.015540807
247277,0.017610472
247278,0.23159732
247280,0.028154902
247290,0.039968584
247296,0.019384798
247314,0.084244885
247316,0.089401655
247328,0.065465815
247332,0.028406296
247336,0.19395489
247340,0.08539594
247342,0.046382673
247347,0.044580773
247350,0.05657357
247351,0.021322165
247353,0.055964176
247354,0.02377203
247360,0.020418702
247371,0.03498856
247378,0.009945458
247394,0.06969019
247402,0.022224935
247406,0.033191364
247409,0.020375295
247446,0.03893796
247453,0.022315942
247455,0.113668606
247463,0.013070286
247484,0.014839204
247485,0.05317102
247492,0.11583235
247497,0.059373498
247510,0.035292502
247521,0.08938974
247527,0.10841468
247534,0.15238342
247537,0.029015306
247558,0.0630225
247559,0.012375234
247560,0.089573465
247567,0.10324231
247572,0.06772264
247582,0.009893888
247583,0.19160768
247594,0.07772261
247595,0.011986663
247597,0.06437978
247598,0.034706376
247607,0.09674251
247619,0.12726372
247632,0.08607294
247638,0.032442257
247639,0.06998176
247646,0.03733989
247655,0.012798314
247660,0.027536571
247672,0.064873025
247677,0.0150403585
247682,0.041888878
247685,0.14866628
247690,0.021655472
247701,0.009923261
247708,0.14628816
247715,0.032630704
247734,0.021954963
247758,0.032669242
247761,0.017751163
247763,0.01752174
247766,0.03726507
247774,0.011453805
247775,0.032863434
247779,0.028800434
247781,0.026098592
247783,0.08792324
247785,0.026853232
247787,0.013585927
247793,0.022584597
247798,0.047075916
247802,0.082784906
247805,0.018313367
247814,0.003986472
247816,0.029797794
247834,0.010648709
247836,0.013815928
247844,0.18352604
247849,0.17496818
247852,0.0055779195
247859,0.02181229
247861,0.14422698
247867,0.03722032
247868,0.016382871
247883,0.017554
247890,0.013295605
247892,0.2914821
247896,0.012054093
247897,0.016643522
247902,0.5685315
247904,0.031365253
247909,0.008358307
247910,0.033481605
247911,0.078807995
247929,0.028738061
247930,0.01459071
247935,0.009410498
247942,0.13597386
247950,0.022850819
247951,0.05478833
247972,0.07610719
247989,0.034141406
247993,0.095017225
247995,0.07935126
248012,0.02867234
248018,0.023587018
248019,0.091565266
248036,0.0052109202
248037,0.048645988
248039,0.019477425
248040,0.1458919
248043,0.061871763
248054,0.008709088
248056,0.013980892
248068,0.18553539
248075,0.080969974
248085,0.01337917
248087,0.05098088
248089,0.03591353
248095,0.011806391
248105,0.06420024
248109,0.0811105
248115,0.021325517
248131,0.19900383
248135,0.1138241
248148,0.045290295
248154,0.21800749
248156,0.06756431
248165,0.1246381
248169,0.027449911
248173,0.012490763
248179,0.015421716
248187,0.015043735
248204,0.015066054
248207,0.14582743
248210,0.09501794
248212,0.031379044
248214,0.011260447
248229,0.018141955
248236,0.049622826
248239,0.0530963
248240,0.20657662
248246,0.008507223
248249,0.033060744
248261,0.040054798
248267,0.025907679
248268,0.039863672
248272,0.017934617
248276,0.023377743
248293,0.08730134
248303,0.06422496
248307,0.05489833
248308,0.16379938
248327,0.059161264
248330,0.06141241
248345,0.024377994
248355,0.013505427
248364,0.08651238
248368,0.17163149
248373,0.080923624
248375,0.17722687
248378,0.041456483
248390,0.0176395
248394,0.046834685
248405,0.010854296
248409,0.060898054
248411,0.01627454
248415,0.069346845
248416,0.010756559
248419,0.13568811
248421,0.013349365
248422,0.021247542
248424,0.017615145
248427,0.05433375
248429,0.19408348
248435,0.0075761843
248452,0.033700425
248461,0.0409157
248467,0.013879059
248472,0.06312603
248473,0.025911534
248476,0.023362068
248488,0.32689327
248489,0.068987586
248505,0.019683316
248509,0.047263324
248510,0.093053654
248512,0.019477883
248524,0.37878183
248526,0.11574775
248528,0.020620162
248533,0.011460214
248546,0.036595553
248568,0.023333963
248570,0.032882214
248579,0.052113146
248583,0.055435255
248585,0.0046179574
248586,0.031039579
248596,0.012808362
248597,0.15539663
248601,0.007424248
248605,0.034465216
248613,0.016711727
248618,0.03336984
248622,0.027348006
248626,0.003726965
248627,0.010775826
248628,0.011511589
248635,0.016093453
248636,0.01098054
248644,0.032054827
248667,0.08765369
248675,0.042311985
248677,0.03066751
248693,0.063440815
248694,0.06732454
248699,0.0057755862
248706,0.13911596
248726,0.079520054
248728,0.017668914
248731,0.069787465
248736,0.38369283
248738,0.27510583
248739,0.02526883
248744,0.20576932
248745,0.07915896
248756,0.015776401
248760,0.071619056
248767,0.37720448
248770,0.02323613
248772,0.07486972
248773,0.017767
248785,0.022229739
248789,0.021598103
248791,0.026607588
248797,0.035073802
248826,0.008124278
248853,0.02512319
248854,0.011754015
248856,0.040362284
248861,0.06712083
248869,0.07602733
248871,0.036221325
248877,0.029838277
248883,0.06136593
248891,0.010962853
248892,0.5178278
248905,0.027852748
248910,0.011570184
248914,0.04301356
248921,0.07136568
248931,0.0965586
248934,0.053808697
248951,0.044370905
248954,0.09879691
248961,0.016379245
248966,0.029990392
248968,0.33049187
248977,0.022400573
248978,0.039603148
248986,0.11860375
249000,0.019966943
249005,0.072447665
249025,0.0049330983
249040,0.05385299
249045,0.011730452
249056,0.035749752
249057,0.0045796144
249075,0.03731278
249084,0.06630282
249089,0.10209557
249095,0.17787012
249101,0.096923396
249113,0.01089176
249116,0.019362878
249118,0.03155233
249137,0.090868056
249140,0.02668166
249149,0.11605988
249151,0.012686608
249154,0.028352017
249155,0.05442859
249171,0.018249426
249173,0.1634773
249190,0.017679032
249191,0.016223447
249197,0.051196493
249205,0.23026629
249212,0.0828456
249228,0.0679254
249235,0.07376372
249266,0.022525005
249269,0.015926488
249277,0.0837209
249298,0.026803011
249305,0.08667916
249310,0.011337808
249313,0.09626646
249320,0.0672827
249321,0.0049592187
249332,0.011266515
249333,0.039318487
249339,0.08205521
249343,0.111026324
249345,0.041569155
249347,0.047465973
249348,0.034078438
249358,0.006845475
249370,0.16320962
249382,0.14328623
249397,0.012278052
249398,0.10384091
249400,0.05078705
249403,0.18856972
249412,0.16314828
249421,0.13275252
249422,0.043872498
249426,0.02665169
249445,0.022235487
249460,0.024125095
249465,0.006088979
249467,0.017740924
249481,0.09493081
249495,0.03144603
249496,0.07351256
249505,0.03310984
249507,0.010400676
249523,0.09531268
249528,0.022350028
249532,0.049485594
249534,0.076161824
249540,0.012130357
249542,0.087296546
249557,0.05025778
249559,0.27620396
249578,0.0077653984
249581,0.0066531333
249588,0.116841495
249595,0.016420979
249603,0.21078248
249615,0.015532044
249630,0.05007948
249636,0.023114359
249640,0.034264434
249648,0.01311244
249657,0.014394081
249661,0.013103428
249664,0.015277912
249668,0.113570936
249677,0.07616028
249681,0.061980505
249687,0.051207963
249688,0.06903015
249695,0.14343466
249703,0.0367297
249705,0.049182553
249718,0.16482209
249719,0.12635213
249720,0.053178865
249726,0.014007998
249728,0.06515687
249742,0.032135133
249764,0.07116715
249768,0.04446354
249770,0.07859091
249774,0.027050365
249779,0.06322035
249783,0.022090483
249801,0.46645486
249808,0.03251147
249818,0.01050258
249820,0.1417956
249832,0.47321072
249839,0.021559795
249843,0.19658718
249845,0.041002568
249847,0.06453903
249878,0.16376261
249883,0.018013593
249895,0.12546875
249898,0.04112639
249906,0.1992856
249909,0.011067827
249913,0.03494019
249920,0.2366522
249921,0.010757263
249928,0.12038438
249941,0.016378436
249951,0.010326468
249955,0.07524919
250020,0.035129756
250022,0.020558197
250026,0.035346083
250038,0.04430266
250045,0.1493275
250048,0.03912174
250049,0.014359133
250051,0.02442384
250056,0.18520744
250073,0.011856848
250085,0.008359767
250088,0.12028158
250091,0.033600237
250092,0.22464356
250093,0.01600391
250095,0.03392958
250098,0.08269489
250105,0.021648291
250114,0.38494134
250127,0.066775575
250134,0.11788076
250137,0.0031434756
250153,0.052257482
250156,0.04471196
250176,0.062437035
250188,0.050063226
250189,0.038555067
250211,0.037231386
250212,0.16942087
250217,0.005076126
250226,0.03919889
250236,0.3188315
250237,0.09317633
250246,0.019829959
250270,0.0877489
250276,0.061982393
250299,0.047208186
250311,0.0047608246
250312,0.044957854
250319,0.0669843
250324,0.012270084
250331,0.011661891
250340,0.083315685
250347,0.018578192
250354,0.021191955
250358,0.052147232
250359,0.008327141
250361,0.24756423
250363,0.038625166
250371,0.10571397
250377,0.027644504
250381,0.046145003
250391,0.011589093
250415,0.011454854
250416,0.069588706
250430,0.23063111
250431,0.055572804
250438,0.08611844
250444,0.08586627
250453,0.046357334
250458,0.052269053
250462,0.2126107
250469,0.009826361
250473,0.043269202
250481,0.111513
250498,0.096505
250502,0.09264709
250508,0.13800326
250514,0.022677423
250521,0.0334581
250522,0.27115703
250530,0.01326527
250531,0.0030548095
250533,0.0076203775
250539,0.053063527
250541,0.025563464
250545,0.25000763
250557,0.25669226
250576,0.027652537
250579,0.011016954
250585,0.26640457
250586,0.022957766
250591,0.112254195
250592,0.034517724
250596,0.01122789
250616,0.012240676
250617,0.02426935
250632,0.2724745
250636,0.019254483
250640,0.08420105
250657,0.06968157
250658,0.06804735
250661,0.021340013
250684,0.08482572
250685,0.050739713
250691,0.11033566
250692,0.021312965
250712,0.010110336
250713,0.009288623
250719,0.056339953
250737,0.09038219
250749,0.013201738
250772,0.023133645
250773,0.19467448
250774,0.05328491
250781,0.19798197
250783,0.024216557
250810,0.076986484
250814,0.026779365
250819,0.027013654
250831,0.021136895
250855,0.01927507
250867,0.09763298
250878,0.021199783
250887,0.016085317
250889,0.010176731
250890,0.04257409
250900,0.111107126
250904,0.044434022
250909,0.041257594
250913,0.031479076
250914,0.017568273
250915,0.08484786
250918,0.0795497
250922,0.26711807
250925,0.086790495
250939,0.090318166
250949,0.011224266
250956,0.027483284
250961,0.036853462
250963,0.09466595
250965,0.15412858
250968,0.019859515
250970,0.021757849
250981,0.06670196
250990,0.024526486
251001,0.2053308
251002,0.015612689
251011,0.19496326
251013,0.013896693
251021,0.016724825
251022,0.016355146
251029,0.014456533
251046,0.012243023
251047,0.029271433
251058,0.0073246183
251063,0.091271736
251064,0.042895127
251073,0.40103745
251083,0.06204025
251085,0.121957764
251091,0.1508495
251096,0.034568056
251105,0.47369176
251115,0.15255678
251123,0.016179712
251133,0.08232904
251152,0.05863849
251165,0.07168032
251180,0.045942478
251196,0.23346463
251197,0.099502414
251214,0.016329786
251215,0.30426016
251217,0.07403003
251219,0.016688563
251233,0.0105178645
251234,0.1604996
251245,0.02597569
251248,0.18551481
251255,0.0057327123
251267,0.004612876
251272,0.022394672
251276,0.008589988
251288,0.029896758
251297,0.02021295
251298,0.08860434
251300,0.022676438
251301,0.06190076
251302,0.15974806
251303,0.08128614
251311,0.0387308
251314,0.023290133
251322,0.010676058
251324,0.06145702
251333,0.049287092
251336,0.13447763
251341,0.014085732
251346,0.018901808
251370,0.02276234
251378,0.041301057
251396,0.04202273
251401,0.04299894
251413,0.02293583
251422,0.013441127
251423,0.019256558
251434,0.110947646
251436,0.06225715
251443,0.053721156
251445,0.059415333
251455,0.019145085
251465,0.0321843
251470,0.034181345
251475,0.41964313
251488,0.013521202
251498,0.025874218
251504,0.047153
251506,0.11718316
251530,0.08675495
251534,0.05048712
251538,0.11700337
251543,0.021426778
251557,0.10027431
251558,0.05946758
251567,0.011293555
251575,0.016196558
251579,0.042414688
251598,0.10856327
251599,0.04457888
251606,0.028249707
251608,0.022650586
251620,0.10028834
251624,0.02129706
251629,0.023449186
251631,0.054883454
251654,0.14765006
251671,0.01428453
251677,0.050223958
251682,0.048440926
251684,0.098818116
251689,0.099371925
251700,0.04506321
251716,0.022950167
251719,0.07549455
251727,0.018977389
251731,0.09063427
251732,0.02418158
251737,0.029566307
251744,0.03062874
251750,0.03181439
251754,0.23784596
251759,0.0054884474
251761,0.33002654
251762,0.095816165
251765,0.027643567
251768,0.05188168
251770,0.019251615
251777,0.023481904
251786,0.016056417
251795,0.10375369
251805,0.037097625
251833,0.19371428
251839,0.02494113
251848,0.1875617
251851,0.02428469
251893,0.015577029
251909,0.019902475
251918,0.03681913
251920,0.07821097
251922,0.17184019
251923,0.2259273
251926,0.07187122
251933,0.014968399
251938,0.14557444
251948,0.08382086
251955,0.03505333
251956,0.06238371
251957,0.008060618
251964,0.04680544
251965,0.041516893
251966,0.012199655
251972,0.020447453
251980,0.016040772
252003,0.01653488
252016,0.04412365
252028,0.09493459
252032,0.013652919
252046,0.007121117
252054,0.0030944832
252060,0.106885254
252073,0.015478757
252088,0.016621754
252092,0.01007988
252096,0.17112778
252113,0.025213422
252115,0.009120229
252121,0.005231758
252133,0.10330363
252135,0.015643854
252145,0.060449578
252151,0.007759906
252167,0.03486763
252169,0.19492225
252175,0.19887306
252189,0.096383534
252190,0.1405158
252191,0.1266744
252198,0.053148236
252212,0.04570585
252223,0.05479139
252224,0.05953866
252228,0.14977144
252253,0.011096957
252257,0.08842481
252261,0.04756234
252265,0.020133896
252272,0.07673834
252273,0.13226025
252286,0.36067054
252312,0.008038831
252322,0.07454128
252326,0.10537392
252332,0.022496793
252345,0.03062268
252348,0.033736404
252354,0.03282946
252358,0.024990613
252364,0.058731023
252366,0.2482037
252369,0.06712887
252374,0.037580367
252382,0.045554142
252417,0.19435751
252425,0.13684866
252426,0.12155509
252429,0.029433515
252434,0.2366214
252447,0.02719298
252450,0.015378149
252452,0.15334941
252460,0.023768265
252463,0.060499888
252465,0.03753345
252492,0.069613025
252493,0.17558812
252518,0.07894278
252522,0.11538384
252524,0.019358797
252531,0.018780587
252533,0.11188421
252540,0.091670945
252543,0.025912978
252544,0.010070649
252555,0.032057535
252558,0.08370877
252562,0.0160188
252565,0.22230798
252568,0.0078716
252569,0.023258558
252573,0.04499525
252582,0.018660972
252596,0.045549486
252599,0.023045257
252603,0.021103468
252606,0.03534006
252630,0.013592875
252636,0.025256606
252651,0.043577548
252653,0.0045935977
252679,0.2518474
252682,0.1285605
252687,0.16082276
252713,0.008226794
252715,0.005535128
252721,0.249521
252726,0.028484114
252746,0.12302627
252754,0.0056771203
252760,0.013611385
252762,0.50679165
252763,0.019799942
252764,0.101493254
252768,0.019700797
252773,0.046399742
252774,0.030553594
252782,0.089742616
252784,0.013348631
252797,0.024797808
252798,0.015022989
252809,0.08993136
252819,0.009848769
252840,0.04852881
252862,0.0058044465
252863,0.14564838
252865,0.059950933
252870,0.03503218
252880,0.12265874
252881,0.07021461
252888,0.14477497
252889,0.06696965
252894,0.053017423
252899,0.044955604
252911,0.0066358303
252918,0.0032941143
252926,0.022511452
252929,0.055779785
252932,0.055560857
252939,0.03477192
252940,0.0284947
252970,0.0068572205
252971,0.049332708
252980,0.08053244
252981,0.029024415
252986,0.013321393
252990,0.0062712617
253004,0.068292886
253011,0.012033091
253015,0.009555502
253022,0.009518297
253032,0.016368955
253044,0.3831345
253056,0.012127353
253065,0.06377713
253066,0.045753933
253067,0.027253017
253079,0.036555212
253088,0.030126084
253098,0.080950424
253099,0.061928857
253112,0.017585212
253113,0.058317296
253133,0.077983454
253149,0.014076008
253151,0.022148572
253153,0.08675163
253160,0.020177092
253164,0.010596355
253169,0.10546113
253177,0.007520657
253183,0.10866331
253198,0.047850776
253206,0.059535418
253214,0.096469976
253218,0.035876814
253224,0.01716417
253227,0.009144573
253231,0.018789837
253247,0.024627645
253251,0.04638084
253262,0.06309962
253264,0.10858363
253265,0.09450955
253273,0.09166729
253275,0.023103906
253278,0.013593733
253284,0.09174778
253298,0.04389699
253313,0.16240934
253317,0.016042577
253322,0.13154522
253326,0.026842644
253332,0.15713912
253338,0.025764108
253339,0.0075661917
253346,0.0044061807
253348,0.12740767
253350,0.025589362
253357,0.037434112
253363,0.026535824
253365,0.006642173
253369,0.017023621
253373,0.10112062
253378,0.017396681
253383,0.08209591
253392,0.013961095
253395,0.033978175
253398,0.035810065
253410,0.19463731
253419,0.018178618
253420,0.09456225
253421,0.16417274
253441,0.05506505
253442,0.018021803
253446,0.012402819
253447,0.19739692
253465,0.028005837
253488,0.1424693
253492,0.016017545
253499,0.5579681
253500,0.13938048
253501,0.034314662
253509,0.016366422
253521,0.038126614
253534,0.012185669
253544,0.04698729
253555,0.039650906
253557,0.10565233
253559,0.010797383
253583,0.113421425
253587,0.025132777
253589,0.039467834
253591,0.029505245
253596,0.011001612
253600,0.014697501
253605,0.013428128
253620,0.03637173
253628,0.012720001
253631,0.08887893
253634,0.014016747
253639,0.030072825
253641,0.1345318
253661,0.017351849
253672,0.06357698
253679,0.022345643
253683,0.050219163
253696,0.011630372
253706,0.016702335
253708,0.043886434
253712,0.019441716
253717,0.015187883
253720,0.028881617
253731,0.09567447
253734,0.040602278
253743,0.030697532
253744,0.06703105
253748,0.03946579
253754,0.20915218
253761,0.025587406
253787,0.11129297
253788,0.035434373
253796,0.21210828
253826,0.15504356
253829,0.09709057
253837,0.057884566
253841,0.21796724
253843,0.03264312
253844,0.029426068
253845,0.036413297
253849,0.13547263
253854,0.012100372
253861,0.021338657
253863,0.02476197
253875,0.07032275
253891,0.036685113
253894,0.08031048
253895,0.44287705
253918,0.18158132
253930,0.012981024
253939,0.08597665
253940,0.06471194
253945,0.11500447
253950,0.014999828
253951,0.008283339
253964,0.10816576
253967,0.022579841
253975,0.51154613
253986,0.016783044
253998,0.4417642
254017,0.06309785
254025,0.12587442
254026,0.011256077
254031,0.06505756
254035,0.046702325
254040,0.117386915
254042,0.026675053
254047,0.04317975
254051,0.13864626
254056,0.01588379
254060,0.05925411
254068,0.02417411
254073,0.087101825
254088,0.023714945
254100,0.02036234
254110,0.08360155
254115,0.014776391
254116,0.32846317
254125,0.03688208
254130,0.017300582
254135,0.114206135
254149,0.035931803
254161,0.042062785
254167,0.03219193
254176,0.05734824
254205,0.012250373
254226,0.010803026
254228,0.09303998
254238,0.009369972
254242,0.07627031
254257,0.31100857
254261,0.025121355
254280,0.038164705
254295,0.019775134
254316,0.13674758
254325,0.30592623
254326,0.08293144
254327,0.019108275
254335,0.029424388
254342,0.06576594
254347,0.06350591
254355,0.064314365
254358,0.014083177
254359,0.015596139
254368,0.03875636
254376,0.04216838
254382,0.06653085
254383,0.11220795
254390,0.06298666
254392,0.08069117
254394,0.012825114
254400,0.0044478294
254406,0.02415834
254411,0.030600514
254421,0.028597012
254435,0.10875234
254437,0.0129088145
254440,0.008908688
254460,0.0958658
254470,0.017694721
254471,0.062410202
254472,0.006173294
254483,0.11934558
254493,0.027971683
254513,0.013486527
254518,0.16410255
254520,0.049671885
254534,0.07686054
254537,0.11905556
254562,0.026447717
254567,0.028614778
254577,0.06706535
254578,0.15544681
254580,0.17617278
254586,0.022373745
254591,0.056995545
254593,0.014463511
254597,0.31781006
254599,0.01229283
254613,0.018150888
254629,0.061812386
254631,0.037782356
254633,0.04197044
254639,0.030725826
254642,0.041159436
254650,0.08066591
254659,0.03157894
254662,0.052742742
254671,0.049573164
254672,0.017064933
254674,0.13406451
254676,0.114571005
254679,0.012120589
254701,0.049373094
254722,0.0072521223
254728,0.021447202
254742,0.026876858
254748,0.09387158
254750,0.013778527
254751,0.03867576
254753,0.07548641
254773,0.16751406
254783,0.017177785
254805,0.05685238
254806,0.104355484
254810,0.034454774
254817,0.040610828
254820,0.02043922
254829,0.12462673
254835,0.012035698
254837,0.054460544
254843,0.031342067
254850,0.036013443
254858,0.033984095
254861,0.022039566
254884,0.01956997
254885,0.11542007
254890,0.014490239
254910,0.15721428
254916,0.03789573
254917,0.0111284675
254920,0.013364455
254926,0.011057545
254928,0.037696864
254930,0.13565515
254937,0.14779238
254940,0.010876639
254953,0.15930219
254956,0.01135127
254969,0.04973719
254982,0.0584028
254988,0.04209908
254998,0.041761093
255013,0.1213625
255017,0.011605293
255018,0.028358838
255029,0.034022797
255033,0.3746632
255035,0.07910763
255061,0.13903852
255067,0.0071400665
255068,0.021151373
255070,0.09526368
255084,0.01850678
255096,0.07576354
255106,0.0072793546
255114,0.03729117
255117,0.026628722
255135,0.10052108
255142,0.05155735
255143,0.03030319
255146,0.090550944
255155,0.015035093
255156,0.11474834
255158,0.02629419
255167,0.03436013
255172,0.016051216
255199,0.008748794
255204,0.0347006
255206,0.03222689
255210,0.028725289
255226,0.045386486
255230,0.030979883
255253,0.025315357
255259,0.034309413
255260,0.020012232
255278,0.039214015
255288,0.020327179
255312,0.059997287
255317,0.011822812
255319,0.03878729
255320,0.03720724
255322,0.033096332
255332,0.34601128
255337,0.040783722
255344,0.011419906
255347,0.06411371
255348,0.009813614
255351,0.03282935
255366,0.046818156
255371,0.016126528
255372,0.0063114804
255373,0.082045294
255377,0.069664545
255378,0.056225076
255405,0.08819928
255408,0.05958717
255425,0.06714911
255434,0.090939835
255441,0.025125626
255442,0.18792848
255451,0.14401019
255486,0.011875108
255490,0.33916572
255493,0.016409414
255501,0.108735956
255503,0.027535765
255515,0.05163822
255522,0.043306835
255526,0.02036384
255538,0.14282262
255541,0.047266394
255546,0.1383332
255549,0.0048897495
255557,0.02786275
255564,0.20386729
255568,0.026601616
255572,0.038096182
255581,0.022712879
255585,0.0084083425
255586,0.17538168
255596,0.13811864
255598,0.033195373
255600,0.07601126
255619,0.03622531
255620,0.008589727
255623,0.026492206
255631,0.06773822
255632,0.11615732
255633,0.043665633
255646,0.025685405
255647,0.037547503
255649,0.02202364
255659,0.050200168
255666,0.006386478
255669,0.035475407
255674,0.012341693
255675,0.018453384
255678,0.09017708
255682,0.20721106
255690,0.16171505
255691,0.01363942
255694,0.3105251
255706,0.02548929
255717,0.021843143
255720,0.014254041
255723,0.05539419
255724,0.09903809
255729,0.009455679
255731,0.065131366
255733,0.011640864
255734,0.08334564
255738,0.06259633
255760,0.005375524
255766,0.018003987
255770,0.020308368
255772,0.011896655
255775,0.047846332
255776,0.01537719
255786,0.01121914
255795,0.013700866
255797,0.1162802
255810,0.022997677
255813,0.010780568
255829,0.03419641
255830,0.013368147
255832,0.015735237
255847,0.024590313
255853,0.09776335
255876,0.0379773
255881,0.010346926
255883,0.015562242
255891,0.09595828
255899,0.021404352
255900,0.095221624
255906,0.058742292
255907,0.12974253
255911,0.13577849
255921,0.057065047
255925,0.14826384
255930,0.19544616
255941,0.0061392398
255948,0.013792251
255969,0.22061509
255973,0.13249168
255974,0.037626706
255976,0.0894229
255977,0.028490335
255978,0.024148243
255981,0.021380743
255988,0.02719731
255990,0.030523269
255992,0.12681289
255998,0.0052938117
256015,0.096327566
256016,0.02887012
256036,0.09683133
256045,0.037873544
256050,0.047507957
256066,0.19349228
256076,0.08667036
256080,0.0134967975
256083,0.13143075
256086,0.033082027
256103,0.057488944
256108,0.0074288575
256114,0.025885735
256115,0.10312356
256139,0.030872766
256141,0.018022804
256146,0.018576879
256150,0.015053969
256177,0.037613496
256179,0.020682326
256194,0.062370967
256195,0.08956767
256200,0.0808298
256204,0.04088035
256205,0.1316692
256213,0.04399224
256222,0.029878937
256224,0.09929666
256235,0.11094614
256264,0.009818593
256268,0.03862273
256276,0.10671018
256277,0.02008764
256282,0.018603794
256285,0.012289573
256293,0.009380747
256294,0.045449223
256296,0.124651685
256297,0.012185118
256315,0.026436647
256317,0.024246503
256334,0.22676565
256339,0.017266225
256342,0.2925256
256345,0.03855987
256348,0.041654672
256350,0.07199581
256351,0.024055775
256357,0.07734213
256375,0.1417434
256377,0.05811382
256379,0.010613093
256392,0.004359262
256398,0.012966086
256419,0.06792847
256422,0.008052619
256424,0.019025436
256431,0.012356239
256432,0.026942091
256438,0.28558815
256459,0.013289959
256460,0.2258369
256506,0.20846196
256507,0.028960573
256511,0.02257519
256513,0.13659933
256519,0.020288434
256533,0.027672566
256539,0.10195811
256590,0.036448833
256606,0.3042416
256614,0.10043627
256642,0.08123116
256644,0.007916959
256653,0.050214656
256663,0.012447409
256666,0.049687818
256669,0.04316738
256678,0.014503723
256685,0.055893585
256705,0.026301721
256708,0.03621032
256713,0.03682601
256715,0.05070536
256718,0.06334638
256745,0.102690704
256752,0.020382917
256753,0.05147864
256754,0.017140795
256763,0.009078367
256772,0.04866224
256773,0.15406097
256774,0.297067
256776,0.19165283
256783,0.070801556
256790,0.023047281
256801,0.36534932
256802,0.29206538
256803,0.107925184
256808,0.018454695
256809,0.0622957
256810,0.20711623
256818,0.077243954
256824,0.01737426
256825,0.0301289
256826,0.0135920765
256829,0.016633356
256834,0.045389812
256843,0.30153707
256866,0.12023496
256875,0.018545693
256876,0.019535966
256887,0.034687977
256888,0.030912766
256894,0.04438611
256909,0.018489685
256918,0.21366276
256927,0.054309294
256931,0.018931357
256933,0.03497514
256937,0.1077268
256950,0.07311855
256955,0.015091164
256962,0.08216555
256972,0.007745335
256985,0.038398523
256987,0.110836595
256993,0.012059673
257000,0.12414422
257017,0.0126646515
257019,0.07547056
257020,0.10557967
257022,0.02146316
257023,0.036490228
257025,0.047654048
257050,0.054296058
257056,0.012795857
257060,0.05822184
257064,0.015046441
257066,0.01126874
257071,0.10090438
257073,0.013604711
257076,0.009263619
257084,0.046665546
257088,0.05064775
257102,0.038435966
257118,0.037599176
257119,0.06784391
257120,0.027012685
257131,0.043056287
257145,0.10382262
257150,0.021253657
257154,0.0856806
257169,0.087968506
257192,0.19217646
257200,0.01842581
257204,0.018833494
257205,0.07450384
257213,0.02111311
257216,0.03101944
257219,0.016227644
257232,0.07514687
257234,0.02020727
257244,0.07133139
257251,0.024694124
257255,0.05011307
257260,0.01927206
257263,0.14972882
257267,0.047999427
257277,0.039423075
257293,0.013385066
257294,0.046085037
257304,0.011628079
257307,0.00863381
257312,0.020235352
257324,0.06872721
257325,0.05557005
257326,0.046690676
257353,0.02587389
257354,0.013733029
257369,0.044035386
257372,0.020605896
257375,0.030865513
257388,0.09189149
257393,0.011318688
257395,0.023177527
257399,0.041705422
257406,0.012355399
257409,0.06423186
257437,0.06757891
257441,0.018014206
257442,0.058037177
257473,0.013063673
257476,0.054015838
257477,0.3114811
257483,0.17754932
257500,0.09413521
257506,0.10131974
257508,0.028368123
257511,0.18831699
257514,0.008618112
257527,0.433825
257528,0.099391244
257545,0.044704042
257546,0.023037821
257548,0.018498136
257551,0.013397427
257564,0.11378734
257565,0.23492567
257567,0.0791712
257572,0.02618653
257575,0.08262134
257577,0.35889804
257578,0.012380313
257585,0.018040424
257589,0.11359111
257590,0.03749937
257594,0.026473297
257596,0.030920863
257614,0.092845015
257618,0.13382103
257624,0.21125299
257632,0.022339845
257638,0.03326191
257644,0.06392775
257650,0.046902053
257653,0.05073854
257660,0.20392407
257663,0.038174212
257665,0.093593515
257677,0.14781223
257678,0.02200523
257690,0.078415915
257700,0.05179613
257711,0.15122756
257712,0.10547644
257715,0.02857362
257718,0.009321677
257720,0.06532101
257740,0.12403346
257748,0.07938035
257765,0.075988665
257768,0.08951855
257777,0.022854343
257778,0.059547197
257785,0.08900493
257789,0.075759426
257794,0.023215301
257796,0.034349013
257821,0.019764118
257823,0.21189415
257832,0.047346167
257844,0.27562892
257848,0.0964577
257854,0.047596615
257861,0.32310176
257872,0.021164838
257875,0.03517654
257876,0.035665244
257883,0.014830243
257888,0.006731101
257895,0.042879473
257900,0.023735505
257906,0.0069635
257907,0.15655532
257920,0.20276177
257921,0.08858733
257926,0.027786225
257932,0.029328804
257940,0.013804745
257947,0.09426913
257953,0.16063333
257958,0.008804143
257967,0.11114618
257977,0.034058794
257986,0.016820613
258012,0.10234131
258013,0.06691789
258031,0.012734695
258034,0.011411584
258037,0.15858608
258051,0.10174412
258056,0.02139081
258058,0.045854427
258066,0.08309561
258074,0.056380317
258077,0.015469664
258090,0.12411399
258109,0.024980977
258114,0.011535852
258124,0.018317439
258127,0.16494542
258141,0.012795098
258148,0.028169667
258151,0.11739922
258163,0.01197126
258166,0.02363141
258169,0.023298921
258179,0.1356536
258190,0.08296845
258193,0.018704522
258207,0.27164993
258220,0.033900443
258222,0.04646444
258223,0.037432536
258225,0.0059304344
258227,0.019819416
258231,0.07884024
258233,0.18069065
258249,0.004280805
258255,0.030875955
258259,0.0146498475
258276,0.037778262
258281,0.26183838
258302,0.019656442
258305,0.118822336
258310,0.06853367
258334,0.10562222
258335,0.04787396
258338,0.0111841895
258345,0.014017524
258360,0.0076876287
258363,0.048906
258381,0.11849069
258384,0.053822577
258387,0.057417266
258400,0.06391225
258402,0.019576676
258406,0.13428137
258408,0.19547318
258432,0.0060878093
258443,0.009953765
258461,0.013678261
258488,0.061094355
258489,0.045386646
258508,0.08067826
258524,0.0049029826
258527,0.0074438998
258545,0.00858059
258549,0.090680726
258560,0.24176747
258565,0.11962794
258567,0.026725348
258575,0.068731554
258590,0.017415648
258591,0.034737706
258592,0.044392504
258603,0.14196864
258606,0.025298838
258610,0.05961529
258627,0.054740045
258631,0.00920736
258637,0.112893485
258638,0.06759926
258640,0.18573165
258645,0.0056873015
258651,0.05762419
258652,0.12000069
258653,0.025464607
258662,0.085871086
258663,0.015879491
258671,0.015628265
258679,0.014070281
258685,0.037326496
258686,0.19466399
258697,0.007992358
258705,0.29142457
258723,0.133626
258724,0.04531128
258734,0.010867882
258763,0.05247659
258764,0.015036921
258771,0.02517167
258773,0.07000199
258782,0.092779
258784,0.0065500783
258790,0.06266474
258811,0.029612033
258817,0.079532884
258818,0.04710833
258832,0.11927804
258837,0.4708121
258841,0.049646664
258842,0.024157502
258843,0.0724044
258860,0.005295157
258875,0.02915195
258881,0.033229083
258887,0.004252445
258889,0.060838643
258924,0.106759205
258925,0.07432629
258948,0.0344859
258949,0.021027496
258963,0.0872404
258964,0.05006488
258966,0.28693396
258973,0.082752086
258974,0.0078783
258979,0.094331
258989,0.048953783
258997,0.02217953
259001,0.064037085
259013,0.2853342
259018,0.015750755
259020,0.2874412
259031,0.07613594
259044,0.11727156
259050,0.16369979
259064,0.035636682
259078,0.07652748
259088,0.26452208
259124,0.009317998
259125,0.05940552
259135,0.037906382
259137,0.09443072
259146,0.027518
259148,0.13194796
259168,0.06394071
259178,0.027680337
259194,0.028615205
259198,0.026346669
259204,0.028366648
259209,0.010777017
259223,0.011895381
259228,0.029211387
259234,0.38423234
259237,0.01986071
259246,0.026829578
259247,0.0062398515
259249,0.06956781
259264,0.02101625
259274,0.0329582
259281,0.13515858
259283,0.0327329
259284,0.039571106
259285,0.038867828
259286,0.008531195
259291,0.045899797
259304,0.01533931
259309,0.024332516
259322,0.033875603
259323,0.13603167
259331,0.061483447
259339,0.020700114
259344,0.026930528
259350,0.08130091
259353,0.02626251
259356,0.017191242
259365,0.09873804
259377,0.10726396
259397,0.017894128
259403,0.09617179
259411,0.016268551
259415,0.022389716
259420,0.047565654
259423,0.13051254
259424,0.020840108
259431,0.03262495
259434,0.051143076
259438,0.043414403
259439,0.024768129
259441,0.00910204
259452,0.013331309
259460,0.06153175
259471,0.03573737
259483,0.055295967
259494,0.032152385
259496,0.045128636
259500,0.08293553
259512,0.011759902
259526,0.034085963
259528,0.072887726
259548,0.011225561
259568,0.085070685
259593,0.07623604
259603,0.045668297
259611,0.007996529
259620,0.061776157
259621,0.25199905
259623,0.05894435
259633,0.024197355
259648,0.022357654
259678,0.011068856
259691,0.004761787
259693,0.014650422
259708,0.05274421
259720,0.06369222
259734,0.021943484
259741,0.08351603
259749,0.02506536
259750,0.0054096314
259752,0.005084667
259755,0.019832717
259759,0.039623212
259776,0.042916544
259779,0.046110906
259790,0.1272145
259797,0.016609581
259799,0.044856396
259804,0.042820916
259807,0.07858493
259810,0.14452198
259811,0.19110034
259822,0.011666114
259833,0.007673496
259838,0.008318236
259844,0.12544757
259846,0.04989997
259848,0.016758153
259861,0.054611415
259867,0.01376696
259876,0.0457114
259880,0.012685373
259897,0.038709607
259908,0.17375205
259912,0.009548692
259920,0.07741242
259922,0.01299996
259928,0.09143946
259932,0.0043022195
259946,0.007694685
259962,0.061989266
259982,0.01839007
259985,0.0059876693
259994,0.08747221
259996,0.12500116
260000,0.019452995
260007,0.33693367
260018,0.10661344
260021,0.088796824
260038,0.016614271
260051,0.2184143
260052,0.012520676
260070,0.02401692
260074,0.027177436
260080,0.06132231
260092,0.033896267
260097,0.009331829
260101,0.004671391
260108,0.01818535
260117,0.04872588
260129,0.021618932
260142,0.018999519
260145,0.023190178
260146,0.061021794
260147,0.082914814
260148,0.29918554
260153,0.016206548
260156,0.021383232
260171,0.037587825
260202,0.0078056687
260221,0.072760485
260222,0.10017308
260226,0.08245391
260227,0.0904148
260247,0.021304881
260251,0.015600426
260261,0.0077588796
260264,0.020911638
260266,0.024672035
260268,0.031366814
260289,0.034421172
260301,0.05643497
260316,0.041151144
260348,0.022923362
260359,0.089454934
260364,0.117191546
260391,0.083675504
260422,0.05721219
260435,0.015866457
260438,0.1492213
260446,0.013435222
260447,0.2768169
260458,0.049039666
260461,0.2023076
260469,0.051532865
260471,0.054110453
260482,0.14972787
260484,0.018303169
260487,0.16111176
260489,0.04584795
260500,0.13712965
260508,0.032163102
260509,0.057630464
260512,0.08051169
260525,0.021143302
260530,0.056380056
260533,0.023417097
260538,0.15596208
260541,0.34358215
260546,0.04811958
260551,0.0066046743
260556,0.10158523
260561,0.016604505
260566,0.011253582
260572,0.035778075
260579,0.24728423
260582,0.22065556
260583,0.036614563
260584,0.07852389
260586,0.068038575
260589,0.058910973
260608,0.103497945
260632,0.010827373
260634,0.010760421
260635,0.061429255
260645,0.057357043
260659,0.040635165
260665,0.069115326
260673,0.069445185
260675,0.19634664
260676,0.034089394
260700,0.26876435
260721,0.3001677
260723,0.13696548
260732,0.00810744
260738,0.01062558
260748,0.061719503
260782,0.12202426
260806,0.0276458
260820,0.050369915
260825,0.11758744
260830,0.022509795
260844,0.08940984
260858,0.056263313
260860,0.041658226
260863,0.08561029
260867,0.009346496
260875,0.031313322
260877,0.24247079
260902,0.17089514
260910,0.023011273
260913,0.025484264
260923,0.034165885
260926,0.17981046
260936,0.019912267
260937,0.23904106
260948,0.06214825
260949,0.041211907
260959,0.054194164
260962,0.34000757
260986,0.04914904
260988,0.019402131
260992,0.08610003
260997,0.02884155
261007,0.07036544
261031,0.014536229
261039,0.053241555
261044,0.02027277
261055,0.05210447
261058,0.061891966
261069,0.028864903
261079,0.035302315
261084,0.004230729
261097,0.07565282
261101,0.015631886
261111,0.11447572
261115,0.018619569
261116,0.1471313
261121,0.009054626
261124,0.11794974
261126,0.018512385
261132,0.010079041
261161,0.017180687
261162,0.026062068
261175,0.033749204
261187,0.036182974
261191,0.049851976
261195,0.010212722
261197,0.09580572
261204,0.052385833
261231,0.008045976
261248,0.017646547
261263,0.015140407
261268,0.14338037
261273,0.05956718
261274,0.02089661
261277,0.11366111
261283,0.011515847
261293,0.0536567
261302,0.3171765
261309,0.030394224
261318,0.025156861
261340,0.08211801
261346,0.010228136
261355,0.022267599
261357,0.020545183
261365,0.034789097
261366,0.15914166
261376,0.03456871
261380,0.073304385
261385,0.40283182
261403,0.031916276
261416,0.19009499
261424,0.07314915
261425,0.031561498
261431,0.006983383
261433,0.015427956
261435,0.086850725
261440,0.055270024
261450,0.005560682
261456,0.14964871
261464,0.1764226
261465,0.038689807
261473,0.013544824
261475,0.061458115
261476,0.04312471
261480,0.019338492
261481,0.029326368
261495,0.019848702
261500,0.018081795
261506,0.010737713
261544,0.013953219
261551,0.0071513187
261566,0.12101705
261573,0.1798712
261587,0.023672504
261592,0.02584084
261594,0.0061374125
261626,0.0122645255
261635,0.016096238
261649,0.008588948
261653,0.0152395945
261660,0.06934912
261668,0.03527305
261669,0.032930464
261676,0.014939744
261688,0.027527759
261691,0.026407128
261699,0.011972637
261704,0.10893369
261718,0.1863109
261719,0.020485094
261735,0.020069648
261742,0.009567925
261746,0.10072666
261749,0.02877211
261759,0.09366074
261763,0.0320556
261772,0.013083861
261795,0.035879243
261798,0.028878184
261804,0.010161764
261806,0.030050822
261813,0.18587193
261814,0.055277
261827,0.009610697
261835,0.0069080153
261839,0.08702888
261840,0.06083748
261845,0.018257225
261846,0.008643174
261850,0.016897611
261853,0.02034613
261870,0.22342668
261871,0.018728087
261883,0.21119066
261885,0.021618402
261888,0.060205173
261892,0.0074340794
261895,0.027161183
261906,0.045439087
261912,0.27639633
261918,0.010869221
261926,0.02731358
261930,0.0050791493
261947,0.02573232
261956,0.04220962
261958,0.082482934
261960,0.08622937
261961,0.19049457
261965,0.037041638
261967,0.3110667
261968,0.014489039
261974,0.06252939
261980,0.084103115
261981,0.06580698
261983,0.03406346
261992,0.068919845
261998,0.076062165
262002,0.042345446
262006,0.040654242
262014,0.010359722
262017,0.0284728
262021,0.35680988
262038,0.0873129
262040,0.03498989
262043,0.014633423
262052,0.054307755
262054,0.01036056
262056,0.01972884
262058,0.026490057
262062,0.31267086
262065,0.120357856
262067,0.020600416
262070,0.06628988
262078,0.014201164
262084,0.037781212
262091,0.51772434
262092,0.10065307
262112,0.060147215
262114,0.015588781
262132,0.018314125
262140,0.22775939
262152,0.07691819
262159,0.028297264
262172,0.045077886
262180,0.018685538
262181,0.03223444
262188,0.3219054
262202,0.01152668
262206,0.009823018
262213,0.08492489
262227,0.09274143
262239,0.040513452
262243,0.016153146
262246,0.02257774
262251,0.026544591
262269,0.0039787632
262272,0.05456451
262276,0.03941235
262277,0.034669735
262278,0.0780136
262281,0.01123708
262298,0.011230262
262308,0.011396834
262316,0.010879643
262320,0.003019808
262321,0.2108502
262337,0.08208711
262354,0.13932155
262362,0.019317176
262364,0.028371096
262365,0.018302811
262372,0.041426145
262373,0.09136977
262380,0.05718804
262392,0.09083718
262399,0.038315352
262407,0.112668
262418,0.10063941
262429,0.041674014
262430,0.004598964
262446,0.1505956
262455,0.0064703473
262459,0.048088994
262475,0.031890742
262478,0.118145056
262492,0.032171044
262520,0.01613668
262535,0.1344986
262537,0.0116446605
262538,0.04644327
262541,0.004879674
262554,0.39411315
262559,0.02430535
262561,0.083153136
262562,0.030739024
262575,0.13168651
262576,0.04825723
262579,0.016546894
262581,0.5030689
262590,0.08716932
262599,0.027881553
262607,0.037075542
262608,0.03039697
262613,0.033665463
262620,0.13917075
262621,0.34732315
262622,0.00784457
262623,0.24454966
262629,0.01216909
262633,0.036079437
262650,0.008568908
262655,0.07717488
262659,0.06333347
262660,0.07601764
262663,0.12387767
262665,0.045261055
262666,0.023675753
262679,0.08744971
262681,0.16553208
262702,0.022232665
262705,0.035800796
262716,0.038267028
262725,0.13610743
262732,0.02261259
262743,0.010010307
262749,0.06631666
262752,0.12951694
262756,0.043322187
262758,0.110243455
262772,0.103578046
262784,0.0709616
262791,0.025700528
262793,0.18910557
262802,0.11270614
262814,0.34686306
262817,0.020589469
262820,0.019559044
262827,0.04581163
262832,0.011762871
262845,0.014189906
262847,0.028393269
262859,0.067441806
262862,0.29200763
262864,0.03421777
262865,0.10818185
262887,0.008834282
262914,0.02226595
262939,0.041354377
262943,0.14292598
262958,0.08484952
262963,0.06856416
262970,0.02638213
262979,0.109210774
262986,0.07737473
263004,0.020118177
263015,0.012417916
263016,0.03840516
263028,0.053791057
263029,0.1978892
263031,0.03179097
263044,0.048632
263046,0.033944864
263056,0.08080427
263059,0.018863954
263061,0.23969738
263077,0.05389845
263087,0.017704034
263105,0.120964885
263116,0.16581994
263120,0.019068338
263127,0.544523
263137,0.07146895
263166,0.018177936
263175,0.07737583
263184,0.065170944
263185,0.03203407
263205,0.026654454
263208,0.019094704
263210,0.26517567
263220,0.039170865
263224,0.09416269
263228,0.021743193
263240,0.016407967
263243,0.13424765
263288,0.032363046
263290,0.049099907
263306,0.017345715
263312,0.009890355
263319,0.013058608
263326,0.009460605
263331,0.01688076
263339,0.085514754
263347,0.01855009
263353,0.05110104
263355,0.045817755
263368,0.11148891
263408,0.020069942
263414,0.027475009
263421,0.024575502
263440,0.015450018
263458,0.024566093
263460,0.038897246
263475,0.037399895
263477,0.039648075
263479,0.09385243
263489,0.14610334
263492,0.09374737
263493,0.033492364
263498,0.07787109
263510,0.039634947
263513,0.075806655
263514,0.014019374
263517,0.10648566
263518,0.012552382
263548,0.01509797
263561,0.03260604
263564,0.02563465
263565,0.108470134
263576,0.004857465
263580,0.15834978
263582,0.010484092
263584,0.013992968
263593,0.22847481
263594,0.060751673
263598,0.035307564
263602,0.049296085
263611,0.012842873
263640,0.27506238
263642,0.04263343
263643,0.040279653
263646,0.027014326
263658,0.025064273
263664,0.021472298
263683,0.008165427
263703,0.1023792
263705,0.052515395
263709,0.009586077
263715,0.0039136936
263728,0.025595365
263732,0.05000224
263735,0.062410876
263748,0.10763653
263750,0.02135166
263751,0.051804464
263759,0.031718303
263763,0.011537615
263765,0.018475136
263780,0.017418863
263783,0.023626417
263786,0.09529427
263794,0.03953478
263799,0.0075135077
263802,0.053070333
263803,0.042576972
263820,0.19649552
263846,0.13905072
263857,0.013516637
263858,0.012788361
263860,0.05802843
263864,0.054542758
263870,0.008013121
263879,0.016538886
263881,0.022682646
263882,0.018369922
263895,0.03697915
263909,0.2257304
263918,0.10821253
263940,0.0542033
263945,0.0077595524
263946,0.100863986
263947,0.0215499
263948,0.020513462
263962,0.14155829
263972,0.120993726
263974,0.0061340653
263981,0.0072329496
263984,0.04548219
263992,0.30592668
264001,0.014381456
264007,0.08463929
264010,0.008574571
264011,0.22072984
264015,0.0047727954
264023,0.07392728
264030,0.0999515
264033,0.023028612
264037,0.028078655
264043,0.036951106
264044,0.029271044
264045,0.24154185
264050,0.0066663227
264055,0.03731617
264059,0.010839197
264060,0.21460888
264062,0.059934035
264069,0.029324574
264077,0.024485806
264078,0.03688846
264087,0.019139005
264094,0.1006436
264095,0.18577968
264112,0.07658904
264113,0.06633171
264131,0.014604972
264145,0.008184967
264148,0.022841116
264157,0.12429647
264161,0.023753906
264173,0.1892718
264188,0.010196689
264195,0.1057529
264198,0.1364664
264199,0.01745725
264207,0.022531943
264209,0.019572124
264226,0.008557074
264227,0.1108333
264243,0.12494098
264246,0.29270607
264252,0.010360785
264254,0.069117494
264259,0.03877407
264274,0.021587165
264280,0.19184591
264285,0.023008347
264299,0.03963968
264331,0.0099848155
264334,0.0069883633
264338,0.017154764
264341,0.006839378
264344,0.12491559
264347,0.32845572
264350,0.044143967
264360,0.010725707
264365,0.04491642
264367,0.032216396
264378,0.053269714
264381,0.13863255
264397,0.04072246
264401,0.12223553
264405,0.025523424
264417,0.07412217
264422,0.024158515
264423,0.08432816
264424,0.0061930967
264436,0.2591154
264441,0.015488133
264451,0.028698472
264453,0.03801466
264457,0.022698827
264460,0.023946637
264464,0.06602639
264469,0.101204485
264485,0.010209185
264491,0.025676124
264505,0.050046243
264535,0.07235859
264538,0.07813556
264541,0.014269551
264544,0.011689493
264545,0.07567553
264549,0.09470292
264557,0.14384286
264563,0.0685781
264569,0.007314553
264574,0.11175254
264587,0.06918312
264608,0.033700008
264610,0.14885846
264621,0.018001476
264627,0.040134553
264642,0.049448643
264644,0.011051822
264655,0.0358676
264660,0.06862217
264667,0.109693035
264691,0.053619206
264694,0.1381008
264695,0.018224841
264700,0.027440047
264709,0.009633877
264712,0.049807925
264714,0.023103425
264722,0.02884829
264728,0.023174586
264742,0.04227595
264744,0.021225717
264748,0.029236495
264760,0.04493026
264763,0.23698908
264771,0.035382293
264773,0.058635533
264782,0.09403919
264786,0.081757896
264787,0.03656082
264809,0.02780443
264811,0.04518237
264822,0.043113638
264823,0.07638635
264831,0.03312144
264834,0.111506626
264841,0.028472502
264848,0.113303415
264849,0.11165108
264863,0.31947818
264867,0.027305052
264874,0.13057496
264875,0.010170116
264877,0.049877446
264897,0.12137333
264900,0.15450127
264906,0.019730443
264909,0.126027
264913,0.014055229
264922,0.025730709
264924,0.03415358
264927,0.09257554
264935,0.017280106
264938,0.39107516
264968,0.02781548
264975,0.0726576
264979,0.004692867
264989,0.034839764
265001,0.058148704
265009,0.124595724
265014,0.033344094
265016,0.024689738
265027,0.27490193
265049,0.034819778
265061,0.2172347
265062,0.01809733
265068,0.020051498
265072,0.14324504
265100,0.037667077
265105,0.026195258
265106,0.04306773
265110,0.017318415
265123,0.033509526
265126,0.24159373
265131,0.095539086
265134,0.020963062
265144,0.019707214
265146,0.15672657
265154,0.05550833
265164,0.05093003
265170,0.058353484
265172,0.011218252
265173,0.01649683
265178,0.038703628
265187,0.11045186
265191,0.051888254
265194,0.33927092
265216,0.019579744
265228,0.017394908
265231,0.007852959
265232,0.041455865
265233,0.039646793
265242,0.046531826
265243,0.030998686
265246,0.03281851
265259,0.17236036
265265,0.4996569
265266,0.020825498
265268,0.14666854
265280,0.021603145
265287,0.007220762
265297,0.026557056
265298,0.08986029
265300,0.037759475
265301,0.04080807
265305,0.12579763
265307,0.02354726
265314,0.032874055
265320,0.015562324
265331,0.07162035
265333,0.11517447
265336,0.016273351
265337,0.10613345
265344,0.03765831
265346,0.004088086
265371,0.0129017895
265380,0.0673579
265386,0.019516362
265389,0.02595842
265409,0.14110787
265414,0.016408172
265415,0.01840746
265419,0.014562929
265422,0.024806065
265457,0.04311854
265461,0.048414715
265463,0.046600208
265468,0.15849112
265474,0.10464103
265478,0.011272847
265480,0.3031433
265488,0.06297506
265493,0.035803594
265510,0.060544655
265519,0.101642154
265521,0.20009299
265529,0.03524514
265533,0.176237
265577,0.024497218
265591,0.01962637
265596,0.26368672
265607,0.012844074
265618,0.035319943
265619,0.017005412
265620,0.008154438
265628,0.08305559
265661,0.023798013
265669,0.025634855
265680,0.07300647
265707,0.16631454
265714,0.047076702
265716,0.011541818
265717,0.2036028
265718,0.047357164
265723,0.11770706
265730,0.06993473
265732,0.023025773
265744,0.18822803
265751,0.09406446
265760,0.093637735
265777,0.05238136
265783,0.0840969
265791,0.077911735
265792,0.030810531
265797,0.04563725
265798,0.015837176
265806,0.022794662
265815,0.03251311
265816,0.25609577
265821,0.013842835
265833,0.009197845
265854,0.011544747
265856,0.046024233
265858,0.014224924
265862,0.17512755
265863,0.027978534
265879,0.032233316
265881,0.014884561
265894,0.072475046
265895,0.6795776
265896,0.04588679
265898,0.07365943
265900,0.059836585
265907,0.01156755
265910,0.07960137
265917,0.03263203
265941,0.074531004
265955,0.03861814
265957,0.05490309
265961,0.028505253
265966,0.020242434
265969,0.11110964
265974,0.12634134
265976,0.027643735
265979,0.19641247
265985,0.03781309
265988,0.032599628
265990,0.05364226
265991,0.067984484
265993,0.026448132
265995,0.16095486
266009,0.03640304
266010,0.036003076
266014,0.17783676
266020,0.16327508
266022,0.06526326
266029,0.09701367
266045,0.027169611
266057,0.27386278
266060,0.23215365
266065,0.02049382
266071,0.02497464
266072,0.010027935
266074,0.011045401
266076,0.022503473
266089,0.023708735
266091,0.01425645
266097,0.04803435
266099,0.037460547
266106,0.09938122
266117,0.026788205
266120,0.11067712
266129,0.025403218
266132,0.04908219
266139,0.16240081
266140,0.045701325
266141,0.03432231
266146,0.26778856
266149,0.010877431
266159,0.03011314
266165,0.009948832
266171,0.10273598
266173,0.028736748
266177,0.108777255
266179,0.04813184
266186,0.006420048
266210,0.1880459
266227,0.029017964
266266,0.027125804
266291,0.022872565
266319,0.16535476
266321,0.020383943
266323,0.010686027
266329,0.021223595
266331,0.050686233
266333,0.22694653
266334,0.081622675
266338,0.029474102
266340,0.038975067
266344,0.2835853
266354,0.016270861
266359,0.05749964
266362,0.05139875
266364,0.036660463
266365,0.065005094
266379,0.018765915
266380,0.11821349
266387,0.011176911
266393,0.021845022
266396,0.014996422
266406,0.016193576
266418,0.06429503
266424,0.012092534
266440,0.050785366
266442,0.022363555
266444,0.06851931
266453,0.076045215
266455,0.034012437
266461,0.04113146
266462,0.010427314
266465,0.02591044
266466,0.089950554
266468,0.4811885
266471,0.067101486
266479,0.01493704
266499,0.16232254
266536,0.15203871
266543,0.021338211
266544,0.04860039
266556,0.035750285
266561,0.016954137
266573,0.05153485
266578,0.092079364
266590,0.120439135
266596,0.11606959
266624,0.12693356
266629,0.016062563
266635,0.012022108
266644,0.0054228464
266650,0.05465762
266659,0.08271388
266666,0.025608767
266668,0.03420099
266674,0.16710185
266680,0.036021058
266686,0.24009807
266714,0.023190355
266730,0.027120702
266734,0.074478
266740,0.27684623
266745,0.018057572
266749,0.09745657
266750,0.016990023
266751,0.033963587
266752,0.083747454
266753,0.012485817
266759,0.1402758
266763,0.022786232
266766,0.01880595
266783,0.039518997
266805,0.010226056
266812,0.010715598
266813,0.13969876
266816,0.072238095
266819,0.055573322
266820,0.26409262
266833,0.05415206
266842,0.04259033
266847,0.03378727
266848,0.012802002
266865,0.1646969
266867,0.12811202
266874,0.05188829
266885,0.053065334
266888,0.012431661
266890,0.12945288
266932,0.02121001
266941,0.0916676
266942,0.035298254
266948,0.014429557
266959,0.010360953
266977,0.035967723
266983,0.028915863
266984,0.058791824
266999,0.20070638
267000,0.10716014
267023,0.11889748
267031,0.081654385
267035,0.01904373
267046,0.027665742
267050,0.01581419
267058,0.04114043
267070,0.034008466
267079,0.06981293
267080,0.01693453
267093,0.07289704
267094,0.028788587
267102,0.03096633
267107,0.021589488
267108,0.02191291
267113,0.025736349
267127,0.032532014
267136,0.043323264
267143,0.0083289975
267155,0.21119608
267180,0.012253353
267182,0.012845827
267184,0.022745606
267192,0.03013037
267195,0.15003219
267220,0.028857717
267228,0.012136421
267237,0.08368473
267241,0.075659044
267242,0.21169958
267247,0.055833273
267259,0.05138381
267260,0.20547898
267265,0.039041772
267269,0.284669
267272,0.047292776
267275,0.007947398
267282,0.17901678
267284,0.32836655
267294,0.03221784
267298,0.01101151
267304,0.1355982
267316,0.09096783
267324,0.029160935
267327,0.01545691
267333,0.01682886
267338,0.019662715
267341,0.082988694
267342,0.037820306
267344,0.060132895
267345,0.13495909
267347,0.0049120504
267361,0.10333687
267374,0.023330035
267379,0.03695457
267380,0.018101253
267382,0.050151728
267394,0.031607848
267403,0.17325549
267405,0.082984164
267412,0.025273802
267421,0.14432767
267437,0.032420024
267438,0.026481612
267443,0.011129797
267446,0.016757812
267460,0.17077436
267466,0.14338475
267469,0.015702842
267474,0.027755467
267488,0.036818564
267490,0.015362234
267496,0.2386022
267499,0.08301062
267501,0.045844566
267518,0.05474302
267522,0.27905554
267524,0.027979659
267532,0.053618815
267535,0.24787158
267547,0.015842807
267550,0.013100105
267559,0.0987664
267581,0.048427768
267586,0.058806628
267588,0.19951768
267592,0.027910672
267597,0.018758086
267600,0.016043164
267608,0.02481311
267620,0.029558858
267625,0.082596496
267628,0.04739332
267633,0.048066173
267639,0.030041331
267649,0.11115917
267659,0.080874704
267662,0.051690914
267671,0.048902087
267672,0.006107761
267677,0.022991097
267679,0.1123864
267682,0.036402073
267687,0.1410501
267689,0.022154571
267690,0.021741305
267707,0.13233665
267709,0.028796986
267716,0.015115942
267738,0.012550474
267744,0.06579694
267752,0.025232444
267754,0.18978816
267755,0.28869632
267757,0.02590093
267758,0.0839437
267767,0.33684883
267771,0.020874307
267808,0.116273165
267815,0.101421185
267833,0.1116796
267841,0.03919176
267843,0.03453255
267847,0.05076702
267857,0.009020362
267869,0.09584438
267881,0.15172018
267887,0.0692748
267890,0.013555502
267892,0.3440288
267895,0.052603878
267899,0.029266713
267906,0.02654305
267912,0.08774971
267917,0.14874545
267927,0.012097133
267930,0.008296262
267934,0.028209299
267950,0.01566877
267965,0.053829163
267966,0.023137888
267976,0.011181434
267998,0.014237097
267999,0.013988264
268012,0.039633594
268013,0.09858647
268014,0.024114747
268020,0.0347122
268028,0.1489734
268032,0.031347148
268039,0.021736627
268041,0.01929994
268046,0.017011818
268059,0.056408238
268064,0.077858575
268066,0.032017097
268073,0.18425049
268077,0.012641172
268085,0.028135099
268090,0.16395484
268109,0.10604153
268139,0.061520603
268151,0.086180106
268153,0.025924817
268155,0.06290138
268163,0.07148107
268166,0.0038117361
268185,0.015764808
268189,0.022681816
268190,0.033075046
268192,0.04502102
268211,0.038649138
268213,0.024295304
268214,0.012158931
268220,0.040762246
268225,0.039915483
268227,0.13701935
268230,0.065926306
268247,0.1838468
268250,0.079528466
268268,0.107689396
268269,0.022782242
268271,0.09111946
268274,0.038192213
268280,0.17925005
268291,0.0982173
268299,0.015160571
268301,0.05105312
268306,0.01043436
268307,0.042577285
268310,0.027799288
268317,0.17620936
268328,0.012765772
268329,0.005468254
268337,0.08089333
268338,0.013401559
268357,0.012441577
268363,0.06715872
268373,0.016446179
268380,0.081357226
268386,0.07651551
268394,0.017243788
268407,0.0050935
268411,0.02740928
268417,0.03434487
268421,0.23373303
268422,0.06427002
268426,0.10201347
268427,0.06582703
268439,0.080193065
268445,0.05014731
268446,0.027214464
268459,0.07139219
268465,0.11090575
268466,0.052992284
268495,0.004606086
268497,0.07497623
268504,0.12279114
268508,0.15676485
268513,0.22656937
268525,0.020042973
268545,0.051280193
268546,0.025419876
268550,0.014612076
268568,0.022474676
268570,0.37726393
268590,0.020988189
268591,0.22955202
268602,0.02030243
268609,0.027365549
268616,0.018981768
268623,0.062557854
268645,0.14770858
268652,0.18993735
268668,0.08090984
268685,0.010539434
268707,0.0128665585
268711,0.096791
268714,0.010355887
268736,0.02293496
268746,0.24620728
268747,0.021016914
268749,0.09053049
268760,0.15661718
268761,0.0057619447
268764,0.15171902
268781,0.01566109
268790,0.06183885
268799,0.014114507
268809,0.057032432
268814,0.048684116
268817,0.019378582
268822,0.002864875
268827,0.099659935
268828,0.01536364
268829,0.08695872
268845,0.044373132
268853,0.0043414994
268859,0.01084434
268900,0.006448415
268911,0.040028624
268913,0.1555167
268917,0.09133585
268930,0.06185494
268934,0.015634608
268935,0.0753373
268938,0.022193002
268948,0.005693441
268950,0.11170364
268958,0.010364536
268975,0.020197602
268982,0.020063538
268983,0.032241028
268997,0.028116511
269009,0.0726005
269012,0.040864848
269017,0.12790518
269031,0.11692332
269038,0.17059614
269041,0.04501613
269045,0.055263754
269050,0.011267244
269056,0.021189794
269058,0.024196396
269060,0.057511166
269067,0.14557692
269082,0.04313683
269098,0.1136647
269105,0.03376283
269117,0.114711635
269123,0.102629215
269128,0.026215695
269143,0.09057142
269149,0.078891665
269162,0.20012946
269168,0.04491616
269172,0.25740764
269175,0.14917213
269189,0.07328326
269194,0.018202092
269197,0.026092296
269204,0.075367756
269211,0.012883193
269217,0.110214084
269222,0.038880754
269227,0.03691027
269228,0.095747024
269232,0.038474448
269250,0.10157057
269251,0.014995045
269257,0.043084934
269262,0.021354692
269263,0.06421307
269267,0.022358581
269275,0.030759163
269276,0.020120615
269279,0.012867422
269293,0.29155812
269300,0.13825732
269305,0.03010323
269309,0.020798875
269317,0.15044951
269352,0.15655914
269377,0.10836577
269378,0.013058029
269389,0.019114608
269392,0.028344296
269394,0.02790951
269402,0.13832028
269408,0.013314511
269410,0.0212661
269417,0.05046825
269421,0.0926736
269462,0.05087441
269481,0.00936105
269488,0.15441701
269489,0.013642943
269491,0.08849322
269495,0.014012838
269503,0.006869586
269510,0.11356151
269515,0.26437926
269522,0.022304006
269523,0.02794414
269536,0.011665939
269537,0.04009229
269549,0.019614818
269571,0.082164675
269576,0.01683542
269587,0.12743765
269595,0.01605312
269601,0.035696737
269610,0.35988995
269618,0.0187322
269620,0.1017874
269623,0.0071650245
269637,0.046012655
269642,0.022016218
269652,0.03661274
269655,0.007825638
269661,0.118947014
269663,0.042222247
269665,0.007722038
269666,0.05481279
269667,0.008162818
269673,0.057607517
269693,0.03824942
269701,0.059361055
269702,0.028277727
269704,0.1420671
269718,0.14162455
269727,0.014163976
269732,0.034380976
269736,0.037841666
269738,0.058728136
269741,0.01382151
269744,0.025753729
269749,0.24805628
269750,0.033957697
269758,0.0935581
269775,0.08453662
269776,0.05482623
269777,0.032459382
269789,0.012441486
269794,0.04863441
269797,0.05537453
269807,0.2876347
269813,0.021878654
269844,0.084914416
269848,0.1089429
269871,0.016483111
269877,0.01705795
269878,0.04321479
269887,0.038920436
269904,0.012967414
269913,0.28711355
269938,0.07389405
269941,0.15771678
269953,0.08188453
269954,0.015930504
269955,0.027007509
269958,0.14990985
269960,0.022677414
269966,0.034351617
269975,0.014383925
269978,0.061967853
269989,0.07720259
269993,0.025715375
269998,0.08444213
270001,0.09841234
270020,0.037466604
270023,0.06857964
270028,0.06015147
270048,0.045596384
270061,0.09916244
270062,0.107027225
270096,0.26907006
270108,0.01679366
270118,0.024250347
270120,0.060561564
270122,0.026236257
270127,0.042378187
270131,0.09166888
270142,0.019366972
270146,0.01971116
270148,0.027408352
270152,0.0054083057
270165,0.006105087
270170,0.020910552
270188,0.02613272
270204,0.07126886
270235,0.036679476
270243,0.20428008
270254,0.055432335
270265,0.01921826
270270,0.12507252
270287,0.07289095
270295,0.017397715
270296,0.0028709206
270302,0.03339553
270304,0.12740129
270307,0.013908915
270310,0.087779604
270317,0.027081048
270324,0.08094856
270326,0.038816758
270337,0.015902122
270363,0.07515228
270371,0.01383925
270373,0.01069609
270375,0.0119932685
270376,0.018142967
270379,0.005795433
270383,0.22153926
270390,0.019709641
270393,0.016427701
270402,0.013232176
270410,0.08299128
270411,0.055724196
270412,0.1236004
270415,0.018645642
270417,0.13866034
270436,0.2245824
270440,0.009436064
270449,0.024213495
270450,0.16444537
270457,0.20993042
270460,0.008191681
270461,0.012528654
270467,0.016191162
270473,0.051638585
270486,0.12064454
270488,0.038530283
270513,0.03511546
270518,0.057624076
270522,0.044157874
270526,0.011869015
270532,0.029388858
270545,0.22024988
270548,0.104494974
270550,0.006339127
270562,0.20714511
270564,0.01593311
270571,0.027116429
270572,0.04433356
270574,0.073667556
270575,0.07657098
270579,0.03102634
270612,0.098295756
270613,0.13347732
270622,0.0047378596
270636,0.022525797
270643,0.016429562
270644,0.015352436
270645,0.01222339
270658,0.13383654
270661,0.014660727
270665,0.060341485
270676,0.16675837
270685,0.04543016
270695,0.05209663
270712,0.034383386
270719,0.026683504
270740,0.017713055
270753,0.015958352
270756,0.032910455
270759,0.15749085
270760,0.017574461
270764,0.060647957
270767,0.02943212
270778,0.0049652713
270782,0.07368257
270794,0.08404331
270795,0.364669
270799,0.061811328
270807,0.18708603
270821,0.028201956
270826,0.05175649
270829,0.026178151
270831,0.03615653
270843,0.031970356
270844,0.10732527
270847,0.019127576
270854,0.010191176
270856,0.10596311
270861,0.006860611
270862,0.026230035
270864,0.17038141
270881,0.021911722
270883,0.15771271
270885,0.26449662
270888,0.035984688
270894,0.0065048113
270906,0.06114632
270914,0.019038457
270919,0.03500475
270935,0.032248423
270945,0.060010932
270957,0.12941639
270966,0.024424735
270970,0.08262153
270971,0.03806349
270976,0.046735037
270977,0.38214675
270978,0.0192925
270979,0.052238327
270982,0.055159945
270987,0.07922598
270989,0.06334038
270991,0.1403673
270992,0.0056765764
270993,0.011315702
270997,0.41959497
271010,0.19804218
271025,0.017577713
271037,0.041481618
271038,0.021702684
271054,0.008936902
271056,0.30499217
271065,0.008730799
271070,0.04413115
271095,0.014824939
271099,0.010541376
271102,0.021208098
271103,0.03430337
271105,0.2402795
271106,0.07838051
271117,0.049839206
271134,0.16580482
271135,0.110701025
271137,0.115633644
271145,0.16574581
271149,0.10645883
271195,0.032980673
271199,0.06648516
271200,0.1983887
271220,0.013507619
271233,0.07347228
271234,0.08160585
271236,0.034358777
271248,0.003974274
271250,0.17974077
271251,0.035262737
271255,0.072775275
271261,0.017906183
271269,0.017886126
271276,0.014810568
271296,0.25360817
271304,0.16401961
271314,0.005515687
271318,0.0057948777
271322,0.006559569
271325,0.02151607
271354,0.057851862
271355,0.025983429
271359,0.022682812
271361,0.019643063
271363,0.22955067
271367,0.14867653
271368,0.015895907
271369,0.026673516
271393,0.31165513
271409,0.079549626
271415,0.033281446
271418,0.1675055
271429,0.21006595
271431,0.018678568
271432,0.377388
271442,0.07471458
271446,0.1349914
271448,0.067397326
271450,0.28255802
271452,0.018811151
271460,0.063928634
271461,0.16187531
271472,0.022847068
271496,0.05384685
271515,0.046523474
271527,0.041662715
271537,0.07130565
271544,0.05239596
271562,0.046518434
271565,0.014081068
271566,0.07071285
271567,0.045291666
271570,0.1103739
271576,0.028820343
271582,0.1367347
271586,0.043805238
271593,0.0667515
271598,0.025258854
271606,0.010752845
271607,0.03802225
271616,0.09253937
271617,0.060480464
271624,0.025756855
271638,0.025197549
271652,0.041613273
271657,0.023182278
271662,0.031094488
271665,0.018758914
271667,0.023282269
271670,0.1441893
271675,0.045873336
271679,0.15307635
271682,0.58326
271696,0.04670004
271699,0.010053407
271733,0.01600883
271739,0.021873292
271746,0.023079304
271753,0.07516373
271756,0.1461487
271762,0.057039086
271777,0.013297682
271781,0.011207084
271785,0.024212236
271786,0.023926849
271790,0.03341878
271801,0.10389643
271806,0.037550107
271807,0.08395501
271810,0.04598264
271811,0.028570706
271815,0.06365171
271847,0.0034233925
271875,0.20771952
271878,0.08455049
271880,0.09706633
271883,0.033644475
271911,0.24328946
271912,0.031161489
271914,0.08149298
271922,0.04047628
271933,0.011448743
271945,0.04422158
271952,0.0067255986
271954,0.02409796
271961,0.057109363
271967,0.013557504
271969,0.0114160245
271980,0.110793725
271989,0.016661614
271991,0.09228782
272000,0.037690543
272004,0.07321616
272010,0.037156202
272013,0.09790156
272029,0.09658459
272030,0.052338038
272031,0.018161884
272035,0.004791787
272040,0.24639437
272043,0.018289814
272055,0.07012745
272068,0.118311554
272075,0.1103965
272081,0.009665727
272090,0.03739567
272104,0.0304076
272116,0.01185098
272121,0.0065416046
272129,0.056754716
272143,0.037198223
272146,0.03354444
272148,0.34471822
272152,0.11368043
272167,0.030516686
272180,0.043286994
272192,0.0058070486
272201,0.023103036
272205,0.021973396
272209,0.21917215
272211,0.02988086
272228,0.028898954
272233,0.22390804
272235,0.07821026
272249,0.15754998
272267,0.031678513
272270,0.019609476
272276,0.0212866
272302,0.037902344
272303,0.02361489
272308,0.10795205
272309,0.07347198
272311,0.052873146
272313,0.012772814
272353,0.043220364
272366,0.038613416
272367,0.048543535
272371,0.024875425
272381,0.010326537
272404,0.06560085
272405,0.052924853
272418,0.104081094
272419,0.0157771
272425,0.019614462
272438,0.037155367
272444,0.04557638
272445,0.06359318
272462,0.021861142
272474,0.015421563
272478,0.06466238
272479,0.13739486
272480,0.032421462
272482,0.049401563
272511,0.1523289
272512,0.015228263
272516,0.046548486
272517,0.018786734
272522,0.026492102
272537,0.044423528
272555,0.03389776
272564,0.10507286
272566,0.027881604
272573,0.018834945
272575,0.008091977
272583,0.03896347
272593,0.020069933
272627,0.034492657
272628,0.071274005
272630,0.021988308
272632,0.018466135
272635,0.25640482
272636,0.026954604
272661,0.011068014
272669,0.05499133
272672,0.014830419
272681,0.18124479
272682,0.052743338
272691,0.030199071
272697,0.018402925
272706,0.041530587
272708,0.015010644
272717,0.0706464
272722,0.009210628
272723,0.0071859173
272737,0.005556947
272744,0.0072412034
272752,0.2882103
272757,0.012360274
272760,0.0104586175
272763,0.028745215
272768,0.03045901
272779,0.014977735
272781,0.20790334
272787,0.0705105
272795,0.11202845
272799,0.046765074
272820,0.14159833
272821,0.017093172
272829,0.060349155
272852,0.059802447
272863,0.08862924
272878,0.077222064
272886,0.0071941675
272891,0.120266624
272903,0.13924238
272914,0.0045693633
272928,0.055874642
272937,0.08874461
272938,0.099738434
272944,0.06384127
272965,0.19133684
272967,0.042393576
272969,0.1214633
272983,0.15764493
272998,0.119843744
273002,0.12095596
273005,0.021158231
273010,0.051809
273011,0.012880089
273017,0.018448876
273021,0.2611013
273023,0.1505197
273027,0.060426142
273035,0.00988551
273047,0.22049963
273053,0.017447308
273060,0.28280813
273062,0.02204743
273074,0.057271633
273078,0.02367936
273079,0.044744357
273087,0.0638622
273107,0.013894649
273109,0.0084303515
273112,0.013372136
273113,0.0818852
273117,0.034801137
273121,0.14074913
273137,0.0352274
273156,0.01981142
273157,0.05228431
273177,0.13315007
273192,0.017119322
273193,0.010137908
273194,0.049037974
273198,0.10070144
273199,0.038190726
273206,0.02036144
273213,0.015719881
273235,0.0249833
273244,0.045637414
273247,0.1118597
273248,0.25429493
273254,0.061077252
273259,0.0175893
273270,0.025444841
273272,0.041892614
273287,0.052133087
273289,0.031316712
273294,0.0066753714
273301,0.04415514
273304,0.060834996
273313,0.06080941
273314,0.03544634
273333,0.050416578
273336,0.34303916
273343,0.01209499
273353,0.022584174
273359,0.035382282
273371,0.0129923485
273402,0.0411059
273415,0.0152974725
273420,0.2727439
273424,0.025454752
273428,0.025154097
273429,0.022601455
273443,0.0951574
273457,0.01871365
273458,0.021827655
273467,0.16672744
273477,0.052803032
273482,0.0425096
273495,0.03486073
273496,0.011122507
273503,0.036719132
273507,0.082771964
273508,0.08591207
273510,0.022122763
273524,0.104627416
273552,0.011231355
273556,0.049016923
273566,0.039960377
273579,0.037352584
273584,0.037931394
273595,0.0632893
273606,0.0148393
273623,0.052148942
273625,0.049001418
273638,0.14242795
273660,0.01307806
273664,0.036266226
273683,0.031749804
273686,0.023673613
273687,0.030559266
273699,0.1695781
273700,0.26623264
273719,0.017733682
273721,0.07245757
273728,0.07740634
273764,0.014800438
273770,0.016412096
273774,0.18171944
273792,0.08821354
273806,0.011223318
273807,0.0495959
273818,0.012694086
273823,0.057963602
273835,0.3009016
273856,0.025445398
273861,0.00998115
273863,0.024576917
273864,0.08975829
273874,0.10260091
273879,0.13286486
273892,0.15812212
273895,0.13564149
273899,0.014065103
273900,0.0671149
273912,0.031845704
273921,0.009837478
273941,0.0313649
273946,0.016523212
273954,0.10235169
273956,0.015349965
273962,0.03377726
273968,0.05768968
273985,0.047230147
274000,0.23810239
274003,0.025543906
274004,0.011924809
274006,0.036563206
274019,0.1928297
274022,0.1074266
274023,0.08618318
274034,0.10943791
274043,0.03349291
274052,0.035156827
274054,0.35077482
274058,0.12374615
274063,0.06590915
274070,0.034439754
274072,0.047043458
274081,0.03222509
274108,0.18409039
274118,0.467166
274125,0.043602254
274129,0.010572332
274140,0.037473857
274142,0.024843367
274146,0.026501114
274147,0.39502186
274155,0.010228611
274163,0.048886962
274165,0.026424976
274174,0.007643422
274182,0.26250124
274186,0.025731027
274188,0.022955641
274193,0.07243191
274198,0.037270628
274216,0.046343137
274219,0.021796227
274225,0.19104876
274229,0.019561496
274248,0.031799763
274268,0.021028869
274274,0.008159922
274286,0.014232732
274289,0.070065826
274297,0.034307525
274302,0.019227605
274326,0.03232319
274346,0.02569598
274348,0.06490911
274349,0.103468224
274350,0.017327186
274353,0.04513065
274359,0.31317076
274364,0.017531442
274368,0.01697575
274373,0.03364834
274378,0.16242385
274389,0.020363055
274390,0.050138578
274391,0.006957477
274392,0.03804541
274396,0.18332034
274408,0.09371165
274409,0.030716734
274424,0.15652366
274453,0.046871547
274460,0.016135668
274465,0.03098518
274468,0.0104130935
274481,0.18565746
274482,0.00951333
274484,0.05115045
274490,0.13021189
274509,0.020080617
274511,0.018619314
274515,0.07906147
274521,0.065068044
274523,0.14344749
274525,0.055175986
274539,0.016728014
274541,0.03072603
274574,0.044673953
274585,0.015286782
274587,0.23336625
274594,0.048818007
274600,0.093315445
274605,0.030032637
274611,0.018466832
274619,0.122624785
274641,0.05992787
274666,0.27468395
274688,0.053628936
274690,0.08570815
274699,0.057948425
274703,0.05538053
274715,0.015681779
274717,0.038772374
274760,0.1111194
274774,0.10974877
274791,0.24426813
274801,0.017589938
274804,0.1661321
274808,0.18798152
274813,0.026476083
274815,0.04363041
274818,0.015029337
274820,0.014422172
274829,0.04149548
274847,0.16871773
274865,0.07772511
274870,0.05099365
274881,0.15220085
274890,0.054686025
274894,0.04294817
274902,0.029113384
274905,0.088188834
274911,0.031002454
274912,0.11583926
274914,0.008972188
274927,0.020419033
274931,0.029814318
274944,0.22035572
274951,0.12212557
274953,0.113057934
274954,0.021585844
274961,0.0145408455
274965,0.08519546
274972,0.08398523
274978,0.033551756
274984,0.028046936
274993,0.031946283
274996,0.012651965
275043,0.0069427285
275048,0.08735297
275052,0.1074177
275059,0.011403595
275060,0.017456906
275071,0.034407005
275077,0.042389847
275078,0.060005825
275091,0.01297006
275098,0.09706438
275111,0.05677566
275120,0.1087251
275121,0.23241162
275125,0.038976382
275129,0.030635636
275139,0.023753442
275150,0.10484105
275153,0.047316212
275166,0.13640818
275185,0.15387434
275199,0.26364872
275201,0.020491106
275203,0.01674424
275216,0.0658291
275225,0.19316736
275226,0.034109168
275232,0.016000459
275254,0.06828207
275256,0.45340148
275272,0.10192092
275278,0.009462499
275280,0.05299333
275286,0.043736853
275288,0.013046604
275299,0.005565658
275306,0.10803353
275313,0.015304033
275314,0.043019805
275319,0.3280387
275324,0.08174304
275330,0.01902749
275334,0.051876403
275335,0.15996686
275337,0.09478132
275339,0.109329775
275351,0.04277184
275352,0.0449813
275367,0.033563565
275384,0.01732715
275392,0.008712817
275393,0.08017228
275408,0.07596124
275411,0.043478254
275413,0.16269079
275415,0.010669342
275416,0.040946078
275422,0.016597668
275424,0.034125324
275438,0.067379
275440,0.031689283
275468,0.010831144
275469,0.033471327
275473,0.16542698
275482,0.02426136
275488,0.026120173
275502,0.104689814
275503,0.029757774
275511,0.061255664
275518,0.0348733
275520,0.013963326
275524,0.041534837
275531,0.08251413
275537,0.0358003
275558,0.043732278
275574,0.053988304
275576,0.05012688
275583,0.0077129044
275588,0.14667052
275605,0.3008072
275612,0.061141916
275627,0.049781606
275633,0.01823391
275646,0.19144662
275647,0.04724619
275653,0.10622615
275661,0.05200953
275683,0.032737426
275688,0.022264643
275691,0.10065242
275713,0.151707
275731,0.010521978
275735,0.36152327
275739,0.014799048
275761,0.14103416
275762,0.022534562
275767,0.024771208
275768,0.13281013
275769,0.1308993
275774,0.01887296
275776,0.010903458
275783,0.017214833
275800,0.07657485
275805,0.19410883
275836,0.007711745
275842,0.036341988
275855,0.44904938
275860,0.023465158
275870,0.13625793
275884,0.14835954
275897,0.03753357
275899,0.0101111
275900,0.06594668
275906,0.047806296
275912,0.07333233
275922,0.14302969
275929,0.18766113
275931,0.06873086
275932,0.016124867
275936,0.1252229
275937,0.025125854
275947,0.1640925
275949,0.17692204
275954,0.15139073
275958,0.01199051
275966,0.15045652
275967,0.029226677
275970,0.12860899
275989,0.16459742
275993,0.03406953
275995,0.010031798
275998,0.031408466
276007,0.054159123
276011,0.037642766
276029,0.11053974
276047,0.009225996
276048,0.054370392
276050,0.11012704
276054,0.033060834
276056,0.059074312
276057,0.1298986
276060,0.01174325
276084,0.012097803
276089,0.015722109
276118,0.026402844
276121,0.11747258
276122,0.094544485
276130,0.021767706
276134,0.20515864
276135,0.018525405
276142,0.14445305
276164,0.017322859
276195,0.11189019
276210,0.09674744
276235,0.020434933
276238,0.02553242
276242,0.016342377
276244,0.07520426
276247,0.018473132
276263,0.139289
276306,0.15073541
276309,0.026662963
276319,0.052721433
276334,0.033129014
276338,0.0041747983
276343,0.009730893
276344,0.07545973
276345,0.0101351105
276348,0.019812815
276359,0.03174965
276363,0.053699214
276365,0.05402586
276366,0.043954715
276373,0.024385184
276378,0.07527331
276386,0.038921624
276405,0.025539223
276419,0.0090576615
276422,0.02049874
276430,0.045327645
276437,0.04449275
276442,0.079817556
276444,0.016863579
276446,0.028117288
276455,0.08245182
276470,0.023619631
276472,0.03469163
276475,0.16813569
276479,0.019631065
276484,0.0112950895
276487,0.1827886
276488,0.20833218
276495,0.044511463
276497,0.2037377
276508,0.65624803
276509,0.054599546
276516,0.020133285
276521,0.01388249
276525,0.06467617
276550,0.038148355
276560,0.015484668
276569,0.016988855
276584,0.025011579
276603,0.016654015
276615,0.011789665
276617,0.020394027
276622,0.020070713
276625,0.027009925
276629,0.052508146
276642,0.025299584
276664,0.01184403
276674,0.011280519
276675,0.28455117
276678,0.06748553
276692,0.045632575
276693,0.016972704
276697,0.018458089
276703,0.051114764
276705,0.07529127
276717,0.05827105
276728,0.01440985
276744,0.047165208
276762,0.08286734
276764,0.019064184
276781,0.029235626
276793,0.038046345
276798,0.026846882
276800,0.03302549
276805,0.01298147
276824,0.02790503
276826,0.033071484
276848,0.17673825
276854,0.1026735
276862,0.17580712
276865,0.048405588
276869,0.07598832
276880,0.007981472
276882,0.052542303
276886,0.02065683
276889,0.06036563
276892,0.058534205
276903,0.0052616093
276906,0.0397305
276936,0.012015162
276945,0.01164779
276956,0.013312569
276958,0.018084064
276963,0.0072673373
276966,0.01854619
276987,0.025080372
276993,0.04626312
276994,0.01465676
277004,0.08281566
277015,0.009561925
277021,0.119087845
277024,0.006406231
277032,0.022746034
277054,0.11782443
277055,0.040699374
277061,0.03744374
277065,0.21518815
277070,0.044062864
277079,0.14123459
277088,0.011538426
277108,0.05104977
277114,0.033543583
277121,0.027393287
277137,0.15413782
277148,0.06004801
277158,0.21725957
277162,0.04652739
277165,0.3006219
277167,0.010616358
277170,0.016978111
277172,0.021422833
277177,0.03284037
277179,0.4855285
277182,0.022223871
277185,0.029202214
277191,0.02405228
277200,0.28350675
277211,0.01674281
277217,0.020522777
277221,0.060015235
277226,0.05309615
277227,0.0595894
277228,0.14498709
277229,0.022869
277244,0.284021
277271,0.014879775
277274,0.08226078
277282,0.01862615
277286,0.01526503
277288,0.038383137
277290,0.010013454
277291,0.0060956185
277296,0.012721202
277297,0.015270039
277320,0.046640083
277327,0.22444299
277335,0.22944918
277336,0.03468026
277338,0.04343053
277342,0.21046318
277344,0.033749644
277345,0.028997114
277349,0.06076207
277356,0.06420394
277370,0.03239974
277371,0.1804617
277379,0.14449015
277386,0.15641199
277390,0.099380836
277400,0.027910065
277401,0.13387454
277412,0.032567732
277413,0.0883701
277415,0.035624202
277417,0.2081283
277419,0.05291501
277422,0.13025853
277423,0.02610058
277425,0.012121432
277432,0.020923033
277438,0.012367169
277445,0.04916592
277447,0.06380729
277456,0.024082158
277457,0.017143203
277474,0.03762062
277488,0.035382144
277494,0.08976774
277501,0.029890934
277503,0.07551798
277510,0.038021576
277516,0.068559326
277521,0.17863055
277522,0.013026347
277530,0.052059863
277531,0.19961418
277536,0.055576213
277548,0.05379851
277550,0.026155328
277554,0.020922769
277555,0.052227456
277562,0.097808614
277565,0.06393578
277566,0.022143587
277572,0.10415175
277592,0.10082012
277593,0.015089787
277610,0.05666008
277621,0.07930357
277654,0.053074315
277668,0.011518279
277673,0.0051699565
277675,0.024031503
277694,0.009525087
277697,0.17235662
277699,0.01918372
277700,0.012080955
277701,0.015221015
277708,0.34549797
277710,0.010948885
277717,0.0986566
277725,0.04066093
277731,0.051042527
277746,0.064056635
277753,0.02491262
277757,0.26426196
277764,0.0615249
277772,0.026138699
277775,0.090407945
277777,0.014669677
277787,0.030990185
277797,0.030096633
277798,0.046170197
277802,0.11129021
277812,0.024378037
277816,0.17121752
277820,0.00943566
277821,0.009730736
277822,0.084928244
277838,0.08593758
277845,0.010756779
277846,0.021196898
277854,0.07997028
277856,0.12798883
277866,0.20665653
277874,0.09184399
277893,0.15294263
277900,0.021238156
277964,0.03158563
277970,0.023694953
277976,0.03401639
277983,0.051795807
277994,0.01374557
278011,0.041194346
278025,0.16077083
278045,0.10668401
278048,0.13083482
278066,0.01384138
278088,0.043240365
278098,0.023555418
278101,0.09905809
278113,0.026210984
278114,0.05630151
278128,0.06318435
278152,0.033175
278157,0.029616509
278168,0.0751166
278169,0.021604992
278174,0.024911102
278176,0.007174323
278181,0.19684768
278185,0.085739166
278225,0.020073911
278236,0.115685955
278242,0.010190961
278244,0.013759572
278251,0.0516888
278252,0.02984186
278272,0.20174856
278279,0.010238389
278287,0.14976403
278288,0.03109353
278309,0.049805295
278310,0.065717675
278316,0.038953867
278318,0.33916342
278320,0.041627068
278344,0.14581127
278356,0.12002852
278359,0.0057189357
278361,0.027355956
278368,0.01650358
278372,0.029076837
278384,0.23036279
278388,0.010354648
278409,0.12973936
278414,0.07894539
278415,0.17099541
278416,0.03762674
278422,0.025975049
278423,0.24718754
278432,0.08583671
278436,0.07490049
278455,0.047529273
278461,0.16277793
278469,0.12963764
278482,0.09581857
278487,0.06370959
278493,0.036909107
278501,0.07903435
278508,0.18155849
278511,0.031569764
278519,0.025345374
278526,0.052177954
278530,0.053257383
278533,0.012147694
278539,0.18346135
278545,0.012647375
278556,0.018545218
278559,0.074971765
278587,0.015501235
278601,0.036529362
278603,0.11020792
278604,0.12993841
278605,0.029253041
278606,0.008882933
278613,0.04024882
278616,0.11287309
278618,0.055954117
278632,0.05795433
278633,0.14463879
278637,0.01523445
278645,0.12062502
278649,0.17103843
278653,0.10218997
278662,0.01569618
278673,0.102270566
278700,0.078732416
278703,0.0695121
278704,0.057978563
278723,0.04322857
278725,0.07301592
278730,0.09327604
278750,0.014905146
278765,0.06084821
278770,0.029073508
278779,0.023744352
278787,0.033624128
278791,0.020538837
278804,0.012528676
278807,0.046254832
278810,0.069318786
278812,0.029780013
278815,0.22961006
278821,0.09946286
278825,0.007679248
278832,0.02989149
278836,0.0359983
278838,0.12945867
278840,0.076766565
278844,0.04595619
278862,0.0067302617
278863,0.024595251
278871,0.047048368
278875,0.0119272955
278892,0.42063972
278899,0.058353167
278903,0.029544218
278909,0.02626536
278913,0.23665762
278931,0.029026233
278932,0.041718993
278933,0.06638775
278937,0.016002359
278952,0.018569196
278954,0.012859593
278960,0.13212043
278967,0.06228691
278968,0.0149792265
278972,0.19876742
278976,0.06024317
278982,0.06949405
278983,0.08669889
279001,0.1398175
279015,0.023410484
279018,0.17759782
279035,0.055252276
279040,0.08851759
279043,0.0805452
279046,0.018586956
279061,0.07911467
279063,0.01570673
279065,0.007724743
279068,0.018654313
279070,0.039526235
279074,0.15160316
279076,0.030663641
279086,0.005292702
279095,0.017737882
279107,0.14339127
279108,0.0934304
279109,0.008739996
279110,0.054022223
279111,0.053941086
279129,0.025297847
279134,0.04395802
279137,0.032865632
279142,0.050867945
279146,0.010670492
279153,0.0076202573
279157,0.026890296
279165,0.01698603
279166,0.006305403
279172,0.06683088
279173,0.06400359
279174,0.08957654
279179,0.13831615
279182,0.00648954
279186,0.04382244
279187,0.0155146755
279189,0.016369421
279201,0.025230644
279202,0.04884349
279213,0.016009228
279214,0.014938667
279217,0.012763782
279230,0.06353438
279232,0.028374435
279233,0.018597614
279235,0.03457243
279250,0.044835135
279252,0.027602194
279257,0.030195713
279265,0.030508645
279266,0.03287145
279279,0.03395697
279281,0.01219065
279282,0.017107656
279285,0.04699942
279286,0.07926616
279297,0.015892435
279300,0.039645437
279318,0.02117103
279324,0.037441693
279334,0.01973899
279335,0.032823667
279336,0.05182932
279341,0.0478317
279342,0.26169637
279353,0.035794724
279357,0.04941762
279371,0.270118
279376,0.044457573
279391,0.035728443
279392,0.013573209
279402,0.10049278
279406,0.15209314
279408,0.096430555
279434,0.044431508
279439,0.00862717
279448,0.013524991
279450,0.064261876
279456,0.023098335
279461,0.040847495
279466,0.012405631
279470,0.07865884
279471,0.005177559
279493,0.024851363
279500,0.063352466
279506,0.012722649
279512,0.045972567
279519,0.062386937
279533,0.015526826
279549,0.036975086
279551,0.42835113
279556,0.007240788
279557,0.0641006
279558,0.07021248
279566,0.038932968
279592,0.036830585
279595,0.119708195
279604,0.13192901
279608,0.0135004725
279614,0.032164123
279618,0.045773864
279622,0.14100537
279648,0.093613796
279652,0.010578322
279653,0.062077504
279679,0.010169983
279690,0.066006586
279691,0.106316924
279694,0.3329844
279698,0.050076853
279702,0.010987841
279712,0.020027375
279713,0.11230234
279715,0.017334836
279725,0.012761164
279727,0.10716541
279733,0.0517283
279742,0.06247989
279748,0.026961757
279754,0.020454286
279756,0.18245345
279776,0.039662573
279778,0.06408575
279779,0.0068077273
279782,0.06534165
279793,0.017298903
279794,0.03952763
279804,0.2657843
279810,0.009087046
279817,0.17712808
279828,0.03585412
279830,0.04406667
279831,0.075672835
279834,0.056550898
279835,0.028518379
279840,0.010353099
279847,0.034303907
279852,0.039020993
279854,0.088368766
279856,0.043895807
279859,0.038200926
279862,0.0175127
279876,0.1036198
279878,0.045477066
279889,0.005670403
279894,0.035590477
279897,0.020862587
279903,0.026947895
279904,0.02294494
279906,0.03966966
279909,0.17609385
279922,0.26732883
279925,0.030225446
279939,0.23061238
279940,0.07120821
279942,0.069043584
279948,0.009866765
279952,0.0051527377
279960,0.012303813
279968,0.046483718
279969,0.04357706
279977,0.45120275
279980,0.08872076
279994,0.047346342
279997,0.10576843
279998,0.10529672
280007,0.23934148
280009,0.15450527
280010,0.46533853
280020,0.024967693
280021,0.027527697
280022,0.1620742
280052,0.016259216
280058,0.027394524
280074,0.054315798
280076,0.027499763
280085,0.33819398
280091,0.021294655
280095,0.008406685
280107,0.21970178
280116,0.0835643
280140,0.02737077
280144,0.18308587
280156,0.04783055
280177,0.008111071
280191,0.03166642
280205,0.021794738
280226,0.11380639
280230,0.08052615
280234,0.012656777
280264,0.05953739
280274,0.01521858
280298,0.012478093
280299,0.056862198
280300,0.083351135
280301,0.06308656
280308,0.0076717148
280317,0.027718635
280319,0.028305601
280322,0.029438432
280342,0.013570524
280348,0.10472135
280350,0.035855196
280353,0.08666673
280366,0.021385318
280372,0.051041454
280374,0.007641618
280376,0.22679311
280381,0.014269413
280384,0.02479317
280388,0.027856888
280397,0.20095204
280401,0.0149852205
280409,0.1699644
280413,0.0076723876
280422,0.37113148
280424,0.03145913
280426,0.066081196
280429,0.11652862
280430,0.13245006
280435,0.09572565
280444,0.01860839
280450,0.03605351
280455,0.20765571
280459,0.022269519
280462,0.034353152
280466,0.25932738
280470,0.015565525
280473,0.023985857
280517,0.043298658
280524,0.27335992
280527,0.0091107655
280531,0.013038157
280548,0.058873747
280558,0.5597803
280563,0.018304672
280598,0.07409052
280599,0.3315107
280603,0.009526158
280607,0.017425248
280610,0.092453726
280612,0.058306437
280625,0.010319408
280631,0.02183564
280650,0.042286485
280653,0.39788106
280657,0.03608923
280669,0.019233527
280675,0.010584419
280679,0.08691544
280685,0.00668075
280691,0.03683525
280693,0.0126618575
280706,0.064800136
280714,0.0193261
280719,0.20662959
280724,0.06897444
280725,0.0237036
280737,0.03635819
280738,0.02750492
280744,0.01278884
280746,0.14143905
280760,0.076342985
280772,0.087372735
280777,0.066441424
280784,0.014991289
280785,0.021660106
280791,0.024409078
280793,0.009263128
280794,0.013678218
280800,0.056521613
280805,0.017987939
280806,0.026936289
280815,0.20056376
280823,0.014876565
280831,0.035775356
280832,0.030301917
280841,0.033675503
280845,0.035831913
280846,0.0156497
280854,0.019970508
280857,0.0068147574
280861,0.06010046
280862,0.10022568
280867,0.057609357
280877,0.04910899
280879,0.041431826
280890,0.019274736
280891,0.18864033
280903,0.35843045
280916,0.02837381
280929,0.017752603
280934,0.09396389
280941,0.178397
280947,0.042269174
280962,0.05012787
280963,0.08601654
280966,0.024177019
280967,0.01992101
280971,0.28315917
281005,0.018285017
281007,0.062924296
281008,0.0070860246
281009,0.024021026
281016,0.015654435
281024,0.07630617
281039,0.07804071
281045,0.004731526
281054,0.16135968
281055,0.087769814
281056,0.03625934
281068,0.13481614
281092,0.06261286
281094,0.007394791
281118,0.23858064
281133,0.012362572
281137,0.01417598
281164,0.09865752
281176,0.012270765
281177,0.025897656
281184,0.031494465
281187,0.13829866
281192,0.01637796
281195,0.094228566
281220,0.028905421
281222,0.098723866
281227,0.027248273
281234,0.02085064
281251,0.022634752
281278,0.01193271
281298,0.10134638
281303,0.13393822
281306,0.30613476
281314,0.03200442
281320,0.013260647
281322,0.042385772
281337,0.057989232
281347,0.41187486
281357,0.017121105
281362,0.053260278
281365,0.034698464
281366,0.027395952
281367,0.029854821
281373,0.02929905
281376,0.0323598
281400,0.301141
281417,0.013771158
281420,0.012826907
281422,0.07993015
281435,0.051790647
281439,0.020113831
281448,0.047332477
281451,0.07882339
281453,0.019187987
281482,0.03285677
281494,0.03730707
281514,0.036553375
281515,0.029344933
281542,0.08032362
281556,0.045953847
281568,0.04765938
281592,0.06413857
281593,0.0030484933
281607,0.10912974
281613,0.04076013
281618,0.43064258
281620,0.08062753
281628,0.13962159
281629,0.022847198
281633,0.021798886
281634,0.018470353
281642,0.02488346
281643,0.028290857
281653,0.080997184
281661,0.014457593
281671,0.032599773
281675,0.018226337
281684,0.00788885
281692,0.09194566
281697,0.016287085
281730,0.085618034
281731,0.10766219
281734,0.047374133
281737,0.01470309
281750,0.15164742
281752,0.06718578
281764,0.068177484
281782,0.07798424
281791,0.021488698
281793,0.06130668
281795,0.017388297
281824,0.057350393
281831,0.11035824
281845,0.021081908
281848,0.010136111
281854,0.031042513
281855,0.029304743
281867,0.019471638
281873,0.019069381
281875,0.02250246
281876,0.20293148
281881,0.008441291
281905,0.009191469
281906,0.204395
281907,0.0136473095
281914,0.08440116
281929,0.021704292
281936,0.22896127
281938,0.0045002573
281940,0.024734324
281941,0.034903668
281950,0.01132517
281954,0.014235162
281955,0.088432595
281956,0.031092765
281957,0.03815892
281968,0.12757272
281972,0.10038273
281974,0.042599387
281987,0.017393062
281996,0.08556952
281998,0.017110316
282002,0.020067813
282004,0.04324923
282005,0.026086695
282020,0.058808193
282021,0.05368088
282041,0.03921791
282045,0.07010955
282046,0.016523823
282048,0.024394408
282056,0.13766693
282063,0.028698036
282068,0.066397406
282072,0.054793607
282100,0.07224484
282104,0.033081546
282105,0.039823912
282106,0.03324166
282108,0.021380426
282114,0.15779078
282132,0.048461985
282133,0.02093267
282136,0.034281954
282145,0.25292593
282146,0.095619746
282150,0.042832173
282151,0.028472384
282152,0.06686859
282157,0.26829064
282165,0.024153728
282167,0.015135767
282178,0.012110888
282179,0.04266528
282204,0.0065658544
282208,0.026217295
282218,0.027359484
282221,0.27068403
282223,0.013718801
282226,0.009771657
282230,0.008235068
282232,0.07616864
282235,0.013228037
282236,0.056211464
282239,0.045982614
282246,0.018051423
282250,0.18204835
282259,0.010622427
282270,0.012136213
282272,0.004672854
282282,0.1868624
282292,0.048773605
282306,0.028448828
282311,0.042095024
282317,0.24067123
282318,0.02920885
282331,0.036030915
282338,0.115997456
282349,0.03341579
282350,0.20684199
282355,0.015354012
282359,0.38859165
282382,0.012719077
282396,0.18655965
282399,0.0761009
282408,0.031782735
282421,0.049216244
282427,0.034824222
282437,0.027291154
282446,0.023427444
282448,0.0071946103
282453,0.019466424
282456,0.03456059
282457,0.1381124
282465,0.1378582
282476,0.090488136
282478,0.07383631
282482,0.013769699
282485,0.13940029
282492,0.040040724
282498,0.16175196
282503,0.016891714
282512,0.22644837
282521,0.13645934
282531,0.21216723
282548,0.032909717
282582,0.014672254
282585,0.02489072
282605,0.030161383
282618,0.009102616
282633,0.0107267
282642,0.20431823
282645,0.111506484
282647,0.049012866
282649,0.030105507
282654,0.05203146
282661,0.03328253
282667,0.01460844
282668,0.18680198
282678,0.040441077
282679,0.15175779
282687,0.024940185
282688,0.036367826
282691,0.04400609
282702,0.007933472
282709,0.062081162
282712,0.039125264
282715,0.24531811
282726,0.009679066
282735,0.031973198
282737,0.0099319825
282746,0.21877591
282751,0.0024975415
282754,0.23867407
282758,0.080292836
282773,0.3894129
282787,0.02149693
282794,0.015202698
282812,0.008118997
282822,0.12709197
282827,0.047878116
282836,0.01955278
282841,0.023511495
282854,0.09863459
282862,0.03683728
282873,0.041573666
282890,0.052946866
282900,0.29825243
282906,0.022927191
282910,0.17473882
282915,0.006581222
282929,0.0049885507
282933,0.032700863
282944,0.20310399
282945,0.04504553
282950,0.009094627
282954,0.023649504
282960,0.01784115
282961,0.11856714
282962,0.05134594
282965,0.08265312
282971,0.047528148
282974,0.016312765
282975,0.022466792
282979,0.026222983
282984,0.05157971
282990,0.10538698
282998,0.0430073
283005,0.030324083
283013,0.2649041
283018,0.14900164
283029,0.43836972
283032,0.006856413
283036,0.039448712
283041,0.14148304
283046,0.1322824
283050,0.019251222
283057,0.075239696
283065,0.05836748
283069,0.2250816
283074,0.015208904
283076,0.08112433
283077,0.049059726
283089,0.060725868
283090,0.017357478
283094,0.06846252
283110,0.060851555
283118,0.14998712
283127,0.009627253
283130,0.03534993
283139,0.12103847
283143,0.07769339
283144,0.10543362
283146,0.033330027
283150,0.02389893
283161,0.4343143
283177,0.088224836
283180,0.020328863
283184,0.02565675
283191,0.044180315
283193,0.015915543
283196,0.07867307
283199,0.1455989
283202,0.06639538
283205,0.01908749
283213,0.048911374
283216,0.014495841
283218,0.020101553
283220,0.016323542
283227,0.107325025
283233,0.12368374
283248,0.06855456
283250,0.07188127
283261,0.022007897
283264,0.038282532
283267,0.056689747
283269,0.025266333
283271,0.023635836
283282,0.0838228
283283,0.021689942
283290,0.027679646
283295,0.039213087
283298,0.020143855
283303,0.27315453
283309,0.01278283
283310,0.019088367
283314,0.13120185
283317,0.024146892
283318,0.023508014
283323,0.24368902
283327,0.08642174
283328,0.09031211
283336,0.1490391
283340,0.044874746
283344,0.040869135
283345,0.2420905
283360,0.025189929
283361,0.008798537
283383,0.18027881
283387,0.03135694
283390,0.021233758
283412,0.01993893
283426,0.024866614
283429,0.17666596
283433,0.0369346
283437,0.016469717
283438,0.0058795684
283461,0.08457409
283466,0.023479475
283477,0.036801457
283479,0.0925952
283483,0.026641844
283484,0.018103784
283486,0.06114535
283500,0.016333427
283512,0.11050533
283515,0.025398036
283517,0.3611353
283519,0.013041413
283523,0.04553609
283528,0.069314346
283555,0.051504217
283565,0.0232633
283572,0.020402687
283576,0.01998475
283586,0.12522122
283590,0.046829432
283606,0.047683574
283615,0.013426382
283619,0.048488345
283632,0.23637447
283635,0.021977754
283636,0.011788754
283641,0.12703148
283642,0.016020022
283647,0.022874372
283667,0.011025957
283683,0.05732822
283684,0.07529757
283687,0.055866674
283691,0.031110205
283693,0.13288152
283701,0.0322252
283702,0.030867517
283711,0.12698606
283713,0.30557632
283726,0.014825596
283730,0.02965841
283736,0.032701816
283737,0.06673636
283740,0.019783271
283748,0.056938045
283750,0.08781894
283756,0.009581694
283757,0.0073603336
283774,0.2639381
283776,0.08942391
283784,0.088309556
283790,0.21179308
283796,0.016060024
283806,0.03771498
283816,0.002028564
283825,0.09485476
283827,0.048430502
283835,0.012273371
283839,0.15923165
283843,0.078297645
283874,0.16710895
283880,0.022229927
283881,0.20211993
283882,0.37517992
283887,0.026697585
283891,0.052340593
283893,0.037710015
283895,0.018589271
283900,0.22720698
283906,0.06713346
283938,0.009342384
283943,0.027164694
283953,0.20313893
283958,0.11394322
283961,0.0044404278
283972,0.017264005
283973,0.023086308
283986,0.14701295
283990,0.004647887
283994,0.20242679
284000,0.0058377036
284002,0.04964933
284003,0.04902496
284035,0.29724458
284049,0.008776106
284055,0.010620125
284060,0.017020138
284061,0.13844624
284069,0.10481203
284072,0.11706754
284075,0.05185691
284087,0.04473299
284093,0.040697943
284095,0.023840059
284096,0.0493103
284106,0.012658975
284109,0.040724184
284112,0.03541829
284126,0.046358492
284152,0.01889107
284155,0.02746646
284157,0.02174371
284159,0.03065775
284194,0.046192408
284207,0.078230456
284211,0.011273088
284220,0.20118657
284232,0.064872764
284239,0.1903165
284246,0.010977212
284257,0.09521194
284259,0.02418265
284272,0.021950975
284277,0.039269973
284279,0.35594493
284283,0.06443202
284294,0.028446244
284298,0.009631588
284305,0.117177986
284309,0.021377796
284311,0.036325686
284315,0.0049868487
284338,0.341492
284340,0.11831832
284342,0.11534672
284344,0.022654792
284348,0.014960121
284361,0.10991625
284373,0.012988902
284380,0.24082245
284408,0.012609715
284422,0.012887841
284423,0.05545236
284427,0.05925761
284433,0.12884425
284442,0.013000052
284462,0.14404684
284481,0.06277311
284487,0.023908177
284492,0.018080533
284495,0.020550324
284499,0.20398362
284503,0.06418437
284506,0.12943321
284507,0.015307358
284511,0.48228806
284512,0.037696052
284513,0.021027133
284520,0.08221201
284537,0.019010324
284557,0.12532432
284560,0.021299222
284571,0.104085766
284573,0.20834059
284574,0.007242532
284575,0.028276885
284576,0.053235922
284578,0.029393293
284592,0.030319426
284606,0.15494682
284609,0.039330676
284614,0.025064623
284627,0.02378046
284630,0.039515503
284633,0.00863293
284647,0.019146608
284650,0.034273345
284655,0.061490156
284661,0.0043575936
284664,0.0077812737
284668,0.015864333
284682,0.032976847
284683,0.16751316
284691,0.055034112
284692,0.0789379
284695,0.05143771
284751,0.14662369
284785,0.043773342
284796,0.0043914407
284797,0.0077595785
284799,0.014142402
284805,0.015979424
284811,0.021749416
284844,0.019575497
284856,0.16604504
284861,0.035748653
284864,0.022066303
284866,0.06891483
284867,0.025093831
284871,0.009864104
284873,0.011475668
284888,0.14166985
284895,0.002018785
284906,0.07253505
284907,0.11933793
284908,0.012057313
284914,0.025132293
284916,0.015964292
284920,0.047288623
284926,0.022721196
284934,0.03353151
284937,0.02295633
284949,0.03297629
284986,0.01268711
285002,0.054624487
285006,0.05619716
285007,0.0929832
285008,0.050871637
285016,0.0048408816
285040,0.015112971
285041,0.0058989
285050,0.09008044
285051,0.008241218
285059,0.09071729
285077,0.061849505
285078,0.23346114
285097,0.009696489
285102,0.04158074
285104,0.0073856334
285117,0.032722842
285119,0.045970622
285120,0.016133113
285122,0.028086228
285131,0.1667303
285137,0.017838236
285139,0.04690031
285147,0.034502726
285176,0.015882798
285177,0.039475307
285183,0.04371627
285184,0.0130528705
285200,0.006784708
285213,0.13045295
285224,0.03325616
285232,0.047513217
285245,0.12511533
285249,0.011784895
285253,0.028430028
285268,0.016830625
285276,0.006027578
285282,0.13148215
285284,0.20766425
285297,0.10029223
285304,0.020689765
285305,0.016427249
285337,0.016342873
285346,0.01225985
285349,0.017750122
285354,0.11765343
285359,0.05203248
285366,0.09535742
285367,0.21159382
285368,0.16315547
285376,0.08997096
285382,0.013726384
285385,0.10883553
285389,0.04234419
285396,0.013374055
285398,0.084546484
285399,0.03593447
285403,0.047667135
285405,0.077607684
285407,0.14599504
285417,0.07322888
285419,0.099446505
285431,0.012988908
285457,0.056802176
285462,0.09277482
285463,0.0037247667
285472,0.123004265
285476,0.010820246
285479,0.10883445
285482,0.047404148
285486,0.076072656
285487,0.03397804
285497,0.00583484
285498,0.0653793
285507,0.33186343
285509,0.017378872
285514,0.0176821
285516,0.0077126967
285521,0.018792033
285525,0.0027899798
285528,0.01974406
285555,0.022607526
285559,0.05307724
285561,0.013927705
285562,0.08603823
285565,0.04700673
285571,0.024447134
285583,0.10195894
285588,0.16183671
285603,0.05260092
285612,0.06094092
285628,0.4566733
285635,0.031874284
285649,0.023270225
285651,0.025812881
285653,0.050550077
285662,0.06299706
285665,0.016042607
285678,0.016259156
285681,0.05568934
285694,0.12560478
285695,0.01695782
285701,0.024015829
285721,0.050964803
285730,0.06556993
285733,0.010376798
285743,0.048519347
285744,0.055355005
285746,0.016243381
285778,0.03579191
285784,0.035067435
285808,0.013153301
285810,0.083100736
285831,0.07782048
285833,0.022046767
285841,0.03083408
285842,0.014042859
285844,0.051813968
285847,0.023826357
285853,0.009873953
285861,0.0738071
285863,0.02081995
285867,0.122285455
285870,0.46693492
285879,0.049436517
285880,0.039737977
285882,0.017749656
285893,0.004126971
285897,0.11644362
285912,0.054989845
285914,0.024158085
285918,0.09338214
285927,0.1590757
285931,0.06762245
285932,0.08275013
285962,0.022215886
285975,0.09875589
285978,0.18483678
285996,0.033313636
286000,0.06700518
286010,0.021653777
286011,0.12970011
286018,0.029033616
286033,0.04104421
286038,0.24489805
286042,0.027984733
286044,0.048779093
286047,0.00702446
286050,0.23642881
286052,0.025854502
286056,0.12727422
286058,0.018905988
286083,0.027968433
286088,0.113334075
286094,0.054267664
286107,0.1269993
286112,0.33546028
286124,0.016412573
286128,0.07646416
286141,0.043969236
286146,0.060865104
286147,0.035275105
286153,0.0047962456
286163,0.02093611
286169,0.028476987
286175,0.054968018
286185,0.01327351
286194,0.069301575
286198,0.068471484
286201,0.015792275
286202,0.12278615
286213,0.034827515
286218,0.03346007
286250,0.012237769
286257,0.122023605
286264,0.09432662
286265,0.057094004
286266,0.015448101
286287,0.1280717
286292,0.0030955372
286294,0.040748604
286295,0.108656734
286299,0.10902718
286300,0.09825799
286302,0.08533657
286310,0.035405
286316,0.022724776
286332,0.10923317
286353,0.068954796
286354,0.028346818
286357,0.018695613
286375,0.008542241
286382,0.10807992
286389,0.11339545
286404,0.01732351
286405,0.070735335
286411,0.081863746
286412,0.041857503
286421,0.10460101
286423,0.034282878
286426,0.11265105
286433,0.05715675
286438,0.07971963
286441,0.04546605
286444,0.009207493
286447,0.0102023035
286459,0.25852883
286473,0.037018687
286484,0.022259409
286485,0.30001375
286501,0.04287191
286502,0.053948134
286509,0.020386305
286511,0.34969345
286516,0.43073058
286547,0.21920234
286549,0.072563745
286553,0.059995674
286558,0.025392614
286566,0.023217857
286572,0.086063124
286582,0.029473724
286587,0.011898816
286590,0.0768466
286594,0.07392465
286598,0.010574034
286602,0.021620637
286608,0.10969248
286610,0.04821637
286627,0.07273861
286661,0.021817552
286664,0.09340575
286668,0.014406078
286683,0.014923744
286684,0.017535537
286689,0.017384797
286696,0.099600986
286697,0.016510453
286703,0.15340436
286705,0.023823261
286707,0.04474647
286708,0.045931604
286711,0.013087775
286714,0.03414383
286734,0.041148137
286747,0.046877768
286760,0.08735419
286763,0.018255394
286772,0.015744986
286773,0.015416771
286791,0.029352793
286813,0.058473885
286814,0.024409117
286817,0.017596977
286836,0.016241055
286838,0.10327781
286844,0.0640203
286854,0.04482835
286856,0.057712726
286859,0.03745579
286864,0.008170864
286865,0.15775298
286868,0.18530816
286881,0.11310997
286882,0.1144411
286888,0.008416444
286890,0.4504857
286892,0.046576675
286895,0.032978266
286906,0.057266667
286924,0.018055355
286930,0.012540548
286931,0.07380461
286942,0.05456361
286955,0.021617813
286960,0.05399878
286962,0.031395577
286966,0.018837146
286967,0.008143953
286971,0.033263043
286983,0.021692317
286985,0.02630525
286986,0.12206543
286987,0.10075962
286992,0.02453135
287003,0.02704636
287004,0.010652896
287006,0.034204885
287029,0.021445109
287036,0.017322624
287038,0.104988314
287049,0.041406747
287050,0.010320437
287057,0.024900466
287065,0.00929896
287066,0.11599895
287089,0.11616885
287093,0.2890021
287096,0.05291897
287103,0.064504944
287104,0.07239764
287109,0.031123865
287133,0.29884017
287137,0.018460093
287141,0.2326847
287146,0.0154647995
287148,0.007284251
287177,0.016034149
287184,0.019533347
287197,0.072024874
287204,0.118812956
287206,0.054917432
287208,0.024960967
287225,0.03780396
287228,0.018377302
287252,0.08326827
287260,0.019919606
287264,0.14038973
287270,0.050756626
287271,0.04061143
287272,0.006425088
287274,0.018477751
287280,0.013109006
287281,0.054070868
287290,0.029994046
287298,0.016458511
287299,0.07267455
287301,0.01151145
287314,0.053514022
287321,0.10808918
287322,0.013624163
287329,0.19238856
287331,0.06606288
287337,0.050576374
287349,0.017814156
287358,0.06468463
287370,0.18949848
287371,0.008909952
287376,0.010402272
287378,0.017897105
287386,0.09468885
287394,0.10824504
287397,0.032182213
287419,0.019278517
287428,0.022256784
287438,0.010158105
287439,0.038818207
287449,0.086522825
287450,0.016150966
287460,0.039492168
287472,0.15447055
287474,0.10793844
287483,0.02631496
287495,0.034183558
287510,0.018898454
287512,0.013092696
287530,0.0138087785
287531,0.015611707
287543,0.019835483
287549,0.036016718
287564,0.11575142
287574,0.022943694
287580,0.012783164
287587,0.044324744
287594,0.023744991
287605,0.070835985
287617,0.03198431
287621,0.016301528
287626,0.023849197
287629,0.09102662
287632,0.041412268
287636,0.17129868
287644,0.04955895
287648,0.021901
287666,0.062269125
287672,0.03947148
287701,0.08989176
287708,0.029093618
287718,0.03572666
287724,0.13353594
287726,0.0063997577
287729,0.07528899
287732,0.08320192
287733,0.015144742
287734,0.26550782
287750,0.112585835
287755,0.0707722
287762,0.1587267
287764,0.018115131
287766,0.018762914
287775,0.020555891
287781,0.01679851
287785,0.031567555
287789,0.02342634
287792,0.28564855
287796,0.011255668
287804,0.08439188
287822,0.03610764
287835,0.018925436
287840,0.043552022
287850,0.038204633
287851,0.02598565
287852,0.07610923
287858,0.043705143
287859,0.015473671
287860,0.12488028
287861,0.03886985
287866,0.010630613
287868,0.107809454
287873,0.12224129
287876,0.05707556
287877,0.018779106
287878,0.015770443
287879,0.055554476
287883,0.018894235
287888,0.012351067
287894,0.4263989
287895,0.022568213
287912,0.0753242
287915,0.08640679
287920,0.016121686
287922,0.039488968
287926,0.04460788
287929,0.08877789
287931,0.12595752
287936,0.096808575
287942,0.03964876
287946,0.1967065
287948,0.13265727
287963,0.18590792
288003,0.008811495
288005,0.012735451
288012,0.0633695
288013,0.1552092
288026,0.011759211
288027,0.022465417
288031,0.099623546
288039,0.011292233
288041,0.11179732
288045,0.08459978
288065,0.18550192
288068,0.061099175
288079,0.0533114
288084,0.4449861
288111,0.22426541
288129,0.03637804
288138,0.5725054
288154,0.11865501
288167,0.009204495
288178,0.034351673
288184,0.01944199
288193,0.01162867
288203,0.13807969
288207,0.25024143
288223,0.12909557
288226,0.20661937
288237,0.027483921
288257,0.2871914
288259,0.055229906
288269,0.12491971
288273,0.023195477
288276,0.042366847
288280,0.07583775
288283,0.026013495
288291,0.06978381
288299,0.043392085
288305,0.044279017
288316,0.007977458
288322,0.05389375
288333,0.013000716
288337,0.069720075
288341,0.010064516
288345,0.0701959
288348,0.01700724
288350,0.10050966
288353,0.092135735
288372,0.038464043
288375,0.09871631
288395,0.020719383
288408,0.06918593
288425,0.019400159
288430,0.15184535
288433,0.024775077
288459,0.09531285
288462,0.04149249
288463,0.08025639
288470,0.036303457
288472,0.10329368
288475,0.04317851
288495,0.16974525
288517,0.10803711
288530,0.23658974
288535,0.059138406
288539,0.019966234
288540,0.033195227
288547,0.46852615
288553,0.09877719
288555,0.24757117
288556,0.026977645
288562,0.021060063
288564,0.03469382
288567,0.07208026
288576,0.02835194
288579,0.019771924
288580,0.076288424
288589,0.019832587
288596,0.13454862
288597,0.058333613
288599,0.020714913
288601,0.035325035
288617,0.029155562
288621,0.13872808
288635,0.03492294
288656,0.0024710542
288666,0.041550472
288670,0.09792247
288671,0.026311249
288673,0.020991499
288678,0.21148372
288693,0.17154624
288699,0.026160108
288706,0.17259265
288728,0.061536297
288739,0.05334125
288741,0.037024576
288755,0.0172806
288763,0.014566967
288766,0.032829676
288775,0.20981617
288780,0.0091463495
288793,0.045790464
288811,0.09586667
288821,0.033448726
288829,0.15649217
288835,0.006557682
288836,0.037855703
288838,0.09459618
288851,0.035319585
288853,0.016781826
288854,0.0125776995
288855,0.020525903
288876,0.02265799
288879,0.28771287
288884,0.24012828
288886,0.020168867
288891,0.032065332
288898,0.044762667
288911,0.22799878
288913,0.018675432
288927,0.00902574
288928,0.012771052
288931,0.098615
288955,0.018390313
288961,0.052104417
288969,0.27664703
288971,0.072281845
288973,0.06941871
288982,0.026823962
288983,0.009177345
288986,0.032351095
288992,0.05421731
288993,0.032783784
288996,0.06543418
289007,0.11781182
289008,0.04540977
289014,0.02847158
289015,0.023118176
289016,0.028679311
289017,0.022212785
289028,0.01588711
289030,0.15190503
289040,0.03998039
289048,0.03495841
289051,0.055739306
289055,0.003951227
289057,0.006589309
289062,0.123734675
289063,0.19756195
289069,0.057618126
289073,0.023044927
289074,0.021007765
289085,0.0390186
289092,0.022234486
289097,0.007731944
289111,0.046755306
289112,0.06967619
289116,0.07135913
289123,0.014235697
289145,0.38020092
289146,0.059159055
289158,0.07815184
289165,0.060377724
289166,0.046275478
289167,0.09392102
289170,0.16025029
289193,0.045317523
289198,0.034173097
289209,0.033484444
289211,0.05196748
289215,0.052798197
289220,0.042866558
289232,0.03829119
289244,0.0663518
289258,0.077667
289271,0.039519794
289274,0.08423435
289312,0.11854051
289321,0.11703347
289325,0.048940994
289333,0.08069678
289340,0.05851132
289368,0.0118890675
289375,0.06533583
289380,0.11885591
289381,0.022711217
289384,0.048803467
289403,0.012703208
289408,0.051839624
289416,0.009997472
289463,0.022272918
289488,0.10513297
289495,0.18910079
289498,0.032123413
289499,0.026589086
289515,0.013629413
289531,0.0094521595
289541,0.071283996
289554,0.015246999
289565,0.038237702
289590,0.011309864
289596,0.10308163
289601,0.06020698
289602,0.030786306
289603,0.032071963
289608,0.02168975
289622,0.083563924
289623,0.011798365
289625,0.0141884945
289634,0.025004094
289648,0.11425023
289650,0.005104074
289662,0.0818654
289667,0.21798767
289674,0.0088494
289682,0.02143306
289702,0.025353525
289706,0.026753748
289709,0.10583653
289716,0.112735555
289725,0.010476278
289732,0.03597867
289743,0.020921469
289762,0.007101735
289766,0.033180512
289770,0.12190906
289775,0.13389257
289777,0.028076807
289783,0.028901353
289797,0.073333204
289798,0.010486768
289802,0.05528213
289812,0.044389438
289814,0.0054154466
289819,0.030497752
289828,0.06885748
289831,0.07063725
289835,0.037749026
289844,0.024424778
289850,0.012745536
289851,0.051749647
289865,0.017419145
289869,0.10504273
289891,0.18437283
289907,0.037630755
289919,0.04972921
289923,0.13015167
289924,0.059188608
289927,0.03703763
289929,0.1285659
289951,0.014358132
289959,0.04131362
289964,0.08054742
289965,0.04812665
289966,0.013828357
289971,0.07222382
289988,0.04790588
289989,0.029717805
289995,0.4150372
290005,0.062378492
290013,0.15814307
290031,0.08743271
290036,0.076703556
290038,0.2460983
290041,0.21811993
290056,0.11377374
290058,0.034208465
290065,0.11431014
290069,0.0687914
290070,0.02938972
290074,0.10475257
290076,0.0654891
290082,0.055453595
290105,0.033125326
290111,0.004609047
290114,0.022415634
290116,0.12926915
290117,0.057894155
290128,0.06455619
290130,0.057919774
290139,0.05676914
290151,0.029870015
290154,0.012778073
290158,0.078494966
290180,0.16282535
290183,0.01546742
290190,0.106381446
290191,0.09728436
290199,0.056816634
290200,0.07513672
290202,0.015716016
290205,0.26419434
290206,0.03711354
290219,0.061913162
290227,0.011968025
290232,0.03272519
290233,0.13660154
290242,0.14998175
290246,0.031485483
290247,0.06768043
290257,0.10386788
290259,0.03612439
290260,0.037496477
290270,0.007823997
290273,0.037018448
290276,0.11254209
290281,0.21072423
290296,0.034377236
290303,0.01686797
290306,0.06057896
290331,0.04178715
290340,0.036862407
290349,0.0797638
290355,0.03681198
290365,0.08714813
290379,0.25355506
290389,0.008870895
290408,0.03222924
290409,0.074809216
290433,0.079632364
290437,0.026668258
290440,0.040682625
290448,0.02805272
290466,0.017421184
290467,0.02840638
290479,0.0139459595
290490,0.06907834
290492,0.010621356
290503,0.028194029
290508,0.018872641
290524,0.04655563
290526,0.072477296
290527,0.03810792
290541,0.07239059
290557,0.06341372
290564,0.054971553
290572,0.018161675
290576,0.1392548
290588,0.01972227
290589,0.024569256
290595,0.085253626
290598,0.027193135
290605,0.07781873
290609,0.007093881
290610,0.03495051
290612,0.073382966
290634,0.02025311
290635,0.173768
290644,0.15722883
290672,0.12432153
290681,0.014365896
290693,0.0650478
290695,0.014919059
290702,0.015072679
290703,0.012060399
290711,0.3497139
290713,0.30367517
290727,0.06800568
290730,0.020211594
290734,0.028137738
290745,0.048720498
290746,0.058507793
290751,0.061482675
290758,0.0043800725
290766,0.022665743
290784,0.078512765
290786,0.00922852
290813,0.29965058
290849,0.07319602
290852,0.009931439
290881,0.36496904
290884,0.014757871
290885,0.07227984
290889,0.017104175
290911,0.07146867
290913,0.12682682
290923,0.026864925
290926,0.0062865163
290936,0.076037616
290941,0.06746201
290945,0.08489208
290955,0.015659159
290961,0.028342262
290964,0.02466419
290967,0.05322987
290970,0.010470552
290974,0.0694684
290976,0.023136832
290978,0.014324578
290981,0.022614794
290991,0.051142875
291005,0.012961338
291009,0.007927216
291011,0.12866059
291012,0.16919975
291018,0.10986604
291023,0.024857773
291028,0.037239105
291034,0.07207456
291038,0.018079085
291039,0.23446208
291041,0.24498267
291045,0.09700724
291048,0.06316425
291052,0.028707465
291055,0.024460347
291082,0.024390046
291085,0.060144883
291086,0.010044308
291094,0.021485176
291103,0.14806634
291108,0.02927491
291110,0.1380207
291113,0.012220927
291117,0.017514465
291124,0.05396291
291129,0.013177532
291142,0.1826372
291155,0.20880117
291157,0.06908999
291177,0.01483852
291178,0.024775889
291180,0.011257107
291188,0.25692892
291198,0.04598824
291200,0.008704354
291202,0.03317935
291207,0.0069589033
291218,0.012855983
291231,0.0660745
291232,0.04666635
291240,0.013913807
291241,0.10511895
291245,0.038657464
291256,0.008793657
291273,0.074446775
291274,0.05075318
291277,0.05963884
291290,0.11505202
291303,0.041734666
291310,0.008992028
291311,0.06691388
291319,0.24722466
291324,0.07198308
291331,0.052346192
291334,0.017993266
291348,0.18196757
291349,0.24274978
291359,0.011259443
291365,0.008776702
291379,0.054656204
291396,0.009295341
291411,0.038692694
291424,0.05836858
291425,0.010840785
291428,0.14560154
291446,0.18245588
291449,0.020035526
291461,0.059923954
291465,0.0109908655
291480,0.047720462
291486,0.027571484
291487,0.04544887
291491,0.008082149
291499,0.0054951324
291505,0.096838936
291512,0.089889936
291513,0.016622037
291521,0.012608868
291523,0.005572812
291543,0.0623056
291545,0.02051572
291546,0.2217289
291550,0.022084977
291552,0.018786896
291561,0.030130692
291579,0.047898725
291584,0.2639289
291586,0.023031177
291590,0.021002116
291592,0.55661505
291593,0.0117721865
291599,0.07256123
291615,0.010834857
291617,0.01023087
291628,0.07726231
291654,0.055806804
291658,0.17723233
291659,0.024734112
291661,0.14226781
291671,0.09041585
291677,0.0042985315
291689,0.06793587
291693,0.024948591
291695,0.029180579
291696,0.109887965
291697,0.018626496
291702,0.036077093
291711,0.010906275
291713,0.035204485
291715,0.093630716
291718,0.027019452
291733,0.028404906
291742,0.07928259
291748,0.028549267
291765,0.01395612
291771,0.033163726
291773,0.091504686
291788,0.023386791
291789,0.03124364
291796,0.152558
291800,0.08906066
291817,0.04819045
291822,0.3566653
291840,0.2883844
291843,0.0093935495
291855,0.11015732
291858,0.008257426
291870,0.041523732
291872,0.012163941
291874,0.013343501
291883,0.023818703
291888,0.01348954
291894,0.05022813
291901,0.006230844
291928,0.17315233
291930,0.004548861
291949,0.027103955
291951,0.06313935
291953,0.0099303
291955,0.02369632
291963,0.26759785
291969,0.050796818
291980,0.24289969
292010,0.021197097
292022,0.04250162
292023,0.02294248
292031,0.020405967
292034,0.037292134
292043,0.027909042
292049,0.034764677
292055,0.0564823
292062,0.05473677
292070,0.02036169
292072,0.28898123
292073,0.012160589
292082,0.14567223
292096,0.07067662
292098,0.033278443
292116,0.03955228
292118,0.04823558
292126,0.12736924
292128,0.024482135
292137,0.058010176
292138,0.01944775
292142,0.09357214
292149,0.2405883
292181,0.35907716
292189,0.011175712
292191,0.05448788
292205,0.022091776
292219,0.07590608
292227,0.010450593
292231,0.092965074
292238,0.027510729
292246,0.030229198
292248,0.049487323
292259,0.05537178
292261,0.06760245
292266,0.050947625
292267,0.019001234
292272,0.07314223
292278,0.32330778
292281,0.040395193
292286,0.042392153
292288,0.18159527
292289,0.018787231
292304,0.07911251
292307,0.034417145
292319,0.10641161
292320,0.020377152
292325,0.054886237
292326,0.18421124
292331,0.013754908
292332,0.008688924
292333,0.010172199
292334,0.02931647
292337,0.021589851
292338,0.1241878
292342,0.020633738
292347,0.015188877
292350,0.02896409
292355,0.015118905
292360,0.032808606
292362,0.007171193
292363,0.14645217
292364,0.009675152
292383,0.0865551
292397,0.065735675
292409,0.07827557
292417,0.082313344
292426,0.015460592
292428,0.015467301
292439,0.20631586
292443,0.14583877
292448,0.034904733
292451,0.036611818
292452,0.032780822
292456,0.010262896
292460,0.016687088
292463,0.036777526
292464,0.19537477
292476,0.07907018
292480,0.040130902
292483,0.026323238
292493,0.022509756
292501,0.209777
292506,0.021129737
292508,0.023467183
292513,0.05093952
292525,0.03518418
292533,0.03447403
292540,0.15630005
292541,0.0077233408
292544,0.007082302
292549,0.03369345
292550,0.0606728
292557,0.09470303
292558,0.0048599327
292562,0.021913713
292564,0.0054687723
292583,0.08733865
292612,0.02553453
292618,0.014738569
292623,0.2782561
292631,0.011134109
292633,0.113179535
292641,0.029864455
292643,0.023618037
292649,0.025073385
292650,0.036874767
292651,0.081039175
292655,0.020364303
292659,0.061649732
292677,0.012348735
292693,0.015769994
292697,0.018553494
292700,0.06302379
292702,0.025304906
292710,0.011786716
292727,0.22748762
292731,0.062226936
292732,0.031007566
292734,0.010315669
292735,0.0066504646
292737,0.006690607
292739,0.053221304
292741,0.008677002
292767,0.013768075
292778,0.014186486
292807,0.1372851
292813,0.12471362
292834,0.10369964
292837,0.019977547
292839,0.0077221976
292844,0.03469251
292869,0.016350707
292874,0.032753963
292892,0.03256794
292894,0.02392302
292916,0.21670495
292921,0.0974856
292925,0.11777002
292929,0.20300528
292933,0.032187607
292935,0.09259855
292938,0.025013996
292945,0.106522344
292946,0.052822117
292953,0.08302543
292966,0.12632048
292968,0.033262275
292983,0.024469174
292988,0.091181785
292992,0.015059148
292997,0.053735178
293002,0.051435377
293013,0.018822577
293030,0.1216826
293043,0.20597406
293070,0.2382256
293093,0.018202733
293103,0.03569604
293104,0.008580591
293117,0.4435235
293123,0.04287521
293126,0.18899752
293128,0.009150256
293136,0.00918886
293142,0.044140205
293146,0.2124928
293149,0.16122179
293159,0.020334212
293169,0.015347036
293172,0.050777674
293175,0.018583717
293176,0.03143125
293192,0.010269607
293213,0.049643107
293218,0.08962598
293219,0.07011697
293224,0.06291233
293225,0.018996492
293234,0.06040436
293243,0.038712304
293249,0.011340506
293256,0.043086257
293276,0.11579248
293283,0.3991949
293295,0.033100322
293308,0.020453332
293309,0.06264247
293316,0.014448175
293326,0.017591044
293330,0.014295726
293351,0.06726319
293361,0.009222728
293366,0.14319085
293376,0.15488014
293377,0.027567176
293382,0.07684248
293383,0.09332856
293385,0.046174914
293402,0.10387663
293403,0.05179566
293405,0.026334515
293412,0.024377413
293430,0.023990275
293435,0.011538161
293438,0.022167645
293445,0.048140693
293447,0.12705359
293451,0.10356168
293463,0.007799813
293471,0.0125455195
293482,0.091593266
293485,0.025146632
293493,0.09888394
293496,0.011317159
293505,0.28726438
293507,0.019997947
293508,0.058547642
293518,0.034348905
293524,0.028232358
293527,0.036321554
293537,0.0319329
293542,0.047902077
293556,0.008138635
293560,0.12213925
293563,0.2360922
293565,0.012874255
293597,0.066234395
293603,0.03399592
293607,0.05321849
293621,0.019884804
293622,0.032118626
293623,0.10464586
293636,0.07719015
293643,0.05031027
293659,0.09756177
293678,0.019804107
293679,0.049651645
293681,0.03395976
293684,0.06377542
293692,0.01509423
293696,0.019188447
293733,0.015017522
293734,0.008714637
293745,0.09673069
293751,0.023327012
293770,0.15336081
293778,0.0790198
293789,0.0069976742
293809,0.012879013
293815,0.01928015
293816,0.12507007
293819,0.07846379
293822,0.049358968
293846,0.1531469
293849,0.005910134
293850,0.026536752
293851,0.15327893
293860,0.012874064
293863,0.0663024
293881,0.12174043
293900,0.05938624
293907,0.030125307
293915,0.00799698
293931,0.011996001
293935,0.024589257
293942,0.05346201
293944,0.42011622
293967,0.035605107
293968,0.14547119
293971,0.0043490026
293972,0.046365034
293974,0.09153821
293976,0.068264596
293985,0.018877618
293996,0.50176924
294004,0.039848797
294007,0.12931792
294010,0.020246
294013,0.085878514
294016,0.06360592
294018,0.12596235
294028,0.15015313
294041,0.032531068
294047,0.025176436
294055,0.048734255
294062,0.032323882
294069,0.016120566
294075,0.07973465
294091,0.0068358835
294108,0.0379655
294116,0.06072162
294125,0.0845204
294129,0.015114697
294130,0.0056469818
294134,0.012802267
294135,0.099209815
294136,0.076276034
294141,0.053907346
294160,0.0065676607
294164,0.05426876
294184,0.122020625
294191,0.030690227
294195,0.05164638
294199,0.008139421
294208,0.25538984
294221,0.007992122
294225,0.07922401
294230,0.030344348
294236,0.050883953
294256,0.025838586
294257,0.0026495308
294258,0.1727379
294282,0.06411787
294287,0.058529016
294290,0.014194941
294300,0.03904465
294302,0.009374903
294313,0.0051784734
294314,0.10426834
294322,0.009369238
294336,0.083623596
294339,0.09727458
294348,0.06779733
294365,0.1850343
294373,0.34174582
294383,0.027452862
294403,0.029426226
294406,0.043510653
294417,0.4850817
294452,0.36306974
294463,0.086501956
294471,0.05104699
294486,0.015095513
294501,0.07079501
294504,0.08681347
294509,0.024197716
294511,0.04947043
294519,0.010560884
294530,0.040549766
294532,0.13122681
294547,0.094463676
294548,0.017305272
294554,0.00701455
294577,0.042619497
294578,0.016445456
294580,0.06107273
294583,0.033611406
294592,0.04451564
294595,0.018628402
294602,0.012266876
294613,0.14654438
294617,0.012209492
294631,0.23492199
294641,0.032743562
294653,0.074728794
294657,0.024384856
294661,0.16716416
294665,0.014923884
294668,0.023470795
294671,0.03364185
294682,0.014501305
294685,0.028670209
294688,0.06549731
294690,0.36057183
294698,0.068413034
294717,0.10737719
294724,0.01674798
294726,0.009083151
294738,0.07395006
294744,0.054141205
294758,0.04463463
294762,0.005406802
294776,0.13384607
294777,0.017970413
294807,0.06674855
294816,0.11685333
294821,0.009988296
294825,0.06434919
294834,0.024958117
294835,0.033627503
294836,0.021036984
294840,0.055156007
294842,0.18642272
294864,0.016737906
294874,0.114477605
294880,0.049515553
294881,0.024432445
294897,0.015878696
294898,0.0701245
294920,0.1511058
294923,0.12502907
294926,0.048904516
294937,0.052894335
294941,0.038346235
294951,0.117845945
294952,0.009796982
294953,0.036403343
294982,0.044910204
294989,0.063387856
294995,0.19908436
295009,0.16943105
295010,0.061549667
295013,0.02763016
295016,0.030017283
295022,0.06295629
295024,0.048349794
295040,0.107678115
295045,0.017484128
295047,0.05501082
295056,0.08298473
295073,0.08454835
295080,0.03568557
295093,0.025711287
295094,0.15554306
295095,0.04062742
295107,0.007078117
295116,0.069234364
295140,0.013719773
295150,0.0872225
295154,0.110667616
295155,0.044858314
295162,0.057413142
295163,0.020342506
295168,0.14071006
295176,0.010901987
295182,0.023421193
295183,0.12497709
295216,0.032565534
295219,0.022955902
295239,0.035309
295246,0.015779227
295255,0.06443845
295257,0.19132389
295261,0.0048953854
295263,0.015052629
295265,0.032329474
295274,0.1104904
295281,0.07061876
295286,0.073019736
295299,0.04271242
295304,0.0072124344
295306,0.009298603
295321,0.025964256
295339,0.030656995
295342,0.016796226
295346,0.17327376
295348,0.05578206
295354,0.021841923
295367,0.038839962
295372,0.023684833
295373,0.027252872
295374,0.025354113
295387,0.01595855
295389,0.077546276
295396,0.05227691
295415,0.08052628
295418,0.03883742
295421,0.019621033
295425,0.014581111
295431,0.023157332
295434,0.023246389
295443,0.13452455
295453,0.020256676
295473,0.016459733
295476,0.06189697
295477,0.07935007
295488,0.10753303
295499,0.06132404
295504,0.0073838863
295505,0.27453133
295524,0.009709811
295529,0.03490848
295533,0.07097154
295534,0.009000037
295549,0.0193199
295565,0.014253905
295584,0.02391318
295585,0.026256928
295597,0.09001626
295599,0.14737557
295604,0.011492146
295616,0.031105338
295635,0.04535518
295637,0.007875341
295670,0.012500675
295678,0.022204187
295701,0.011154101
295711,0.11273545
295713,0.10144737
295734,0.091955885
295739,0.034110826
295750,0.032994837
295773,0.25872275
295783,0.06400413
295787,0.009245164
295790,0.06312883
295795,0.019942828
295820,0.012354373
295821,0.057836358
295826,0.038569625
295836,0.021285791
295837,0.11538276
295842,0.083808295
295848,0.016147556
295850,0.079098836
295869,0.011669365
295871,0.07901204
295873,0.03541761
295879,0.027890895
295880,0.11906995
295892,0.047246862
295904,0.37758914
295907,0.011512017
295908,0.052042693
295913,0.03948676
295918,0.059291027
295921,0.15942067
295924,0.18175806
295949,0.023241155
295953,0.025559207
295961,0.019207379
295968,0.10689049
295971,0.05848163
295985,0.033924203
295986,0.059899263
295987,0.026131386
295993,0.08458391
295997,0.09881599
296005,0.069385014
296007,0.0679913
296012,0.11485558
296022,0.0811912
296024,0.0089949025
296032,0.02684261
296034,0.015216273
296062,0.012442665
296070,0.029522605
296074,0.0342302
296084,0.016289204
296087,0.015348653
296088,0.044247307
296089,0.09346899
296143,0.014783237
296172,0.010777405
296183,0.02105136
296185,0.016178967
296194,0.020407004
296199,0.292308
296204,0.16889937
296206,0.20024769
296209,0.0811508
296229,0.19035143
296239,0.0068677627
296253,0.037027255
296259,0.39451402
296264,0.0064885668
296270,0.28016517
296273,0.082494326
296284,0.08715014
296285,0.19110717
296287,0.0084689595
296288,0.032170206
296292,0.08500973
296300,0.030517135
296301,0.025414737
296321,0.3190198
296324,0.06335122
296335,0.14445354
296348,0.017541327
296354,0.019335251
296369,0.15828954
296376,0.040819585
296391,0.030020364
296393,0.06991603
296398,0.022557057
296428,0.10542754
296432,0.0821287
296433,0.03795702
296449,0.0782418
296450,0.11878109
296490,0.046015695
296498,0.09745458
296499,0.015996385
296500,0.08105603
296509,0.09711721
296514,0.024351463
296518,0.022353066
296527,0.012043307
296532,0.022569306
296541,0.015837511
296544,0.07763907
296546,0.0064142444
296573,0.334084
296578,0.034589782
296589,0.028491935
296594,0.076537415
296616,0.043376837
296623,0.025832716
296624,0.04174434
296632,0.00544824
296633,0.0762262
296639,0.15263253
296647,0.02915288
296656,0.19127706
296678,0.023927469
296679,0.08779277
296695,0.01629182
296696,0.29001117
296714,0.028770758
296721,0.040918853
296739,0.005028377
296744,0.2455228
296747,0.050997086
296758,0.042564545
296760,0.014375325
296766,0.017271785
296769,0.011434355
296776,0.02137913
296780,0.037084535
296782,0.053315807
296790,0.12800092
296795,0.049072992
296801,0.011447756
296803,0.09939924
296806,0.05782418
296811,0.03298366
296813,0.0061450875
296818,0.24981388
296822,0.039415
296839,0.05213131
296848,0.014067477
296863,0.090692416
296871,0.019435633
296872,0.39269394
296877,0.02319151
296882,0.12218267
296885,0.030513888
296903,0.1608636
296906,0.044868235
296912,0.014505922
296916,0.04322339
296922,0.028192537
296926,0.2116406
296927,0.017276002
296935,0.069320835
296939,0.034939393
296942,0.039070874
296954,0.1304293
296968,0.03199643
296971,0.030542985
296984,0.057995234
297004,0.011995507
297011,0.10582619
297017,0.031690735
297019,0.108615465
297021,0.022841869
297025,0.012535314
297033,0.13445754
297038,0.19437297
297042,0.2876307
297065,0.03748265
297089,0.010919482
297093,0.21725957
297098,0.06995563
297100,0.00591413
297111,0.06362824
297115,0.17313275
297121,0.057509124
297123,0.103331886
297129,0.030774595
297132,0.011686302
297139,0.057650067
297147,0.15412489
297148,0.4202826
297161,0.061654996
297167,0.0138584105
297171,0.027905917
297173,0.019398732
297179,0.019095741
297189,0.12762073
297200,0.00496304
297201,0.051803418
297220,0.04173431
297229,0.07709278
297234,0.018558756
297252,0.13576627
297266,0.12588818
297269,0.00407316
297276,0.18625452
297292,0.01716551
297300,0.07979092
297303,0.021685068
297305,0.08567922
297307,0.019362051
297313,0.03245519
297336,0.07590309
297340,0.31825227
297344,0.011571237
297349,0.010252515
297358,0.021049803
297363,0.070232876
297369,0.022859747
297372,0.010755685
297380,0.12780765
297384,0.035219237
297385,0.26410487
297389,0.021627037
297390,0.102823846
297415,0.03023314
297419,0.105176866
297421,0.17203447
297424,0.022306127
297431,0.02457171
297447,0.0828193
297456,0.040272478
297457,0.024294952
297463,0.023370745
297464,0.049497344
297474,0.024963466
297479,0.015685828
297480,0.108012356
297494,0.01001441
297495,0.009665132
297507,0.01716487
297514,0.07235137
297515,0.013518569
297516,0.0721401
297521,0.026490849
297534,0.04209637
297553,0.007398889
297575,0.034803625
297584,0.15601954
297586,0.023230499
297606,0.005129729
297630,0.027830733
297636,0.025136096
297646,0.008898089
297650,0.01852289
297651,0.048610535
297656,0.012411607
297675,0.10243802
297681,0.07250249
297699,0.0127211725
297702,0.092512995
297712,0.03487913
297718,0.08600185
297730,0.10084021
297731,0.020319734
297745,0.011869183
297768,0.11857153
297771,0.04192055
297774,0.014955635
297781,0.010283978
297786,0.1484261
297798,0.111707866
297809,0.026822826
297822,0.015073215
297828,0.022418618
297840,0.04975097
297852,0.023494406
297859,0.012549504
297868,0.028185328
297883,0.065570526
297887,0.01340599
297896,0.06585237
297898,0.014916966
297917,0.19267243
297943,0.0037063223
297954,0.052414592
297965,0.010394446
297992,0.004986508
297993,0.07695705
298001,0.05239638
298005,0.08767725
298010,0.0062662545
298013,0.014515557
298014,0.19689238
298015,0.030384943
298025,0.27157965
298026,0.06323066
298032,0.076015264
298039,0.1309726
298049,0.029546209
298051,0.009726
298058,0.037168555
298062,0.020169226
298070,0.090208806
298078,0.14084363
298084,0.20896965
298108,0.21439722
298113,0.04925208
298115,0.0936602
298126,0.017500894
298131,0.015463821
298134,0.050208054
298135,0.075696945
298139,0.008851651
298142,0.019642249
298152,0.019597335
298154,0.025879258
298155,0.022736685
298161,0.08043066
298165,0.065787315
298166,0.32927215
298171,0.018498912
298179,0.0370864
298182,0.021571735
298187,0.03845434
298192,0.06507511
298194,0.04682454
298213,0.17378318
298215,0.14007355
298216,0.0306626
298217,0.008755308
298223,0.14670962
298256,0.043868516
298275,0.0048059137
298277,0.07385761
298279,0.0279664
298285,0.03942985
298286,0.271665
298296,0.028758248
298309,0.049274538
298312,0.0469759
298323,0.03469074
298330,0.012921304
298340,0.02116299
298341,0.013427166
298349,0.037424136
298353,0.01302213
298363,0.0316538
298367,0.018320309
298378,0.05442158
298380,0.037428655
298392,0.21255063
298395,0.056766257
298405,0.08569846
298426,0.10742813
298427,0.019946277
298444,0.016335031
298450,0.024226049
298458,0.011918255
298462,0.009193426
298463,0.004509651
298479,0.02743312
298480,0.030493524
298487,0.056504697
298499,0.032882333
298500,0.031258788
298506,0.034981016
298507,0.016747216
298512,0.055126637
298515,0.10535075
298517,0.07681599
298532,0.34907195
298533,0.043304957
298560,0.038753226
298564,0.034666043
298567,0.3828236
298568,0.036314633
298569,0.06535787
298570,0.24808387
298579,0.021496821
298583,0.00987232
298591,0.02828259
298593,0.13786487
298600,0.01929582
298609,0.008961207
298620,0.10147644
298622,0.058401797
298628,0.012337863
298633,0.0391042
298657,0.12706222
298669,0.082749
298671,0.15464519
298677,0.032877665
298692,0.05419743
298703,0.026543148
298705,0.010924513
298711,0.015689677
298713,0.05366189
298757,0.13516434
298766,0.007174309
298768,0.1902673
298770,0.03573299
298776,0.31028256
298785,0.037283458
298787,0.019351954
298792,0.20758435
298795,0.032787923
298799,0.028683424
298806,0.08124105
298810,0.085214056
298818,0.09272336
298822,0.19839129
298823,0.017388334
298834,0.009004678
298837,0.058125537
298841,0.01892399
298845,0.07169681
298852,0.070630394
298855,0.03542017
298858,0.06543742
298860,0.01565302
298861,0.013665644
298863,0.0066462937
298866,0.0718965
298873,0.3288855
298880,0.08639108
298889,0.01960153
298896,0.16700715
298917,0.14649081
298929,0.047761083
298940,0.07837557
298946,0.10818922
298949,0.008637348
298966,0.060026847
298984,0.07357804
298994,0.024226015
299004,0.28754902
299012,0.016568372
299022,0.2120185
299024,0.02414198
299026,0.018613137
299035,0.04135231
299036,0.03009452
299039,0.046645463
299061,0.10609653
299064,0.06464795
299067,0.022907086
299074,0.10476385
299075,0.019390596
299078,0.049552653
299109,0.09793251
299117,0.12863487
299121,0.029585054
299127,0.22131012
299134,0.27702942
299136,0.015676372
299137,0.112123005
299139,0.2609819
299168,0.0073070317
299176,0.018821944
299184,0.03723549
299188,0.06157991
299191,0.12042898
299208,0.13350882
299229,0.012536643
299238,0.03772479
299241,0.111972034
299257,0.049481817
299260,0.056450527
299264,0.07177731
299279,0.100664645
299308,0.0070524234
299310,0.016339928
299311,0.028232787
299317,0.058860403
299325,0.08980878
299329,0.04178053
299334,0.087534234
299335,0.22747287
299339,0.1415592
299351,0.036533013
299352,0.012141501
299365,0.087603055
299393,0.05660319
299400,0.054456007
299404,0.0473155
299406,0.11914395
299410,0.18142694
299413,0.03649924
299434,0.22477391
299448,0.02152698
299463,0.06464334
299464,0.09257732
299470,0.04810908
299480,0.029882653
299488,0.006210376
299496,0.067019545
299501,0.10740422
299504,0.14756915
299532,0.043349914
299536,0.026197143
299550,0.08288629
299554,0.034580614
299564,0.0753342
299577,0.032915592
299581,0.0425596
299594,0.08987685
299632,0.007816858
299633,0.1146325
299650,0.52978325
299678,0.06663113
299682,0.051322512
299705,0.06473951
299719,0.053835087
299720,0.078884475
299724,0.06029632
299730,0.008948402
299750,0.03731232
299766,0.050842058
299774,0.10704874
299787,0.019972399
299817,0.011957593
299818,0.056650802
299826,0.031152586
299833,0.030020224
299845,0.16788834
299847,0.46143287
299850,0.082373664
299866,0.09347274
299869,0.027724355
299870,0.096657105
299874,0.0076364246
299877,0.05995408
299891,0.19609293
299898,0.11853601
299900,0.07370354
299904,0.018354407
299912,0.036716934
299914,0.025994431
299919,0.014718382
299931,0.033774752
299934,0.07799931
299941,0.4513408
299946,0.009448977
299947,0.07774233
299972,0.055473674
299973,0.1700845
299975,0.058665995
299979,0.02974688
299981,0.03172779
299983,0.07562853
299985,0.070466466
299986,0.03909264
300011,0.19007555
300013,0.04077842
300028,0.015848324
300042,0.0091330195
300043,0.19901595
300058,0.15569499
300073,0.026088279
300075,0.042275034
300087,0.008614036
300090,0.029556744
300107,0.04232737
300115,0.0149800945
300119,0.016061248
300122,0.26132706
300125,0.04502783
300126,0.051310524
300137,0.37762293
300139,0.029408468
300145,0.0595015
300155,0.029296696
300169,0.008859687
300170,0.029730901
300175,0.017824808
300177,0.04206727
300186,0.02099876
300188,0.009991719
300194,0.027924625
300207,0.065032534
300210,0.07344283
300217,0.06459875
300221,0.029861128
300235,0.02121775
300238,0.0050518136
300240,0.26852283
300241,0.019010583
300249,0.011660012
300255,0.06799425
300259,0.03340009
300272,0.022331202
300274,0.075227775
300276,0.15392025
300284,0.007461702
300293,0.017322907
300306,0.022180552
300310,0.15796332
300324,0.15439855
300339,0.004785526
300346,0.011281133
300348,0.039196875
300354,0.008168717
300356,0.011782423
300358,0.022431215
300363,0.026558518
300366,0.05965857
300368,0.018199898
300370,0.06523275
300385,0.03898552
300392,0.54617083
300393,0.016549459
300403,0.070893265
300411,0.11759165
300420,0.030884374
300421,0.052945863
300435,0.21674956
300437,0.031727258
300440,0.026794957
300443,0.033109024
300456,0.21084443
300458,0.088935524
300459,0.053539027
300460,0.011451053
300462,0.104002945
300481,0.020940648
300486,0.15229973
300488,0.022154758
300503,0.037987985
300506,0.06871912
300517,0.04755878
300523,0.024408588
300525,0.022404017
300526,0.19795404
300552,0.02043469
300560,0.043568086
300570,0.029521957
300583,0.08017363
300585,0.053206857
300587,0.026495157
300598,0.04544166
300600,0.018480113
300608,0.07441865
300612,0.016237674
300618,0.024578098
300621,0.050428294
300640,0.017684706
300641,0.05311944
300651,0.041593544
300653,0.018829301
300667,0.012595664
300678,0.025042929
300680,0.05435883
300687,0.02877129
300702,0.2557676
300717,0.05153522
300722,0.0076713013
300723,0.023571163
300732,0.057066374
300752,0.0593842
300761,0.25702497
300775,0.102747664
300786,0.09395583
300787,0.0110119
300788,0.022492027
300789,0.07500451
300794,0.059720334
300808,0.03706293
300834,0.021543022
300842,0.042390596
300844,0.10855476
300850,0.039580204
300851,0.26772436
300854,0.03239132
300866,0.0332
300867,0.025411122
300868,0.1550544
300882,0.09602829
300883,0.021380158
300891,0.077157475
300894,0.0086026415
300901,0.1797621
300904,0.039362036
300910,0.19191937
300914,0.08627796
300918,0.07353267
300948,0.36080152
300954,0.02529286
300958,0.07486185
300959,0.014794736
300970,0.01979452
300971,0.04056199
300975,0.101074435
300981,0.070767894
300983,0.08567336
300993,0.604468
300996,0.018960865
301001,0.012334477
301005,0.030960042
301010,0.118908286
301021,0.47362345
301026,0.037673898
301029,0.018979773
301032,0.04489452
301061,0.10827113
301073,0.018457023
301083,0.021389805
301089,0.09757258
301093,0.02674832
301098,0.056190647
301103,0.093034
301105,0.09781845
301112,0.24994402
301120,0.019625831
301122,0.047492668
301124,0.07802087
301137,0.024012959
301169,0.019468999
301173,0.06657661
301177,0.16239612
301179,0.0062582353
301180,0.074013814
301185,0.013019644
301195,0.25026113
301199,0.023137283
301201,0.018805834
301206,0.04830025
301209,0.037753664
301210,0.035889644
301216,0.18790963
301224,0.23236647
301226,0.031305075
301227,0.058251657
301243,0.016265228
301246,0.0052289576
301248,0.021022603
301252,0.006137421
301259,0.08571459
301260,0.015589189
301267,0.0079185935
301268,0.05749387
301274,0.024860902
301281,0.027185332
301287,0.045859292
301288,0.01547567
301299,0.012926322
301304,0.010459088
301325,0.04427967
301327,0.03907086
301331,0.12677675
301332,0.02308509
301336,0.02447828
301345,0.16805981
301348,0.0054277945
301356,0.04259445
301358,0.025696198
301360,0.0065598404
301364,0.033878233
301389,0.036732487
301415,0.012002831
301421,0.17296602
301422,0.028585684
301424,0.05304268
301426,0.025662875
301433,0.055253223
301459,0.34821254
301460,0.06833915
301478,0.013173064
301483,0.01310839
301493,0.00890282
301494,0.012437544
301503,0.038903985
301510,0.06898024
301516,0.008594425
301530,0.13670747
301531,0.02200066
301549,0.011752357
301550,0.021920243
301555,0.09068756
301573,0.0985717
301588,0.023632145
301593,0.07101203
301613,0.045092594
301625,0.107808314
301643,0.045829855
301650,0.008758883
301651,0.06467724
301652,0.017254718
301653,0.064325474
301665,0.029431822
301684,0.035301596
301686,0.41297022
301694,0.079669334
301697,0.016621482
301698,0.058113232
301717,0.018944334
301725,0.008550869
301728,0.042988848
301734,0.017546387
301749,0.18129885
301761,0.22499846
301766,0.054956608
301775,0.06355873
301782,0.14866513
301784,0.1264406
301787,0.016194372
301789,0.28528354
301790,0.07501314
301804,0.1486474
301806,0.03186371
301817,0.03360575
301826,0.016801292
301837,0.03145705
301842,0.024936592
301848,0.020650052
301859,0.050026108
301860,0.017687347
301867,0.025622346
301877,0.010496076
301883,0.01903143
301902,0.029046847
301908,0.025460403
301916,0.013934582
301920,0.02071031
301921,0.013848159
301931,0.00862329
301939,0.059996642
301941,0.058446065
301943,0.015424867
301949,0.016765822
301955,0.04003297
301963,0.037721578
301968,0.02308748
301975,0.16113666
301988,0.12502566
302000,0.12820973
302005,0.007828128
302007,0.057444826
302016,0.14338176
302028,0.021824045
302038,0.02268275
302043,0.013559952
302051,0.016786085
302056,0.004832911
302063,0.0313148
302072,0.009019023
302074,0.026262721
302080,0.023527758
302093,0.03839091
302096,0.05644274
302123,0.008201402
302125,0.0050754156
302128,0.03621569
302145,0.093189985
302146,0.029620027
302160,0.07053333
302166,0.01667745
302174,0.027829202
302175,0.022091206
302186,0.21232405
302190,0.03790973
302202,0.065158665
302207,0.05172271
302211,0.022415102
302215,0.019271206
302216,0.058317997
302217,0.009478126
302225,0.35312805
302231,0.03633871
302233,0.016407844
302259,0.024362378
302263,0.04116465
302281,0.06686752
302285,0.013223681
302288,0.035798624
302292,0.2700269
302303,0.15016906
302306,0.03765534
302309,0.10505647
302332,0.024319228
302341,0.005393837
302350,0.13977394
302352,0.079243764
302356,0.08023595
302361,0.018974649
302364,0.08661935
302373,0.033101987
302378,0.06502346
302385,0.031353462
302389,0.047145586
302393,0.14552753
302403,0.013736873
302422,0.009229859
302425,0.052313842
302431,0.1718575
302443,0.033671703
302448,0.011109254
302449,0.086906105
302455,0.15976495
302460,0.019582516
302462,0.032383963
302466,0.030003369
302467,0.08484883
302470,0.05575143
302472,0.054107934
302480,0.080521464
302481,0.01031727
302491,0.052373845
302494,0.015988123
302503,0.13945392
302504,0.2146712
302507,0.09889554
302527,0.05282974
302571,0.041500505
302580,0.18964437
302583,0.028590323
302591,0.009510145
302601,0.0418782
302613,0.029748052
302621,0.021354385
302638,0.01374911
302639,0.088734895
302655,0.030971913
302670,0.032519195
302673,0.14670765
302675,0.037970364
302691,0.031110527
302701,0.029242188
302705,0.013366035
302727,0.023978569
302750,0.01794244
302751,0.02884495
302757,0.09192069
302758,0.19345158
302761,0.14878352
302767,0.10621606
302787,0.028865114
302797,0.024711726
302799,0.099560134
302800,0.054436725
302815,0.0435458
302826,0.33152398
302827,0.014837246
302842,0.014637808
302856,0.012083519
302877,0.015897978
302879,0.073363684
302881,0.043507207
302882,0.05799504
302885,0.054575097
302905,0.02366324
302911,0.006104671
302916,0.08469285
302919,0.25266424
302947,0.026971482
302957,0.056652255
302968,0.020856243
302978,0.06899378
302984,0.07715033
302991,0.0046506906
303007,0.045169633
303010,0.038474128
303012,0.034470316
303013,0.14457877
303024,0.013749256
303027,0.03128906
303034,0.021496385
303036,0.14465377
303037,0.07521074
303050,0.069833785
303060,0.09084813
303062,0.03914389
303066,0.011141387
303068,0.13515571
303077,0.15471755
303080,0.015334276
303082,0.04072402
303083,0.029399853
303085,0.045975357
303087,0.042283043
303089,0.037805617
303103,0.006652471
303105,0.011783127
303106,0.053258855
303120,0.03592894
303121,0.013809633
303127,0.026759477
303130,0.01771964
303142,0.006827963
303162,0.03268862
303169,0.060041197
303189,0.010985443
303220,0.031002948
303222,0.14427318
303223,0.037460897
303227,0.030790066
303262,0.03144662
303264,0.010844665
303277,0.06540784
303288,0.011000128
303292,0.027354158
303294,0.23120691
303301,0.20452891
303312,0.041475646
303328,0.08133608
303330,0.02032134
303347,0.01113904
303354,0.01556723
303356,0.0060460563
303362,0.017117327
303377,0.11575783
303386,0.11032534
303393,0.012774253
303397,0.014907409
303403,0.12422023
303413,0.0032916754
303416,0.10889855
303428,0.041784197
303429,0.07394902
303432,0.040311735
303446,0.073688455
303455,0.09573639
303464,0.042773314
303465,0.016039053
303473,0.12899838
303476,0.10655884
303479,0.06210154
303482,0.029012773
303484,0.072327286
303492,0.17672387
303493,0.09460903
303497,0.057142455
303498,0.052031357
303499,0.045102336
303509,0.005289938
303513,0.017678743
303524,0.01033334
303525,0.10882528
303540,0.062478106
303544,0.021571813
303548,0.035665087
303551,0.022758782
303569,0.053383432
303584,0.0601798
303592,0.19130395
303602,0.15588549
303607,0.069673195
303619,0.03681659
303630,0.022540774
303643,0.48838934
303644,0.13404323
303670,0.08337763
303671,0.030452216
303678,0.016130205
303689,0.010234018
303698,0.044088013
303702,0.02299106
303704,0.02911578
303711,0.01445435
303727,0.03523594
303728,0.009449999
303741,0.22406627
303752,0.018782185
303755,0.02518602
303777,0.014626712
303790,0.10020574
303798,0.012238861
303804,0.16815682
303812,0.06273887
303814,0.07635574
303817,0.4933434
303818,0.15507562
303848,0.012289712
303850,0.01156446
303854,0.01477421
303857,0.023429392
303860,0.014379655
303870,0.13921255
303877,0.021178108
303884,0.0845678
303893,0.0061616073
303899,0.015436303
303900,0.2416416
303902,0.12131301
303906,0.14012617
303920,0.17868903
303937,0.022503592
303939,0.02800559
303941,0.023808917
303962,0.06481479
303963,0.17142284
303971,0.021967597
303978,0.015390716
303980,0.108317465
303986,0.04979488
304018,0.09058912
304025,0.010175995
304027,0.09168916
304028,0.13969736
304029,0.039789412
304030,0.01350364
304035,0.0444246
304040,0.07035326
304058,0.04821508
304083,0.044458564
304089,0.36819008
304092,0.049580038
304093,0.05386501
304100,0.019525029
304121,0.030337859
304142,0.054169018
304154,0.06062377
304158,0.12646542
304164,0.04861195
304173,0.30157056
304175,0.020222373
304182,0.022718854
304194,0.034258623
304201,0.06355101
304202,0.038777076
304206,0.02539853
304210,0.032765605
304226,0.012298378
304237,0.01010879
304256,0.21043815
304257,0.0147080915
304265,0.008786308
304271,0.1671059
304274,0.16687672
304286,0.082925476
304292,0.09261045
304299,0.032902706
304350,0.029472657
304352,0.015103852
304355,0.022033026
304360,0.030350115
304361,0.11644215
304363,0.045470916
304375,0.07623233
304378,0.017119797
304382,0.24412186
304385,0.30144805
304386,0.05712408
304387,0.07120624
304388,0.017864795
304391,0.042983115
304398,0.038616374
304406,0.012450026
304420,0.034795254
304431,0.055688772
304436,0.3771781
304438,0.017577387
304440,0.037911598
304441,0.021567341
304450,0.019832771
304451,0.23437388
304454,0.02759295
304462,0.15059309
304466,0.18313853
304469,0.12090413
304472,0.012116128
304475,0.15486771
304481,0.015887436
304483,0.07246789
304485,0.031791314
304486,0.0082405
304504,0.03577955
304505,0.040220074
304512,0.027931765
304516,0.22544082
304517,0.012285737
304528,0.010737357
304530,0.044105355
304536,0.013798023
304549,0.015028151
304552,0.048920628
304554,0.04689555
304581,0.043600556
304593,0.035811454
304596,0.17784956
304604,0.04209892
304610,0.03451745
304614,0.031784177
304628,0.16437948
304629,0.05060281
304637,0.030825851
304644,0.0116811935
304654,0.12696527
304664,0.2620449
304676,0.03948611
304680,0.026842589
304687,0.004928342
304696,0.1613115
304698,0.08951275
304700,0.030789237
304703,0.094565645
304704,0.026035838
304710,0.041007508
304717,0.046140265
304729,0.1052974
304732,0.026837775
304736,0.052560225
304738,0.05202935
304756,0.016222782
304771,0.013195443
304773,0.006505094
304776,0.022486173
304778,0.0107668815
304779,0.14692146
304780,0.0129098315
304790,0.04290812
304793,0.010077342
304805,0.22478344
304811,0.04067922
304825,0.08433506
304828,0.12540235
304829,0.035874072
304842,0.051450163
304851,0.06843146
304857,0.016136568
304884,0.12059614
304891,0.03732221
304897,0.073516384
304898,0.047337357
304905,0.016374609
304907,0.15217909
304917,0.026594685
304931,0.02151902
304935,0.014580435
304942,0.09626903
304954,0.10513009
304959,0.004326495
304968,0.10410781
304971,0.015690593
304977,0.057839803
304982,0.027198682
304985,0.04155272
304991,0.025939474
304992,0.110686675
304997,0.07441455
305004,0.045448262
305008,0.01849529
305019,0.036671713
305020,0.08877914
305025,0.032967165
305037,0.1282041
305046,0.1506525
305056,0.020857867
305062,0.011145274
305064,0.28250045
305065,0.012626757
305076,0.088278025
305108,0.070889935
305110,0.016297886
305115,0.09108969
305121,0.36545563
305125,0.027360845
305141,0.024204401
305151,0.024209222
305159,0.017224725
305162,0.03941751
305165,0.016794048
305174,0.05724563
305178,0.030640248
305180,0.0558078
305182,0.03637092
305183,0.015096346
305194,0.03702071
305199,0.18747115
305210,0.050207973
305214,0.14742777
305215,0.075337656
305218,0.048595186
305225,0.021672664
305229,0.042336542
305231,0.003092411
305233,0.048733205
305237,0.01230301
305260,0.028116552
305261,0.026424002
305278,0.059702303
305286,0.15829916
305293,0.014618656
305300,0.010655455
305301,0.16962324
305326,0.20233837
305334,0.02124084
305340,0.26680258
305348,0.0319712
305352,0.03170979
305359,0.025483938
305360,0.0070015867
305362,0.04503572
305383,0.005729195
305406,0.056738008
305408,0.08562325
305412,0.29937276
305413,0.046274632
305414,0.17858692
305417,0.014683665
305421,0.021895705
305422,0.022558168
305447,0.027012378
305448,0.044804487
305450,0.014682537
305452,0.076859005
305459,0.016702997
305460,0.04580266
305474,0.026668942
305475,0.027137412
305481,0.10711684
305494,0.030837078
305503,0.12393389
305507,0.014074864
305508,0.12436762
305513,0.12103696
305518,0.06027915
305523,0.051607527
305526,0.09502688
305529,0.027010497
305532,0.09779104
305543,0.1106296
305555,0.019468715
305562,0.028004302
305571,0.006721331
305578,0.0919715
305579,0.005736857
305584,0.030069614
305603,0.037570395
305620,0.22783813
305626,0.028498443
305636,0.04628437
305640,0.017188584
305653,0.02223749
305662,0.13302225
305663,0.05203152
305667,0.02612958
305683,0.03218333
305698,0.015690926
305699,0.07213741
305707,0.036276072
305717,0.12153552
305723,0.011041463
305735,0.027044367
305738,0.41582775
305746,0.023229627
305766,0.071548544
305773,0.003011101
305776,0.010815049
305777,0.015780205
305809,0.040458933
305813,0.015754385
305816,0.057169918
305820,0.04259069
305826,0.05842616
305838,0.060873754
305839,0.02544385
305846,0.20346263
305861,0.039425705
305863,0.14625554
305869,0.030535681
305872,0.0418555
305876,0.015906956
305881,0.15568866
305887,0.039343536
305894,0.057816055
305898,0.019623274
305905,0.111671396
305908,0.013232318
305914,0.07205528
305915,0.009193863
305922,0.0105983345
305938,0.24159111
305946,0.026899384
305956,0.015929082
305963,0.035904698
305965,0.013900341
305988,0.07682565
305990,0.03348558
305991,0.03567916
305994,0.03335218
305998,0.063185684
306003,0.014097947
306012,0.024633652
306016,0.027083863
306021,0.08506409
306025,0.049203884
306030,0.17167248
306047,0.011517651
306051,0.0384106
306063,0.19270436
306066,0.095464274
306069,0.057421226
306074,0.07072884
306091,0.053058285
306094,0.03585062
306095,0.016320463
306114,0.02711326
306116,0.0075026145
306121,0.029420106
306127,0.14654204
306128,0.08237154
306133,0.051078893
306142,0.057730243
306144,0.011442712
306150,0.04158754
306153,0.03841414
306156,0.08942815
306159,0.34697488
306161,0.0074932897
306173,0.053363606
306175,0.092800595
306193,0.08156281
306194,0.046326738
306198,0.15821637
306203,0.05403876
306209,0.13031812
306212,0.041487113
306216,0.22573115
306233,0.024644965
306247,0.055599786
306264,0.016646413
306267,0.01871488
306293,0.020589586
306302,0.16832556
306305,0.0152172595
306311,0.025465928
306345,0.04913302
306357,0.024707457
306368,0.0076177907
306372,0.2015537
306378,0.12837978
306389,0.009238743
306398,0.04389151
306414,0.07641547
306419,0.046816416
306437,0.013016027
306438,0.037850957
306441,0.13020281
306443,0.16688286
306450,0.035793733
306464,0.03788937
306468,0.1489097
306469,0.0070979386
306484,0.05724181
306527,0.030500354
306538,0.0317393
306547,0.20498395
306554,0.099375844
306557,0.282859
306560,0.012755105
306561,0.018727649
306565,0.003603609
306569,0.024097925
306576,0.018812763
306587,0.017777452
306604,0.0502543
306624,0.026234154
306625,0.10817757
306628,0.13477007
306647,0.033770017
306651,0.063844346
306658,0.03705508
306660,0.18067059
306664,0.02477134
306670,0.3113894
306699,0.06531287
306701,0.0460603
306712,0.01676483
306716,0.037830345
306727,0.019953439
306729,0.06815506
306735,0.010476687
306739,0.014923913
306756,0.04305103
306757,0.044068843
306767,0.051175203
306775,0.015151392
306795,0.020671865
306799,0.058605123
306800,0.052546576
306805,0.06663993
306812,0.008582007
306820,0.031738255
306840,0.075760186
306845,0.08091855
306848,0.025057055
306856,0.061654825
306862,0.023817815
306863,0.016783357
306868,0.35006678
306873,0.5348879
306876,0.17690934
306893,0.04636213
306896,0.17735983
306899,0.017264597
306907,0.10746205
306908,0.032174226
306917,0.11038246
306927,0.08078305
306930,0.009060471
306935,0.053583678
306942,0.033696808
306951,0.015189624
306961,0.04067894
306970,0.461528
306972,0.2837526
306973,0.024066778
306976,0.009772022
306978,0.035322823
306990,0.07142006
306992,0.1509277
306995,0.014605742
307001,0.14324191
307004,0.114015594
307005,0.09509728
307006,0.014074022
307010,0.03175584
307011,0.040796466
307014,0.0051935767
307016,0.05286753
307022,0.010635526
307027,0.15499777
307052,0.017756598
307061,0.04063075
307072,0.23595826
307078,0.003941299
307111,0.010645946
307112,0.02432214
307134,0.109595306
307143,0.025622858
307147,0.03459139
307148,0.050047103
307162,0.040132016
307166,0.017422022
307168,0.09856364
307174,0.011708623
307177,0.005918617
307197,0.023851492
307198,0.12439645
307199,0.0689396
307205,0.042072188
307207,0.014788999
307210,0.0070963707
307212,0.026109524
307223,0.016807996
307224,0.0072595887
307236,0.078692645
307241,0.049763698
307242,0.053770658
307259,0.05351154
307271,0.10455448
307274,0.01873862
307281,0.061144743
307288,0.03818805
307294,0.006682266
307302,0.11032135
307308,0.056296974
307313,0.027824102
307344,0.09053291
307350,0.04771902
307366,0.050208494
307372,0.016548818
307373,0.10583356
307374,0.0287988
307378,0.018849846
307384,0.027712261
307398,0.046150085
307406,0.08827234
307416,0.01495283
307420,0.046398953
307424,0.031710673
307427,0.0397818
307429,0.044515442
307436,0.014825675
307456,0.039610673
307491,0.034567196
307494,0.02418767
307496,0.011549088
307500,0.024409346
307504,0.14151289
307509,0.190039
307511,0.30717474
307520,0.015753701
307527,0.015210728
307537,0.07647011
307539,0.033952758
307558,0.027063774
307561,0.036829963
307575,0.05508051
307577,0.026512992
307588,0.06094266
307636,0.058156677
307639,0.18495631
307641,0.010430507
307646,0.049607005
307653,0.076033264
307661,0.36488137
307669,0.067332156
307674,0.004818591
307678,0.04071564
307691,0.01110455
307697,0.014814209
307699,0.0058390633
307702,0.007100655
307708,0.099074356
307712,0.08702671
307716,0.014820303
307729,0.024697287
307753,0.033618886
307765,0.4051553
307781,0.07358978
307787,0.066280924
307788,0.038603526
307798,0.04835231
307799,0.05094091
307800,0.08591913
307801,0.2685017
307804,0.028044755
307816,0.111110106
307820,0.0058249235
307824,0.039193634
307828,0.015810117
307832,0.066632375
307836,0.043077324
307842,0.034965724
307851,0.2552147
307856,0.005623515
307861,0.075847775
307879,0.025774399
307904,0.15973717
307911,0.019922301
307912,0.022420697
307913,0.15976354
307922,0.021305446
307924,0.02383018
307925,0.04040397
307929,0.014755264
307933,0.2463412
307945,0.047315866
307948,0.01709473
307961,0.22162609
307962,0.023826385
307963,0.020858902
307971,0.05409618
307983,0.06917692
307984,0.073965825
307988,0.0530622
307993,0.11293107
307994,0.042888835
308007,0.10390718
308008,0.048639014
308018,0.08871135
308023,0.0032825645
308026,0.015089276
308028,0.020903388
308030,0.036236763
308034,0.0688848
308053,0.012957882
308065,0.049698416
308095,0.0067991763
308096,0.09782295
308100,0.016383508
308114,0.013770048
308116,0.16773224
308120,0.031939536
308128,0.035467714
308132,0.009262605
308134,0.05703371
308140,0.07952316
308142,0.10342161
308164,0.01622732
308168,0.15221407
308169,0.24949028
308171,0.097862445
308176,0.02382778
308177,0.02580793
308179,0.007415817
308180,0.2291316
308184,0.025613945
308188,0.09820502
308189,0.010331967
308190,0.021684952
308200,0.13462423
308210,0.021276956
308211,0.10661197
308218,0.08380883
308220,0.047232307
308228,0.018200975
308231,0.02824149
308236,0.017919516
308247,0.01560329
308251,0.060746677
308260,0.037527446
308266,0.033072174
308267,0.014203514
308280,0.13726574
308298,0.026416888
308301,0.0077336263
308309,0.051406898
308312,0.20199654
308325,0.039924975
308334,0.13269004
308339,0.05237558
308346,0.07952626
308359,0.017896632
308360,0.036090866
308380,0.06859831
308391,0.06893842
308403,0.0046041314
308408,0.041470405
308410,0.36204714
308415,0.47044092
308420,0.07071315
308427,0.019793363
308442,0.011862395
308447,0.20728494
308462,0.025941439
308464,0.030389426
308465,0.06194946
308467,0.074387506
308468,0.044199094
308476,0.018099379
308488,0.28156716
308498,0.032567307
308504,0.03097041
308507,0.008788732
308509,0.014248423
308521,0.04995589
308536,0.09181699
308537,0.026015919
308543,0.024738781
308547,0.03599371
308559,0.09460714
308565,0.07638931
308569,0.10448839
308584,0.018243752
308591,0.24952269
308608,0.017929556
308610,0.0413907
308613,0.035084967
308618,0.017348964
308623,0.018601833
308632,0.017011082
308636,0.12631294
308641,0.036133237
308643,0.018212037
308664,0.15797462
308678,0.0067482092
308679,0.02696547
308691,0.011263324
308692,0.044738602
308701,0.015269504
308709,0.106025465
308711,0.10222711
308719,0.07837544
308723,0.03371829
308727,0.0777739
308732,0.04311394
308738,0.007884903
308747,0.032914113
308749,0.015136138
308755,0.01889858
308756,0.088398606
308761,0.013833831
308779,0.055818368
308780,0.05008771
308784,0.041210234
308789,0.060945533
308807,0.03390778
308818,0.5034109
308819,0.04035954
308822,0.26007938
308827,0.03393027
308831,0.03401645
308833,0.019690035
308842,0.07182517
308868,0.017880792
308871,0.01668243
308881,0.02972664
308889,0.017180782
308892,0.031140037
308900,0.07074954
308903,0.032025807
308912,0.06137762
308916,0.03628772
308919,0.11630216
308920,0.07106795
308921,0.01862479
308928,0.030802902
308929,0.17024416
308934,0.047827497
308940,0.0858432
308941,0.0116032325
308946,0.033069033
308956,0.036672026
308958,0.01136547
308963,0.010088096
308965,0.06063142
308971,0.017068073
308977,0.019292766
308985,0.012300168
308987,0.043042783
308995,0.06712098
309005,0.047411192
309007,0.34065634
309015,0.0061018215
309016,0.1263813
309018,0.10421075
309019,0.1511707
309035,0.029266132
309042,0.0690509
309044,0.009543098
309052,0.06307546
309061,0.042786796
309064,0.058724295
309072,0.04403672
309075,0.03750814
309083,0.082677536
309099,0.09396498
309124,0.006759879
309125,0.043859746
309146,0.008233159
309159,0.010442055
309161,0.028256187
309168,0.16778913
309180,0.016895084
309185,0.18934913
309195,0.05713867
309198,0.030269155
309200,0.044079848
309202,0.04259866
309204,0.042139452
309213,0.08566713
309227,0.0839161
309234,0.011107917
309241,0.031716984
309242,0.05448084
309244,0.02012401
309246,0.09323527
309250,0.04413096
309251,0.094211414
309274,0.10445838
309276,0.075281106
309280,0.15939486
309298,0.16132572
309301,0.10314836
309302,0.032779343
309326,0.020082142
309335,0.09461471
309341,0.04104769
309343,0.1478466
309344,0.04632522
309354,0.03318179
309362,0.019429
309399,0.048692588
309406,0.08901269
309409,0.038874015
309411,0.083672345
309418,0.47068417
309421,0.06271554
309435,0.01864614
309443,0.15863658
309455,0.100566335
309462,0.06512713
309473,0.05528075
309476,0.3651145
309478,0.023856634
309493,0.016818171
309502,0.050802037
309508,0.06337234
309526,0.18047276
309536,0.0037319863
309544,0.013041996
309547,0.044068284
309555,0.009194597
309562,0.029587796
309569,0.06167012
309574,0.069220774
309577,0.01321132
309578,0.08450667
309579,0.10613741
309585,0.030462524
309588,0.10115093
309603,0.05928549
309604,0.033128172
309617,0.038859855
309620,0.008521223
309623,0.013210237
309648,0.15009466
309665,0.06358546
309682,0.015591463
309694,0.024740709
309702,0.032703597
309711,0.013109479
309713,0.15233211
309729,0.0055312617
309735,0.03585548
309744,0.040340725
309749,0.039308272
309750,0.01073925
309759,0.04691964
309761,0.016339038
309770,0.061737392
309776,0.047422603
309777,0.0152586065
309789,0.016171599
309790,0.015866099
309800,0.07542065
309813,0.03811376
309814,0.058802716
309815,0.19037417
309825,0.071642004
309826,0.025582435
309829,0.013791336
309831,0.0064030387
309837,0.0216137
309846,0.041068003
309849,0.13566078
309855,0.00781943
309860,0.111921
309879,0.010087083
309882,0.2896676
309887,0.07852956
309892,0.0345853
309895,0.09285124
309902,0.016117917
309915,0.028817505
309923,0.008871391
309941,0.25266355
309942,0.101269074
309945,0.023992194
309950,0.11711943
309955,0.018761972
309963,0.015181714
309964,0.015812643
309967,0.51843554
309969,0.050793838
309971,0.033316374
309978,0.09768199
309987,0.047079295
309990,0.15143467
309992,0.021736026
309993,0.039936915
310010,0.042923268
310012,0.013762756
310017,0.020243704
310018,0.027763505
310022,0.03890267
310031,0.017381389
310033,0.017465627
310034,0.07572185
310038,0.15241084
310044,0.11193448
310062,0.015474817
310071,0.031609777
310075,0.01908274
310082,0.056512576
310093,0.06894546
310101,0.006437554
310106,0.0057878112
310118,0.15807311
310123,0.027530624
310126,0.0059753116
310130,0.04074982
310141,0.059147134
310145,0.14940359
310148,0.05860158
310150,0.013223253
310159,0.0468296
310162,0.027792301
310163,0.058468197
310166,0.005771728
310167,0.022373654
310170,0.03388914
310181,0.06858995
310187,0.040127203
310191,0.007846943
310192,0.030927077
310197,0.0759885
310200,0.009453203
310201,0.32739872
310203,0.008164713
310204,0.035799317
310213,0.017909586
310215,0.02941665
310218,0.2595114
310236,0.0778611
310238,0.010381866
310241,0.021809872
310245,0.29623267
310252,0.051489692
310259,0.030874344
310260,0.12132791
310261,0.01618276
310262,0.016147153
310274,0.051003013
310294,0.27050123
310296,0.14275715
310298,0.022752307
310306,0.062075544
310307,0.06568385
310316,0.014859668
310329,0.05783456
310338,0.058514193
310342,0.041925874
310343,0.13957217
310360,0.050138943
310362,0.3857516
310378,0.04888753
310379,0.030432029
310383,0.102596804
310385,0.09306615
310387,0.17099155
310388,0.018865658
310400,0.020738263
310408,0.12154867
310414,0.13304459
310423,0.0060993205
310424,0.09065884
310428,0.13903186
310432,0.041346014
310456,0.021562528
310463,0.30039346
310475,0.08720978
310476,0.045969974
310482,0.038085427
310485,0.014740682
310490,0.02099765
310496,0.0065583554
310505,0.07025156
310519,0.018021354
310546,0.05605397
310547,0.021395594
310553,0.06679979
310555,0.008265577
310556,0.29675388
310568,0.012521079
310573,0.025528256
310574,0.08343312
310577,0.032365784
310580,0.054100156
310581,0.008160698
310583,0.09912523
310586,0.02788898
310591,0.036199562
310598,0.031089546
310606,0.05334751
310628,0.018738354
310634,0.055638507
310638,0.029781131
310646,0.0058618193
310648,0.08061248
310654,0.0068250126
310659,0.11127569
310663,0.061880898
310669,0.01996188
310670,0.04352944
310674,0.026103908
310691,0.042422492
310693,0.06866422
310702,0.020727484
310706,0.016692137
310709,0.01104819
310711,0.096034095
310720,0.12031466
310739,0.082446076
310742,0.16598381
310743,0.046663344
310752,0.057068355
310753,0.050772063
310757,0.60544145
310763,0.023617042
310764,0.03304072
310769,0.011308397
310771,0.053880993
310775,0.013868824
310779,0.15219381
310781,0.04495079
310784,0.03883698
310793,0.047811773
310794,0.008087025
310816,0.09869917
310823,0.062662825
310837,0.027679205
310856,0.042881906
310865,0.028889364
310866,0.02339533
310872,0.07347154
310877,0.2778853
310879,0.10956158
310883,0.015951596
310884,0.07706741
310908,0.009881665
310928,0.025986677
310935,0.0148208365
310954,0.023495803
310964,0.13995793
310971,0.06730991
310972,0.115309946
310983,0.18056794
310988,0.00810969
310994,0.04992336
311003,0.007939538
311020,0.024719557
311024,0.096744016
311037,0.015818551
311064,0.045176268
311070,0.043000188
311086,0.18061222
311087,0.12116833
311108,0.0072791213
311110,0.022827158
311115,0.017039852
311116,0.16635494
311117,0.06813717
311128,0.06794977
311136,0.10012764
311146,0.027373163
311155,0.03628169
311157,0.048621744
311159,0.09264237
311170,0.2761758
311184,0.02688546
311199,0.007465774
311208,0.055484805
311209,0.014847787
311220,0.13577247
311230,0.034834273
311233,0.008409218
311241,0.079634115
311261,0.009407147
311262,0.05712168
311268,0.005854617
311277,0.07608291
311296,0.10200357
311298,0.02465811
311310,0.10976719
311313,0.074610405
311316,0.05374241
311324,0.017191036
311327,0.024558399
311331,0.030526547
311335,0.012844047
311343,0.040581446
311346,0.025471346
311357,0.08120692
311358,0.008347959
311365,0.0080942195
311370,0.06159963
311376,0.039631918
311380,0.03869627
311393,0.015933014
311399,0.021619018
311404,0.039745588
311409,0.019549603
311425,0.031047503
311436,0.025434444
311455,0.023684938
311459,0.11294224
311475,0.15602934
311499,0.02981058
311509,0.016947374
311518,0.004010522
311535,0.020823875
311536,0.027657751
311540,0.040013887
311542,0.12147864
311552,0.18745257
311562,0.321906
311580,0.0078064296
311583,0.057298686
311588,0.072760835
311595,0.016356982
311601,0.119839944
311605,0.08298701
311609,0.37247467
311612,0.05504775
311621,0.05608927
311623,0.010706831
311625,0.07338864
311636,0.011772263
311637,0.06301885
311646,0.07457951
311648,0.0138383
311654,0.046180107
311663,0.06361055
311676,0.10151536
311679,0.015453974
311683,0.041778445
311685,0.04185729
311691,0.034508437
311695,0.04125062
311700,0.016283907
311710,0.047942955
311714,0.017539594
311716,0.11614456
311725,0.0385424
311727,0.19102769
311728,0.0148699535
311737,0.18545522
311738,0.032350194
311743,0.021729544
311746,0.010754181
311747,0.06151918
311761,0.1748303
311765,0.02003453
311773,0.010803293
311776,0.013173715
311786,0.10242633
311801,0.020797443
311820,0.019124072
311822,0.13881908
311829,0.027313111
311835,0.029784074
311846,0.032891247
311851,0.13432376
311854,0.02078504
311872,0.019057915
311875,0.033689365
311888,0.043834466
311916,0.13235693
311928,0.03053874
311931,0.030317027
311933,0.21982661
311934,0.0120071275
311948,0.037584934
311949,0.12391869
311950,0.02301344
311952,0.12792839
311954,0.118255325
311962,0.116289936
311965,0.010750379
311968,0.15028429
311976,0.111770436
311977,0.020216255
311983,0.034905087
311989,0.0058158925
311996,0.11143701
311999,0.028752936
312007,0.27825847
312022,0.119936265
312023,0.067419656
312034,0.017043754
312042,0.011694971
312049,0.011925549
312077,0.03766252
312088,0.03953419
312091,0.12866074
312114,0.024416737
312115,0.04507375
312117,0.14208075
312119,0.07230776
312126,0.20580073
312127,0.009518038
312134,0.13549943
312164,0.024977583
312176,0.018743325
312178,0.014905975
312184,0.012767737
312185,0.1004494
312186,0.017798642
312191,0.04066043
312197,0.016543796
312213,0.30671868
312223,0.12746231
312224,0.34326425
312225,0.032844737
312226,0.08050589
312231,0.0124761695
312239,0.04008755
312251,0.047074027
312271,0.00958641
312278,0.030356184
312281,0.0076990803
312289,0.013548069
312291,0.029978812
312301,0.009541163
312302,0.022537261
312316,0.08053327
312324,0.048099123
312338,0.0032211056
312361,0.008423596
312363,0.14985114
312368,0.021088164
312382,0.016398966
312384,0.10289853
312390,0.02171246
312395,0.040484723
312396,0.08761684
312400,0.09090905
312406,0.059198372
312412,0.0095887575
312414,0.048013005
312417,0.034502983
312425,0.05086629
312428,0.010516387
312431,0.10471731
312437,0.25796682
312442,0.01680806
312451,0.08212874
312460,0.12636545
312464,0.07147027
312466,0.010463064
312470,0.032216266
312473,0.09186281
312490,0.02118996
312493,0.18519117
312503,0.013042801
312509,0.3173431
312520,0.05547852
312528,0.00768934
312543,0.077843346
312544,0.036823142
312553,0.01700822
312558,0.01203578
312565,0.13724844
312568,0.066441365
312579,0.012738889
312581,0.030326433
312582,0.03092269
312596,0.07099475
312597,0.015816152
312598,0.02104552
312617,0.2171802
312627,0.09640412
312635,0.013306421
312637,0.090313055
312639,0.026516816
312640,0.19182758
312642,0.23924324
312651,0.03640716
312663,0.015635679
312668,0.046574827
312685,0.010909872
312691,0.038001273
312693,0.052303784
312710,0.052331645
312711,0.007955433
312712,0.027683558
312720,0.038334936
312746,0.23435757
312763,0.014825424
312770,0.09115753
312791,0.3313991
312795,0.041687544
312796,0.029853875
312797,0.2353708
312804,0.05332772
312812,0.020391759
312813,0.04870542
312825,0.013300812
312827,0.04323454
312841,0.0137556065
312842,0.21366097
312845,0.011855378
312856,0.019266421
312866,0.015116145
312870,0.3464191
312879,0.0818772
312895,0.008485709
312901,0.051806554
312909,0.0049164984
312910,0.02530891
312916,0.021942561
312926,0.03471443
312942,0.10302189
312946,0.11017883
312950,0.034706175
312952,0.029396117
312963,0.016907115
312968,0.10337731
312976,0.013396341
312980,0.12957461
312984,0.08594343
312987,0.058030594
312994,0.030881159
312996,0.059836224
312997,0.069970764
313019,0.01685722
313020,0.011251255
313028,0.026493242
313041,0.2786684
313045,0.01163547
313048,0.13341193
313052,0.12457367
313062,0.04484114
313063,0.0552309
313066,0.01680811
313071,0.058633856
313085,0.011742201
313099,0.4671768
313109,0.10164524
313131,0.016628588
313139,0.057689216
313141,0.030069847
313142,0.16641267
313145,0.19979839
313153,0.12206547
313157,0.012799967
313161,0.06847313
313165,0.031932198
313179,0.091210455
313208,0.20122735
313228,0.3042806
313236,0.0331677
313243,0.018678362
313245,0.0365304
313249,0.014401923
313275,0.033835877
313276,0.06926741
313280,0.017777888
313284,0.11836266
313285,0.043830324
313292,0.0116753485
313297,0.14341596
313304,0.0084693525
313322,0.017221397
313323,0.03762351
313325,0.010361886
313326,0.26276335
313334,0.016282432
313336,0.02815881
313337,0.14075784
313339,0.03652627
313340,0.031967446
313341,0.125081
313343,0.22884634
313346,0.18119426
313348,0.2651013
313359,0.052050553
313365,0.023610897
313375,0.13140906
313381,0.040016945
313382,0.029059662
313389,0.03840518
313390,0.007727797
313391,0.118412904
313410,0.09895067
313416,0.039419558
313417,0.03556008
313426,0.16434829
313429,0.04139741
313469,0.00695962
313479,0.015084509
313485,0.1820331
313494,0.0044390876
313496,0.04623972
313501,0.062077593
313506,0.03666992
313521,0.050776504
313524,0.029605871
313538,0.08135405
313550,0.1363355
313557,0.19144733
313573,0.012877997
313583,0.025351552
313592,0.09611426
313602,0.025876982
313604,0.10522052
313606,0.14624874
313617,0.07408244
313622,0.015086781
313625,0.07750043
313638,0.011606177
313639,0.05719849
313645,0.05157694
313655,0.10530321
313656,0.53460526
313663,0.06912884
313669,0.0655515
313670,0.12667988
313676,0.056714825
313689,0.40140232
313699,0.030237786
313711,0.017862888
313720,0.13598144
313731,0.29852346
313736,0.3543382
313741,0.0324089
313744,0.02628355
313749,0.12113174
313750,0.040738374
313753,0.050490938
313763,0.025857836
313765,0.21773678
313776,0.012240093
313778,0.052626975
313781,0.06020241
313786,0.29012322
313787,0.011331494
313795,0.020688122
313809,0.02683656
313810,0.048765354
313811,0.17149831
313818,0.29442915
313825,0.046918314
313830,0.02908877
313831,0.030787148
313834,0.018662903
313837,0.33553168
313841,0.041886892
313859,0.0068452572
313882,0.016738765
313887,0.16825208
313900,0.024034575
313902,0.060509015
313906,0.006504687
313930,0.012452333
313932,0.046177264
313943,0.028491272
313944,0.011771831
313957,0.016095946
313970,0.13677676
313980,0.014063126
313982,0.006383427
313999,0.09036069
314000,0.025326658
314003,0.12830542
314004,0.030513754
314005,0.29449952
314007,0.01662292
314010,0.12313159
314011,0.014068989
314016,0.123620875
314023,0.027992388
314024,0.04081611
314031,0.008658226
314038,0.07004385
314041,0.017709032
314061,0.023777504
314073,0.022474507
314091,0.07648687
314097,0.10345045
314099,0.06765659
314107,0.018185997
314124,0.08442913
314127,0.049088776
314131,0.007855089
314132,0.0038570333
314137,0.07154925
314139,0.0105965715
314143,0.030396294
314149,0.0070555243
314153,0.016674938
314154,0.20282727
314160,0.029466726
314167,0.009448519
314171,0.008036628
314182,0.057730205
314190,0.010475655
314194,0.010570784
314198,0.058881298
314211,0.020729091
314220,0.064847276
314245,0.023807283
314247,0.013078139
314256,0.013416439
314259,0.112716265
314267,0.03843305
314271,0.020616213
314278,0.057163164
314282,0.0075521665
314283,0.06272117
314294,0.06449469
314298,0.06338877
314299,0.28787646
314306,0.030896788
314307,0.07020245
314308,0.01708846
314309,0.010924145
314317,0.10849715
314323,0.053731047
314332,0.018317072
314334,0.02075925
314335,0.056324907
314337,0.06675134
314343,0.02459623
314344,0.018277636
314346,0.008856553
314351,0.05209639
314354,0.06292594
314355,0.06265675
314359,0.042995732
314364,0.034590535
314366,0.06707971
314367,0.18335502
314374,0.024901373
314376,0.034923688
314387,0.088903464
314405,0.04641709
314412,0.012641011
314418,0.16991931
314429,0.0647348
314438,0.23070334
314442,0.01959474
314477,0.017892092
314480,0.040020917
314486,0.08770904
314487,0.07873285
314488,0.14901036
314490,0.01045441
314523,0.016488554
314528,0.13432819
314535,0.014498822
314542,0.16790886
314560,0.05547634
314585,0.11667507
314594,0.077764474
314596,0.119754344
314601,0.021886047
314603,0.023012962
314612,0.18213432
314615,0.22902013
314619,0.017335348
314621,0.056061957
314627,0.0709139
314629,0.101164855
314635,0.4847057
314639,0.028379805
314646,0.068810746
314650,0.21954952
314661,0.05094083
314690,0.010208931
314699,0.022702273
314705,0.10495939
314709,0.01806406
314710,0.02413166
314711,0.011761991
314714,0.05521516
314719,0.03099058
314722,0.015971037
314723,0.05794443
314729,0.056185953
314732,0.057294138
314734,0.052315846
314746,0.011744362
314761,0.5091202
314769,0.26719752
314773,0.07770861
314774,0.029004691
314776,0.051376976
314780,0.031702492
314785,0.062263977
314789,0.18862559
314796,0.19876328
314810,0.017690111
314812,0.043445133
314817,0.00776846
314822,0.069582194
314840,0.14618868
314843,0.013848882
314853,0.02129684
314856,0.028578538
314862,0.038747758
314864,0.01725124
314878,0.034154583
314894,0.016799357
314906,0.5208736
314912,0.009926249
314914,0.017246528
314933,0.0672506
314941,0.006040427
314949,0.015840817
314950,0.073783
314952,0.049619436
314961,0.07585487
314970,0.17578813
314972,0.11002861
314975,0.069647335
314985,0.04191229
314986,0.021096833
314991,0.08066025
314995,0.023351127
314997,0.019759942
315003,0.013720076
315035,0.026894722
315038,0.07611372
315040,0.030597148
315046,0.012081226
315053,0.009582851
315054,0.13213624
315060,0.121662
315061,0.016682187
315067,0.22664225
315076,0.06735063
315079,0.020242775
315083,0.032400344
315084,0.03109337
315092,0.025039185
315095,0.18057021
315112,0.1817162
315122,0.036547422
315123,0.00996846
315125,0.090584405
315136,0.2695822
315143,0.07868623
315145,0.031107629
315153,0.018133968
315164,0.062349267
315169,0.007874824
315178,0.15335873
315179,0.066534825
315189,0.004628972
315192,0.06559809
315194,0.2381058
315198,0.006453581
315210,0.036938515
315211,0.0116443485
315221,0.21930732
315222,0.029131237
315228,0.12771694
315231,0.10595624
315233,0.040907457
315235,0.11580196
315240,0.03685098
315244,0.025942475
315257,0.02840606
315261,0.061241467
315271,0.022810433
315278,0.031158898
315282,0.2333626
315287,0.023616936
315288,0.09978671
315291,0.061041586
315306,0.0127661405
315309,0.030202273
315312,0.00833633
315330,0.038212415
315335,0.20750932
315337,0.0781623
315343,0.17846861
315344,0.27548617
315366,0.007369653
315389,0.15351857
315403,0.022264522
315414,0.15128334
315425,0.0038567837
315430,0.018236458
315432,0.069719136
315436,0.030686751
315437,0.030628974
315445,0.020095047
315451,0.01045237
315460,0.007241827
315462,0.012127901
315476,0.03862242
315480,0.044379473
315489,0.024779107
315494,0.010015743
315499,0.0016722559
315503,0.021857232
315507,0.166015
315540,0.0060615195
315541,0.057216667
315546,0.05016873
315553,0.12933835
315569,0.2780401
315571,0.05228496
315574,0.04929345
315580,0.041081157
315587,0.03230217
315609,0.03112743
315610,0.042234093
315617,0.042193256
315623,0.00842757
315629,0.012956188
315635,0.0107608205
315637,0.027907675
315641,0.04389975
315644,0.049710996
315654,0.113301314
315662,0.015035914
315663,0.062427867
315673,0.03987486
315677,0.025586093
315679,0.051495787
315680,0.15696321
315681,0.0319583
315682,0.2755116
315684,0.026685182
315693,0.051743247
315701,0.021263285
315705,0.032942005
315706,0.028795544
315711,0.119628645
315714,0.15504128
315725,0.046053533
315738,0.029578092
315740,0.052855484
315749,0.1989505
315753,0.019653874
315757,0.043380644
315778,0.049103513
315781,0.08875663
315793,0.018509476
315813,0.06579067
315822,0.021632342
315827,0.085821025
315831,0.0062582633
315843,0.2607542
315857,0.08161958
315864,0.06770226
315869,0.015607874
315870,0.024091888
315878,0.0403338
315891,0.078640565
315894,0.11529331
315895,0.17852049
315903,0.052835096
315917,0.082575314
315920,0.02866152
315937,0.044805292
315938,0.03342527
315947,0.07149682
315970,0.4026423
315971,0.016245015
315974,0.014843383
315984,0.048371777
315985,0.122935936
315988,0.00439962
315993,0.13448028
315995,0.2557586
315997,0.0075719357
316000,0.015338558
316009,0.009586905
316011,0.08563406
316014,0.021562532
316021,0.032807905
316022,0.023377387
316023,0.023916176
316060,0.03507621
316063,0.036554765
316065,0.06871344
316066,0.023960812
316077,0.15796848
316083,0.0052988795
316093,0.04666408
316100,0.01877806
316110,0.011503285
316118,0.01119288
316135,0.030800976
316139,0.10059415
316154,0.18858084
316156,0.006619313
316171,0.021757819
316173,0.028974203
316186,0.011270589
316188,0.02628179
316190,0.079845734
316195,0.12002202
316205,0.03602093
316214,0.042134482
316216,0.05891202
316220,0.1654462
316222,0.028538462
316224,0.07773032
316226,0.011640301
316230,0.02582101
316248,0.06118245
316258,0.2035661
316269,0.028037475
316270,0.020674031
316279,0.047546014
316286,0.04451895
316295,0.027816774
316297,0.040841766
316305,0.039173372
316312,0.0152534805
316313,0.003447706
316314,0.11806942
316320,0.033520833
316321,0.01837398
316328,0.064255446
316329,0.022278005
316334,0.014965376
316364,0.008757757
316372,0.019068304
316382,0.007026044
316407,0.0057324506
316411,0.13364822
316433,0.080577664
316435,0.06483948
316441,0.03869108
316456,0.0075706616
316457,0.050865434
316462,0.03466535
316465,0.02300697
316466,0.014753664
316468,0.01737048
316469,0.029326905
316479,0.1439862
316481,0.03290155
316484,0.025499158
316502,0.078589834
316517,0.015946783
316525,0.03923248
316531,0.004753549
316546,0.023021853
316549,0.049999937
316557,0.006693652
316561,0.08158111
316564,0.07071348
316565,0.13994177
316594,0.19820787
316595,0.112511955
316600,0.049707085
316625,0.009871842
316645,0.027038146
316647,0.16415112
316659,0.10043698
316683,0.06724481
316694,0.0381793
316697,0.008666868
316701,0.034690335
316702,0.010917161
316703,0.016691655
316718,0.14441305
316723,0.09477004
316748,0.15134622
316756,0.0119250035
316758,0.04710717
316763,0.06088872
316764,0.06312745
316768,0.025165077
316769,0.034684785
316772,0.02382155
316777,0.059437174
316781,0.036000438
316785,0.09670177
316786,0.026109058
316815,0.53316367
316816,0.05993181
316828,0.02665702
316831,0.018893925
316837,0.012597661
316843,0.04140026
316849,0.12490038
316854,0.009525021
316862,0.012991187
316867,0.008178159
316902,0.05218962
316903,0.008055694
316906,0.022460874
316914,0.030435644
316915,0.018822758
316923,0.011690827
316928,0.078220256
316930,0.029156297
316932,0.25789058
316940,0.015474168
316947,0.016863192
316948,0.023142451
316977,0.0403903
316983,0.071719885
316987,0.043626174
317003,0.041796833
317005,0.018366508
317035,0.033420164
317036,0.008446036
317043,0.07030281
317048,0.01650055
317056,0.018839197
317065,0.023152322
317079,0.013378972
317080,0.019691013
317083,0.09068134
317087,0.041154806
317103,0.012473146
317117,0.13772467
317119,0.024319625
317125,0.07694919
317126,0.08599138
317134,0.064547665
317138,0.023279121
317142,0.0060238712
317150,0.007471939
317184,0.07744378
317190,0.04612657
317196,0.03601875
317197,0.05429091
317206,0.06482732
317210,0.030859826
317221,0.044811204
317226,0.079706244
317227,0.29216766
317236,0.018076262
317237,0.045473374
317241,0.00634289
317249,0.016598169
317256,0.024075408
317282,0.045030948
317294,0.026636936
317298,0.021401774
317300,0.016333094
317307,0.14530092
317311,0.015964694
317318,0.077305004
317322,0.03934393
317323,0.22593296
317332,0.018942108
317338,0.0076505025
317346,0.014534074
317347,0.024221564
317349,0.06298445
317354,0.05655395
317369,0.32528827
317386,0.050185215
317389,0.010541803
317410,0.18645795
317411,0.07708096
317422,0.018459644
317434,0.017409613
317446,0.030784782
317449,0.0456683
317455,0.06300642
317469,0.005277981
317475,0.016219065
317476,0.03625508
317487,0.076832384
317488,0.039130434
317499,0.03999093
317500,0.033429958
317506,0.04449054
317515,0.08861578
317518,0.024536809
317520,0.4693841
317546,0.07928019
317549,0.04049166
317554,0.041408267
317565,0.026781678
317579,0.05663058
317591,0.061459057
317592,0.18144424
317593,0.09057512
317594,0.011398384
317601,0.14865194
317603,0.09576982
317606,0.055400938
317608,0.015702033
317611,0.033465557
317618,0.044672288
317628,0.026053572
317629,0.10274625
317642,0.12542497
317644,0.015124133
317648,0.13121493
317650,0.009375621
317665,0.030857677
317675,0.031507432
317695,0.05309735
317696,0.050337214
317704,0.084741466
317713,0.011141512
317730,0.01893579
317735,0.2357273
317736,0.041706268
317738,0.16820842
317747,0.08084796
317764,0.06658267
317765,0.066586316
317772,0.29924786
317774,0.019525105
317786,0.013420073
317788,0.011108249
317806,0.045650814
317809,0.15465115
317811,0.039521422
317814,0.074134305
317815,0.09444578
317830,0.044151876
317835,0.032040432
317843,0.06521767
317856,0.04037759
317863,0.19725841
317876,0.096657775
317889,0.03884614
317902,0.16884209
317910,0.02046337
317914,0.038499
317933,0.018896397
317936,0.17029913
317940,0.013510111
317944,0.024579784
317952,0.03619614
317955,0.10605736
317958,0.01052334
317965,0.036817882
317966,0.10576421
317978,0.035770934
318000,0.023692371
318007,0.050237745
318008,0.10983511
318012,0.017217534
318016,0.010854608
318019,0.047049645
318020,0.008783755
318021,0.014675923
318025,0.026176352
318036,0.009960986
318044,0.02017215
318055,0.014485815
318056,0.13239403
318057,0.037328895
318065,0.0989844
318075,0.017308338
318081,0.49859127
318094,0.044342216
318096,0.020073006
318104,0.03578967
318105,0.010733169
318109,0.06353641
318113,0.016885124
318121,0.035980575
318122,0.072099775
318126,0.032324668
318127,0.05466752
318131,0.045404177
318135,0.10090542
318155,0.02798866
318156,0.016140977
318161,0.028829912
318164,0.10273578
318169,0.08559147
318173,0.16259901
318176,0.32440954
318177,0.12710527
318181,0.03856886
318187,0.011190301
318193,0.009899843
318203,0.04234925
318206,0.0276301
318214,0.031806033
318220,0.02270696
318232,0.0316977
318250,0.17064106
318251,0.10100973
318252,0.0057362397
318254,0.029237991
318260,0.018226756
318261,0.002140772
318263,0.080953926
318264,0.095061116
318266,0.09390236
318267,0.045572724
318268,0.022052335
318270,0.014749109
318274,0.09451587
318282,0.045244854
318286,0.030717995
318292,0.005423293
318297,0.01239536
318320,0.08349865
318337,0.031238351
318343,0.046573132
318347,0.043167554
318351,0.08520247
318357,0.3832835
318360,0.012953378
318384,0.0055862027
318385,0.008482613
318387,0.049830496
318390,0.050965097
318391,0.03341413
318393,0.012500244
318406,0.011647254
318408,0.19611752
318410,0.14468698
318424,0.08856615
318428,0.0429718
318432,0.039495457
318433,0.16785243
318445,0.089889474
318452,0.35658428
318467,0.03182189
318473,0.15417853
318480,0.05157286
318486,0.118207216
318496,0.013510909
318505,0.21704544
318511,0.051141843
318517,0.06516787
318522,0.033156812
318527,0.07763197
318530,0.032563433
318531,0.0333555
318533,0.016307775
318535,0.008116112
318536,0.023039617
318548,0.06636483
318551,0.07293874
318557,0.07412633
318576,0.018066471
318581,0.23992173
318607,0.025972294
318609,0.013676056
318615,0.36459574
318634,0.0384569
318640,0.48719218
318651,0.13327403
318657,0.081288815
318669,0.044331808
318674,0.07230961
318675,0.030873347
318686,0.06669825
318694,0.02152284
318760,0.075136654
318762,0.004655589
318763,0.01275045
318765,0.026561137
318766,0.045879457
318769,0.10103181
318775,0.120432764
318782,0.026611593
318786,0.2994075
318792,0.010897054
318801,0.065208055
318802,0.06737097
318803,0.0631192
318805,0.04597526
318813,0.106370404
318817,0.05144496
318821,0.02705332
318827,0.10242848
318834,0.21827129
318835,0.02144464
318851,0.005870383
318857,0.005920124
318862,0.020078773
318874,0.055217493
318878,0.045284998
318897,0.013622841
318909,0.22247724
318924,0.03664581
318927,0.049372
318942,0.13160573
318946,0.062401272
318957,0.16258776
318959,0.009953993
318975,0.013524748
318982,0.0083998535
318987,0.007964835
318993,0.011760126
318995,0.025835609
318996,0.007105243
318997,0.022315398
318999,0.068742536
319012,0.40349033
319014,0.1510939
319018,0.07174735
319020,0.12176365
319048,0.0110135125
319052,0.070092574
319067,0.02721833
319083,0.020158459
319088,0.015761683
319089,0.051784195
319090,0.17360394
319096,0.029139219
319099,0.06964304
319108,0.014429487
319116,0.041933674
319117,0.0501664
319119,0.06265891
319126,0.21436748
319133,0.08916895
319135,0.054076575
319137,0.036770787
319143,0.07316009
319168,0.07410735
319170,0.0714136
319174,0.030757518
319181,0.011072093
319192,0.014569408
319193,0.013744437
319198,0.008003921
319211,0.019213485
319219,0.06669853
319220,0.0481905
319226,0.09931642
319240,0.02517476
319248,0.022815015
319257,0.033720363
319261,0.05233688
319264,0.028701425
319268,0.019800622
319289,0.13258965
319292,0.034469567
319295,0.040902395
319302,0.039365612
319308,0.31197372
319310,0.18219438
319313,0.034438588
319322,0.007148111
319329,0.01572841
319331,0.018888861
319334,0.07092226
319346,0.013697872
319352,0.29827183
319358,0.18247457
319363,0.017820708
319365,0.101311706
319370,0.0061573973
319371,0.13371694
319372,0.040066004
319385,0.048657928
319387,0.009822897
319393,0.01500519
319396,0.061274838
319406,0.03334287
319439,0.009614273
319440,0.05747369
319441,0.2543221
319462,0.032417346
319471,0.034551825
319475,0.0067771915
319476,0.10987615
319486,0.086234145
319487,0.032384146
319489,0.06976105
319491,0.039939955
319494,0.010240197
319496,0.12017647
319512,0.056003485
319519,0.019321539
319522,0.016255189
319530,0.028887842
319540,0.01200163
319547,0.024902094
319549,0.030306278
319559,0.031874742
319561,0.02025779
319566,0.009992159
319569,0.039297383
319574,0.020627856
319579,0.033671755
319580,0.032536138
319582,0.016746407
319583,0.045162033
319585,0.026011193
319598,0.045253128
319600,0.036405772
319602,0.007545193
319603,0.03551003
319604,0.019561157
319608,0.01034568
319622,0.03729096
319623,0.091817066
319625,0.068651825
319628,0.054477096
319637,0.16030571
319639,0.03921174
319658,0.018380681
319669,0.03659443
319677,0.03548461
319683,0.04593886
319688,0.024987498
319697,0.026191894
319700,0.016620781
319727,0.12858507
319747,0.03959929
319751,0.023332464
319758,0.02335743
319759,0.038708206
319765,0.007950903
319768,0.024751415
319774,0.058684714
319776,0.034769848
319777,0.022706216
319785,0.02068399
319789,0.029034382
319792,0.028109848
319799,0.020387951
319814,0.013337812
319815,0.013061713
319822,0.034716945
319829,0.016781503
319836,0.07356931
319837,0.01859558
319839,0.120031804
319843,0.029357754
319860,0.04641734
319876,0.1492275
319877,0.004732137
319887,0.05327435
319889,0.012946229
319892,0.044064987
319893,0.051637933
319897,0.061543375
319898,0.027703675
319911,0.07058209
319917,0.0913232
319923,0.02429359
319927,0.019489294
319929,0.078441195
319931,0.18789794
319948,0.048203543
319949,0.023467558
319992,0.041888997
319999,0.02066239
320001,0.05452589
320003,0.013728424
320004,0.38719156
320011,0.124943115
320012,0.06339346
320021,0.14053099
320026,0.026311057
320034,0.042228475
320041,0.23183861
320042,0.034444563
320046,0.01773495
320056,0.0070751817
320062,0.023114093
320093,0.16880195
320094,0.049859717
320101,0.09282478
320114,0.041555054
320126,0.080642775
320128,0.029419083
320137,0.04219299
320149,0.015186314
320165,0.020413218
320172,0.056378476
320173,0.08484285
320175,0.18501477
320179,0.020376023
320181,0.039693814
320191,0.057228185
320192,0.022791315
320195,0.008940931
320199,0.040740628
320202,0.016695173
320203,0.11942163
320205,0.062027868
320224,0.16784538
320227,0.14641897
320228,0.028122313
320248,0.1779195
320252,0.0050930176
320254,0.07413522
320259,0.04449828
320267,0.15816301
320276,0.010561995
320287,0.16246668
320291,0.015634138
320295,0.028192649
320297,0.0311574
320305,0.23157445
320321,0.19231726
320331,0.113749474
320336,0.035121083
320341,0.030075954
320344,0.054772593
320356,0.00426067
320362,0.06633111
320369,0.009287658
320379,0.045669496
320387,0.013637224
320397,0.024110679
320412,0.030365314
320421,0.044869702
320428,0.25627163
320429,0.15051007
320430,0.019201702
320434,0.03949047
320453,0.061673343
320462,0.027490193
320469,0.0040876255
320475,0.034510538
320478,0.04283684
320484,0.022038922
320494,0.0097414395
320499,0.013847382
320541,0.21158907
320550,0.016295034
320561,0.013019981
320562,0.051572457
320564,0.081508264
320566,0.20924121
320568,0.023789888
320593,0.019602586
320609,0.027450528
320614,0.034606475
320621,0.007042707
320639,0.29884335
320640,0.051701583
320656,0.02846491
320657,0.04843999
320670,0.024984049
320672,0.040982895
320691,0.10990507
320693,0.0080924425
320698,0.06590104
320699,0.053600807
320704,0.031387836
320709,0.011682845
320711,0.021911448
320724,0.028653082
320737,0.024742573
320744,0.038167752
320747,0.050042067
320750,0.08143165
320752,0.04604101
320760,0.20933568
320765,0.24742672
320767,0.05771307
320778,0.24536534
320784,0.010789718
320789,0.059533022
320793,0.0048351614
320795,0.26082864
320805,0.049397238
320806,0.22950587
320823,0.017941106
320828,0.06938027
320833,0.15481754
320843,0.030813754
320846,0.006451974
320851,0.06621708
320852,0.06671888
320869,0.026433652
320873,0.08997704
320890,0.023572287
320905,0.13458653
320912,0.031717777
320914,0.0057147504
320915,0.011983257
320920,0.0485919
320924,0.024260964
320925,0.0160025
320936,0.08573612
320937,0.015288841
320940,0.031168457
320943,0.028606419
320954,0.0068680644
320959,0.07072909
320960,0.018078752
320966,0.013668701
320968,0.014616923
320975,0.02114582
320978,0.0058404105
320979,0.056145564
320981,0.004736211
320987,0.047221083
320989,0.077529125
321009,0.16832532
321021,0.21346971
321035,0.093298316
321038,0.04015986
321039,0.06811499
321051,0.0260865
321058,0.019164817
321066,0.21328078
321075,0.1341466
321092,0.0040075374
321098,0.06810506
321107,0.1711095
321116,0.22523034
321118,0.045665994
321124,0.025810458
321131,0.039468035
321134,0.23125221
321140,0.08360346
321143,0.07058643
321145,0.009059806
321150,0.004674271
321151,0.02486692
321153,0.12002541
321154,0.046930518
321156,0.012246402
321160,0.0450427
321176,0.028953375
321183,0.0595154
321187,0.06618869
321196,0.027240815
321197,0.053944875
321204,0.25379458
321208,0.03645199
321209,0.039223257
321223,0.06723394
321226,0.012692666
321227,0.01230659
321236,0.076796435
321249,0.18716468
321250,0.022996267
321253,0.018333722
321256,0.027989931
321276,0.30952007
321298,0.017099489
321303,0.006351061
321309,0.039381284
321313,0.040680084
321322,0.18747957
321345,0.026174303
321350,0.065815285
321355,0.028974863
321358,0.027673388
321370,0.14309423
321377,0.120071955
321385,0.17983769
321398,0.096898034
321401,0.01618835
321415,0.012332203
321416,0.29179028
321419,0.01717888
321427,0.031834967
321433,0.010893367
321439,0.07477069
321455,0.042710755
321463,0.086764775
321465,0.07260506
321480,0.00669941
321486,0.018989798
321498,0.08150063
321502,0.08025032
321510,0.041631818
321524,0.045129623
321526,0.09395469
321528,0.16006324
321533,0.26463652
321536,0.086227715
321548,0.0936869
321557,0.026681822
321564,0.041647498
321567,0.0114392
321602,0.07168011
321625,0.0910078
321627,0.11489621
321640,0.057476413
321645,0.009988789
321648,0.073396645
321649,0.05811341
321652,0.045103148
321659,0.09259541
321667,0.011676178
321676,0.029594557
321696,0.0349414
321697,0.07042376
321702,0.02382234
321704,0.028322995
321706,0.012074742
321710,0.04978185
321722,0.03862427
321760,0.037336566
321770,0.05149924
321779,0.048435032
321784,0.12693132
321786,0.08790594
321792,0.04006968
321795,0.1027341
321801,0.020380141
321804,0.017676746
321806,0.15039964
321807,0.021755373
321808,0.43680555
321809,0.16961183
321825,0.09223422
321828,0.028079268
321843,0.031736568
321848,0.019394282
321854,0.07371048
321869,0.031052994
321870,0.09978086
321887,0.013143603
321896,0.057369236
321898,0.06831573
321908,0.031023923
321910,0.012903051
321915,0.15554683
321919,0.10865698
321922,0.023478292
321928,0.11837692
321929,0.02973887
321932,0.08858231
321934,0.11796816
321936,0.2725442
321956,0.025623403
321957,0.034039095
321965,0.0088295825
321970,0.016854417
321974,0.0064552776
321980,0.025508543
321985,0.012912628
321992,0.026498409
321999,0.01904585
322005,0.004937551
322018,0.028325165
322020,0.00994908
322021,0.070100255
322023,0.026585398
322024,0.031010196
322039,0.006947651
322054,0.05221667
322061,0.04540688
322082,0.011900938
322088,0.20556124
322093,0.062548056
322105,0.0927202
322111,0.019743154
322113,0.18754081
322117,0.012434526
322120,0.015740572
322123,0.021903412
322132,0.0677784
322136,0.09545413
322141,0.119863346
322147,0.06727136
322169,0.22641934
322170,0.36550096
322172,0.049934737
322196,0.02320404
322198,0.11309538
322217,0.04666601
322226,0.12276301
322227,0.08160701
322229,0.007527725
322242,0.018814214
322244,0.049463574
322249,0.014194051
322250,0.06163721
322253,0.041178517
322254,0.18995844
322267,0.009792127
322269,0.04801173
322274,0.26026246
322285,0.20569453
322309,0.024245186
322320,0.06806693
322327,0.023192737
322331,0.03190338
322332,0.015383578
322334,0.21333626
322339,0.093751006
322348,0.20906739
322350,0.45817217
322354,0.028735196
322356,0.02580866
322367,0.08639313
322369,0.04805759
322372,0.09494905
322374,0.024389246
322383,0.17865393
322388,0.3106446
322393,0.043564502
322395,0.05324629
322407,0.011936966
322413,0.037320167
322416,0.008961627
322419,0.01794227
322424,0.02473681
322432,0.013647365
322442,0.026938114
322447,0.02209003
322448,0.16678686
322460,0.0066058966
322461,0.20433412
322468,0.012120265
322472,0.10576611
322473,0.223566
322488,0.017362446
322490,0.02660775
322491,0.044944033
322497,0.055359166
322503,0.029018322
322521,0.19665897
322525,0.14594306
322533,0.13735737
322549,0.078252554
322561,0.13551289
322566,0.046497624
322570,0.23453405
322574,0.022890527
322578,0.008017663
322579,0.038866848
322586,0.038339466
322596,0.018746763
322598,0.035242762
322603,0.07971844
322614,0.16931462
322626,0.008446331
322630,0.109610096
322639,0.220883
322640,0.063107245
322642,0.06290395
322651,0.097441085
322652,0.07101447
322656,0.0137063805
322662,0.03506259
322664,0.04662347
322681,0.28561744
322684,0.0108526815
322685,0.17370677
322711,0.26794907
322717,0.040559933
322719,0.01932626
322730,0.043194972
322740,0.021827457
322743,0.12385913
322749,0.0061327415
322757,0.027000703
322759,0.076428674
322760,0.029642306
322770,0.010746713
322786,0.124614485
322797,0.08392815
322800,0.04164653
322815,0.0081702005
322831,0.016102966
322835,0.17144778
322841,0.03203879
322845,0.016031206
322846,0.008695891
322851,0.0649401
322852,0.019219123
322877,0.041814927
322880,0.041165564
322893,0.05033517
322911,0.015375799
322928,0.293309
322934,0.08877861
322938,0.14933768
322950,0.06267602
322959,0.011587105
322961,0.03664491
322965,0.13264698
322966,0.022205753
322968,0.012663146
322977,0.01178292
322979,0.055780616
322986,0.11174749
322990,0.07475226
322998,0.016471962
323005,0.017548813
323008,0.031749025
323014,0.03256347
323015,0.011039174
323025,0.054374367
323030,0.057287913
323033,0.02428347
323036,0.031816985
323043,0.06227614
323049,0.03176565
323051,0.23908351
323053,0.010832548
323056,0.04168621
323059,0.034396958
323076,0.06778536
323088,0.05736015
323108,0.45339003
323112,0.056375753
323127,0.01449481
323135,0.04879289
323137,0.031253226
323141,0.058798395
323142,0.031135904
323147,0.15924646
323150,0.14923528
323153,0.16663365
323156,0.04391154
323161,0.01887997
323171,0.039031234
323173,0.03999918
323176,0.012370535
323184,0.035742354
323189,0.047354545
323193,0.04490346
323209,0.08178512
323218,0.3206314
323224,0.2837349
323235,0.10886282
323236,0.01862256
323242,0.0070875552
323252,0.056356028
323253,0.17270094
323254,0.0074815336
323271,0.074551865
323276,0.054240063
323278,0.06381614
323281,0.0099698845
323285,0.029408958
323289,0.037474435
323292,0.012472403
323297,0.07801185
323312,0.009410704
323318,0.006701692
323319,0.013724735
323324,0.039072912
323325,0.04779202
323328,0.06507295
323334,0.07212768
323338,0.14778203
323340,0.016432378
323343,0.080351636
323354,0.044975374
323373,0.024668401
323376,0.06269297
323381,0.042219274
323382,0.057101466
323383,0.3598662
323387,0.0151256
323394,0.07880591
323398,0.0165434
323405,0.10525347
323407,0.10636606
323428,0.25913715
323436,0.18299331
323451,0.07373299
323455,0.10155001
323463,0.042202886
323466,0.050048232
323475,0.07652104
323477,0.012029778
323481,0.006819662
323485,0.050779648
323488,0.029638456
323493,0.054199476
323494,0.04416566
323505,0.064775914
323506,0.035196055
323509,0.006086552
323518,0.029946104
323530,0.08132999
323539,0.010284468
323549,0.04584293
323557,0.025055021
323568,0.03588185
323569,0.024097085
323571,0.016520375
323573,0.17595638
323585,0.017405452
323588,0.019680643
323599,0.37375662
323615,0.005627793
323617,0.057448655
323620,0.16899422
323636,0.029640818
323665,0.022198223
323670,0.012478823
323675,0.13351625
323688,0.06953677
323693,0.013888014
323694,0.023084689
323696,0.05224926
323710,0.014549757
323716,0.085385054
323718,0.055411108
323719,0.021317739
323720,0.061516304
323722,0.115202695
323729,0.32061103
323738,0.057092015
323740,0.01824231
323787,0.015809529
323795,0.007937568
323801,0.006960768
323810,0.025707966
323822,0.05604552
323825,0.051344078
323833,0.029656556
323860,0.003052563
323871,0.0058457865
323879,0.036972407
323888,0.014668149
323891,0.20642476
323894,0.21372446
323909,0.027444616
323911,0.03203604
323920,0.1977314
323923,0.08488445
323930,0.013147405
323935,0.03420568
323937,0.11326952
323938,0.017474854
323948,0.028285421
323956,0.047402143
323962,0.06922958
323964,0.029826602
323966,0.017832445
323970,0.009533159
323972,0.020011391
323977,0.025363026
323985,0.05730345
323989,0.027787153
323994,0.023992904
324010,0.04403743
324020,0.07183102
324033,0.018564815
324052,0.16488421
324055,0.020004043
324075,0.01786575
324087,0.07953645
324088,0.015418191
324091,0.026378896
324104,0.041828133
324109,0.04932094
324114,0.028119458
324118,0.020628123
324125,0.06614476
324130,0.17416885
324146,0.016555985
324149,0.019150576
324156,0.012472786
324170,0.04862512
324171,0.063995786
324172,0.03158919
324178,0.26076648
324180,0.11123528
324220,0.025438497
324222,0.013321569
324227,0.092254914
324229,0.06500195
324230,0.0923223
324235,0.07789446
324243,0.026450736
324247,0.37641117
324264,0.17725265
324269,0.055303577
324270,0.03213674
324271,0.055816796
324291,0.3692283
324293,0.018169912
324296,0.07846958
324298,0.15405956
324302,0.08554954
324305,0.003954011
324310,0.03575794
324325,0.019774243
324339,0.040771056
324345,0.0647794
324347,0.047377694
324356,0.014620997
324383,0.08285957
324387,0.06869433
324393,0.10731777
324400,0.05373417
324401,0.021976523
324412,0.081398234
324414,0.017551497
324415,0.18104777
324416,0.031084357
324420,0.17458186
324437,0.006700144
324445,0.123950794
324464,0.09225225
324472,0.025748493
324496,0.055962462
324499,0.055257045
324512,0.03316371
324544,0.04180458
324545,0.029800866
324552,0.03904995
324553,0.03523754
324558,0.13817757
324559,0.011945811
324572,0.032082845
324582,0.042467877
324595,0.30567986
324596,0.46777216
324598,0.040664054
324614,0.11724919
324620,0.58680713
324621,0.038826574
324624,0.11577681
324651,0.0541955
324655,0.24393313
324669,0.005774268
324674,0.4139308
324677,0.07321497
324681,0.02112267
324689,0.0061898376
324708,0.013244339
324714,0.09966765
324716,0.13246109
324719,0.058933184
324731,0.29029405
324733,0.071782745
324741,0.10737111
324745,0.033416934
324747,0.13359094
324748,0.018334387
324764,0.1705326
324772,0.094392605
324788,0.06984576
324795,0.009001247
324801,0.01419166
324811,0.01851922
324816,0.2754482
324821,0.06732137
324825,0.006958655
324840,0.22577055
324841,0.06516927
324854,0.02529565
324866,0.010925055
324884,0.09149523
324894,0.05742704
324895,0.016865693
324913,0.036870882
324914,0.014337087
324944,0.04600766
324949,0.27697024
324978,0.028751252
324983,0.015431
324987,0.018750792
324995,0.006260466
325000,0.015717968
325001,0.3358053
325005,0.017788228
325017,0.021980755
325019,0.053315956
325020,0.011540449
325021,0.3976637
325041,0.048092354
325063,0.54748946
325066,0.0773025
325070,0.08378733
325102,0.09187548
325117,0.032190513
325121,0.13985458
325136,0.030560473
325153,0.016363405
325157,0.027594522
325158,0.015718367
325163,0.091097355
325180,0.03539626
325181,0.050620366
325185,0.3186106
325194,0.019457843
325196,0.044971373
325206,0.016001659
325212,0.016207125
325217,0.1644925
325218,0.051150534
325223,0.029169293
325238,0.08951803
325254,0.0795816
325258,0.030523773
325268,0.011049009
325269,0.044777177
325275,0.021972002
325277,0.02554653
325282,0.014436953
325284,0.013576665
325289,0.054313283
325291,0.33090845
325300,0.046411224
325303,0.059608404
325306,0.017382411
325313,0.068877794
325316,0.0564938
325318,0.004416951
325332,0.04349882
325344,0.12566128
325354,0.039687745
325360,0.0064431047
325364,0.03532238
325375,0.18122475
325377,0.004548503
325380,0.02124292
325390,0.07426391
325392,0.008134789
325395,0.08803216
325411,0.015811635
325412,0.04194777
325420,0.09020238
325424,0.02137789
325433,0.03051604
325438,0.016612625
325439,0.017429503
325443,0.041343037
325454,0.03850809
325464,0.037606496
325473,0.02073428
325476,0.007767489
325495,0.09505025
325525,0.07382493
325529,0.053675003
325552,0.06962806
325553,0.31268674
325564,0.018155962
325565,0.05787675
325580,0.09369277
325590,0.47638384
325591,0.024678105
325596,0.032948054
325601,0.025635513
325602,0.18399495
325623,0.0075820885
325625,0.015813287
325641,0.21989201
325645,0.06965541
325657,0.088481635
325680,0.018751316
325691,0.029745886
325701,0.032059107
325710,0.05282119
325712,0.021751273
325714,0.04252019
325716,0.04109615
325724,0.1980706
325744,0.10769871
325751,0.24430977
325757,0.011005966
325765,0.028402785
325767,0.36263818
325770,0.18844178
325778,0.059284627
325784,0.05733997
325791,0.2743982
325809,0.21389362
325814,0.096325934
325817,0.21004309
325820,0.4606079
325822,0.13164316
325830,0.025416318
325832,0.118744016
325840,0.04256607
325849,0.057504367
325852,0.043228745
325859,0.052584555
325864,0.049436536
325865,0.16340522
325879,0.027406266
325890,0.011797582
325899,0.015255217
325908,0.056433447
325916,0.112120986
325918,0.031152582
325919,0.007576163
325922,0.011279799
325925,0.04354902
325934,0.033634953
325939,0.014697733
325942,0.03357242
325948,0.39917204
325954,0.05346102
325962,0.03773546
325966,0.11135794
325969,0.033990823
325971,0.014666402
325972,0.006164458
325976,0.04281084
325981,0.010843895
325992,0.09855818
326013,0.032250583
326017,0.011197418
326019,0.024025656
326027,0.023449963
326028,0.024887642
326033,0.069360636
326041,0.010327006
326043,0.04019419
326049,0.024852205
326054,0.017052066
326057,0.030998642
326074,0.006589631
326078,0.013457434
326083,0.019057633
326084,0.023701463
326085,0.06086229
326087,0.01879161
326088,0.15794633
326102,0.29521567
326117,0.05287074
326145,0.1017954
326150,0.027906485
326160,0.122626714
326166,0.041619696
326170,0.019712057
326180,0.023116075
326182,0.09287344
326186,0.017551014
326188,0.25129148
326190,0.20301075
326196,0.18220493
326199,0.037250757
326201,0.14298175
326204,0.011567703
326209,0.015500285
326211,0.03915749
326218,0.039487023
326239,0.02362881
326259,0.03833731
326260,0.026573164
326284,0.14906555
326289,0.049324714
326290,0.056733258
326295,0.024751434
326299,0.071849495
326305,0.013904779
326309,0.076105066
326323,0.031234004
326364,0.054252338
326369,0.012303916
326385,0.0694858
326410,0.15992953
326411,0.0030079125
326418,0.021497717
326428,0.063944675
326435,0.11477006
326437,0.012102184
326438,0.037546217
326451,0.014424362
326464,0.24947992
326471,0.062138915
326472,0.18138267
326475,0.083156876
326477,0.0063083996
326480,0.012463464
326486,0.046282075
326502,0.043710746
326506,0.08428146
326513,0.019739805
326516,0.02544319
326528,0.01930901
326530,0.026809625
326531,0.064178005
326532,0.010516366
326538,0.022026215
326551,0.03882238
326559,0.023923727
326576,0.093478136
326577,0.08243993
326602,0.06775171
326606,0.032691855
326618,0.09050556
326620,0.012078888
326624,0.06570971
326639,0.083790764
326647,0.44347972
326652,0.043416545
326661,0.05410454
326667,0.059566982
326670,0.15409593
326672,0.030638741
326693,0.1248917
326704,0.014840851
326723,0.04205999
326734,0.07948594
326738,0.09412892
326746,0.054595295
326753,0.020327367
326754,0.013772001
326763,0.03885945
326779,0.014685157
326785,0.061925426
326786,0.021259563
326787,0.16890435
326789,0.01305429
326799,0.008130984
326802,0.015487643
326804,0.014156236
326823,0.082817554
326827,0.06411827
326833,0.15333334
326838,0.038955864
326842,0.026149854
326856,0.22307579
326867,0.006813514
326870,0.0064746006
326871,0.035575155
326875,0.037292246
326879,0.09334272
326884,0.09013708
326900,0.088841096
326904,0.008362507
326905,0.09409561
326917,0.019753655
326919,0.01811038
326921,0.21875183
326929,0.04336147
326942,0.13946599
326944,0.006547773
326953,0.102657884
326968,0.06784716
326985,0.110445306
326987,0.05017833
326988,0.029267844
326994,0.021087756
327005,0.01074529
327010,0.06047845
327017,0.035908714
327026,0.071556464
327030,0.01887431
327031,0.011302968
327045,0.10558993
327054,0.0048396923
327078,0.01700568
327080,0.005830526
327087,0.4185219
327137,0.0841788
327147,0.049864747
327150,0.044639148
327153,0.10209987
327160,0.11672491
327164,0.007323642
327169,0.12335238
327187,0.10058308
327188,0.06002045
327189,0.025092559
327194,0.01807847
327196,0.15421309
327202,0.057359453
327207,0.012773726
327215,0.011127298
327216,0.22289741
327220,0.09351691
327222,0.041886717
327230,0.05154887
327231,0.1677038
327238,0.035371937
327247,0.012344587
327262,0.03668422
327265,0.07337582
327267,0.012515124
327273,0.0047420436
327276,0.14294864
327280,0.12973322
327287,0.020540483
327301,0.050528966
327307,0.061870873
327309,0.10529943
327316,0.052083667
327327,0.12523328
327334,0.14572729
327335,0.20126948
327338,0.0071037384
327341,0.09505714
327350,0.013640729
327355,0.015071756
327370,0.018296232
327386,0.019832136
327391,0.10526133
327393,0.085818835
327408,0.015705068
327415,0.15949632
327431,0.1364101
327445,0.023517307
327449,0.18286191
327457,0.066268735
327488,0.0066692056
327489,0.029483655
327523,0.050462686
327537,0.015563214
327550,0.23434897
327556,0.009989698
327562,0.011736209
327567,0.13834204
327587,0.04740114
327594,0.04710857
327602,0.06842173
327604,0.082369685
327609,0.036372505
327618,0.024201289
327620,0.04023383
327626,0.07983945
327628,0.013377163
327629,0.05771809
327631,0.082753345
327633,0.04845347
327638,0.0076183346
327665,0.011391038
327689,0.026792789
327697,0.031933576
327702,0.05199386
327704,0.09217251
327723,0.048052635
327726,0.033103887
327732,0.07783219
327739,0.10038098
327750,0.019758375
327751,0.031328067
327765,0.12153114
327766,0.009698819
327771,0.043274786
327772,0.1801283
327774,0.09638177
327784,0.015994476
327789,0.006278809
327794,0.015341747
327799,0.12125659
327803,0.09386629
327817,0.03135198
327819,0.05707031
327823,0.045498148
327828,0.55284
327834,0.11728162
327835,0.019192584
327866,0.21116224
327871,0.02810105
327886,0.061642844
327900,0.077194564
327901,0.25088942
327904,0.010089156
327906,0.14143804
327908,0.04627538
327909,0.005339545
327914,0.58571553
327917,0.14057676
327928,0.11130338
327947,0.01799236
327949,0.027094219
327952,0.0311799
327954,0.02114391
327962,0.050528225
327964,0.2924354
327985,0.02151708
327996,0.027968058
327997,0.04953754
328013,0.012765736
328017,0.068936065
328027,0.069015846
328029,0.15919526
328042,0.0515588
328043,0.027730087
328064,0.11773542
328072,0.02096855
328074,0.25716832
328080,0.008504783
328086,0.060637385
328122,0.028234005
328126,0.0067055477
328127,0.060040712
328142,0.006444227
328144,0.037305716
328150,0.05775372
328154,0.15196228
328160,0.02539828
328171,0.041408688
328179,0.033227842
328192,0.012340136
328195,0.028049048
328196,0.02396365
328201,0.009395645
328203,0.04944481
328217,0.03376141
328218,0.01787248
328228,0.048135214
328231,0.075532235
328246,0.06255217
328252,0.043665472
328255,0.036876973
328264,0.012811828
328281,0.04534158
328282,0.004023996
328291,0.075732134
328303,0.037095975
328305,0.1788228
328313,0.022635236
328336,0.07313531
328340,0.019965772
328343,0.022628348
328368,0.5114951
328372,0.018524848
328381,0.04408368
328383,0.032713804
328385,0.018161701
328393,0.011671528
328395,0.028521553
328409,0.013483053
328424,0.061693337
328427,0.04365224
328456,0.036911406
328463,0.054271825
328489,0.0826481
328491,0.03702636
328509,0.017973514
328516,0.19800583
328524,0.012696643
328535,0.07882203
328536,0.008560147
328539,0.059841692
328542,0.5291213
328545,0.3903385
328549,0.055059362
328554,0.02715593
328558,0.10435124
328571,0.03502207
328576,0.019146139
328578,0.037762377
328588,0.17617822
328601,0.02369636
328604,0.07614048
328624,0.015622202
328629,0.16363361
328632,0.024852775
328634,0.031560123
328636,0.04924854
328637,0.018159436
328647,0.039035507
328668,0.01167613
328669,0.01681184
328678,0.026805505
328684,0.031195255
328694,0.04363903
328705,0.062177546
328712,0.026397444
328720,0.03322147
328729,0.16004555
328730,0.030237705
328733,0.037160587
328758,0.15151148
328761,0.015789896
328764,0.024957808
328777,0.024735957
328783,0.07138682
328813,0.05279507
328819,0.03343386
328826,0.024623768
328829,0.06576778
328834,0.0174163
328845,0.021657147
328856,0.09829052
328865,0.0576163
328868,0.17290993
328878,0.12475097
328896,0.016769614
328899,0.009222832
328909,0.037712198
328914,0.004271425
328926,0.014171028
328934,0.017242212
328935,0.016646996
328949,0.028195145
328954,0.023828687
328957,0.012715996
328968,0.21615118
328974,0.01703741
328984,0.0066484287
328991,0.035851218
328997,0.03183548
329000,0.034772135
329005,0.10291103
329007,0.065235406
329018,0.050964236
329034,0.070174515
329051,0.14422756
329052,0.04929707
329055,0.12785678
329062,0.15076163
329064,0.1426812
329070,0.15506396
329075,0.015392869
329078,0.12352863
329081,0.01150886
329086,0.055990458
329101,0.016858026
329105,0.206992
329113,0.11048389
329119,0.099907614
329133,0.023541111
329135,0.032158967
329138,0.019621385
329143,0.02159342
329157,0.059060015
329165,0.04681665
329170,0.018571291
329176,0.0927552
329177,0.068851314
329179,0.040657356
329196,0.110397436
329209,0.1107977
329219,0.2772517
329241,0.014608291
329245,0.10696794
329248,0.020758046
329249,0.025820429
329251,0.015549172
329252,0.021998843
329256,0.04965894
329261,0.039223284
329264,0.23813272
329297,0.10819444
329310,0.04598288
329320,0.034491006
329328,0.0063779284
329340,0.10063514
329347,0.021815464
329351,0.058468968
329356,0.041746095
329360,0.51334006
329364,0.023823516
329365,0.01196494
329381,0.075010516
329383,0.07523237
329385,0.06589683
329388,0.04712588
329390,0.022011705
329393,0.036246732
329403,0.0873126
329409,0.015458439
329418,0.26900694
329428,0.018695032
329433,0.024066275
329439,0.039171048
329459,0.014903513
329463,0.1191663
329475,0.054569546
329479,0.030157365
329494,0.08477849
329500,0.17038903
329503,0.007384047
329512,0.006305377
329514,0.12604834
329521,0.06360694
329526,0.08227934
329531,0.0068020946
329534,0.17855217
329545,0.032167006
329553,0.011691844
329569,0.029507907
329571,0.03117042
329580,0.04583834
329585,0.0332551
329588,0.15206183
329603,0.0952123
329605,0.06824766
329611,0.040077403
329613,0.07950194
329615,0.10883468
329618,0.038284868
329623,0.025538538
329626,0.08620404
329678,0.02507772
329690,0.017043095
329693,0.078700155
329698,0.11739609
329700,0.00607669
329706,0.018877631
329709,0.053323586
329713,0.09949653
329716,0.023432937
329717,0.009325455
329719,0.04597437
329720,0.01362271
329737,0.00838671
329741,0.03879822
329742,0.0130413715
329749,0.118725345
329765,0.060818676
329771,0.028507365
329775,0.027409235
329779,0.024140352
329781,0.05013824
329788,0.030630508
329798,0.1350537
329799,0.00694788
329810,0.13987413
329811,0.008271341
329812,0.0076744724
329819,0.04924276
329822,0.028259048
329826,0.0106665995
329843,0.037212253
329846,0.01534001
329856,0.057454523
329871,0.02243864
329882,0.020563757
329885,0.045683324
329893,0.06846249
329898,0.017391538
329903,0.1323338
329916,0.059295718
329918,0.016042097
329934,0.018720862
329942,0.10880151
329949,0.05368136
329958,0.13706255
329965,0.08618684
329969,0.01441944
329972,0.061613113
329981,0.29659247
329988,0.030511504
329989,0.057445552
330004,0.29983222
330006,0.15114024
330014,0.1111418
330025,0.1758163
330040,0.009814432
330047,0.08433588
330070,0.040318318
330074,0.022832781
330075,0.010113201
330085,0.026908658
330095,0.14730373
330106,0.04958727
330119,0.013195784
330122,0.045785874
330129,0.22638433
330145,0.14135857
330148,0.019832239
330154,0.05346564
330156,0.013185984
330162,0.074440196
330164,0.033229183
330187,0.03995195
330188,0.06292422
330189,0.019580578
330192,0.01515732
330193,0.02643592
330200,0.040830165
330205,0.03565659
330207,0.03858892
330220,0.021356907
330228,0.25008416
330243,0.055227596
330245,0.018655641
330270,0.020048607
330272,0.03934037
330279,0.03676924
330288,0.22359493
330289,0.030850083
330299,0.01474393
330308,0.0313169
330314,0.10391691
330317,0.069929816
330322,0.021133749
330332,0.07997584
330356,0.059109204
330358,0.04364843
330360,0.004999446
330363,0.035707206
330364,0.08463072
330368,0.014383765
330376,0.01780233
330378,0.08023003
330381,0.03907393
330386,0.05134466
330387,0.008358673
330395,0.1344966
330396,0.025157914
330406,0.03503284
330423,0.06513085
330430,0.012959047
330467,0.05290876
330469,0.00964029
330473,0.059471324
330479,0.047986805
330486,0.10924775
330523,0.36862805
330524,0.073192164
330540,0.08097088
330564,0.041325405
330565,0.046765294
330567,0.034286533
330568,0.039334238
330602,0.029977564
330616,0.06474905
330617,0.010959944
330625,0.08088428
330635,0.01986523
330636,0.06297666
330639,0.036057584
330661,0.04697378
330666,0.008204794
330670,0.0033788173
330682,0.03072752
330690,0.011523424
330708,0.055137888
330726,0.043038413
330730,0.018249119
330765,0.013382139
330776,0.04204239
330789,0.015928427
330791,0.010668423
330803,0.06494347
330805,0.0083699515
330807,0.025451912
330821,0.012417934
330822,0.02073639
330836,0.02635529
330837,0.033042543
330839,0.030447762
330840,0.006120442
330861,0.03879928
330878,0.042616636
330881,0.0044092983
330888,0.022569193
330890,0.075321846
330903,0.11616062
330904,0.028856928
330905,0.028663656
330907,0.030748067
330915,0.0049815746
330921,0.054248072
330922,0.050518643
330925,0.018323125
330942,0.03913082
330945,0.07424053
330957,0.05105245
330965,0.033474203
330973,0.09191162
330979,0.0141872885
330981,0.027478088
331005,0.046152182
331018,0.100270204
331026,0.011441932
331032,0.003740568
331033,0.036138684
331036,0.0053179646
331037,0.017292794
331048,0.043409117
331054,0.095018335
331058,0.034592655
331063,0.031228622
331077,0.036721583
331079,0.01278544
331081,0.10496959
331082,0.015542557
331090,0.013148557
331110,0.016131777
331127,0.12321615
331141,0.035539865
331153,0.14082907
331165,0.052465186
331171,0.05075138
331179,0.026622402
331191,0.11567624
331193,0.08190348
331197,0.019373082
331204,0.021190451
331207,0.2198572
331212,0.010140618
331220,0.08929078
331242,0.055055317
331244,0.10272761
331273,0.025413685
331281,0.010566402
331289,0.019858716
331293,0.027053004
331294,0.039079763
331299,0.025265072
331300,0.015500011
331302,0.038877424
331322,0.029206894
331334,0.02996323
331347,0.013376803
331353,0.025215108
331361,0.01645427
331370,0.0071488707
331379,0.0464653
331382,0.09004461
331388,0.18752329
331390,0.020213775
331400,0.032402895
331411,0.04321478
331431,0.0056101484
331451,0.01997571
331455,0.037372943
331456,0.009831057
331461,0.028420016
331468,0.07100423
331480,0.2558972
331491,0.033651255
331505,0.13161102
331508,0.017364683
331517,0.017957542
331519,0.11397373
331526,0.02518107
331530,0.046019047
331533,0.034840807
331554,0.084465966
331579,0.020432845
331590,0.005124596
331599,0.03865321
331604,0.03528208
331605,0.06620403
331611,0.01977248
331616,0.32062408
331620,0.011810099
331623,0.08717336
331641,0.018502953
331645,0.022285031
331657,0.11612205
331662,0.015676364
331678,0.0035572047
331684,0.04058462
331686,0.16876721
331691,0.035260748
331697,0.3689666
331707,0.041707903
331709,0.0062490636
331716,0.046058744
331719,0.03400188
331729,0.015477313
331735,0.018221075
331743,0.01646201
331761,0.08398992
331772,0.08521859
331777,0.015350145
331794,0.112377524
331813,0.09536866
331818,0.08716231
331834,0.029850421
331848,0.060042895
331849,0.053282138
331868,0.04352217
331875,0.032305695
331879,0.015331351
331886,0.009463996
331888,0.047326423
331891,0.029462127
331903,0.011602301
331905,0.028913122
331913,0.019397035
331914,0.0094426945
331937,0.013895598
331938,0.03940594
331939,0.07423231
331944,0.0545786
331948,0.1077232
331968,0.012669013
331976,0.27368078
331977,0.07406334
332007,0.058433767
332014,0.02300645
332017,0.026321806
332027,0.038216546
332033,0.015816657
332041,0.013625357
332042,0.24237086
332047,0.024470812
332050,0.029656215
332056,0.013403993
332071,0.002510331
332075,0.19731961
332076,0.016938986
332077,0.032388527
332083,0.056919888
332093,0.28879145
332111,0.037787914
332119,0.019230833
332121,0.040236317
332135,0.03463527
332144,0.17496833
332147,0.03415272
332155,0.06736559
332156,0.010280275
332164,0.11261698
332166,0.022766596
332170,0.06809526
332180,0.22617069
332181,0.28663725
332184,0.10978757
332192,0.086896665
332204,0.02743379
332225,0.026558824
332234,0.033622175
332243,0.02447825
332253,0.23563053
332261,0.041473992
332266,0.03666549
332270,0.03309682
332285,0.28101
332290,0.006764052
332296,0.013904637
332298,0.06651389
332302,0.030339694
332303,0.014526245
332317,0.0100783575
332318,0.08841173
332327,0.064514734
332337,0.08867938
332351,0.06745161
332373,0.047487475
332377,0.011388811
332384,0.041189212
332398,0.02575976
332404,0.09829823
332405,0.042569224
332454,0.020003432
332456,0.0537847
332464,0.20678285
332468,0.037082564
332476,0.07302645
332482,0.0129845925
332483,0.064344734
332508,0.027612895
332519,0.26669335
332529,0.2358439
332537,0.13006799
332545,0.10686123
332551,0.050880264
332552,0.097760916
332570,0.018003168
332574,0.17526847
332579,0.05813654
332607,0.0077584246
332618,0.08642002
332626,0.053120345
332628,0.013960295
332645,0.038336642
332652,0.25468817
332666,0.05112482
332694,0.1496891
332697,0.093444996
332698,0.007954825
332700,0.07017593
332708,0.09839231
332714,0.013373029
332722,0.032331347
332724,0.028185157
332730,0.017161466
332741,0.021178216
332746,0.017671827
332754,0.063173026
332756,0.078966916
332759,0.013733326
332764,0.4940596
332786,0.029498396
332790,0.005284634
332816,0.0064627607
332821,0.07458614
332827,0.017806156
332829,0.008207127
332831,0.0033352734
332833,0.131846
332834,0.06362297
332837,0.009689754
332846,0.039042674
332860,0.05059618
332861,0.023711901
332865,0.043401215
332882,0.09209762
332897,0.12698267
332901,0.02886977
332904,0.01988955
332910,0.5404188
332911,0.0359233
332912,0.08422882
332939,0.03729765
332940,0.0074193026
332952,0.015436654
332956,0.017990949
332957,0.059089635
332958,0.013257935
332961,0.077362046
332967,0.08678182
332974,0.057159875
332993,0.011374454
333007,0.030015072
333012,0.1441899
333020,0.040885627
333021,0.03614075
333035,0.015952611
333040,0.17678425
333061,0.0021613082
333073,0.015683465
333078,0.103483476
333085,0.028548328
333086,0.06712041
333096,0.2343486
333100,0.06399631
333112,0.039923947
333114,0.0047520115
333120,0.22380434
333142,0.00956329
333152,0.019062048
333159,0.12184747
333178,0.028953908
333179,0.045781944
333187,0.021373719
333191,0.047321234
333192,0.03292045
333199,0.045093525
333211,0.019910727
333224,0.015046637
333237,0.23939179
333238,0.021970889
333262,0.0057886834
333268,0.043187715
333275,0.022041729
333289,0.0536097
333292,0.27521536
333303,0.031029267
333305,0.066685475
333312,0.017929006
333316,0.11252816
333335,0.04773506
333354,0.030179072
333356,0.006333191
333358,0.031110061
333376,0.0068135373
333378,0.014551868
333380,0.02006805
333381,0.15331241
333388,0.023518102
333392,0.0056492444
333406,0.45817006
333410,0.019734854
333411,0.030764969
333412,0.07187357
333428,0.016943848
333432,0.015304776
333435,0.07447024
333442,0.028150799
333452,0.025610646
333455,0.15929236
333456,0.04911547
333459,0.024314504
333464,0.08753022
333466,0.094513014
333469,0.025072781
333475,0.018519694
333476,0.011230652
333477,0.08720518
333487,0.04985189
333490,0.012880816
333497,0.31410906
333499,0.008368404
333500,0.06425215
333501,0.033093832
333503,0.008628605
333513,0.18317813
333518,0.021046264
333544,0.05054166
333546,0.18546505
333563,0.22083233
333566,0.08421491
333568,0.07150772
333570,0.022634802
333573,0.016246406
333574,0.009339833
333584,0.019958824
333589,0.031914208
333594,0.063046925
333596,0.009750045
333597,0.027774557
333615,0.027105067
333621,0.016226169
333622,0.016141463
333629,0.07765726
333651,0.045047343
333653,0.15989521
333664,0.015836185
333680,0.0118008675
333687,0.21093443
333688,0.029499302
333689,0.4133717
333693,0.050145097
333695,0.01530298
333706,0.019900728
333709,0.05432471
333713,0.07594144
333734,0.02378914
333745,0.1565534
333752,0.05032307
333764,0.012911755
333780,0.019833116
333789,0.14655995
333791,0.013211952
333795,0.14118023
333799,0.16286874
333801,0.05584212
333802,0.07466178
333803,0.097869135
333810,0.032346465
333837,0.023280967
333842,0.1455227
333843,0.044315387
333845,0.015645193
333852,0.14368632
333859,0.023489231
333885,0.24173716
333896,0.056304395
333904,0.038053777
333908,0.008048881
333913,0.049650937
333927,0.024413427
333930,0.01994442
333935,0.014044297
333952,0.05957969
333953,0.14655639
333966,0.05974741
333968,0.007784533
333988,0.02842369
334013,0.01684365
334027,0.19174477
334030,0.01997808
334032,0.16222557
334033,0.011469476
334042,0.0087678
334045,0.069908045
334053,0.020216081
334055,0.02086141
334058,0.01830177
334063,0.056754883
334070,0.020132035
334074,0.009071091
334080,0.09894678
334086,0.02143263
334092,0.033237603
334099,0.03038849
334101,0.02058743
334103,0.035079673
334104,0.14363045
334109,0.27934414
334125,0.06334045
334130,0.052280977
334138,0.122400254
334161,0.029178107
334164,0.021382203
334169,0.051545434
334171,0.0034001088
334185,0.031170778
334186,0.08297728
334209,0.033087872
334211,0.06533825
334230,0.011955994
334231,0.3965155
334237,0.15278529
334241,0.19943994
334244,0.1489671
334247,0.025340846
334250,0.015520199
334252,0.020641869
334273,0.0118148625
334282,0.016018309
334285,0.06129296
334286,0.020994699
334292,0.06088552
334296,0.045588247
334299,0.01938343
334300,0.04911356
334305,0.019460278
334307,0.06391007
334311,0.034053292
334315,0.03718087
334343,0.045099415
334344,0.036062863
334345,0.06084379
334350,0.02457932
334353,0.010782448
334365,0.03322556
334372,0.045689672
334374,0.01993267
334375,0.033596203
334382,0.18138336
334387,0.0077528246
334391,0.23259388
334397,0.050437074
334407,0.0263348
334415,0.018873876
334417,0.03392418
334419,0.14463355
334431,0.017184274
334435,0.2205634
334446,0.33614963
334447,0.025313511
334457,0.009827188
334459,0.056919437
334471,0.011484386
334474,0.022248201
334481,0.021131355
334483,0.015282218
334486,0.065226085
334490,0.32938284
334492,0.08891491
334494,0.030784946
334512,0.037460517
334522,0.007757157
334527,0.010961516
334534,0.011671637
334537,0.0146121755
334539,0.025987616
334552,0.060244367
334555,0.09211834
334565,0.07239563
334580,0.021273205
334585,0.029564125
334589,0.046144787
334594,0.06664287
334600,0.01347485
334603,0.015520585
334613,0.07008279
334621,0.07725416
334628,0.033120368
334631,0.08219678
334634,0.06115601
334635,0.0887155
334659,0.022232981
334660,0.011571125
334664,0.02696357
334671,0.052741062
334693,0.0541382
334695,0.10217788
334703,0.11859132
334718,0.050043922
334728,0.3465135
334732,0.2072297
334733,0.091447204
334735,0.026160708
334748,0.016218094
334756,0.18199787
334764,0.05558302
334766,0.059999563
334787,0.016584843
334803,0.024002854
334806,0.062000234
334817,0.14255504
334825,0.026097028
334831,0.085512266
334836,0.044075064
334845,0.04531366
334857,0.017815836
334868,0.016069926
334871,0.014337297
334873,0.05420359
334881,0.049440578
334886,0.012886041
334898,0.06737257
334899,0.08297418
334901,0.040977973
334916,0.050095525
334923,0.29806122
334933,0.086891815
334938,0.13922933
334955,0.12543587
334963,0.35892949
334974,0.07346582
334986,0.010110644
334994,0.020319706
334995,0.0995193
335001,0.030319773
335005,0.03864122
335009,0.0159802
335014,0.03399319
335015,0.016820764
335017,0.24371496
335025,0.12401265
335027,0.1282557
335055,0.092293665
335058,0.029678535
335072,0.060171787
335073,0.023149315
335081,0.067969315
335091,0.006957931
335096,0.0064753387
335097,0.05271813
335099,0.038939025
335113,0.013978507
335136,0.050585803
335140,0.04527475
335141,0.010420626
335143,0.59796566
335155,0.060243297
335170,0.053861976
335176,0.041136824
335181,0.028932607
335183,0.06706282
335192,0.041175663
335196,0.22687632
335198,0.01801998
335203,0.028524054
335204,0.21438596
335218,0.026088689
335222,0.031893574
335223,0.16779426
335229,0.050089978
335231,0.083730616
335236,0.06070428
335253,0.247746
335257,0.048891135
335262,0.0114213005
335263,0.07309689
335273,0.023786817
335276,0.03794603
335278,0.011639397
335295,0.01327316
335301,0.009841928
335303,0.005842394
335305,0.10436602
335310,0.1215905
335313,0.004681493
335314,0.021151874
335319,0.037340287
335321,0.058594707
335331,0.01622398
335332,0.0266051
335333,0.023967264
335337,0.11652642
335342,0.017167678
335347,0.03863136
335351,0.052416448
335356,0.021046292
335366,0.039909154
335369,0.015435904
335377,0.10305589
335388,0.0859804
335395,0.104346074
335397,0.043757893
335411,0.0154588
335419,0.02725974
335425,0.038742326
335427,0.060526285
335443,0.007141363
335446,0.011049503
335448,0.038096167
335451,0.16457076
335458,0.035299197
335459,0.04795325
335460,0.1091544
335463,0.027502248
335471,0.07793848
335477,0.009099193
335478,0.06701971
335484,0.020765843
335490,0.18361701
335495,0.10056681
335506,0.10695778
335507,0.094088
335518,0.030430356
335533,0.015061856
335537,0.08814871
335538,0.030873062
335549,0.09272881
335553,0.17390926
335561,0.092549
335564,0.00718753
335573,0.07450415
335577,0.01861463
335579,0.011461252
335585,0.044322092
335590,0.07326313
335594,0.022082167
335598,0.021322742
335601,0.026333006
335608,0.027684484
335616,0.14801618
335640,0.029693427
335645,0.109858505
335653,0.03598114
335683,0.011720151
335692,0.038428795
335713,0.0057927757
335726,0.008763913
335727,0.2808211
335728,0.017186977
335732,0.020022726
335736,0.022644414
335747,0.021208959
335754,0.015858049
335755,0.018590156
335761,0.047538098
335775,0.03389267
335778,0.12187345
335779,0.09324955
335787,0.018224021
335805,0.011080259
335807,0.023721866
335808,0.050361477
335815,0.09923551
335818,0.014067163
335835,0.094067305
335849,0.01588358
335850,0.0342362
335851,0.034082774
335852,0.016049687
335856,0.044575967
335857,0.06380165
335863,0.09200046
335871,0.0629407
335879,0.038728133
335885,0.019862792
335887,0.27006987
335893,0.18727307
335906,0.07970127
335912,0.0101772975
335921,0.01871671
335944,0.061851844
335952,0.110911556
335955,0.025157884
335956,0.016484592
335957,0.08414677
335958,0.029399557
335962,0.03930761
335963,0.044724923
335964,0.025784437
335971,0.014614519
335973,0.034909353
335975,0.08382779
335981,0.041453075
335983,0.21359499
336016,0.06426994
336038,0.019477058
336039,0.020607714
336041,0.05502929
336061,0.051416382
336063,0.018129904
336067,0.013287351
336071,0.04137701
336089,0.062201906
336095,0.09241639
336096,0.049298257
336101,0.0058310367
336117,0.015202033
336118,0.04456563
336120,0.13942747
336137,0.016163906
336155,0.035709538
336156,0.43844503
336159,0.02595019
336178,0.12167049
336183,0.39094657
336194,0.008189656
336195,0.1584174
336199,0.0036805344
336209,0.05378861
336213,0.03785483
336214,0.033957604
336215,0.0090261
336220,0.01486968
336253,0.034332056
336260,0.22934079
336263,0.032281537
336265,0.06549338
336273,0.021532867
336277,0.022109868
336280,0.053402267
336295,0.06033487
336308,0.0067314464
336309,0.016974388
336316,0.06196452
336319,0.086134136
336321,0.009575926
336322,0.12693943
336323,0.070988975
336340,0.024836143
336344,0.10174522
336352,0.040107913
336361,0.094830126
336367,0.0267432
336382,0.043086182
336383,0.040387433
336393,0.03244765
336407,0.07639474
336413,0.015684642
336418,0.1489683
336426,0.031778418
336427,0.023357691
336436,0.007913667
336443,0.018408608
336445,0.040000744
336447,0.017610589
336451,0.039003715
336464,0.010266841
336484,0.04057687
336491,0.07836413
336492,0.02907508
336493,0.030502003
336494,0.024236212
336499,0.010234935
336524,0.0022765503
336527,0.04343106
336534,0.23041897
336544,0.016848803
336553,0.1280654
336558,0.016740061
336565,0.011461589
336569,0.11727513
336580,0.039044064
336586,0.01719983
336592,0.046327926
336604,0.045368142
336610,0.080341674
336623,0.07814838
336634,0.07901859
336635,0.05475545
336641,0.092186294
336660,0.01743565
336673,0.029664982
336686,0.0378187
336693,0.005923883
336701,0.015701164
336704,0.040810708
336711,0.03310334
336715,0.0235293
336717,0.019386893
336722,0.034633685
336724,0.02274009
336741,0.07792971
336745,0.029378772
336757,0.21942623
336764,0.18221965
336767,0.02676689
336783,0.037774153
336786,0.067532726
336791,0.0047924477
336792,0.32593206
336813,0.06952101
336822,0.26594573
336823,0.09313735
336832,0.022199081
336843,0.02201998
336858,0.10368623
336870,0.20560797
336876,0.026671363
336885,0.067577064
336887,0.06632034
336891,0.009215472
336903,0.016877964
336916,0.08930152
336917,0.023045618
336922,0.022110527
336925,0.0101262815
336931,0.18760955
336938,0.022557696
336950,0.15752636
336955,0.047126908
336956,0.030056471
336959,0.03627373
336966,0.18979065
336971,0.027813617
336978,0.012030394
336983,0.01341446
336986,0.005895017
336996,0.100372255
337003,0.18516555
337007,0.06614014
337029,0.056782313
337034,0.019173712
337039,0.010535337
337057,0.0948851
337058,0.04802292
337062,0.21647337
337080,0.022838956
337087,0.0064821807
337105,0.01931804
337108,0.02047195
337120,0.029857703
337125,0.096965976
337142,0.011994415
337159,0.04528581
337160,0.05343423
337168,0.026232297
337170,0.011189446
337171,0.016916143
337178,0.050482813
337188,0.026041277
337191,0.029958393
337200,0.009126211
337207,0.03793478
337210,0.047122736
337218,0.007990979
337221,0.06700781
337237,0.012442039
337241,0.3195303
337244,0.12949932
337273,0.08510512
337294,0.060057733
337295,0.01031717
337298,0.015817588
337310,0.010174426
337326,0.038060263
337338,0.6391489
337343,0.056028627
337360,0.03557168
337369,0.21669155
337375,0.19959305
337386,0.020415215
337388,0.44678354
337405,0.024498936
337408,0.028353292
337412,0.009727647
337416,0.024579873
337418,0.0891591
337442,0.19181067
337449,0.026909186
337457,0.0102895405
337460,0.01781185
337474,0.04548171
337499,0.05886629
337506,0.06849578
337512,0.07784053
337527,0.0992767
337528,0.019257186
337530,0.02722007
337539,0.12489862
337546,0.013377375
337551,0.05435884
337569,0.024420518
337576,0.027023096
337582,0.040630873
337590,0.080741785
337599,0.024658298
337600,0.37644866
337601,0.29205874
337608,0.011377674
337614,0.16346239
337619,0.08973748
337625,0.18408594
337629,0.08433398
337635,0.018932201
337642,0.051787302
337663,0.16348584
337665,0.12468549
337668,0.008977501
337700,0.08116831
337746,0.014112074
337761,0.010768515
337779,0.0645143
337788,0.024314193
337790,0.024356503
337793,0.021467641
337802,0.08416796
337807,0.04315532
337821,0.07505308
337840,0.015566397
337846,0.121862814
337848,0.21800849
337864,0.034308307
337866,0.032599226
337868,0.011414085
337878,0.0067539695
337890,0.06628872
337896,0.03915644
337901,0.05957768
337905,0.03701204
337914,0.092509635
337953,0.010273369
337969,0.010998767
337984,0.022523843
337995,0.04023575
338009,0.02628119
338018,0.023847183
338022,0.026358262
338028,0.08170391
338029,0.053934768
338044,0.0042214966
338050,0.053781755
338052,0.12194211
338073,0.13044931
338076,0.008672243
338084,0.010163458
338086,0.0092733195
338094,0.01662922
338097,0.04702893
338099,0.04964306
338126,0.024622884
338127,0.19950531
338137,0.14618966
338146,0.004870789
338161,0.012966639
338164,0.047434483
338174,0.0067001195
338179,0.26164818
338181,0.06327793
338188,0.010543739
338189,0.070352495
338193,0.03375259
338199,0.013184509
338202,0.19045244
338204,0.076566264
338210,0.03447927
338229,0.036311332
338240,0.098516695
338250,0.029907826
338253,0.16698602
338254,0.017651983
338268,0.043204535
338290,0.031006273
338293,0.05660509
338297,0.036242295
338301,0.03277576
338306,0.025413603
338314,0.014385987
338318,0.013315738
338325,0.022023922
338340,0.086638734
338341,0.122309625
338351,0.020436598
338352,0.17679375
338368,0.04186232
338381,0.011390564
338404,0.007924817
338409,0.04165172
338417,0.028899224
338418,0.05976277
338426,0.005305345
338431,0.056670576
338435,0.029250292
338463,0.07331822
338465,0.029397335
338467,0.07871938
338479,0.09799627
338495,0.048335213
338510,0.082719505
338526,0.023007898
338528,0.20156646
338530,0.02129536
338539,0.00839811
338543,0.037347406
338554,0.010924123
338557,0.049445365
338581,0.21006852
338589,0.06424189
338595,0.29026243
338597,0.03347238
338604,0.09910413
338607,0.0170767
338613,0.007455495
338615,0.01528394
338628,0.030203324
338636,0.10091914
338642,0.0027838205
338669,0.0441572
338671,0.034371257
338675,0.07508208
338676,0.32756993
338690,0.02538742
338696,0.04673819
338702,0.5436266
338703,0.011632226
338709,0.088065766
338719,0.08243763
338725,0.06637001
338727,0.01943498
338732,0.012163273
338749,0.017952077
338773,0.0396556
338774,0.027642969
338784,0.10748841
338789,0.01793459
338792,0.052578136
338804,0.049237926
338808,0.1268468
338822,0.009400364
338824,0.019530615
338833,0.043493953
338836,0.11765164
338840,0.10015315
338842,0.08029166
338843,0.026225114
338847,0.027598614
338849,0.2602166
338857,0.0545352
338860,0.06763272
338872,0.06715143
338874,0.07372062
338878,0.08811376
338895,0.01642806
338896,0.16093649
338904,0.15074058
338920,0.06238554
338931,0.03597589
338938,0.025459249
338955,0.0575488
338962,0.014147179
338969,0.15671803
338976,0.04570985
338994,0.012366733
339011,0.02098642
339014,0.03349498
339017,0.012919075
339018,0.25919712
339030,0.024111813
339038,0.003950084
339060,0.0073464196
339079,0.029350787
339082,0.015317542
339099,0.018364485
339103,0.017497808
339105,0.028113741
339107,0.008883382
339121,0.19594191
339148,0.03337563
339152,0.012617569
339154,0.059730865
339170,0.3025635
339186,0.020402132
339187,0.019119993
339193,0.05312584
339196,0.07384812
339199,0.023944555
339203,0.30917358
339216,0.13022158
339228,0.07325861
339232,0.09008543
339237,0.015320748
339240,0.052959185
339242,0.025175264
339245,0.017431814
339252,0.060058028
339256,0.019999167
339258,0.07809484
339260,0.03199063
339263,0.09041645
339268,0.055628937
339269,0.079293825
339286,0.22039601
339304,0.016737688
339307,0.059412826
339317,0.024232486
339330,0.13492264
339346,0.1864725
339380,0.0142858215
339381,0.021569531
339382,0.028687041
339391,0.014097858
339396,0.02366338
339406,0.02730174
339407,0.02166183
339409,0.074730895
339410,0.029773492
339425,0.029655416
339427,0.04715767
339433,0.058189314
339443,0.01755747
339449,0.029981904
339452,0.03062034
339453,0.06341501
339455,0.019616125
339457,0.03933973
339477,0.023139829
339483,0.05517356
339487,0.26435483
339490,0.005600528
339518,0.047893327
339523,0.092090026
339529,0.019040981
339541,0.06870676
339544,0.14436334
339546,0.15501799
339559,0.17175901
339563,0.013939268
339573,0.027187834
339591,0.017564032
339593,0.05012333
339599,0.035505958
339604,0.14476126
339615,0.021023577
339621,0.014487347
339625,0.14882927
339642,0.05231352
339647,0.26686457
339650,0.048286043
339656,0.0178156
339659,0.04209466
339681,0.06703263
339683,0.07593253
339684,0.04189268
339689,0.070611544
339694,0.014785423
339699,0.08702054
339718,0.06633698
339727,0.049736977
339735,0.028867468
339736,0.025836173
339745,0.00812555
339755,0.042443637
339758,0.013383419
339770,0.0024294853
339772,0.023047373
339778,0.027552312
339786,0.029343294
339787,0.17050043
339788,0.140519
339799,0.054256514
339814,0.016022848
339837,0.010247824
339842,0.05020572
339845,0.044004094
339852,0.04694803
339857,0.11992138
339864,0.03573101
339872,0.049350448
339873,0.0037934934
339874,0.039700925
339875,0.050210573
339879,0.2839158
339884,0.028040312
339888,0.04094017
339891,0.08359363
339905,0.0399177
339920,0.034857176
339934,0.1130263
339938,0.052005824
339948,0.0062681986
339949,0.02473982
339953,0.014391164
339954,0.087932624
339957,0.022468792
339958,0.16083805
339971,0.032802705
339975,0.039717678
339978,0.006740205
339984,0.012566254
339993,0.012541381
340009,0.083020076
340012,0.019494317
340019,0.017475856
340031,0.03461754
340041,0.1866212
340045,0.023342386
340046,0.09796857
340067,0.008915001
340079,0.021103539
340081,0.044043384
340082,0.01994756
340090,0.023833353
340091,0.051271982
340099,0.014808553
340104,0.07655325
340109,0.029276425
340123,0.12537171
340146,0.018752184
340162,0.045113314
340167,0.07437801
340181,0.03310496
340194,0.004917197
340195,0.007187619
340198,0.032619502
340202,0.31877556
340203,0.31331357
340219,0.033722628
340221,0.016538046
340224,0.01624645
340239,0.012973773
340248,0.123696394
340262,0.050800957
340264,0.076273054
340277,0.2553916
340285,0.01290368
340292,0.04960919
340356,0.092125066
340365,0.089336045
340375,0.043225937
340377,0.007498115
340378,0.25339112
340385,0.13848484
340387,0.10561213
340388,0.062165324
340405,0.038351994
340407,0.031761806
340408,0.03079623
340416,0.05046886
340420,0.021964671
340421,0.35543075
340425,0.02214331
340430,0.06203903
340448,0.2617371
340451,0.05482803
340456,0.04346792
340457,0.05068046
340459,0.088882804
340460,0.054610435
340463,0.017709658
340464,0.03850305
340486,0.01085859
340503,0.18300939
340504,0.022503752
340505,0.010829139
340507,0.06369716
340509,0.026718406
340511,0.12167677
340513,0.07509978
340516,0.14844474
340529,0.018497897
340535,0.00736946
340542,0.13271293
340545,0.064208366
340546,0.4866825
340556,0.07830467
340567,0.007015448
340576,0.052308712
340577,0.016324423
340586,0.027043475
340587,0.14885351
340594,0.037612107
340610,0.47089678
340611,0.09609871
340614,0.056074537
340625,0.012496941
340630,0.078152336
340640,0.071527205
340667,0.044930607
340674,0.008649843
340679,0.13421816
340683,0.048053604
340686,0.11838273
340698,0.017586792
340708,0.008211049
340717,0.031145846
340718,0.016365845
340720,0.034708582
340726,0.010742505
340746,0.044951607
340747,0.0064607323
340768,0.039167166
340769,0.014826137
340772,0.32341513
340774,0.06698198
340778,0.017082319
340806,0.06278449
340816,0.031497467
340823,0.020818342
340826,0.019168938
340838,0.22095942
340840,0.021437172
340842,0.010280679
340844,0.0775562
340845,0.0737689
340853,0.20389377
340855,0.17200318
340857,0.03107975
340858,0.045622606
340864,0.07860001
340899,0.08730467
340901,0.028255988
340909,0.078745715
340921,0.015730338
340925,0.0683911
340953,0.038547195
340954,0.071091466
340961,0.02270899
340963,0.14009604
340975,0.18858592
340977,0.024469325
340996,0.028535524
341009,0.025351174
341013,0.101217195
341020,0.08716331
341024,0.032268893
341031,0.0230576
341038,0.048381057
341042,0.023704894
341050,0.016661031
341063,0.20266576
341066,0.009610065
341067,0.008075613
341070,0.11809175
341075,0.033309866
341089,0.010097615
341091,0.014046744
341122,0.046978332
341132,0.04155162
341135,0.06072391
341150,0.21632569
341168,0.06419118
341172,0.1343008
341182,0.043209102
341183,0.0076215523
341187,0.17375116
341192,0.037716452
341194,0.043059718
341201,0.029776888
341226,0.016429665
341228,0.026008604
341231,0.048132215
341235,0.0255012
341237,0.020192567
341251,0.044402834
341278,0.057947595
341284,0.0068046777
341285,0.05496908
341294,0.03245173
341296,0.016989531
341297,0.045315485
341298,0.024865735
341302,0.028810956
341304,0.023986382
341307,0.06786884
341314,0.07242006
341324,0.029278023
341332,0.2993116
341342,0.047665127
341347,0.016823394
341356,0.05162129
341358,0.038492993
341365,0.038866665
341368,0.04635671
341372,0.012959246
341374,0.047044612
341380,0.0146022765
341381,0.04457549
341390,0.06735077
341398,0.42099145
341401,0.08208775
341406,0.016429259
341413,0.027689595
341419,0.019081205
341421,0.037233453
341427,0.03813584
341429,0.09234157
341434,0.0067558414
341437,0.007867715
341444,0.13354239
341447,0.012575181
341452,0.017082732
341458,0.1727614
341475,0.04541104
341478,0.017178956
341495,0.012995376
341503,0.028709985
341520,0.015611505
341525,0.027870892
341544,0.05454407
341545,0.014545792
341548,0.011699596
341551,0.018693788
341552,0.062203612
341562,0.092197955
341574,0.04371228
341577,0.026256846
341585,0.10036913
341616,0.03146134
341630,0.05955039
341631,0.021812927
341640,0.11019749
341651,0.022986436
341653,0.13181022
341655,0.19410437
341659,0.012944961
341696,0.15586226
341705,0.23632
341717,0.032164164
341720,0.06299464
341728,0.023633173
341729,0.010802247
341737,0.011115286
341758,0.0061961818
341765,0.03898799
341780,0.26161227
341785,0.12766796
341787,0.041704312
341790,0.022926873
341796,0.011928167
341805,0.04626291
341811,0.031420387
341823,0.022369405
341828,0.31089118
341841,0.011095984
341865,0.038793545
341873,0.030446887
341891,0.02311559
341899,0.018476734
341906,0.025215095
341917,0.019798752
341926,0.057131976
341931,0.021720298
341934,0.010898578
341939,0.11782116
341943,0.08129173
341962,0.030084666
341967,0.08486941
341971,0.04012308
341990,0.015922178
341997,0.049994614
342001,0.024387913
342010,0.021148944
342042,0.08608842
342052,0.047437746
342084,0.16243461
342089,0.0154377585
342091,0.015994215
342099,0.007584877
342109,0.035940316
342111,0.03194745
342119,0.021035543
342120,0.073456384
342125,0.015954068
342127,0.17827287
342128,0.21635076
342135,0.04622654
342136,0.055091295
342138,0.042379566
342148,0.11151789
342153,0.14480393
342154,0.0791927
342157,0.02039399
342163,0.010998705
342168,0.030555457
342173,0.30698287
342182,0.07447313
342185,0.010663964
342194,0.06197069
342198,0.024707697
342210,0.011818539
342214,0.07168764
342220,0.05618877
342222,0.0067621497
342223,0.046552416
342230,0.03212419
342239,0.024372516
342247,0.036610033
342248,0.158447
342252,0.034546796
342257,0.16919766
342271,0.20023215
342272,0.01544895
342290,0.051779084
342295,0.023808317
342297,0.04182716
342298,0.047131766
342301,0.019612812
342305,0.05348757
342308,0.008364822
342314,0.014623016
342322,0.04633558
342340,0.072950274
342350,0.008105812
342353,0.01934308
342358,0.074586615
342377,0.015912669
342378,0.013149767
342382,0.14178643
342390,0.015548516
342396,0.099358365
342439,0.049620174
342442,0.04233447
342447,0.0191609
342449,0.01650143
342450,0.077801526
342451,0.08687832
342454,0.07649998
342455,0.16005313
342467,0.029397016
342476,0.21475129
342481,0.15526858
342498,0.03330502
342503,0.023670321
342510,0.007569179
342513,0.04960229
342523,0.0102543
342527,0.22706813
342555,0.12408437
342566,0.078241244
342584,0.008358174
342593,0.01099898
342600,0.027447307
342611,0.035644274
342614,0.01782999
342637,0.031623624
342639,0.0041297176
342656,0.15168214
342669,0.021367626
342684,0.1052144
342686,0.14260888
342690,0.17326036
342693,0.007948438
342701,0.16203882
342702,0.24503992
342703,0.113910116
342706,0.025262322
342711,0.026647897
342730,0.027235564
342744,0.057140052
342753,0.1894172
342769,0.023072466
342779,0.2043663
342788,0.020647764
342792,0.0080858
342794,0.046180118
342795,0.037152153
342799,0.02588967
342802,0.32126996
342803,0.15411635
342812,0.038033355
342820,0.13310131
342824,0.010762786
342835,0.0724607
342836,0.03523727
342851,0.029660564
342860,0.03184102
342862,0.11240155
342870,0.061175775
342873,0.024554094
342894,0.012062553
342916,0.0073019974
342950,0.23964249
342970,0.0677715
342971,0.13477334
342980,0.0067670196
342981,0.028475996
343004,0.14054117
343044,0.0066743363
343045,0.18935399
343072,0.02417959
343078,0.03603993
343080,0.27223176
343085,0.047738917
343126,0.025506025
343137,0.025915068
343139,0.03116087
343144,0.12160772
343155,0.02641194
343163,0.022695145
343165,0.015799945
343190,0.027023427
343205,0.021708768
343221,0.03294904
343226,0.014000887
343233,0.061771307
343236,0.024194239
343241,0.1645673
343245,0.06946066
343256,0.1627735
343260,0.11746571
343276,0.033440035
343298,0.025867987
343299,0.012227379
343310,0.211346
343312,0.033401698
343317,0.021561107
343319,0.01055193
343324,0.022050766
343345,0.02445577
343348,0.035470903
343354,0.108003095
343363,0.01570106
343365,0.20482607
343376,0.014014767
343380,0.11413119
343401,0.06732567
343412,0.01954063
343414,0.0071765888
343415,0.073487245
343418,0.097037375
343419,0.13944489
343421,0.009887652
343423,0.013630728
343432,0.0031858275
343436,0.028631622
343440,0.15872091
343458,0.013378711
343470,0.08157796
343471,0.038642786
343480,0.07173922
343484,0.011951562
343492,0.4280007
343500,0.033333723
343503,0.023470258
343522,0.05032699
343525,0.010755712
343562,0.1960713
343577,0.08819242
343580,0.12063015
343591,0.012367137
343594,0.051514126
343602,0.07146235
343611,0.009332607
343615,0.09909063
343639,0.028169038
343643,0.035247914
343645,0.03174884
343647,0.01718966
343669,0.007514153
343683,0.031191323
343702,0.41920713
343703,0.06293247
343704,0.013477313
343710,0.010199782
343724,0.27638504
343730,0.073200375
343742,0.122312374
343743,0.034811486
343745,0.04366176
343775,0.074667946
343783,0.03868412
343794,0.039536398
343795,0.021240558
343816,0.009476482
343820,0.029416177
343823,0.15781803
343836,0.030625675
343845,0.048008874
343888,0.19919361
343893,0.030625584
343898,0.045174785
343914,0.019839326
343918,0.016462477
343920,0.06142452
343928,0.0455729
343931,0.024322124
343968,0.06947862
343990,0.049449466
343991,0.036683068
343996,0.021341804
344002,0.11442
344004,0.038977336
344008,0.2975049
344011,0.034930207
344013,0.23570678
344014,0.04046482
344015,0.06708828
344016,0.02404243
344019,0.07146003
344026,0.005893832
344027,0.025724659
344029,0.08770886
344039,0.2230049
344041,0.32751316
344042,0.022420285
344047,0.06485875
344053,0.43753853
344055,0.02719266
344060,0.027912706
344064,0.029949998
344067,0.025128363
344080,0.01472467
344083,0.025602799
344088,0.013295126
344090,0.071103156
344093,0.015650423
344099,0.010859364
344113,0.05715392
344114,0.061794072
344119,0.012203629
344121,0.06305374
344135,0.08161049
344138,0.03464911
344159,0.060421143
344172,0.018759863
344176,0.11399685
344192,0.015855389
344202,0.08961321
344219,0.09023335
344225,0.036564413
344229,0.31331545
344240,0.014178392
344241,0.026930286
344249,0.017205013
344252,0.19796152
344256,0.023874767
344260,0.039033398
344264,0.022791741
344267,0.036571816
344275,0.03607034
344283,0.011320328
344292,0.01754251
344296,0.032537784
344297,0.054143388
344299,0.04587223
344303,0.060768187
344313,0.02648138
344315,0.0167454
344317,0.05435544
344323,0.022509124
344328,0.05242745
344339,0.030489411
344343,0.056223493
344345,0.015531279
344356,0.060879264
344358,0.027675206
344359,0.033574764
344366,0.040100127
344370,0.024259906
344382,0.0063119517
344383,0.032702986
344386,0.12730104
344388,0.13321628
344393,0.005798809
344395,0.046736613
344401,0.029732304
344402,0.10477702
344404,0.083748475
344422,0.0032523626
344427,0.028521022
344433,0.027247723
344444,0.0909372
344454,0.008429172
344460,0.04138534
344480,0.018711504
344483,0.02756777
344488,0.14532961
344496,0.23839031
344504,0.1565407
344516,0.062307794
344524,0.08034304
344540,0.16196688
344542,0.024417298
344550,0.027470257
344558,0.008046209
344561,0.042044874
344568,0.20727585
344571,0.043923747
344621,0.044299223
344633,0.079598136
344635,0.07119221
344660,0.022702616
344662,0.04039171
344681,0.008073128
344683,0.255324
344685,0.060037013
344716,0.34303606
344726,0.030400094
344749,0.05146146
344750,0.17960314
344752,0.035809036
344760,0.014046649
344762,0.09736359
344768,0.01670508
344770,0.10756656
344772,0.4019631
344778,0.025757516
344783,0.08022144
344793,0.008120392
344814,0.03547476
344815,0.013595192
344818,0.011152718
344819,0.026451927
344826,0.049282722
344828,0.33247215
344835,0.041865688
344864,0.01621443
344869,0.16294996
344875,0.43683282
344883,0.009655366
344885,0.03398926
344887,0.04616421
344889,0.052304868
344892,0.2713817
344895,0.020256007
344913,0.017562745
344934,0.010009135
344939,0.12955739
344947,0.24771176
344964,0.17237084
344969,0.034830015
344973,0.031054238
344977,0.09746411
344978,0.07088615
344991,0.062313825
345010,0.088633195
345011,0.028475733
345012,0.07817409
345020,0.037349448
345021,0.013306746
345042,0.018455468
345046,0.009744695
345070,0.013748976
345078,0.22030649
345085,0.20510525
345087,0.16744602
345093,0.03810747
345094,0.13783017
345097,0.030839177
345107,0.016381593
345109,0.2767178
345117,0.012309428
345118,0.014080825
345126,0.26456288
345142,0.019175906
345143,0.025779441
345149,0.012425886
345150,0.016942319
345154,0.34058863
345174,0.026469802
345184,0.11612857
345193,0.023697851
345196,0.044140987
345202,0.015142327
345207,0.03983158
345209,0.12588637
345211,0.05542403
345212,0.122480735
345213,0.06150529
345218,0.0074539264
345228,0.01207297
345234,0.014187726
345251,0.03437654
345252,0.025074264
345260,0.036955547
345269,0.0050708237
345275,0.051324278
345300,0.0069386465
345305,0.03120171
345306,0.26385114
345310,0.029378092
345315,0.16011392
345324,0.014466451
345329,0.015604867
345359,0.18716365
345360,0.10819629
345364,0.0099104885
345385,0.038836457
345387,0.021932691
345390,0.036207333
345402,0.097429805
345404,0.0421494
345405,0.022237867
345416,0.07240451
345425,0.15582919
345432,0.042358346
345437,0.12773415
345442,0.010916126
345450,0.017992264
345458,0.020204034
345467,0.07824421
345468,0.14834958
345470,0.04110569
345478,0.016448772
345479,0.100196995
345482,0.081340946
345489,0.055640724
345492,0.045169774
345499,0.08306479
345502,0.010079878
345515,0.022590224
345538,0.00977104
345542,0.07068066
345548,0.009819532
345550,0.021816386
345552,0.011025151
345557,0.009753465
345560,0.01591333
345563,0.033600006
345564,0.18789881
345580,0.029311853
345582,0.025061274
345583,0.018461509
345604,0.11323266
345622,0.017537238
345630,0.04334993
345634,0.020455731
345643,0.04306701
345646,0.014152381
345685,0.0740696
345687,0.0061226944
345694,0.013226872
345717,0.082861006
345718,0.13678515
345726,0.059505425
345733,0.070669524
345738,0.017356744
345754,0.033606935
345761,0.036481097
345771,0.03178975
345778,0.024821127
345780,0.30091187
345788,0.0660142
345796,0.10488584
345800,0.11688084
345808,0.11864897
345812,0.013152066
345821,0.055017803
345822,0.14077447
345843,0.2208835
345853,0.08561382
345854,0.0073895208
345857,0.00509916
345858,0.026662597
345867,0.012035869
345884,0.051261004
345892,0.029973887
345893,0.027084136
345896,0.018848158
345902,0.020250876
345906,0.07067786
345913,0.01946105
345916,0.08990754
345922,0.047677822
345923,0.18251558
345924,0.019600488
345935,0.111725666
345941,0.009407332
345948,0.19967198
345953,0.03930025
345958,0.03811596
345962,0.03131591
345966,0.23426849
345973,0.011446983
345976,0.094552994
345989,0.01987264
345999,0.018463831
346003,0.020817917
346014,0.093520425
346027,0.034933407
346036,0.09702061
346048,0.035213836
346052,0.0087092435
346057,0.061724912
346058,0.10091692
346064,0.21288161
346076,0.12299393
346079,0.032082886
346081,0.071695805
346091,0.019308364
346099,0.16168965
346104,0.028422032
346111,0.027382955
346117,0.19805223
346118,0.08219328
346126,0.14901778
346135,0.118308246
346141,0.043484624
346150,0.029986955
346153,0.030463656
346155,0.030075986
346164,0.03014651
346166,0.08250898
346173,0.016222987
346179,0.009506285
346184,0.027299626
346188,0.008027807
346201,0.13389751
346207,0.08920219
346213,0.06097871
346219,0.0065107704
346245,0.027874572
346271,0.025371404
346273,0.09800306
346290,0.04238239
346300,0.093665816
346314,0.02820213
346328,0.006896589
346329,0.13146089
346338,0.0064298166
346340,0.034447506
346341,0.039712757
346347,0.047398034
346358,0.248543
346362,0.03999537
346373,0.010353128
346377,0.08047313
346379,0.4007482
346384,0.10882301
346387,0.0280932
346392,0.03299714
346396,0.024135308
346402,0.04519166
346405,0.04837603
346407,0.02871228
346409,0.036574468
346414,0.034700338
346423,0.037001874
346424,0.023644684
346428,0.0057788333
346443,0.0369136
346444,0.009354513
346446,0.19391952
346449,0.053506162
346456,0.017323988
346476,0.011130591
346477,0.036878042
346480,0.030338105
346492,0.03187815
346526,0.025055652
346536,0.05516604
346539,0.00929184
346543,0.07214473
346544,0.012645548
346546,0.016797455
346591,0.28923392
346598,0.076747544
346599,0.021553973
346618,0.062378354
346620,0.020144405
346623,0.044055264
346631,0.02021496
346639,0.0115714185
346657,0.022789354
346661,0.13070118
346671,0.10733335
346672,0.06320915
346694,0.029015418
346712,0.17689022
346714,0.06744717
346723,0.023536796
346727,0.031672947
346729,0.024315761
346747,0.011724666
346765,0.06835896
346775,0.094577156
346784,0.1017339
346797,0.04708893
346799,0.09858118
346802,0.017149316
346807,0.012229321
346822,0.03995985
346828,0.1568155
346836,0.068927266
346838,0.010300244
346841,0.10042384
346843,0.052522104
346848,0.03425765
346850,0.023672322
346851,0.044201437
346855,0.049343653
346856,0.016072823
346860,0.12786347
346870,0.15384766
346881,0.11123238
346884,0.026626835
346887,0.013156501
346890,0.0053576203
346904,0.047674637
346912,0.008070179
346914,0.25976717
346923,0.012852227
346924,0.031083439
346926,0.06907415
346934,0.015023984
346936,0.004327608
346951,0.05367298
346952,0.04884708
346970,0.0051702703
346982,0.109429054
346993,0.007651409
347013,0.03989841
347018,0.025914317
347021,0.07025996
347031,0.009761102
347033,0.37834996
347039,0.064970575
347045,0.07103431
347046,0.07384947
347058,0.020643072
347071,0.09092665
347078,0.10544748
347079,0.0313014
347097,0.008846641
347101,0.024020642
347120,0.086563654
347121,0.048641954
347133,0.0065736445
347161,0.1431251
347163,0.013325909
347173,0.007836926
347175,0.044131212
347181,0.008834679
347193,0.29447654
347196,0.2526638
347204,0.13165468
347205,0.20350261
347217,0.3469487
347229,0.015595848
347255,0.02209778
347261,0.03272412
347266,0.09991491
347283,0.025207581
347286,0.029877296
347302,0.011279103
347304,0.01812587
347321,0.06673303
347323,0.012450944
347331,0.21043289
347340,0.04745853
347350,0.05479383
347374,0.011561201
347379,0.025383947
347404,0.09554965
347415,0.07030665
347438,0.08674752
347439,0.026168812
347443,0.06698458
347450,0.10728547
347456,0.01863625
347458,0.14171681
347463,0.03766923
347471,0.016333723
347476,0.014811701
347482,0.11411938
347483,0.01842484
347492,0.026134858
347498,0.047069393
347499,0.033695456
347501,0.03223182
347521,0.054459
347527,0.009829504
347531,0.012604408
347540,0.035149276
347556,0.023588238
347575,0.021563847
347579,0.0064998693
347581,0.0371142
347583,0.05265952
347611,0.006263103
347614,0.1153617
347621,0.038915165
347629,0.10957121
347639,0.047216177
347642,0.047860887
347650,0.16108786
347665,0.031761758
347674,0.0166876
347678,0.23893584
347689,0.020359177
347690,0.010727755
347708,0.08222142
347712,0.36987433
347722,0.16516091
347728,0.036428846
347734,0.03025895
347736,0.1458522
347747,0.08499772
347748,0.011486567
347753,0.10374843
347755,0.10742729
347756,0.05269063
347757,0.019339312
347763,0.11427997
347770,0.07475648
347771,0.106250465
347784,0.025855478
347792,0.11101675
347793,0.039434493
347801,0.026505217
347808,0.086319044
347821,0.01842117
347824,0.029295502
347829,0.082980014
347841,0.41588268
347845,0.010993882
347846,0.3879602
347853,0.12904172
347854,0.03192431
347858,0.084733404
347859,0.018340325
347864,0.00630225
347869,0.020887336
347876,0.056918666
347880,0.042934496
347884,0.010873751
347888,0.01216047
347893,0.01719501
347900,0.047266785
347902,0.016607331
347910,0.03480816
347912,0.0051846374
347915,0.038575873
347916,0.036113266
347919,0.012582369
347923,0.028335555
347952,0.3525916
348002,0.16370387
348003,0.0152674345
348008,0.08952066
348014,0.009993884
348027,0.12989579
348031,0.043927133
348051,0.04315522
348060,0.018879063
348064,0.057540752
348066,0.074622326
348069,0.113043875
348077,0.15323937
348081,0.023794463
348087,0.03946783
348088,0.00628804
348094,0.16252095
348100,0.013487218
348119,0.019815078
348122,0.044751782
348141,0.2737243
348145,0.0073760236
348154,0.012096494
348158,0.037254807
348163,0.19658312
348176,0.048014134
348177,0.015911084
348181,0.22138692
348190,0.05741879
348195,0.13113673
348197,0.06404553
348200,0.0073192962
348209,0.024804857
348216,0.018144093
348217,0.03770057
348223,0.17180718
348228,0.029712833
348230,0.030043686
348249,0.011852589
348251,0.045115512
348261,0.08958171
348264,0.010760758
348271,0.011353845
348273,0.029498223
348280,0.09995717
348283,0.09475864
348285,0.1571031
348306,0.042187773
348312,0.07387102
348327,0.05385987
348328,0.11060953
348344,0.033054724
348358,0.12204001
348361,0.022435017
348362,0.25710195
348364,0.017968545
348370,0.015035894
348380,0.089957975
348400,0.056849156
348420,0.118262894
348428,0.025311975
348430,0.023600478
348445,0.040223695
348460,0.029862754
348462,0.016396414
348465,0.059078123
348481,0.01588412
348482,0.01737968
348485,0.054735936
348491,0.09049351
348492,0.4016242
348522,0.13341917
348531,0.05402305
348536,0.04640662
348546,0.10011954
348547,0.04324959
348548,0.028893663
348551,0.012111905
348554,0.21407337
348564,0.024157505
348571,0.097958915
348577,0.15875272
348593,0.11538898
348595,0.15196252
348606,0.009640646
348621,0.01852059
348630,0.05055495
348633,0.19943202
348644,0.16397172
348646,0.00566712
348680,0.024003016
348692,0.039429557
348698,0.12708937
348703,0.05717833
348712,0.034286182
348726,0.43940407
348727,0.017169757
348731,0.013130397
348733,0.057966936
348747,0.33505696
348753,0.009864756
348756,0.049378395
348760,0.09956255
348771,0.035317097
348785,0.011676881
348789,0.056525044
348793,0.021315081
348797,0.004566442
348799,0.019731687
348811,0.04130678
348812,0.0315876
348818,0.017098714
348822,0.019907039
348833,0.2219986
348849,0.027211044
348875,0.07535728
348878,0.021164278
348879,0.046868987
348884,0.36925015
348887,0.030707529
348890,0.096621044
348901,0.011500719
348911,0.054582737
348936,0.010101534
348941,0.014680116
348949,0.023925915
348950,0.022109643
348952,0.0037506216
348954,0.02776538
348971,0.035786364
348979,0.57569736
348985,0.07331631
348989,0.047330715
348999,0.0191721
349006,0.08398969
349013,0.25688434
349015,0.024664199
349024,0.022849664
349033,0.022352258
349047,0.031597834
349060,0.02551147
349065,0.045121394
349071,0.18857463
349081,0.06055219
349088,0.05497078
349093,0.010454033
349101,0.021901984
349107,0.14643072
349113,0.029249083
349123,0.08914016
349125,0.020394633
349129,0.04799197
349131,0.08316205
349132,0.0238323
349163,0.08566313
349168,0.03433871
349172,0.04619585
349187,0.0062025897
349192,0.080972135
349193,0.0359274
349203,0.034366176
349227,0.058292445
349234,0.042565625
349248,0.024882317
349249,0.025833419
349254,0.024667718
349259,0.050906908
349265,0.08772091
349276,0.012934857
349281,0.02716862
349283,0.056571167
349288,0.057847124
349297,0.2068491
349299,0.04038164
349304,0.0050571943
349306,0.0758933
349310,0.04779955
349314,0.029112097
349320,0.05331518
349326,0.06445986
349329,0.012264025
349337,0.05566432
349357,0.061655574
349363,0.01352483
349374,0.009866357
349375,0.037007254
349394,0.035302173
349399,0.034194496
349404,0.020100975
349419,0.02417302
349422,0.13275392
349425,0.36314702
349432,0.0077818264
349433,0.11638883
349436,0.0070734313
349437,0.032409813
349439,0.017480072
349484,0.015887957
349488,0.07119927
349490,0.16585664
349538,0.120792694
349541,0.013292637
349543,0.0069461614
349552,0.01680731
349560,0.09227181
349565,0.07200859
349570,0.082333066
349586,0.053099114
349589,0.03622196
349592,0.05913728
349596,0.07733352
349598,0.028920451
349601,0.01202909
349608,0.47353774
349615,0.051353306
349645,0.01947379
349654,0.04081604
349671,0.028762057
349679,0.085454404
349693,0.05106228
349706,0.11279896
349707,0.092875026
349708,0.020472653
349719,0.04017672
349727,0.19931622
349730,0.008536544
349735,0.1560194
349744,0.18477859
349745,0.049532246
349760,0.2569755
349765,0.025849635
349778,0.06078164
349787,0.06360295
349802,0.0643312
349812,0.115017414
349815,0.005869977
349847,0.056090374
349854,0.06971885
349855,0.14133249
349872,0.01531594
349873,0.047890257
349874,0.028597442
349886,0.021385234
349887,0.05777193
349911,0.02108176
349916,0.021948073
349920,0.23105854
349921,0.022193559
349929,0.016821435
349931,0.015963396
349935,0.009662691
349939,0.043172315
349960,0.008912838
349967,0.047507618
349969,0.0666109
349971,0.056314547
349977,0.012111527
349979,0.06799836
349981,0.024905898
349982,0.09710806
349992,0.024494417
349994,0.026929157
350005,0.0074802265
350006,0.013730254
350009,0.052050885
350017,0.029359851
350021,0.054453757
350023,0.13062374
350032,0.054519217
350033,0.05553613
350036,0.05242609
350037,0.026351733
350048,0.2661307
350052,0.058583815
350063,0.016251046
350077,0.043973792
350078,0.102542184
350086,0.24571425
350087,0.01076337
350107,0.0028395185
350110,0.034062825
350114,0.08256366
350119,0.30482924
350139,0.020444805
350154,0.044445954
350174,0.22400035
350177,0.037973303
350190,0.18651557
350193,0.09747202
350203,0.010215793
350206,0.06283421
350210,0.046039633
350225,0.08842568
350242,0.005054392
350264,0.023700746
350273,0.008121518
350277,0.08289476
350283,0.026652647
350286,0.02396674
350288,0.05682408
350290,0.06026487
350293,0.03508798
350310,0.27325577
350327,0.18628192
350330,0.020616166
350334,0.17267309
350340,0.023581814
350342,0.1687871
350344,0.029351197
350370,0.018070271
350372,0.10103749
350376,0.10110678
350387,0.038684525
350389,0.049739603
350395,0.20076014
350397,0.31909
350433,0.02845028
350436,0.16947453
350442,0.0057022334
350445,0.027382828
350446,0.18950504
350457,0.1997466
350480,0.011168226
350481,0.012456556
350484,0.046167493
350494,0.024020305
350511,0.009777207
350529,0.010695493
350531,0.0067354045
350535,0.020086246
350539,0.0059669507
350543,0.10481383
350544,0.07549309
350550,0.034464438
350558,0.03625226
350569,0.14385098
350571,0.113951795
350577,0.111166805
350582,0.08673576
350585,0.027457248
350596,0.011598466
350598,0.057705726
350599,0.05204297
350602,0.051188916
350612,0.0144384075
350621,0.07398722
350626,0.024243807
350628,0.029413274
350638,0.06687739
350646,0.18948002
350652,0.019391112
350665,0.07579184
350671,0.059586797
350677,0.025449265
350694,0.100633934
350697,0.12531176
350699,0.10076898
350703,0.07520913
350705,0.24700665
350708,0.005130564
350724,0.048541702
350731,0.007924323
350740,0.036275428
350745,0.028537655
350749,0.048593838
350754,0.09603114
350757,0.011289989
350764,0.04664819
350766,0.049467757
350779,0.05073664
350794,0.058904614
350805,0.016926859
350810,0.025862817
350817,0.09061249
350825,0.020608667
350829,0.038024984
350832,0.010395266
350841,0.00941623
350855,0.013270152
350862,0.012688668
350867,0.029545546
350871,0.030267566
350874,0.06997651
350891,0.012543359
350895,0.062051896
350898,0.071596965
350899,0.019051677
350902,0.045694392
350913,0.017935911
350916,0.006218541
350933,0.015620609
350944,0.025229674
350954,0.2558575
350959,0.006733921
350965,0.00900804
350969,0.04976895
350984,0.03668772
350997,0.05214729
350999,0.08190125
351002,0.14013928
351008,0.026645083
351014,0.038638543
351025,0.08018454
351026,0.03015761
351046,0.16110396
351048,0.0118227545
351070,0.06722179
351073,0.018842783
351079,0.02206938
351085,0.3934343
351091,0.042681
351094,0.04229198
351115,0.013276205
351117,0.041853834
351126,0.030842716
351142,0.0056626783
351151,0.03408322
351171,0.016834604
351178,0.045296885
351186,0.006897809
351194,0.11814812
351201,0.009953367
351223,0.20025991
351225,0.04717895
351226,0.115573876
351227,0.054399982
351240,0.095268466
351243,0.010496279
351244,0.17759022
351245,0.022090975
351248,0.08569791
351252,0.008216734
351259,0.050455976
351265,0.0512635
351291,0.08994317
351292,0.011769223
351294,0.028679866
351298,0.018520417
351303,0.15675159
351311,0.010572395
351326,0.029556476
351331,0.05525652
351338,0.023564208
351339,0.06861186
351364,0.07770191
351380,0.13014989
351383,0.019719198
351385,0.01696759
351386,0.014908104
351389,0.035014987
351392,0.1459243
351393,0.032213435
351407,0.17216149
351419,0.0135506755
351422,0.012875788
351423,0.12107468
351430,0.05229121
351446,0.01915779
351454,0.053066365
351458,0.033346098
351461,0.019790303
351489,0.0076146293
351495,0.014955288
351520,0.06000497
351526,0.21709585
351535,0.008761808
351541,0.011661048
351567,0.01622578
351580,0.02877619
351581,0.27403352
351584,0.03304936
351587,0.041860443
351589,0.13030653
351593,0.16872181
351616,0.041293398
351619,0.040808648
351625,0.034696188
351626,0.022543006
351635,0.056513056
351641,0.01382805
351655,0.026147293
351658,0.053014126
351669,0.15542378
351670,0.019328438
351671,0.06925743
351680,0.013512041
351687,0.0072295982
351699,0.015562782
351722,0.09722883
351725,0.18710656
351740,0.060693733
351747,0.083243825
351758,0.008821935
351771,0.019695906
351780,0.11204484
351786,0.014655245
351789,0.039309092
351796,0.027566537
351801,0.054867376
351814,0.012284248
351817,0.046043865
351819,0.071317635
351825,0.10590186
351830,0.18504022
351831,0.046198443
351834,0.022432795
351836,0.019342173
351837,0.08010742
351838,0.02424075
351839,0.214463
351846,0.16267292
351863,0.06373255
351864,0.028188761
351880,0.04431098
351887,0.08435528
351891,0.036353268
351892,0.103980094
351898,0.37945196
351907,0.09034204
351916,0.03209597
351936,0.029468238
351937,0.06595907
351945,0.112933144
351957,0.026790582
351958,0.026773315
351962,0.017704671
351967,0.04068436
351970,0.113579445
351973,0.0724566
351978,0.010491211
351984,0.01662793
351989,0.12069862
351992,0.19345959
352015,0.07555236
352036,0.015542023
352043,0.06451011
352049,0.00979453
352053,0.028806934
352056,0.0051325047
352058,0.022813696
352064,0.0042248815
352065,0.020708183
352075,0.0053042187
352092,0.025926324
352096,0.01876727
352097,0.012897464
352102,0.028171945
352103,0.00554765
352117,0.06427276
352119,0.011268224
352139,0.06325918
352145,0.006506316
352158,0.019863052
352198,0.07196964
352199,0.011466578
352200,0.20300904
352205,0.05854734
352241,0.011974599
352244,0.116115324
352258,0.041001584
352260,0.0077493577
352266,0.027523806
352273,0.025218844
352283,0.018324278
352303,0.09835395
352304,0.13183656
352351,0.03946139
352353,0.054161698
352379,0.046860773
352389,0.107701786
352390,0.027727714
352391,0.083473094
352403,0.07567519
352407,0.016911471
352409,0.12352599
352421,0.014468811
352425,0.037242748
352447,0.018117035
352450,0.04958828
352451,0.21463685
352457,0.025042897
352468,0.05351501
352482,0.025085634
352495,0.017185804
352501,0.2389748
352506,0.36573187
352508,0.24718766
352522,0.1245295
352528,0.107242465
352539,0.03649675
352540,0.011100006
352551,0.10797629
352560,0.025713319
352561,0.091856584
352565,0.04616428
352566,0.0277389
352584,0.09505726
352592,0.0517752
352626,0.13239132
352650,0.011339947
352655,0.028740918
352668,0.1863679
352670,0.015890742
352685,0.17101195
352690,0.102247834
352692,0.028630948
352694,0.068771206
352700,0.07337362
352701,0.021544417
352708,0.06941159
352711,0.08697647
352734,0.07288322
352738,0.0703712
352742,0.022107277
352745,0.14891818
352746,0.020485127
352751,0.05120293
352762,0.068209946
352767,0.021307925
352768,0.032151558
352785,0.012877082
352788,0.021527115
352795,0.08413155
352814,0.032873675
352825,0.040924925
352827,0.021064227
352828,0.014420282
352830,0.072909996
352850,0.02862714
352890,0.0063216244
352901,0.010552514
352907,0.015157135
352909,0.15384392
352913,0.015584396
352925,0.031007787
352927,0.019986963
352928,0.10821651
352938,0.10579807
352942,0.029439075
352943,0.12429559
352952,0.012928336
352958,0.021731406
352962,0.015390025
352967,0.039462138
352972,0.0335458
352988,0.0051849093
352991,0.028910037
353002,0.052123867
353008,0.0519209
353011,0.02445045
353014,0.060816582
353018,0.0093071405
353023,0.02721218
353029,0.026553644
353031,0.031098265
353035,0.18746229
353037,0.054533266
353042,0.020990498
353054,0.015180497
353078,0.03416551
353122,0.08052197
353123,0.027567055
353140,0.033426657
353145,0.05577066
353167,0.08915804
353177,0.091629006
353179,0.34023187
353185,0.027345223
353194,0.19240227
353195,0.051884513
353208,0.19597109
353210,0.0335715
353214,0.11326506
353215,0.23949821
353240,0.09413393
353241,0.07081083
353247,0.027376294
353259,0.09700473
353262,0.21908045
353264,0.10451418
353278,0.06406313
353279,0.073372535
353280,0.0836534
353287,0.07545816
353288,0.017698403
353290,0.050041396
353299,0.015788417
353314,0.0712078
353328,0.05905663
353340,0.0359624
353350,0.018409496
353352,0.011974325
353364,0.03123452
353371,0.013712942
353373,0.018532276
353374,0.21277218
353389,0.009812598
353395,0.10582437
353419,0.35011408
353427,0.018572226
353441,0.24036205
353454,0.017321067
353469,0.19424714
353475,0.11792399
353481,0.0028249624
353483,0.08148069
353484,0.084534556
353488,0.1494486
353496,0.0048079337
353504,0.008915093
353505,0.14607443
353509,0.01693188
353527,0.042645972
353574,0.0678668
353585,0.047001712
353595,0.022655597
353598,0.013558028
353602,0.069904424
353610,0.0634849
353618,0.010837824
353625,0.011176843
353626,0.19329864
353631,0.011059502
353635,0.022120347
353654,0.022361595
353682,0.082922086
353688,0.0861931
353695,0.03923719
353711,0.00876129
353724,0.09151402
353729,0.03847574
353732,0.011475029
353749,0.05314138
353750,0.009370699
353752,0.050674036
353761,0.021924417
353782,0.0070365244
353784,0.0776772
353801,0.0064386455
353809,0.042096544
353812,0.026988726
353814,0.024241868
353821,0.024172995
353832,0.062240325
353845,0.20553379
353860,0.06363918
353863,0.017333936
353867,0.015200032
353876,0.0150849605
353905,0.025329422
353923,0.02322356
353934,0.033931594
353943,0.026982244
353945,0.028346345
353973,0.0113150915
353995,0.0102022365
354001,0.044275735
354003,0.31692103
354011,0.018384382
354020,0.03889882
354024,0.24378382
354027,0.054896608
354031,0.033445604
354036,0.013751657
354037,0.09831198
354039,0.021531977
354044,0.017424088
354058,0.019357163
354071,0.015995193
354080,0.18228519
354084,0.012733534
354085,0.030647375
354089,0.008396087
354099,0.07163582
354100,0.014300863
354104,0.022540113
354106,0.04810969
354107,0.1418306
354111,0.022499016
354114,0.10525042
354115,0.09205357
354122,0.15527849
354130,0.11184067
354139,0.055705097
354140,0.059226647
354145,0.062396802
354149,0.008469181
354167,0.008606608
354173,0.32079294
354176,0.048471157
354178,0.039480273
354182,0.033880595
354184,0.07071716
354186,0.0438134
354192,0.008348143
354209,0.024969427
354214,0.027921662
354218,0.11114582
354230,0.07056813
354251,0.010839257
354257,0.041450106
354264,0.11591513
354265,0.009067541
354267,0.017777957
354272,0.015335844
354273,0.21261567
354285,0.013775704
354298,0.07227751
354309,0.048157163
354312,0.10152046
354320,0.026442917
354322,0.054533795
354327,0.012350603
354333,0.1276977
354335,0.11274908
354344,0.26624882
354355,0.19325963
354358,0.012674167
354365,0.0634331
354368,0.07298433
354377,0.06706014
354386,0.039680365
354390,0.049213953
354394,0.018371003
354398,0.017663758
354402,0.028806033
354403,0.007347946
354406,0.3953609
354414,0.1141427
354421,0.018222218
354430,0.079963565
354445,0.035299405
354470,0.035568107
354479,0.014316929
354481,0.010282031
354483,0.10207311
354497,0.042462476
354511,0.04474635
354533,0.039061774
354549,0.33943707
354561,0.24315196
354570,0.037798837
354571,0.04181026
354577,0.108305275
354586,0.06255714
354598,0.06463814
354601,0.032176048
354602,0.009660321
354603,0.040687956
354606,0.018861324
354612,0.0139011545
354613,0.0062734764
354616,0.06804777
354624,0.03495108
354625,0.2612578
354636,0.024638643
354639,0.110940084
354640,0.017426684
354644,0.05503519
354650,0.026495194
354666,0.07691591
354673,0.051991556
354674,0.014478467
354677,0.02835385
354684,0.078111574
354694,0.13097793
354698,0.03854074
354708,0.020663166
354709,0.04896961
354720,0.0725781
354738,0.0445493
354740,0.057600517
354757,0.017412635
354768,0.031504955
354775,0.07552803
354776,0.068596415
354792,0.08410377
354803,0.10549349
354809,0.018589383
354817,0.012505731
354818,0.00921725
354830,0.015503035
354832,0.054817505
354838,0.094722584
354839,0.03614482
354851,0.027249353
354861,0.080252506
354865,0.07097012
354890,0.14480378
354893,0.09183029
354898,0.13844739
354900,0.20757724
354910,0.1565999
354913,0.016265107
354937,0.035787925
354942,0.029062482
354953,0.0036239093
354956,0.02491797
354958,0.020263368
354960,0.053318527
354984,0.07027239
354993,0.024258554
355017,0.060319766
355025,0.04039302
355026,0.068237156
355041,0.03220436
355043,0.02055486
355048,0.01801634
355057,0.046997577
355071,0.0929876
355075,0.09823508
355081,0.03819074
355083,0.110979706
355090,0.024396678
355105,0.08117742
355107,0.019211687
355108,0.09358054
355109,0.14188622
355114,0.03535016
355117,0.07611645
355127,0.010517345
355148,0.020440247
355174,0.07043996
355180,0.046542533
355181,0.020723395
355184,0.3402219
355201,0.019405156
355207,0.027767044
355209,0.058885384
355217,0.043655425
355218,0.015383528
355237,0.039701432
355239,0.034135804
355241,0.098251194
355243,0.2066502
355250,0.13087009
355275,0.018458866
355282,0.071554214
355284,0.118412115
355287,0.051214702
355293,0.051198673
355296,0.026155423
355305,0.014096436
355312,0.04744536
355320,0.07082813
355327,0.03003527
355328,0.008916302
355333,0.05595913
355335,0.03794208
355336,0.09766476
355337,0.1103927
355338,0.15086061
355341,0.014020375
355355,0.14149508
355358,0.03537031
355360,0.25630626
355372,0.06270979
355382,0.008378592
355385,0.06261088
355393,0.34686458
355404,0.0055654277
355408,0.052583776
355417,0.03002707
355418,0.025785262
355431,0.0060785697
355434,0.015967894
355445,0.069427915
355502,0.027396513
355503,0.10119354
355511,0.0934187
355517,0.12997344
355519,0.2056736
355524,0.07172334
355536,0.058311623
355549,0.016728243
355550,0.05609943
355560,0.07676184
355569,0.0092679225
355571,0.012498154
355572,0.03173327
355575,0.052526604
355578,0.052885134
355584,0.04803589
355588,0.025673376
355592,0.107868165
355604,0.020316668
355638,0.058793783
355646,0.06515262
355649,0.042562656
355656,0.0147591205
355657,0.02764522
355666,0.018746002
355681,0.15121074
355697,0.04509074
355700,0.0523717
355701,0.055686917
355703,0.05349413
355704,0.20017214
355708,0.012239144
355736,0.055576023
355743,0.16315188
355769,0.029824123
355773,0.0839726
355781,0.05862921
355785,0.03422161
355786,0.16947204
355798,0.023250023
355817,0.0547994
355819,0.021924581
355826,0.013618183
355842,0.20768952
355846,0.06749037
355855,0.021340016
355870,0.023074307
355873,0.006766281
355874,0.2980069
355876,0.1726688
355877,0.026052857
355880,0.008288922
355920,0.061809845
355922,0.020456212
355930,0.02760683
355935,0.02558202
355942,0.15358868
355963,0.030872334
355971,0.05528474
355973,0.009817604
355980,0.04237477
355981,0.023093583
355984,0.040895734
355987,0.15416306
355996,0.13104588
355997,0.011868592
356013,0.032102518
356016,0.036682345
356025,0.027664592
356027,0.004899987
356035,0.04541865
356036,0.18721084
356038,0.08111256
356041,0.008393213
356057,0.04027161
356063,0.03280396
356077,0.0107649425
356080,0.06958785
356086,0.018331498
356102,0.017129324
356106,0.03299033
356118,0.09905111
356140,0.013597049
356150,0.3080971
356153,0.037929956
356159,0.052810002
356163,0.09548743
356164,0.011751557
356168,0.0778691
356169,0.006184418
356170,0.02902666
356199,0.060763445
356211,0.020544982
356220,0.045345265
356246,0.015855595
356249,0.016982611
356255,0.120029755
356258,0.044630904
356262,0.32763833
356273,0.01033146
356279,0.1603876
356281,0.0059701144
356308,0.09165038
356324,0.08808888
356327,0.058419492
356328,0.003972873
356331,0.025748415
356336,0.02578121
356345,0.020409063
356382,0.0620597
356395,0.07835327
356399,0.23875916
356400,0.017799836
356413,0.031729084
356414,0.028524252
356418,0.044418894
356427,0.028580781
356433,0.009039429
356439,0.01452964
356444,0.038673934
356475,0.0404675
356480,0.06026519
356482,0.12361513
356497,0.012295836
356512,0.06878839
356517,0.24377675
356536,0.025460446
356539,0.019367585
356551,0.039125662
356556,0.13968088
356558,0.23008448
356559,0.0059839007
356563,0.015023212
356578,0.11135556
356583,0.14319897
356584,0.32145178
356592,0.06317519
356594,0.018471042
356596,0.028765898
356597,0.009360216
356598,0.023775231
356602,0.015539157
356609,0.11831318
356624,0.040144075
356626,0.041015394
356627,0.017264295
356641,0.0746529
356648,0.06542886
356649,0.10224005
356650,0.041229695
356651,0.012103347
356659,0.022068627
356676,0.073886506
356687,0.20717278
356689,0.04885438
356698,0.009475054
356726,0.025181284
356732,0.017468331
356741,0.17339508
356742,0.009261808
356746,0.031096706
356750,0.053777147
356754,0.07564034
356760,0.021844462
356762,0.019008325
356763,0.1200829
356777,0.03348977
356784,0.0314143
356795,0.063003704
356801,0.021367444
356802,0.015106249
356808,0.009558419
356813,0.04977103
356816,0.039542638
356818,0.15279734
356825,0.08945791
356828,0.04102209
356836,0.02541475
356854,0.058355782
356857,0.02622594
356865,0.03338263
356873,0.024247665
356879,0.017645901
356880,0.02990514
356885,0.08627627
356889,0.017445317
356903,0.02055609
356905,0.010979582
356913,0.047659434
356916,0.039146326
356939,0.033077247
356944,0.09820113
356952,0.14733225
356958,0.03090793
356963,0.01572843
356967,0.007343983
356970,0.025908379
356977,0.010965247
356980,0.05867707
356981,0.020816507
356983,0.072352774
356998,0.51719046
357005,0.021225462
357022,0.083452426
357032,0.06112194
357033,0.07863004
357035,0.0357707
357047,0.11017787
357054,0.0141111305
357057,0.0929588
357069,0.036295794
357096,0.19732
357102,0.0978639
357118,0.02944573
357124,0.04006059
357137,0.04083758
357138,0.07190145
357149,0.017955793
357151,0.035970733
357157,0.028980741
357158,0.0791535
357162,0.014808959
357163,0.02721273
357171,0.012182209
357175,0.016726661
357192,0.008494836
357200,0.054330353
357204,0.029712914
357206,0.14746216
357215,0.1192211
357221,0.030035269
357228,0.009970836
357247,0.025167245
357249,0.062089074
357268,0.02127585
357270,0.038022753
357279,0.066328876
357287,0.03222853
357293,0.018252796
357306,0.01136565
357308,0.09910086
357321,0.02196365
357326,0.057687353
357340,0.0075196316
357342,0.068524145
357352,0.022113983
357361,0.026278133
357368,0.024882156
357370,0.059069823
357377,0.022301462
357382,0.0027724376
357383,0.020963151
357384,0.036320154
357398,0.037317086
357415,0.027920166
357420,0.116852544
357439,0.031435225
357440,0.008610904
357458,0.0189272
357464,0.11480962
357467,0.011889617
357469,0.2111915
357472,0.09723503
357489,0.052843224
357504,0.10531186
357522,0.08207742
357527,0.034485172
357547,0.07943804
357550,0.052373003
357558,0.058503963
357559,0.13979925
357562,0.03445033
357572,0.067418724
357583,0.20353265
357585,0.35099247
357598,0.03183281
357607,0.0406201
357613,0.043722693
357627,0.01855753
357630,0.031369273
357631,0.20135342
357680,0.005225736
357694,0.020222323
357698,0.10510567
357699,0.013663091
357707,0.0023916294
357732,0.025397386
357748,0.13407451
357755,0.14939475
357767,0.04808392
357786,0.017262317
357791,0.07087738
357799,0.012968859
357824,0.009907972
357830,0.020228082
357832,0.031120367
357840,0.107518755
357863,0.052464068
357865,0.04047259
357868,0.18216906
357869,0.012756119
357878,0.022776702
357886,0.13416797
357891,0.019005284
357897,0.020116724
357915,0.22829743
357927,0.015781444
357947,0.009271326
357958,0.012953862
357959,0.018494217
357976,0.033555627
357992,0.17309453
357995,0.005818185
357996,0.020754958
358020,0.13728039
358022,0.1885406
358023,0.024498204
358029,0.015399139
358040,0.036231875
358059,0.0142368665
358071,0.03455852
358076,0.08079742
358095,0.024711333
358096,0.05693719
358104,0.029271921
358110,0.05551153
358122,0.13323502
358137,0.013685032
358147,0.06978505
358149,0.023984645
358155,0.07238912
358161,0.048407473
358163,0.03606768
358172,0.12898985
358178,0.06127574
358183,0.07666082
358186,0.012786136
358189,0.033771988
358198,0.038906787
358211,0.07579485
358219,0.014186212
358220,0.13824973
358225,0.123345464
358231,0.0095166955
358233,0.010122947
358247,0.12997468
358258,0.101868376
358264,0.047551975
358271,0.25167793
358273,0.048041835
358275,0.04918988
358278,0.05694835
358287,0.07084028
358309,0.029731087
358327,0.012846225
358342,0.02637883
358348,0.031611998
358352,0.018654041
358373,0.09041487
358384,0.023433836
358394,0.010291306
358405,0.24759516
358409,0.019493004
358412,0.2506894
358424,0.06677074
358427,0.0051267836
358434,0.075446784
358444,0.16111721
358448,0.023938261
358449,0.03207975
358458,0.008762299
358472,0.043645773
358483,0.05845308
358490,0.042819966
358503,0.011862776
358504,0.05342723
358505,0.020644791
358512,0.14836594
358513,0.030260565
358528,0.02694514
358532,0.010022097
358536,0.028164249
358538,0.061197378
358559,0.095905356
358590,0.06321114
358601,0.09953578
358627,0.009922051
358631,0.1017732
358632,0.023610413
358640,0.05845761
358649,0.03938882
358650,0.012984294
358653,0.025639083
358676,0.004814048
358679,0.0404743
358695,0.065837316
358703,0.034080572
358705,0.017167933
358710,0.0056147175
358730,0.014492862
358731,0.076285936
358735,0.1136303
358744,0.037523415
358748,0.033149626
358750,0.014821521
358752,0.0037685225
358764,0.09584745
358777,0.012528707
358786,0.19467743
358789,0.06559389
358805,0.123149425
358809,0.009996408
358810,0.014919112
358824,0.06623067
358829,0.05592768
358838,0.120743334
358840,0.03098459
358841,0.07653303
358854,0.054272868
358873,0.15845008
358879,0.032166276
358884,0.062439434
358885,0.006834298
358886,0.005554169
358892,0.06803604
358895,0.06142944
358906,0.010862151
358910,0.0136816185
358911,0.0055622784
358924,0.21276027
358929,0.026046673
358937,0.16650613
358949,0.22889376
358955,0.045979287
358956,0.1795286
358959,0.08110381
358960,0.005002991
358969,0.017754806
358983,0.015654474
358990,0.13712102
358992,0.009384141
358994,0.11681075
359004,0.033081032
359015,0.026652044
359023,0.0532944
359030,0.008125559
359032,0.01925285
359038,0.04212988
359044,0.10875995
359049,0.073007695
359050,0.01938292
359064,0.016478958
359095,0.014013784
359100,0.17152996
359105,0.009674904
359116,0.06739538
359134,0.0803053
359136,0.21389717
359143,0.020807208
359147,0.0071724234
359175,0.05410876
359182,0.028873824
359188,0.018488843
359196,0.030306261
359198,0.055788502
359202,0.020424541
359212,0.051650047
359229,0.08953724
359232,0.05026555
359247,0.018055547
359258,0.09742539
359260,0.10994363
359261,0.059227154
359262,0.31377003
359268,0.031237064
359285,0.013242624
359293,0.033953357
359294,0.014842677
359297,0.05861834
359299,0.010697864
359311,0.017660884
359319,0.10334823
359320,0.026611721
359322,0.09115328
359353,0.028693087
359355,0.03970484
359360,0.17797372
359367,0.023377724
359369,0.0059660333
359372,0.016446311
359377,0.087162115
359381,0.011974074
359382,0.036251247
359387,0.052609097
359389,0.016466644
359392,0.057743672
359437,0.13875449
359438,0.014875379
359440,0.028322821
359442,0.05318233
359455,0.031116309
359474,0.13196047
359475,0.029096792
359480,0.41468686
359485,0.032341007
359493,0.004719711
359497,0.012403085
359505,0.01939766
359506,0.041359056
359516,0.025823897
359518,0.014247225
359523,0.021847902
359547,0.24310808
359548,0.033917908
359556,0.02761164
359577,0.0844983
359580,0.09576697
359588,0.043680076
359590,0.024522739
359592,0.02801234
359599,0.013801317
359609,0.088408746
359611,0.025325537
359619,0.044213336
359623,0.29500857
359654,0.047951076
359666,0.029072834
359669,0.079206236
359672,0.01715812
359673,0.46037364
359677,0.005127993
359685,0.09873194
359690,0.02273862
359697,0.07424917
359702,0.0074607497
359707,0.107473925
359711,0.01643708
359719,0.08549725
359722,0.033793636
359726,0.113954216
359730,0.052307855
359731,0.032671656
359741,0.08350388
359743,0.1098535
359748,0.0055223187
359753,0.011962881
359758,0.32439303
359773,0.019333338
359780,0.041451994
359785,0.029851716
359800,0.019418122
359806,0.18219525
359809,0.08706038
359822,0.055880867
359828,0.15754372
359847,0.0462081
359855,0.04804498
359858,0.016025385
359864,0.01092489
359884,0.04152834
359886,0.0093964655
359898,0.1991055
359908,0.24869551
359921,0.28340212
359945,0.020668685
359958,0.0027386183
359964,0.08476558
359980,0.032107517
359992,0.0148151945
359994,0.13394411
360001,0.0351794
360004,0.0257373
360009,0.090885326
360020,0.043924917
360049,0.3381425
360058,0.014958899
360063,0.040242177
360064,0.004607587
360074,0.008197384
360095,0.019288203
360098,0.012441891
360099,0.004855317
360100,0.061705906
360103,0.03670589
360106,0.047611218
360107,0.039534353
360124,0.15379475
360126,0.007562097
360138,0.08711223
360140,0.0152013935
360141,0.006882222
360149,0.13765867
360152,0.16501042
360165,0.08347324
360171,0.010236535
360176,0.21271281
360183,0.03174705
360186,0.0065086684
360189,0.2889794
360191,0.08291687
360199,0.26647913
360204,0.028811682
360205,0.12481508
360217,0.051961552
360225,0.06579813
360231,0.03365091
360238,0.024268573
360248,0.22802734
360249,0.026401293
360254,0.06453689
360256,0.060283642
360257,0.04013336
360258,0.04813112
360277,0.07944155
360279,0.039896335
360280,0.3973592
360281,0.25822395
360283,0.020104866
360290,0.039178155
360312,0.06366733
360316,0.020222368
360320,0.0068992395
360324,0.13702358
360333,0.03574973
360339,0.023329064
360347,0.015548019
360359,0.1105099
360360,0.07914844
360367,0.03127517
360372,0.018509012
360382,0.08608385
360386,0.03884288
360400,0.018233672
360411,0.06591719
360412,0.03207506
360415,0.020920215
360419,0.09610671
360421,0.026663007
360427,0.018765371
360429,0.28546482
360438,0.023434466
360439,0.015755452
360445,0.2164122
360454,0.34568545
360458,0.08292149
360467,0.012145144
360469,0.037409376
360471,0.012242299
360472,0.012645359
360475,0.0275196
360478,0.12148753
360479,0.036464438
360480,0.104506865
360484,0.071162455
360496,0.013856133
360504,0.048116356
360517,0.013909973
360518,0.1552126
360526,0.038637385
360530,0.060293686
360535,0.04545081
360538,0.2613557
360539,0.061166823
360545,0.028137578
360569,0.01889114
360579,0.14408632
360580,0.033859592
360611,0.012526009
360612,0.012502239
360626,0.015029429
360628,0.022008765
360631,0.06403953
360633,0.025219923
360640,0.051305577
360643,0.38645872
360645,0.017683884
360663,0.0053445953
360666,0.027132792
360678,0.03927805
360683,0.07101349
360707,0.091746636
360715,0.17380962
360723,0.09882367
360727,0.0140535
360733,0.11753866
360746,0.011209174
360759,0.030945705
360767,0.024441432
360769,0.022611137
360770,0.021919074
360779,0.022763755
360791,0.04359397
360792,0.006490031
360801,0.15340285
360812,0.114637986
360814,0.012433862
360828,0.028226338
360830,0.21459864
360837,0.05926777
360838,0.10073004
360844,0.15926857
360860,0.01353774
360864,0.06984022
360871,0.047727697
360872,0.069003515
360877,0.025502386
360880,0.019255815
360881,0.01073981
360882,0.04500512
360884,0.01476395
360885,0.03286457
360889,0.13015488
360893,0.19093996
360898,0.032407578
360933,0.2620453
360941,0.05516009
360942,0.037558347
360943,0.018133584
360960,0.039568473
360973,0.11270062
360979,0.077577055
360987,0.014732567
360988,0.030660752
360999,0.045502465
361001,0.017446524
361005,0.07496074
361007,0.09133243
361024,0.01613287
361028,0.049490385
361051,0.026571648
361072,0.0201875
361086,0.06348903
361093,0.11747156
361098,0.023235932
361124,0.022731567
361130,0.019683622
361132,0.060630746
361133,0.0073725027
361135,0.14512423
361148,0.3348176
361150,0.016943881
361152,0.033020295
361154,0.037356824
361158,0.013489865
361171,0.031322204
361175,0.13228191
361177,0.005754475
361195,0.12652433
361200,0.015057792
361203,0.11513792
361205,0.01956736
361214,0.109585166
361217,0.041751724
361226,0.018067079
361232,0.026780222
361236,0.04682007
361249,0.016892714
361251,0.2217499
361252,0.039375693
361284,0.069673754
361289,0.02377443
361297,0.015344928
361304,0.08055754
361311,0.075185
361334,0.22326146
361339,0.02822642
361340,0.13732216
361348,0.03731232
361352,0.035500336
361354,0.01442223
361355,0.04633753
361370,0.19884887
361390,0.042910412
361392,0.02140675
361397,0.108520046
361402,0.065201886
361405,0.04568795
361406,0.026691595
361426,0.010727667
361431,0.06858407
361440,0.011134144
361451,0.47365764
361469,0.1983301
361473,0.052042525
361497,0.034772567
361511,0.009090569
361515,0.006729461
361525,0.03437451
361540,0.10053826
361557,0.15134028
361560,0.04354652
361565,0.011978661
361569,0.016122911
361570,0.030893255
361578,0.009412665
361580,0.1115732
361585,0.042780504
361589,0.020235447
361591,0.0045433505
361599,0.054377284
361603,0.05615973
361605,0.06250581
361606,0.15925819
361615,0.2646028
361622,0.03181547
361627,0.02429994
361632,0.11568888
361636,0.0138558075
361637,0.048108578
361638,0.062236756
361639,0.024099557
361651,0.030242294
361662,0.11286226
361684,0.03149201
361693,0.06173508
361697,0.16511475
361710,0.008461208
361713,0.08647454
361729,0.17973036
361785,0.0077447915
361796,0.04818723
361805,0.0641118
361811,0.034081202
361812,0.053296227
361819,0.10123666
361828,0.0294074
361833,0.006847036
361836,0.08532473
361839,0.068427704
361855,0.009232236
361866,0.1291818
361870,0.03528327
361873,0.07422055
361885,0.0278924
361896,0.020172317
361913,0.026881909
361919,0.03232814
361932,0.073622994
361933,0.07632827
361935,0.09606452
361939,0.03357342
361946,0.0065171095
361947,0.014905076
361949,0.043024674
361951,0.0604037
361962,0.10451269
361972,0.02187634
361975,0.02637033
361989,0.016047863
362004,0.070264295
362012,0.008429815
362014,0.0671265
362016,0.0063740807
362028,0.03158293
362033,0.007293727
362034,0.14544272
362038,0.012724276
362052,0.123045675
362061,0.017509762
362063,0.02683645
362070,0.060473036
362072,0.0037840672
362075,0.018432075
362079,0.042052627
362086,0.01986115
362091,0.07347853
362094,0.04494724
362101,0.004064485
362112,0.020379504
362115,0.2070411
362117,0.02236944
362121,0.35073578
362128,0.12241809
362130,0.014575206
362135,0.117209695
362142,0.020969689
362146,0.068277866
362149,0.04049398
362157,0.04100921
362165,0.01552284
362166,0.023218699
362167,0.028354555
362173,0.027525997
362187,0.018400012
362197,0.047260497
362206,0.021905106
362207,0.013492666
362210,0.02813851
362216,0.08969631
362219,0.22507416
362221,0.10401557
362224,0.01518296
362228,0.0231429
362236,0.034702353
362242,0.044059683
362251,0.025223887
362252,0.030594928
362257,0.025368674
362284,0.013584153
362286,0.030106528
362298,0.110587135
362300,0.06223254
362306,0.023976993
362308,0.2324052
362315,0.007858844
362318,0.02859068
362322,0.021866204
362332,0.09472532
362338,0.060273558
362341,0.25527987
362347,0.2474239
362348,0.052584495
362361,0.19567464
362365,0.055394456
362369,0.1616416
362373,0.011474721
362376,0.06360967
362384,0.03585779
362386,0.01738897
362387,0.030912977
362389,0.030892499
362393,0.015566324
362412,0.012939271
362420,0.024976363
362426,0.06932568
362432,0.025408052
362445,0.2385496
362450,0.015323884
362452,0.15730879
362465,0.023544239
362468,0.21997882
362474,0.04992026
362484,0.009311179
362487,0.070071205
362512,0.02217524
362530,0.0057614143
362531,0.044662166
362552,0.021203967
362555,0.03958147
362556,0.06379246
362563,0.17517386
362572,0.016054954
362579,0.0191168
362580,0.13716127
362597,0.09072803
362635,0.010120882
362637,0.05673215
362641,0.05970574
362652,0.04189735
362657,0.018716749
362660,0.012797511
362661,0.047018677
362671,0.019256558
362675,0.02840461
362680,0.032465763
362682,0.0162474
362685,0.05261838
362697,0.007441248
362700,0.20726235
362702,0.016677333
362705,0.11053332
362707,0.069468595
362710,0.009095822
362711,0.12759337
362718,0.103436634
362723,0.023455016
362730,0.043111067
362742,0.21014577
362781,0.07230275
362789,0.13312425
362790,0.021290991
362795,0.013321302
362799,0.024963435
362800,0.039996546
362803,0.060060706
362808,0.040924087
362814,0.027706733
362820,0.01828707
362826,0.030417832
362831,0.039679054
362833,0.043504912
362839,0.12133233
362852,0.056438435
362872,0.059804626
362882,0.061113574
362885,0.18945849
362889,0.057340384
362890,0.04351334
362891,0.17231394
362900,0.069184594
362907,0.040759034
362908,0.033561427
362953,0.011890851
362967,0.07085213
362982,0.00873044
363015,0.014851643
363027,0.037956666
363035,0.030547282
363039,0.06754277
363045,0.026747257
363048,0.09341238
363057,0.23572536
363059,0.07649012
363063,0.07820446
363080,0.028660687
363082,0.17397869
363090,0.29673803
363094,0.020866783
363106,0.01706333
363114,0.23450181
363118,0.113812804
363121,0.065876134
363128,0.034549307
363136,0.033163235
363141,0.018464021
363142,0.026978916
363147,0.00631373
363151,0.017165098
363153,0.05744795
363158,0.0069156857
363171,0.016760513
363174,0.02240507
363180,0.008068694
363187,0.009600275
363191,0.07324754
363192,0.0164425
363196,0.012910515
363199,0.0186876
363209,0.023381194
363210,0.037283212
363212,0.059466418
363227,0.075015455
363231,0.07437938
363232,0.011133505
363243,0.026290819
363253,0.023217801
363285,0.024230609
363299,0.09134238
363310,0.047692515
363311,0.026639486
363316,0.1985597
363322,0.23994276
363329,0.005971719
363331,0.038605407
363334,0.033052787
363339,0.0073441025
363340,0.46311134
363341,0.016558306
363343,0.2942924
363347,0.021550754
363350,0.013494929
363377,0.07577835
363379,0.060537737
363382,0.021729982
363386,0.059573878
363387,0.032227892
363388,0.010687214
363391,0.012989156
363394,0.040664386
363397,0.020964622
363405,0.04512525
363422,0.00825222
363427,0.03819299
363455,0.043802273
363467,0.05809648
363493,0.040762834
363508,0.045573723
363514,0.3653212
363525,0.048223294
363530,0.09676173
363531,0.009260426
363538,0.01384205
363539,0.011607961
363542,0.022817012
363543,0.031328432
363551,0.5234274
363568,0.022001116
363576,0.0722819
363580,0.14778891
363582,0.013780669
363598,0.08630455
363601,0.01768531
363611,0.061029583
363612,0.038219914
363618,0.026635567
363623,0.06980768
363624,0.07432306
363642,0.025384432
363645,0.09636785
363651,0.28271577
363657,0.036623318
363663,0.045375682
363667,0.024038814
363687,0.074039325
363704,0.018086923
363705,0.05881922
363717,0.015258282
363725,0.023538
363728,0.0038743822
363733,0.042958137
363744,0.10725797
363745,0.022325123
363756,0.04296074
363759,0.11969198
363760,0.042961232
363762,0.018129446
363768,0.046684634
363777,0.06427712
363782,0.013138007
363785,0.021269351
363797,0.058776766
363815,0.010626523
363822,0.027002607
363834,0.040928744
363842,0.08224126
363845,0.45048726
363846,0.01721745
363849,0.036470283
363850,0.025054783
363853,0.012713092
363859,0.029407516
363860,0.0227897
363877,0.019829826
363881,0.035456423
363893,0.017259652
363902,0.07694773
363903,0.049706515
363916,0.05207295
363924,0.076574884
363940,0.045243263
363944,0.054446433
363955,0.10057782
363960,0.02425376
363984,0.0084673865
363990,0.04283626
364009,0.09269222
364014,0.10098078
364035,0.03038555
364043,0.013247054
364065,0.010435698
364067,0.017986303
364068,0.08609636
364072,0.10830503
364079,0.07184952
364094,0.062185064
364096,0.031960912
364105,0.1396899
364109,0.023435753
364122,0.13030913
364141,0.0575461
364146,0.19068313
364147,0.05782218
364151,0.06095559
364152,0.0046004187
364156,0.06770037
364160,0.045781035
364171,0.007221215
364183,0.0062460783
364199,0.041778635
364206,0.025907302
364220,0.023388103
364222,0.022001844
364224,0.08476811
364232,0.023240058
364248,0.013463767
364251,0.015352488
364274,0.051134754
364286,0.04333344
364289,0.007551285
364290,0.032408785
364291,0.034373272
364292,0.017642578
364308,0.028539719
364310,0.104862176
364311,0.13788289
364312,0.3657595
364314,0.113879204
364337,0.028048659
364339,0.081968926
364357,0.5192692
364359,0.07174435
364371,0.028737077
364374,0.21389802
364378,0.1124696
364382,0.05689027
364397,0.051226087
364401,0.033917878
364403,0.033304185
364411,0.19140746
364413,0.05444092
364414,0.023246877
364415,0.018568616
364418,0.01955264
364428,0.014820879
364430,0.007393205
364436,0.11474479
364451,0.01298042
364457,0.027529994
364461,0.026775705
364471,0.114989534
364472,0.05770216
364481,0.55629843
364482,0.03467738
364484,0.20616801
364492,0.10011107
364494,0.03562431
364507,0.037766863
364508,0.15275668
364537,0.03260687
364538,0.060035873
364539,0.17023122
364547,0.3185248
364561,0.09239893
364586,0.1673127
364603,0.017527644
364622,0.013507362
364660,0.015567056
364662,0.011037131
364669,0.23323219
364698,0.026077593
364699,0.017178517
364700,0.029223973
364702,0.053718425
364710,0.16498855
364714,0.024997022
364731,0.050233673
364738,0.005141832
364739,0.013526329
364743,0.012450601
364762,0.1755061
364767,0.08090092
364775,0.021093212
364781,0.04351937
364783,0.0105942935
364796,0.007879886
364810,0.01682648
364815,0.14386013
364823,0.03145748
364826,0.016131632
364837,0.0450886
364839,0.08118984
364844,0.04413487
364851,0.06327413
364853,0.076143585
364854,0.07802364
364858,0.032048013
364872,0.1555967
364875,0.02219481
364877,0.04484598
364878,0.00866306
364884,0.005775554
364907,0.11271046
364911,0.14974013
364916,0.18678257
364920,0.03678202
364927,0.013433363
364944,0.22320393
364948,0.20773737
364950,0.058962345
364953,0.007114103
364955,0.046064425
364959,0.040667295
364966,0.024919644
364971,0.056347802
364979,0.09803971
364980,0.012593636
364982,0.07261725
364984,0.018685317
364993,0.0068427846
365001,0.007164845
365030,0.019742174
365035,0.02144361
365044,0.012673518
365046,0.023319628
365050,0.01115901
365051,0.058734033
365054,0.08584937
365055,0.040950157
365064,0.06571693
365069,0.1470991
365092,0.012323623
365102,0.08581422
365109,0.020313416
365110,0.070509404
365117,0.0085257115
365120,0.027366593
365128,0.10251061
365131,0.17452419
365136,0.045117978
365151,0.03778618
365153,0.13331224
365154,0.014917727
365160,0.02179527
365166,0.0164657
365171,0.012724379
365181,0.03114154
365194,0.09347689
365210,0.05517042
365221,0.08444398
365234,0.035453036
365252,0.034952365
365254,0.21644111
365264,0.045751546
365276,0.014659347
365282,0.009337215
365284,0.16093627
365290,0.0055717514
365317,0.02273684
365329,0.055463385
365353,0.040050417
365356,0.055612512
365358,0.02973583
365374,0.089353755
365392,0.014703118
365396,0.038151458
365408,0.05010218
365412,0.016445259
365429,0.021197336
365431,0.12992388
365435,0.14912042
365439,0.026006907
365473,0.048618063
365476,0.05799722
365486,0.045517083
365497,0.01957852
365518,0.12063344
365519,0.09941722
365520,0.17619339
365523,0.015961861
365531,0.05595198
365532,0.02586615
365534,0.028268296
365544,0.12132957
365552,0.043382127
365564,0.017330263
365569,0.020349763
365570,0.07797322
365575,0.32196602
365576,0.06205628
365585,0.057739526
365595,0.019166002
365612,0.039376505
365613,0.2010345
365624,0.0513058
365631,0.024587084
365634,0.037752967
365643,0.034240294
365644,0.13520193
365663,0.047832098
365666,0.06805689
365672,0.044519052
365676,0.03305948
365680,0.014261536
365696,0.02796073
365699,0.10664931
365706,0.007719862
365707,0.03183655
365711,0.048525017
365716,0.007724492
365717,0.018667696
365718,0.007865835
365757,0.027611803
365770,0.08098193
365776,0.04715269
365781,0.14581189
365784,0.0075691636
365787,0.014786573
365805,0.0797896
365820,0.0032816748
365831,0.03157855
365836,0.2829648
365837,0.10968492
365859,0.5086267
365861,0.0149950525
365863,0.028797481
365872,0.14699309
365877,0.021754868
365882,0.08700525
365893,0.13731048
365894,0.057133388
365900,0.17441493
365910,0.010213991
365913,0.019949911
365916,0.023052955
365923,0.103806905
365946,0.28121626
365948,0.10390206
365951,0.039199214
365965,0.08314089
365966,0.05720107
365975,0.045488205
365979,0.3357653
365989,0.050125416
365991,0.06724516
365992,0.019204775
366001,0.054930676
366010,0.14007488
366013,0.102837086
366028,0.021020144
366036,0.011454987
366038,0.028740067
366044,0.01839442
366048,0.09578275
366060,0.018490018
366067,0.16409624
366071,0.05670311
366078,0.021789143
366081,0.034717243
366082,0.04361962
366093,0.2135663
366099,0.016008146
366103,0.013359049
366105,0.036927268
366111,0.041712355
366112,0.017296424
366125,0.04497692
366144,0.13840745
366147,0.027302554
366149,0.16410148
366166,0.011096297
366168,0.21485853
366173,0.043760892
366178,0.023526827
366180,0.13778572
366209,0.004070887
366213,0.07901576
366214,0.15431055
366215,0.023334567
366220,0.026038853
366226,0.011974122
366230,0.19700146
366236,0.24782172
366245,0.012625187
366282,0.23146865
366286,0.044279903
366295,0.030019516
366296,0.022154188
366297,0.2379091
366300,0.03193756
366303,0.026841536
366307,0.3257272
366314,0.06731207
366320,0.02035196
366321,0.014073999
366327,0.009219456
366330,0.057495575
366332,0.19811244
366334,0.0062894328
366341,0.02210074
366363,0.01803176
366367,0.16657436
366369,0.11821375
366382,0.01968134
366394,0.13332537
366396,0.006467538
366398,0.06111889
366406,0.08241171
366414,0.011432855
366417,0.058504928
366419,0.031837363
366422,0.033841513
366436,0.010894659
366442,0.24216361
366451,0.18794179
366455,0.03995086
366458,0.032888018
366460,0.023204537
366466,0.018899862
366473,0.05514757
366502,0.017133785
366505,0.46654168
366526,0.1261639
366530,0.15605426
366532,0.009491991
366539,0.010890892
366541,0.053808454
366542,0.017745037
366553,0.014129707
366571,0.028016081
366582,0.008705614
366583,0.062175892
366589,0.20383686
366595,0.08128994
366606,0.044942353
366611,0.03260932
366613,0.21842241
366615,0.08579609
366616,0.30301625
366624,0.11944954
366632,0.011223895
366649,0.0069659664
366650,0.076725625
366657,0.021667492
366664,0.043521117
366666,0.013111992
366674,0.08312102
366676,0.029141424
366677,0.010718786
366688,0.020740485
366689,0.067316
366693,0.024066718
366696,0.052309357
366698,0.05099453
366700,0.012210603
366703,0.20071025
366709,0.048638012
366711,0.03905675
366725,0.015822463
366741,0.024030462
366742,0.009658672
366747,0.019863266
366750,0.026857985
366754,0.022550568
366762,0.015207453
366774,0.06257627
366781,0.0085920505
366784,0.020905178
366789,0.02789231
366790,0.055766124
366797,0.04996019
366806,0.028454585
366820,0.019378297
366845,0.19794494
366858,0.069181666
366860,0.027637068
366874,0.044441383
366876,0.118032046
366879,0.012271238
366884,0.04767701
366886,0.019151058
366905,0.16545016
366908,0.096328944
366909,0.2943784
366917,0.029121403
366921,0.12829609
366927,0.03100313
366936,0.013517872
366952,0.015244576
366962,0.14231694
366964,0.0916391
366965,0.031265758
366981,0.011108548
366988,0.04237411
366992,0.03887791
366998,0.0503602
366999,0.036661744
367017,0.008539361
367023,0.14859968
367024,0.00965308
367025,0.07134174
367037,0.097148076
367040,0.120211005
367043,0.0299735
367052,0.0080676675
367056,0.03278542
367064,0.049079254
367075,0.025777424
367089,0.03115576
367098,0.014864752
367119,0.054341007
367124,0.21367678
367134,0.16830793
367136,0.025077794
367138,0.024788871
367153,0.039865952
367158,0.08746908
367169,0.02603237
367179,0.016149374
367180,0.07769535
367212,0.0471435
367216,0.16736013
367217,0.014223244
367220,0.004425789
367224,0.022391865
367241,0.028210172
367245,0.042398542
367256,0.10528608
367266,0.006154846
367283,0.02808319
367290,0.055658683
367295,0.02751549
367310,0.029500261
367315,0.07803091
367322,0.060452756
367332,0.014709607
367338,0.15360071
367347,0.094343714
367381,0.10774549
367383,0.048830505
367386,0.063779086
367392,0.009769797
367399,0.12137911
367411,0.015676936
367414,0.010473135
367436,0.025110057
367439,0.016930856
367440,0.092707306
367465,0.09043612
367466,0.18592095
367478,0.14772801
367479,0.100440845
367481,0.0134058185
367505,0.12588742
367515,0.030674418
367516,0.059739877
367526,0.18609045
367527,0.107914254
367533,0.12671052
367535,0.122204356
367545,0.1135262
367546,0.026545983
367547,0.10476441
367555,0.017895022
367557,0.036039222
367558,0.039005257
367573,0.013867287
367580,0.22015648
367581,0.007563214
367582,0.16394201
367588,0.025361663
367601,0.023340987
367617,0.024388738
367624,0.034203835
367626,0.036317233
367632,0.10637804
367651,0.011214112
367663,0.0032468657
367674,0.020608565
367677,0.23254992
367678,0.017480971
367691,0.02126843
367698,0.011409313
367710,0.021820867
367712,0.02693121
367727,0.100256525
367739,0.04993079
367740,0.07664152
367746,0.02934862
367759,0.016483888
367770,0.117050804
367780,0.037249234
367783,0.06100906
367787,0.039817557
367791,0.21725133
367797,0.038165297
367799,0.039047148
367811,0.006859452
367817,0.019768624
367827,0.060128096
367829,0.079124995
367830,0.13673821
367837,0.24469501
367843,0.007102326
367847,0.021189222
367849,0.10933548
367854,0.024399972
367855,0.02448065
367862,0.026425881
367863,0.077266656
367868,0.03472683
367873,0.284594
367879,0.056285974
367889,0.1511323
367890,0.23804612
367892,0.010209467
367893,0.014475751
367895,0.023574073
367896,0.0061592855
367898,0.015417483
367903,0.021142816
367906,0.031656925
367919,0.008722072
367927,0.03055358
367931,0.12984787
367935,0.12512597
367945,0.014550353
367947,0.19432016
367952,0.050722335
367958,0.039479017
367971,0.022631165
367975,0.22466597
367983,0.11581172
367994,0.02266298
367998,0.06353435
367999,0.007910864
368005,0.04213508
368029,0.05767283
368034,0.007969582
368036,0.10381967
368041,0.013026379
368064,0.006763641
368066,0.00820765
368079,0.06415046
368082,0.0022951579
368090,0.063220076
368092,0.031200264
368097,0.013004055
368107,0.26948425
368127,0.121316954
368129,0.05905806
368134,0.087989
368150,0.044515096
368166,0.1902535
368172,0.009267011
368179,0.008352584
368185,0.102971874
368193,0.025742244
368207,0.08048901
368251,0.034171287
368253,0.036695547
368256,0.18879686
368257,0.021187203
368263,0.010469604
368271,0.18726514
368273,0.011264281
368279,0.014387772
368281,0.23227872
368282,0.0942484
368288,0.17050268
368303,0.031034725
368315,0.042915512
368323,0.0076948153
368324,0.009283898
368326,0.050893374
368334,0.053190153
368337,0.027422372
368351,0.056565307
368353,0.22858992
368358,0.24591938
368389,0.009722486
368392,0.1560792
368393,0.014597934
368415,0.05142077
368424,0.054255534
368436,0.009223017
368448,0.021152778
368456,0.016149761
368457,0.004394695
368465,0.078357264
368484,0.10189275
368485,0.14242308
368487,0.051452454
368489,0.02347095
368493,0.05742246
368509,0.046197064
368513,0.19098754
368523,0.07452865
368530,0.025286337
368539,0.06607052
368543,0.15526757
368544,0.018054875
368557,0.12411918
368561,0.023960788
368577,0.019713264
368579,0.012440445
368580,0.1349197
368583,0.015408496
368589,0.007662796
368594,0.012667192
368598,0.0071392166
368621,0.056260027
368622,0.20013632
368627,0.011153223
368628,0.02100331
368633,0.23126595
368638,0.1350542
368645,0.051482033
368646,0.21365125
368652,0.058485355
368659,0.057225857
368672,0.26805064
368679,0.018147228
368683,0.1268436
368697,0.021762414
368702,0.2230512
368707,0.021594008
368715,0.21973878
368740,0.021423299
368754,0.03238858
368765,0.061456695
368770,0.04138274
368777,0.15407062
368780,0.2255992
368782,0.12357982
368784,0.11547771
368790,0.15753382
368792,0.006663647
368793,0.045317363
368811,0.020895941
368816,0.020261424
368819,0.13539211
368843,0.01426617
368853,0.0109834755
368857,0.039830405
368858,0.09284271
368887,0.05880716
368898,0.011427184
368909,0.03594082
368919,0.0044488925
368930,0.10106361
368944,0.077111036
368949,0.08274281
368953,0.025820605
368956,0.02727356
368959,0.052771162
368968,0.013213547
368971,0.030979445
368974,0.030186484
368975,0.023285184
368983,0.012690798
368991,0.08404063
368994,0.017685924
369001,0.121769145
369004,0.030753883
369016,0.0047530513
369030,0.01311582
369047,0.016596407
369055,0.11605217
369067,0.024685582
369068,0.0623478
369096,0.19537571
369103,0.067373596
369105,0.10528255
369107,0.38717535
369109,0.024238769
369130,0.03809637
369133,0.009224884
369144,0.018106686
369150,0.014720319
369152,0.08777493
369156,0.018292895
369180,0.015119811
369183,0.039249543
369184,0.32531568
369186,0.064340524
369187,0.027303785
369200,0.010729108
369201,0.034925245
369220,0.06593024
369223,0.0137215005
369233,0.018377919
369240,0.095146485
369254,0.03450332
369264,0.37823418
369266,0.10840634
369272,0.089795604
369283,0.012044917
369295,0.04277197
369300,0.00452949
369302,0.0069059203
369305,0.091494486
369322,0.009806628
369334,0.107164346
369350,0.007112043
369355,0.10373326
369361,0.03733911
369367,0.007363265
369371,0.015811495
369373,0.2710642
369375,0.11665985
369385,0.015948288
369394,0.050982837
369398,0.024309142
369408,0.05579356
369413,0.09414391
369419,0.046111614
369424,0.06810372
369439,0.02445271
369466,0.09027541
369482,0.029601758
369494,0.017938443
369504,0.0077125207
369512,0.16756943
369528,0.035075597
369531,0.021758405
369540,0.041304853
369547,0.011504111
369565,0.015482629
369569,0.03482832
369581,0.05123374
369583,0.013325025
369593,0.05479379
369601,0.015902646
369608,0.017622711
369612,0.13956372
369615,0.08968789
369621,0.11250548
369636,0.018457212
369648,0.092003904
369649,0.4644932
369651,0.014855973
369659,0.017647073
369666,0.013564558
369684,0.020511867
369686,0.27169573
369698,0.10206044
369701,0.024606498
369712,0.013126851
369717,0.0055916156
369722,0.021473058
369732,0.19926085
369740,0.2845716
369751,0.023559382
369755,0.005907363
369757,0.020866713
369761,0.10162616
369767,0.16574134
369782,0.031462118
369788,0.05202498
369790,0.036034156
369791,0.011039232
369792,0.03128701
369803,0.022872554
369812,0.015523011
369813,0.1123065
369827,0.06489751
369835,0.09715552
369838,0.016242128
369839,0.036790915
369843,0.035170358
369846,0.038220916
369860,0.009618114
369870,0.040899415
369871,0.2969342
369872,0.029007424
369884,0.08417498
369893,0.05596402
369901,0.057440244
369904,0.062421948
369908,0.1463466
369910,0.011398219
369911,0.08809015
369919,0.04381727
369920,0.026951896
369921,0.009636773
369931,0.21760756
369935,0.022559125
369936,0.041600578
369948,0.028565088
369953,0.04689953
369955,0.109468505
369961,0.032360855
369964,0.019656302
369967,0.08777929
369971,0.10115789
369983,0.025709845
369993,0.021710504
369995,0.08383185
370012,0.056902323
370022,0.042746004
370023,0.03262906
370027,0.07296871
370030,0.10334469
370033,0.17473601
370037,0.10919774
370051,0.0057043084
370055,0.025392426
370077,0.030276248
370088,0.03510534
370091,0.009313734
370114,0.0153243495
370117,0.15852967
370120,0.18886109
370122,0.024174163
370128,0.14749283
370135,0.044635005
370144,0.031550087
370146,0.09890739
370148,0.045147434
370150,0.013816988
370155,0.023147438
370164,0.016510544
370179,0.033806685
370188,0.061049756
370190,0.00924017
370199,0.026919687
370203,0.17498812
370213,0.055362623
370216,0.016952548
370219,0.009093001
370220,0.172546
370224,0.02218712
370230,0.018955806
370254,0.14181888
370255,0.017016724
370265,0.19134419
370273,0.0057335747
370288,0.027914027
370295,0.1106232
370297,0.06542014
370319,0.04650276
370323,0.010786214
370329,0.019587774
370330,0.031663064
370333,0.128236
370346,0.15430945
370354,0.09916925
370355,0.004863141
370358,0.19493386
370362,0.0072986023
370373,0.0148887765
370376,0.014841863
370379,0.00904473
370380,0.005148199
370386,0.020008765
370392,0.0039837114
370411,0.004413388
370416,0.013079792
370432,0.039084196
370439,0.039938588
370440,0.01647486
370445,0.02544944
370446,0.009551309
370455,0.102093026
370473,0.026555266
370474,0.030355169
370475,0.012734533
370482,0.22347578
370489,0.043125242
370512,0.022173064
370518,0.10512153
370522,0.04907284
370533,0.008242175
370538,0.11106497
370551,0.021230796
370552,0.09925562
370556,0.06913061
370566,0.014929668
370568,0.08305195
370573,0.14522876
370575,0.06749162
370578,0.014434433
370582,0.022592638
370596,0.010235117
370597,0.022114202
370599,0.008119613
370602,0.03821213
370609,0.029555712
370632,0.017738646
370634,0.19832502
370646,0.024599176
370666,0.13269141
370670,0.010866942
370672,0.007751286
370675,0.016136482
370676,0.11550046
370682,0.020645427
370685,0.025678895
370697,0.011452662
370699,0.013407042
370701,0.027196739
370711,0.17955531
370719,0.14836648
370728,0.026913337
370731,0.29996863
370735,0.019537242
370749,0.11858755
370753,0.05710088
370757,0.03697301
370763,0.089281864
370770,0.16707009
370779,0.05270327
370794,0.014584532
370805,0.02802689
370806,0.030248798
370808,0.025620941
370814,0.024305949
370827,0.15823385
370833,0.12083112
370844,0.093161084
370845,0.02525554
370850,0.21512619
370853,0.016008979
370856,0.011596241
370858,0.02303169
370862,0.04398599
370866,0.19958378
370874,0.1873443
370876,0.0081186425
370878,0.13793741
370881,0.022673758
370882,0.22040704
370884,0.045735143
370887,0.045014717
370904,0.30291525
370905,0.038978722
370913,0.050496634
370915,0.044147804
370921,0.2291901
370922,0.03343332
370932,0.10944678
370939,0.0772387
370953,0.019735571
370964,0.037282944
370968,0.0202555
370969,0.04364721
370972,0.043037504
370978,0.010548583
371000,0.036890067
371001,0.20547919
371013,0.013704153
371053,0.07036016
371059,0.042392097
371060,0.01823904
371065,0.032050528
371069,0.05636907
371073,0.13954976
371084,0.21776952
371085,0.048462734
371088,0.06504658
371099,0.06508697
371115,0.007981789
371118,0.30912867
371127,0.08418813
371132,0.19137141
371136,0.05995918
371139,0.10337104
371152,0.04692829
371161,0.03310853
371162,0.05641766
371174,0.016346427
371176,0.07203858
371182,0.018622236
371185,0.042792726
371193,0.041821297
371197,0.028936505
371198,0.021568809
371202,0.0357992
371207,0.054993067
371211,0.124316595
371242,0.025834925
371243,0.07002479
371244,0.02250598
371255,0.09201831
371258,0.010201877
371259,0.1408972
371265,0.022081465
371274,0.102751985
371275,0.2262254
371288,0.015445001
371291,0.26698244
371295,0.17678858
371314,0.062807344
371322,0.07849775
371323,0.061223045
371328,0.12543169
371332,0.019086739
371333,0.2419778
371335,0.0046778396
371342,0.012853518
371350,0.027943939
371357,0.1517331
371365,0.005092345
371383,0.3337344
371384,0.06374132
371385,0.07953702
371393,0.15655394
371394,0.042383265
371397,0.020156577
371417,0.089684695
371431,0.04342584
371433,0.043386854
371437,0.0037221669
371439,0.17236362
371445,0.06119328
371452,0.13418546
371457,0.026590755
371469,0.025852345
371470,0.032493826
371477,0.019225525
371500,0.0654448
371504,0.088114575
371508,0.08268592
371514,0.021308562
371518,0.107704416
371520,0.012435384
371521,0.12219795
371522,0.029128574
371525,0.01766481
371530,0.10654996
371532,0.012220631
371548,0.056500223
371561,0.013272174
371566,0.18890138
371568,0.032032035
371571,0.02113104
371573,0.039570797
371577,0.09755579
371587,0.1872387
371592,0.13533099
371593,0.25061688
371595,0.046376407
371603,0.037786614
371614,0.024613062
371616,0.01804301
371619,0.10600473
371627,0.39352378
371641,0.06365022
371657,0.022654498
371664,0.02141632
371693,0.01911066
371698,0.016128076
371700,0.021213492
371707,0.014522963
371710,0.06521405
371715,0.08595584
371722,0.035405077
371731,0.026759742
371741,0.016018149
371744,0.082788676
371753,0.021405207
371755,0.010038672
371760,0.013137602
371773,0.084582396
371797,0.009457287
371807,0.27055898
371809,0.0094677815
371811,0.015487076
371815,0.08200806
371822,0.027789926
371824,0.20209111
371828,0.031324632
371835,0.009147311
371837,0.021325495
371840,0.12725307
371849,0.027145026
371857,0.008925414
371860,0.14646068
371862,0.022866378
371875,0.05075184
371896,0.19877264
371898,0.049882557
371901,0.15603884
371903,0.033642836
371908,0.012170412
371910,0.039320976
371944,0.06004456
371947,0.019947099
371955,0.09610435
371963,0.06435099
371972,0.04265965
371973,0.0324897
371978,0.032103255
371980,0.015126335
371988,0.014984919
372020,0.09648036
372043,0.21196437
372060,0.07517088
372070,0.0112949675
372082,0.01807649
372085,0.052365974
372090,0.06985721
372091,0.24243006
372112,0.029239109
372115,0.032976627
372132,0.015112101
372134,0.23470275
372136,0.045110766
372142,0.031535532
372145,0.12945604
372146,0.07385956
372159,0.018213991
372172,0.029113878
372179,0.14182281
372183,0.03009544
372184,0.01143522
372192,0.0036704836
372234,0.027126374
372239,0.20412923
372244,0.025153087
372268,0.03149762
372287,0.057007458
372289,0.09226179
372292,0.0052803983
372301,0.049398195
372315,0.068623625
372316,0.17724665
372328,0.093394525
372337,0.018599713
372347,0.21434641
372350,0.31984156
372381,0.01929083
372382,0.19972748
372384,0.03289451
372393,0.02760061
372398,0.090193674
372399,0.03973873
372400,0.012964555
372402,0.033298083
372410,0.041837495
372415,0.03569705
372425,0.019704659
372428,0.032070287
372430,0.040043354
372431,0.009819357
372449,0.03510921
372452,0.03282025
372453,0.02944852
372460,0.10214005
372463,0.34003037
372471,0.06696794
372484,0.043838967
372486,0.058971144
372489,0.09854515
372506,0.260562
372513,0.009838799
372527,0.24766706
372568,0.22311215
372596,0.041021813
372606,0.0059535103
372617,0.024178794
372618,0.045308962
372622,0.050573107
372624,0.049912404
372633,0.035510983
372637,0.01988524
372643,0.054421425
372644,0.008398753
372656,0.036872096
372662,0.013788294
372664,0.056524802
372666,0.019073242
372672,0.06575373
372674,0.025507
372693,0.10375158
372704,0.013171087
372719,0.03310235
372727,0.025722655
372740,0.06023184
372745,0.025587631
372753,0.059513584
372762,0.017009716
372764,0.06063647
372771,0.14134982
372772,0.084324904
372789,0.100571774
372793,0.066625215
372799,0.019863542
372806,0.27777427
372809,0.058279548
372829,0.13683689
372848,0.01066861
372850,0.029200545
372853,0.061241057
372854,0.055144906
372858,0.047049567
372861,0.011743642
372863,0.08927492
372876,0.040385563
372878,0.029793544
372893,0.2851904
372894,0.02963089
372911,0.052676283
372912,0.066731036
372924,0.14754379
372942,0.1302842
372946,0.4138204
372955,0.050749857
372956,0.030304013
372957,0.113305405
372984,0.063828364
372993,0.068066746
372995,0.18917933
372997,0.026641764
373014,0.0851668
373018,0.13730288
373022,0.061920665
373023,0.007998231
373029,0.013596548
373063,0.020060502
373071,0.11909519
373075,0.15281902
373088,0.055385932
373089,0.019643229
373098,0.07007207
373101,0.08549924
373112,0.017771944
373114,0.05121238
373118,0.22238864
373120,0.1514592
373121,0.019313442
373122,0.02487147
373138,0.1465753
373145,0.024822108
373153,0.009311041
373154,0.042142525
373155,0.030501548
373159,0.099303745
373167,0.025676886
373190,0.03458073
373195,0.065737575
373202,0.029386835
373205,0.044132024
373209,0.05811488
373215,0.031001868
373222,0.17918487
373239,0.025981005
373240,0.05253335
373247,0.04168151
373251,0.046065614
373260,0.008380525
373284,0.020109177
373286,0.0096423
373292,0.20884116
373297,0.0072578317
373299,0.35137907
373305,0.14066231
373307,0.035266865
373323,0.01342682
373327,0.041470386
373328,0.016807524
373363,0.05322542
373390,0.024868295
373396,0.007917589
373407,0.034941696
373413,0.071211085
373437,0.078994974
373445,0.032562047
373448,0.022135396
373458,0.09085167
373464,0.027148955
373472,0.23258711
373474,0.022778053
373475,0.04710461
373480,0.012785317
373484,0.09549059
373491,0.22213279
373493,0.1167608
373504,0.031558946
373537,0.16909431
373542,0.100689076
373545,0.014329549
373554,0.029271182
373559,0.34693387
373560,0.015790017
373562,0.029525587
373565,0.060662966
373573,0.10893148
373577,0.06273961
373591,0.054704357
373592,0.051123843
373596,0.0073342477
373598,0.09288788
373600,0.032387245
373605,0.011880193
373607,0.041513596
373616,0.03351047
373618,0.013226182
373624,0.007050627
373630,0.040181104
373631,0.04910956
373634,0.04605838
373646,0.055927556
373651,0.063845314
373669,0.1989868
373682,0.08652729
373716,0.07598524
373751,0.22473471
373756,0.23770805
373757,0.00799309
373767,0.030528942
373778,0.010681523
373780,0.012742511
373781,0.1293792
373796,0.08940716
373801,0.023907209
373805,0.065659076
373811,0.017634869
373815,0.034186684
373820,0.062422477
373833,0.003509565
373839,0.04147579
373841,0.017862733
373871,0.052027732
373875,0.1527855
373893,0.05713786
373894,0.17694457
373898,0.04113616
373899,0.45608526
373908,0.1546138
373909,0.02542525
373911,0.036936197
373918,0.015926726
373927,0.0151271615
373938,0.073758565
373943,0.10204066
373946,0.03526184
373948,0.04940541
373953,0.11338364
373956,0.06408069
373984,0.024901763
373985,0.07512751
373986,0.12121603
374002,0.031524304
374014,0.012273833
374015,0.05671796
374024,0.027500477
374029,0.09425531
374034,0.009845394
374039,0.011554715
374042,0.079138875
374048,0.09009499
374051,0.048024453
374054,0.019675096
374055,0.05293018
374061,0.024561247
374075,0.059895158
374087,0.0164513
374101,0.08630352
374103,0.063650586
374114,0.12568091
374116,0.11190033
374119,0.063229196
374121,0.08760917
374133,0.030978406
374134,0.019859198
374140,0.012462167
374141,0.29043716
374145,0.17830358
374155,0.012101137
374163,0.0866454
374169,0.21896517
374173,0.03934478
374188,0.05831653
374199,0.007198924
374200,0.038452916
374207,0.0937419
374225,0.039904628
374226,0.02711252
374227,0.04642891
374249,0.0441217
374254,0.070524424
374284,0.012150368
374293,0.0587442
374296,0.034988705
374297,0.016427295
374298,0.031047711
374307,0.02951195
374320,0.028403057
374322,0.034951
374324,0.005971897
374328,0.039099585
374334,0.027513683
374341,0.014931198
374343,0.08205195
374346,0.008110074
374359,0.14789924
374374,0.091671385
374381,0.11332834
374400,0.021675708
374405,0.010613513
374409,0.06399796
374420,0.08977688
374442,0.07665607
374443,0.024697179
374445,0.07420336
374447,0.15439673
374452,0.077004224
374458,0.009619839
374485,0.019850327
374487,0.017181939
374496,0.0111323465
374503,0.036587358
374518,0.045151222
374519,0.01829762
374532,0.007346035
374534,0.014711431
374536,0.013666781
374546,0.0075661577
374559,0.0054061394
374568,0.091761686
374573,0.04046344
374582,0.003605996
374585,0.010609039
374598,0.005783947
374606,0.040301073
374612,0.015867185
374617,0.028744057
374619,0.01942845
374626,0.038987543
374646,0.03525586
374653,0.044605445
374656,0.022266872
374664,0.05452366
374666,0.044139538
374677,0.13749544
374679,0.053276166
374682,0.09082185
374700,0.08748203
374703,0.13060561
374705,0.09985271
374720,0.052106123
374724,0.06537886
374731,0.013263476
374732,0.046686783
374734,0.0828501
374759,0.061181046
374770,0.030359436
374774,0.02479854
374777,0.25248513
374788,0.02250616
374796,0.10582879
374799,0.09138935
374813,0.109365866
374819,0.0059994143
374826,0.15942493
374827,0.030922068
374832,0.04028542
374837,0.013387522
374844,0.17938136
374848,0.33281595
374853,0.106235266
374854,0.00816184
374856,0.013088022
374864,0.17276911
374868,0.0051896665
374888,0.029805642
374891,0.028582271
374892,0.01936291
374896,0.018396229
374909,0.10331211
374911,0.020006986
374912,0.08255403
374913,0.09363798
374916,0.02621153
374917,0.024883829
374923,0.036883827
374933,0.13060203
374935,0.03634024
374940,0.0152244875
374941,0.023825599
374943,0.011998877
374951,0.14185645
374967,0.19553854
374970,0.0534979
374990,0.0829228
374993,0.0833007
374994,0.05980262
375015,0.00822044
375017,0.15582208
375018,0.054363452
375021,0.033241846
375023,0.090669565
375030,0.16941819
375038,0.0096814
375040,0.032167777
375041,0.15423658
375052,0.0058320328
375061,0.1140935
375064,0.02233178
375076,0.028664494
375086,0.2200785
375109,0.10587313
375118,0.04864302
375133,0.010630613
375140,0.101048924
375156,0.08012549
375168,0.05642755
375170,0.04467824
375182,0.022117293
375187,0.13445452
375188,0.054460682
375197,0.03778464
375201,0.01402049
375204,0.17570789
375216,0.11109214
375225,0.0072000553
375231,0.0047583818
375234,0.004843317
375241,0.04069545
375242,0.10571006
375244,0.019121397
375246,0.031103188
375257,0.047002673
375290,0.01561969
375292,0.014113018
375293,0.063370146
375295,0.044725936
375296,0.011930192
375300,0.10014701
375322,0.061923828
375332,0.04941809
375338,0.03718043
375342,0.012391581
375365,0.013572361
375367,0.068318486
375384,0.1685798
375418,0.0060902797
375464,0.10455245
375477,0.045268033
375485,0.062260523
375496,0.011410947
375534,0.03832141
375544,0.07519495
375556,0.21051498
375588,0.01675611
375589,0.0046472033
375594,0.062389396
375629,0.02885473
375649,0.06454124
375654,0.15489398
375696,0.043655224
375758,0.01626932
375795,0.27811176
375843,0.012148661
375844,0.013950532
375853,0.21161859
375878,0.032001827
375879,0.049499348
375883,0.037305728
375887,0.06353088
375929,0.020485083
375934,0.028814288
375936,0.062790886
375937,0.027353987
375948,0.06781435
375951,0.031080352
375953,0.035659913
375964,0.059783682
375969,0.010534811
375970,0.020088289
375973,0.23756327
375976,0.07230308
375997,0.039278474
376000,0.017907051
376011,0.049299736
376019,0.013572971
376035,0.023199232
376036,0.11037272
376041,0.031146353
376042,0.033044793
376045,0.019116338
376047,0.2487305
376060,0.01678101
376061,0.050513595
376067,0.03113184
376068,0.3010871
376070,0.043864142
376074,0.0126760565
376075,0.020609735
376076,0.08303459
376078,0.02569284
376080,0.025366286
376081,0.008795274
376082,0.031924766
376083,0.15917395
376084,0.10621701
376086,0.025720395
376087,0.022104995
376088,0.01201559
376089,0.044830997
376090,0.054456737
376091,0.08954565
376092,0.02131438
376093,0.06378309
376094,0.10233206
376095,0.14506365
376096,0.10638064
376097,0.035987783
376098,0.1483035
376206,0.0046595247
376209,0.10651479
376225,0.012861373
376239,0.016517315
376247,0.19653875
376248,0.027988056
376252,0.02306809
376257,0.08112036
376273,0.009148951
376274,0.036100972
376275,0.005119574
376279,0.069880895
376283,0.042011697
376284,0.022651348
376288,0.022729851
376289,0.04864631
376292,0.025013005
376298,0.0897611
376301,0.0073494976
376311,0.02235145
376312,0.11943186
376313,0.05982237
376316,0.019072141
376317,0.07925746
376319,0.062166426
376320,0.109199494
376321,0.113171026
376322,0.024885813
376325,0.09494661
376326,0.04104727
376328,0.009520545
376329,0.14094739
376330,0.0344264
376332,0.013031752
376334,0.040544875
376335,0.057023738
376336,0.24400885
376337,0.1519812
376338,0.17340647
376339,0.033129714
376340,0.0801888
376341,0.17663878
376343,0.04615214
376344,0.021086657
376345,0.01471059
376346,0.071166694
376347,0.164616
376348,0.081846684
376349,0.12734257
376350,0.05466579
376351,0.019170852
376352,0.009668385
376353,0.016069748
376354,0.030670822
376355,0.0096440185
376356,0.13362615
376357,0.012507957
376360,0.031187441
376445,0.062253047
376447,0.026802864
376449,0.015380596
376470,0.009249941
376483,0.03883967
376484,0.014309901
376486,0.02697085
376487,0.02900575
376488,0.08505504
376491,0.096196376
376492,0.026601898
376494,0.12721874
376495,0.17272143
376496,0.11112851
376497,0.20988281
376498,0.0067592287
376502,0.023933029
376503,0.13381156
376504,0.05152814
376506,0.009451715
376509,0.03819774
376515,0.05171396
376517,0.020874035
376518,0.07730477
376519,0.17564203
376520,0.032500315
376521,0.031932898
376522,0.05531405
376523,0.017705973
376524,0.051921792
376527,0.08621118
376530,0.08162491
376531,0.052324712
376532,0.112803854
376533,0.10440243
376534,0.078180626
376535,0.046461735
376537,0.12031977
376538,0.06376597
376539,0.03849938
376546,0.043967504
376594,0.06207703
376595,0.064076535
376614,0.031541873
376616,0.013310126
376617,0.012581302
376618,0.18336272
376619,0.06852446
376620,0.031082556
376627,0.08018092
376630,0.007872828
376631,0.1396319
376632,0.012457215
376633,0.028824586
376635,0.04215445
376636,0.12606442
376637,0.027695047
376639,0.18739265
376640,0.026805587
376642,0.022050887
376643,0.03091147
376644,0.015543823
376645,0.041819155
376646,0.12090495
376648,0.08108293
376650,0.00838967
376651,0.021671772
376652,0.06257229
376732,0.040846527
376733,0.08460341
376734,0.12183896
376756,0.019423539
376804,0.015103959
376856,0.093916476
376869,0.037144892
376893,0.027704004
377045,0.037308685
377088,0.027038153
377137,0.13684916
377138,0.016059527
377159,0.012756762
377176,0.0334436
377201,0.032956928
377226,0.16755314
377335,0.014952458
377358,0.16432798
377362,0.017781464
377363,0.011282659
377389,0.22214802
377426,0.17781852
377427,0.02767521
377429,0.03157264
377441,0.06836434
377449,0.02248709
377450,0.15101567
377458,0.02912238
377472,0.0850713
377541,0.34531444
377567,0.043489248
377573,0.0077850437
377605,0.058805708
377611,0.06910617
377622,0.029157149
377631,0.036797043
377657,0.014275722
377681,0.041053463
377711,0.018656708
377717,0.034772724
377720,0.14981292
377721,0.23595567
377723,0.040082283
377727,0.02352657
377729,0.035641123
377733,0.017303245
377735,0.021814965
377736,0.016016304
377737,0.053437486
377738,0.011890078
377750,0.14856264
377751,0.06475802
377753,0.03037352
377754,0.03690934
377755,0.07996115
377756,0.05435254
377757,0.10931396
377758,0.020319058
377759,0.0114475265
377760,0.0114675
377761,0.25782624
377762,0.015993405
377763,0.012813353
377764,0.050261628
377765,0.20928437
377766,0.093303606
377767,0.007014964
377768,0.016961798
377771,0.020884968
377772,0.0069579766
377773,0.08581549
377774,0.026081946
377775,0.13085195
377776,0.05447479
377778,0.031352
377779,0.015723072
377780,0.0056980113
377781,0.016006822
377782,0.010668201
377783,0.007548211
377784,0.050604682
377785,0.027975835
377786,0.021839665
377862,0.03570784
377871,0.052398104
377930,0.008533291
377970,0.013047868
377987,0.03504896
377988,0.02920665
377990,0.03942972
377992,0.10821947
377995,0.01831369
378005,0.02339802
378006,0.008032057
378011,0.06215773
378018,0.017395072
378019,0.028270839
378023,0.015404371
378025,0.031377316
378026,0.07820775
378027,0.008066048
378031,0.031458173
378033,0.012139807
378034,0.032030124
378035,0.008486289
378040,0.051505744
378041,0.11153193
378042,0.012933716
378043,0.06367319
378044,0.055708326
378045,0.08855743
378046,0.04722358
378047,0.017248062
378048,0.013696687
378049,0.04880015
378051,0.05191426
378052,0.02676113
378053,0.040222153
378054,0.17097665
378055,0.014386862
378056,0.03234015
378057,0.039853945
378059,0.15368685
378060,0.01447974
378061,0.20510206
378062,0.052955553
378063,0.03548418
378065,0.053180926
378066,0.10102303
378067,0.02746723
378068,0.005550188
378069,0.030800907
378070,0.023840697
378096,0.016936306
378098,0.07786186
378104,0.12160796
378105,0.12887685
378106,0.021310838
378107,0.05266116
378108,0.02546913
378109,0.033622943
378110,0.027518446
378111,0.09895849
378112,0.037212327
378113,0.05794794
378114,0.038104746
378115,0.04362851
378116,0.0878492
378117,0.065952726
378119,0.04452387
378120,0.03655693
378121,0.07812389
378122,0.027663875
378123,0.06703754
378124,0.009131732
378136,0.021824516
378181,0.01724404
378184,0.062036823
378190,0.038042016
378263,0.028389385
378300,0.03991143
378304,0.32326186
378305,0.16616744
378311,0.038756035
378313,0.039144408
378314,0.028504739
378317,0.05217217
378320,0.080042556
378322,0.05591386
378325,0.045918196
378327,0.26425385
378328,0.114313416
378329,0.01852815
378330,0.011060649
378331,0.027450245
378334,0.015159257
378335,0.01418725
378336,0.0084947925
378339,0.017481772
378340,0.04075236
378341,0.054764155
378342,0.14226522
378343,0.0071745305
378344,0.022676244
378345,0.17210291
378346,0.01462446
378347,0.14033175
378348,0.026964312
378349,0.42579103
378350,0.22456561
378351,0.074175306
378352,0.01678839
378353,0.025225464
378354,0.027329903
378355,0.10199584
378356,0.13185705
378427,0.05420716
378434,0.121985935
378564,0.014457779
378671,0.06496876
378689,0.0092241885
378710,0.2614246
378755,0.033249192
378887,0.009429959
378907,0.10235079
378924,0.015707318
378944,0.09344789
378945,0.100603856
378991,0.006200956
379009,0.028795322
379025,0.04280595
379046,0.03918897
379047,0.138098
379048,0.08503573
379052,0.05203089
379065,0.015336031
379066,0.08414857
379076,0.013072872
379080,0.057165157
379085,0.11025345
379086,0.07748184
379087,0.14781144
379089,0.015643178
379094,0.022051215
379095,0.14937316
379101,0.016797196
379102,0.042860087
379103,0.025817592
379105,0.14321595
379108,0.02803101
379111,0.07486125
379112,0.1671894
379113,0.313515
379114,0.06544746
379115,0.036512114
379116,0.0314325
379117,0.036631346
379118,0.022160735
379119,0.5741444
379120,0.0798238
379121,0.014897506
379123,0.04330569
379124,0.06635508
379126,0.057266764
379127,0.007411955
379128,0.037688162
379129,0.0922487
379131,0.16511175
379132,0.108242
379133,0.20229541
379134,0.12717547
379178,0.009579091
379266,0.006230177
379268,0.04682114
379291,0.016069504
379296,0.011163109
379301,0.08967752
379313,0.04401022
379318,0.3449455
379319,0.113549836
379329,0.020137802
379336,0.13569267
379348,0.054415133
379356,0.051233098
379357,0.066449694
379363,0.31473285
379385,0.19517848
379408,0.010160911
379432,0.05545782
379437,0.024286998
379440,0.033488758
379456,0.06748979
379457,0.041983645
379463,0.1150401
379464,0.028050812
379467,0.086878665
379469,0.053044483
379470,0.014108925
379472,0.10408823
379473,0.032155447
379474,0.01850457
379475,0.031059131
379476,0.07421628
379481,0.09429611
379482,0.04870233
379483,0.06794448
379484,0.03388525
379485,0.51363367
379486,0.01991318
379487,0.014581298
379488,0.00751884
379490,0.02857939
379491,0.059854064
379492,0.023180379
379494,0.0062450212
379495,0.031957347
379496,0.0275739
379497,0.021877801
379500,0.24228919
379501,0.09356581
379502,0.105838396
379503,0.05331791
379504,0.01139314
379505,0.06571881
379506,0.009831033
379507,0.014826889
379508,0.068070404
379509,0.10522324
379510,0.04755751
379512,0.008300751
379513,0.088765934
379514,0.49168977
379515,0.03493575
379516,0.036584467
379517,0.06978925
379518,0.04814346
379520,0.081070326
379627,0.04215239
379673,0.21369971
379674,0.009516188
379720,0.11806129
379726,0.032991566
379730,0.008301212
379746,0.017913263
379775,0.04714258
379776,0.015817514
379778,0.4665553
379841,0.012079471
379921,0.016774368
379951,0.037260305
380002,0.11232726
380003,0.14349924
380005,0.057635847
380006,0.29304984
380010,0.05305382
380012,0.07205321
380014,0.28208193
380015,0.1370914
380017,0.05608893
380018,0.10235279
380019,0.0056237183
380020,0.013367429
380022,0.020416094
380023,0.078314535
380025,0.03457535
380026,0.0504604
380028,0.2126007
380030,0.04145319
380031,0.03666165
380032,0.018236801
380033,0.009928753
380034,0.11086149
380035,0.012728738
380037,0.013604333
380038,0.06687535
380039,0.27190143
380040,0.08376713
380064,0.02355208
380065,0.045759242
380121,0.022738675
380122,0.045485847
380130,0.032146152
380219,0.029222991
380228,0.0556916
380229,0.016183393
380366,0.008929092
380408,0.055175763
380414,0.011283165
380487,0.030516764
380488,0.023408504
380489,0.021418288
380494,0.07925545
380543,0.015822263
380553,0.029035095
380600,0.014470052
380625,0.057043802
380635,0.04329199
380643,0.09816564
380762,0.05043364
380773,0.08905138
380781,0.052135814
380785,0.06609241
380787,0.010561023
380788,0.030576143
380789,0.032920673
380797,0.04235633
380800,0.019027874
380802,0.032317843
380805,0.042112295
380806,0.115543
380807,0.53049845
380811,0.030360064
380812,0.025622427
380815,0.016482383
380816,0.035493024
380817,0.041540604
380819,0.10356988
380823,0.010669241
380824,0.04157357
380825,0.039173916
380826,0.18963377
380827,0.29505706
380828,0.04086005
380830,0.017092805
380831,0.099881254
380832,0.12107952
380833,0.008068014
380834,0.011204912
380836,0.16818233
380837,0.022969628
380838,0.075194195
380839,0.0056118015
380840,0.057152327
380841,0.043006174
380879,0.014653125
380901,0.008865405
380928,0.049610175
380956,0.011434763
380979,0.0494436
381037,0.011401187
381047,0.08961199
381074,0.021356244
381104,0.022511978
381121,0.5126531
381130,0.092088476
381133,0.014705753
381139,0.0080849575
381141,0.10834263
381142,0.014962203
381145,0.0030553208
381152,0.018516691
381153,0.08556875
381154,0.20068704
381156,0.0129076885
381160,0.012824593
381164,0.6999939
381168,0.024405144
381171,0.019342544
381173,0.050289463
381174,0.053967636
381176,0.0106694335
381178,0.16532141
381179,0.011346843
381182,0.10072536
381185,0.016417064
381187,0.038829282
381189,0.05012126
381190,0.024051854
381191,0.076339304
381192,0.17620017
381193,0.053315207
381194,0.016905721
381195,0.04440224
381198,0.007791006
381199,0.016985279
381200,0.14005487
381201,0.07598656
381202,0.03596898
381203,0.53374976
381204,0.18593475
381205,0.021088973
381259,0.024721
381288,0.02861729
381289,0.08022179
381335,0.028493846
381344,0.020343471
381367,0.043896757
381376,0.013965997
381381,0.09735469
381397,0.029385095
381406,0.03423434
381412,0.055621453
381421,0.10327217
381424,0.016460173
381427,0.10751066
381428,0.20470943
381429,0.02388342
381430,0.037941147
381434,0.1716657
381435,0.011433897
381436,0.060777944
381437,0.030581558
381438,0.07736028
381439,0.06514312
381444,0.013583186
381446,0.007316353
381447,0.20834582
381449,0.32360744
381450,0.015078074
381453,0.14930622
381454,0.0118135745
381455,0.102536
381456,0.26934308
381457,0.0141884135
381458,0.0100181345
381459,0.039497364
381460,0.016010053
381461,0.09584106
381462,0.15677848
381463,0.025290271
381464,0.12813962
381465,0.0145696625
381466,0.14322509
381467,0.078837775
381468,0.10162321
381469,0.06113334
381470,0.09387221
381471,0.1547414
381472,0.028713962
381473,0.016137775
381475,0.03751549
381476,0.009758404
381477,0.027156731
381478,0.017414594
381479,0.060584497
381480,0.08918099
381481,0.007108782
381482,0.013625033
381483,0.029557686
381495,0.0300316
381545,0.008485747
381580,0.07181711
381657,0.19619447
381674,0.12337655
381691,0.0139596835
381697,0.10563066
381704,0.07392271
381711,0.053654756
381721,0.045623958
381728,0.11051724
381729,0.01135404
381734,0.030178936
381735,0.026190136
381736,0.017151624
381740,0.08677793
381742,0.12726256
381743,0.19131199
381744,0.018051088
381747,0.008436567
381748,0.13781655
381749,0.015460323
381750,0.033378623
381751,0.03838988
381752,0.13300367
381753,0.064483985
381754,0.34250906
381755,0.24064213
381756,0.07727838
381757,0.0076962328
381758,0.009465647
381759,0.070644446
381760,0.029613292
381761,0.31174308
381762,0.017369218
381763,0.04615388
381764,0.17079736
381765,0.1150078
381766,0.0149113
381767,0.04125829
381768,0.05039193
381769,0.049518406
381770,0.058970504
381772,0.013673471
381774,0.01733763
381777,0.01745111
381861,0.018806078
381974,0.08313266
381991,0.07412727
382024,0.07730426
382051,0.041792177
382066,0.015656196
382067,0.009551122
382068,0.03718187
382107,0.024841808
382108,0.09750794
382111,0.029823728
382113,0.018942144
382114,0.07345226
382120,0.019491812
382121,0.08609805
382122,0.04512212
382124,0.119528204
382126,0.0157592
382131,0.0041361684
382132,0.07358608
382135,0.015425145
382136,0.008481421
382137,0.010307367
382138,0.018438438
382140,0.07469021
382141,0.09441817
382142,0.022405492
382143,0.037429005
382144,0.098817654
382145,0.022372905
382146,0.11738255
382147,0.049918354
382149,0.052920654
382150,0.12329312
382152,0.0866265
382153,0.012931474
382164,0.29437852
382180,0.036429375
382239,0.154294
382275,0.04493636
382297,0.009056497
382391,0.033742435
382392,0.08604812
382396,0.10053038
382424,0.00913195
382471,0.099589825
382493,0.011749579
382496,0.02116883
382504,0.018520271
382505,0.07162058
382513,0.010172968
382517,0.23098436
382521,0.14612436
382528,0.010305856
382530,0.0698036
382544,0.17953432
382603,0.37510708
382604,0.030344341
382642,0.02453403
382666,0.011162797
382699,0.012217643
382737,0.0497438
382792,0.13102992
382796,0.0062919427
382807,0.024617188
382813,0.11351977
382817,0.15976377
382818,0.09862213
382826,0.02993346
382845,0.017955264
382846,0.015612815
382850,0.24142008
382851,0.067663066
382856,0.042502664
382858,0.027221262
382859,0.06648834
382862,0.015794776
382863,0.013554661
382865,0.0066785
382866,0.032434143
382868,0.049014896
382870,0.0060703247
382871,0.10227021
382872,0.025545834
382873,0.08688353
382874,0.37712902
382875,0.029044656
382876,0.10511324
382877,0.12573923
382878,0.15531924
382879,0.10461825
382880,0.005458343
382882,0.037140783
382883,0.02485307
382884,0.03706355
382885,0.07561311
382886,0.039303597
382887,0.090068534
382989,0.013342921
383009,0.05901028
383039,0.02553867
383068,0.01306218
383072,0.010424818
383093,0.04168436
383099,0.48989606
383167,0.0160265
383168,0.10361154
383170,0.0730652
383171,0.13514052
383174,0.0055965357
383175,0.00729962
383176,0.034692813
383178,0.08337836
383181,0.1820992
383182,0.07816523
383184,0.0213693
383186,0.03959294
383187,0.012597759
383189,0.0070280144
383190,0.015304938
383191,0.046106465
383192,0.048411116
383194,0.006046212
383195,0.013383242
383196,0.021277703
383197,0.026650608
383198,0.015964039
383199,0.019282132
383200,0.02630039
383201,0.041318703
383202,0.13690454
383203,0.008202674
383204,0.11552426
383205,0.055220798
383206,0.08225272
383207,0.010496821
383208,0.02056983
383279,0.051679928
383335,0.090050526
383384,0.049897164
383394,0.02326522
383400,0.11105703
383401,0.006812197
383409,0.04918548
383410,0.015511141
383412,0.035380267
383414,0.032854345
383419,0.043843295
383422,0.0137996
383425,0.005489503
383426,0.01099807
383427,0.09068634
383428,0.13859972
383429,0.089367345
383430,0.05393898
383431,0.12443533
383433,0.6915191
383434,0.10077908
383435,0.016681109
383436,0.10351618
383437,0.025816943
383438,0.04445508
383439,0.112602785
383440,0.015712818
383441,0.010818891
383442,0.031427063
383443,0.0069815884
383444,0.0070822886
383445,0.0054445495
383446,0.046417307
383447,0.041836023
383448,0.029852342
383449,0.00852027
383450,0.06787327
383451,0.006159122
383452,0.011682205
383453,0.058919042
383454,0.067482494
383533,0.016708873
383583,0.058261443
383608,0.039462462
383622,0.060918603
383673,0.0665818
383804,0.041359324
383806,0.05608144
383812,0.020372324
383814,0.01238693
383816,0.0820474
383825,0.08147047
383827,0.05877923
383833,0.10651821
383841,0.018310403
383842,0.046193816
383849,0.054922815
383859,0.011967322
383883,0.03500461
383891,0.1126903
383910,0.010444178
383925,0.01370046
383943,0.1449478
383946,0.115083635
383959,0.018844726
383960,0.05642629
383961,0.012027471
383962,0.01283271
383979,0.073282555
383985,0.01317419
383990,0.016795414
383999,0.050094925
384001,0.16640218
384003,0.018315926
384008,0.014376209
384019,0.12451965
384020,0.04994243
384065,0.119578026
384102,0.08839792
384154,0.036957398
384155,0.1498904
384171,0.029285103
384177,0.020228846
384183,0.016466346
384186,0.052367702
384198,0.2979505
384199,0.010466142
384201,0.164121
384203,0.12728432
384204,0.0917965
384205,0.0457116
384207,0.008359952
384208,0.024745366
384209,0.06707706
384210,0.026001357
384211,0.049616285
384212,0.08695334
384215,0.23858082
384216,0.09781377
384220,0.16519657
384221,0.005961855
384226,0.07599383
384273,0.01340976
384287,0.026719864
384288,0.044187814
384332,0.101855524
384365,0.016038116
384380,0.15475617
384392,0.014976818
384412,0.005163379
384424,0.11494479
384428,0.023367964
384429,0.114014946
384430,0.01993675
384434,0.019023946
384480,0.031864364
384502,0.16378868
384503,0.016221873
384504,0.077202536
384505,0.07358581
384508,0.011408072
384519,0.010232351
384520,0.12248525
384524,0.013430045
384528,0.017750343
384532,0.05282113
384539,0.050094135
384542,0.0390282
384543,0.26146504
384544,0.019655963
384546,0.041787904
384547,0.021030106
384548,0.10135196
384549,0.011988171
384552,0.03694811
384554,0.020603158
384556,0.022432014
384557,0.019145267
384558,0.054625407
384559,0.0054641888
384560,0.030056715
384561,0.12035084
384562,0.14548993
384563,0.054541606
384564,0.09474203
384565,0.07636304
384656,0.02603887
384657,0.017917883
384672,0.17194767
384679,0.045536302
384680,0.010971573
384689,0.010491332
384692,0.070531815
384695,0.26850924
384710,0.23506042
384712,0.016990935
384715,0.03163749
384735,0.017123654
384749,0.01435957
384751,0.027354645
384753,0.06997108
384757,0.0061489195
384759,0.016656393
384761,0.015734153
384762,0.05456282
384765,0.023003815
384775,0.10290539
384782,0.07309404
384794,0.056839798
384798,0.01537034
384805,0.023501303
384807,0.05883346
384812,0.011291692
384821,0.06503751
384834,0.008993489
384847,0.058577124
384856,0.07160622
384857,0.07545622
384858,0.05295201
384859,0.043851428
384860,0.159569
384861,0.33297163
384862,0.023933548
384863,0.11456588
384864,0.022245204
384865,0.011943874
384866,0.30006987
384867,0.074197285
384868,0.023111738
384869,0.13413909
384870,0.012385466
384871,0.018719876
384873,0.047944758
384874,0.09726644
384876,0.06196339
384877,0.015742775
384878,0.017964281
384880,0.020464083
384881,0.0039125043
384882,0.08966723
384883,0.018644663
384884,0.031866465
384885,0.008469372
384886,0.042941004
384887,0.0054559708
384969,0.0052013714
385023,0.027556594
385049,0.08296724
385081,0.047945775
385091,0.014052122
385092,0.019358503
385093,0.042673137
385094,0.022114534
385106,0.23318419
385107,0.27723518
385110,0.07333694
385111,0.029851204
385113,0.009306636
385114,0.04059815
385115,0.24155708
385117,0.013489422
385119,0.017014943
385120,0.11730295
385121,0.1623001
385122,0.024103565
385123,0.0051374533
385125,0.03930035
385126,0.030914469
385127,0.017679749
385128,0.021171644
385129,0.04042834
385130,0.018282758
385131,0.021773925
385132,0.088978104
385133,0.14101107
385134,0.040146887
385135,0.01124475
385136,0.15207078
385137,0.189585
385138,0.02816569
385139,0.2508419
385140,0.19036199
385141,0.019519616
385142,0.007559501
385143,0.005467305
385144,0.051614083
385145,0.11098122
385146,0.082135715
385147,0.023458162
385149,0.047493175
385151,0.019007728
385152,0.017764183
385153,0.08095538
385197,0.007462252
385230,0.029779047
385231,0.2742995
385252,0.14917035
385299,0.03883268
385351,0.0804802
385376,0.18839705
385405,0.036254585
385452,0.03870122
385479,0.017580913
385510,0.021800295
385522,0.23180233
385524,0.014082805
385544,0.13175844
385563,0.025830237
385566,0.043697085
385571,0.013367069
385585,0.015863758
385586,0.14148217
385611,0.004938272
385621,0.01467696
385623,0.1173826
385628,0.28975087
385633,0.01825544
385634,0.011023571
385643,0.023923274
385650,0.09728577
385656,0.009883727
385666,0.068780884
385693,0.07717906
385705,0.07354869
385706,0.020757956
385835,0.012122479
385847,0.065135434
385867,0.05429041
385871,0.04094968
385872,0.026430044
385879,0.009688608
385883,0.029163852
385884,0.046303067
385885,0.063010216
385889,0.017865159
385893,0.0490289
385894,0.057761747
385898,0.03577704
385899,0.036113862
385902,0.02490316
385903,0.032364246
385904,0.026659457
385905,0.01660673
385906,0.035529956
385907,0.028666513
385908,0.13468255
385909,0.045885783
385910,0.06471297
385973,0.008862853
386003,0.15995128
386013,0.0062273643
386023,0.007640243
386065,0.010108874
386072,0.15335745
386077,0.108013205
386135,0.023667429
386141,0.0078107757
386178,0.15233135
386198,0.05920076
386200,0.011347393
386203,0.084534235
386223,0.041509256
386225,0.0059998613
386245,0.015082911
386250,0.022095496
386253,0.01859144
386254,0.05458209
386255,0.0349423
386262,0.04159572
386263,0.0398934
386264,0.016392821
386267,0.015109239
386268,0.02345683
386276,0.032873433
386279,0.3021537
386281,0.036231775
386282,0.078943215
386283,0.08603946
386284,0.0222839
386285,0.027753666
386286,0.03168444
386287,0.043688573
386288,0.06409519
386289,0.17355658
386290,0.05352001
386292,0.05462768
386293,0.033627555
386294,0.035195332
386295,0.38574165
386296,0.08694834
386297,0.049855873
386299,0.024490945
386300,0.02714342
386301,0.014750577
386302,0.025762934
386303,0.19001359
386304,0.16646643
386305,0.08182085
386307,0.012482487
386308,0.036337376
386309,0.068952195
386310,0.072857685
386311,0.051192295
386347,0.1302385
386350,0.1368017
386352,0.012243352
386365,0.015530255
386378,0.029171892
386380,0.058720976
386399,0.056128114
386458,0.0078823995
386523,0.02663345
386531,0.16843951
386545,0.06300526
386546,0.06889577
386547,0.023936452
386549,0.030682174
386550,0.034224566
386551,0.061168164
386552,0.003399239
386633,0.10039117
386647,0.014726734
386665,0.012168831
386767,0.031503268
386773,0.028046172
386774,0.03016593
386775,0.06889146
386777,0.014422767
386785,0.068075724
386791,0.016060354
386792,0.013526588
386795,0.021371147
386798,0.098917365
386803,0.0307085
386805,0.109678045
386806,0.051804285
386808,0.02663359
386811,0.009815459
386813,0.020491472
386814,0.049374815
386817,0.023975033
386819,0.006836663
386820,0.1124677
386821,0.17537364
386822,0.23889661
386824,0.03653479
386825,0.0539771
386826,0.010167811
386827,0.0981725
386828,0.09626855
386830,0.013293077
386831,0.09469668
386832,0.027415514
386833,0.09304551
386834,0.14325705
386835,0.0082119275
386836,0.024487846
386837,0.13578892
386838,0.011657017
386839,0.07076559
386840,0.012614585
386841,0.110672295
386843,0.106698275
386844,0.057948653
386845,0.019488826
386847,0.06685497
386848,0.032910727
386849,0.02386778
386860,0.047135618
386938,0.011336631
386940,0.025746528
386989,0.036574278
387021,0.06471338
387193,0.1647017
387194,0.089905486
387286,0.12094541
387291,0.0052543753
387292,0.040949665
387324,0.08818303
387325,0.019997457
387329,0.018493917
387331,0.038258206
387333,0.0072066784
387337,0.22084808
387341,0.06644318
387342,0.040456712
387349,0.034016903
387350,0.016058313
387351,0.02821098
387352,0.017120859
387353,0.070082515
387355,0.120848574
387356,0.07764272
387357,0.022537423
387358,0.010231834
387360,0.10654975
387361,0.014180067
387362,0.012033281
387363,0.013005379
387364,0.028788757
387365,0.051155183
387366,0.039429512
387367,0.024351357
387368,0.012578629
387369,0.026049169
387370,0.012777183
387371,0.023075212
387372,0.042538505
387377,0.042258415
387378,0.018013986
387424,0.008739803
387440,0.021462271
387447,0.050666023
387489,0.030300608
387501,0.046151567
387526,0.14993994
387542,0.008969031
387543,0.05355962
387544,0.03012983
387565,0.020352187
387572,0.044821665
387577,0.042681325
387578,0.059095114
387583,0.008185383
387584,0.015586926
387588,0.035543323
387595,0.11839107
387596,0.089929864
387597,0.057492387
387598,0.007011099
387662,0.057969578
387687,0.051795755
387688,0.043119807
387689,0.0358033
387718,0.17216247
387730,0.02548388
387753,0.012895765
387807,0.06149457
387843,0.04508137
387848,0.030842835
387882,0.1169429
387884,0.011824637
387892,0.0071109827
387896,0.04228669
387916,0.080277756
387920,0.02431203
387927,0.12563634
387928,0.014148241
387929,0.052101042
387932,0.019080572
387934,0.061742544
387937,0.0086139785
387942,0.048294973
387947,0.07812968
387948,0.01727788
387952,0.313256
387953,0.022609573
387954,0.020992577
387955,0.0748256
387956,0.038916856
387957,0.082117796
387958,0.12641424
387960,0.01388203
387961,0.05558045
387962,0.04572592
387963,0.105103254
387964,0.18087563
387965,0.012732286
387966,0.049309276
387967,0.023638332
387968,0.037067056
387969,0.009945774
387970,0.035968337
387971,0.16262466
387972,0.030597342
387973,0.05199356
388053,0.1347128
388056,0.035584815
388057,0.054942846
388078,0.048519187
388079,0.0103339
388127,0.039505787
388155,0.08167071
388159,0.00867332
388169,0.04114831
388170,0.07032763
388173,0.022871306
388174,0.014958213
388176,0.02211185
388179,0.047070798
388182,0.040910564
388183,0.051013015
388187,0.057986233
388189,0.0152106155
388191,0.012705821
388193,0.046670698
388194,0.023447929
388195,0.028390156
388196,0.024588177
388198,0.019458909
388199,0.1379764
388201,0.13803157
388202,0.10893062
388203,0.11610443
388204,0.07773214
388206,0.09956856
388208,0.022377143
388209,0.035151664
388210,0.048468262
388211,0.009284492
388212,0.017605096
388213,0.03127113
388214,0.012415369
388215,0.14894937
388216,0.030831553
388217,0.048639677
388218,0.03248555
388219,0.010846906
388220,0.39641002
388221,0.05170409
388222,0.022685189
388223,0.015652621
388237,0.14871448
388238,0.046216756
388242,0.030927386
388243,0.07955151
388248,0.04914411
388249,0.15280491
388251,0.0323647
388253,0.047133442
388255,0.026380876
388256,0.04426299
388258,0.02661418
388259,0.06159221
388260,0.04454724
388262,0.24942651
388263,0.08668525
388264,0.013807578
388265,0.23654997
388266,0.026521102
388267,0.10254795
388269,0.25543454
388270,0.026499173
388271,0.04005353
388272,0.043620948
388273,0.017156726
388274,0.093383946
388275,0.088266924
388276,0.039053693
388397,0.072831556
388428,0.107423
388429,0.02838524
388448,0.011901719
388449,0.0032849757
388460,0.075240016
388463,0.17470838
388465,0.15460609
388505,0.058146063
388508,0.049721513
388511,0.011410849
388525,0.01621387
388554,0.0909081
388561,0.29638192
388566,0.048661746
388572,0.007857963
388574,0.04624873
388585,0.021930099
388589,0.0068740128
388590,0.078636974
388594,0.020451734
388596,0.042150494
388616,0.08100408
388621,0.04861567
388622,0.03863279
388627,0.038249794
388633,0.101768665
388639,0.017459923
388647,0.054264564
388655,0.05718608
388665,0.08231476
388667,0.040101063
388668,0.018068189
388669,0.08138738
388679,0.05527616
388683,0.014975911
388687,0.006657409
388688,0.022718381
388700,0.08151084
388703,0.09233203
388704,0.047036275
388705,0.09026901
388707,0.015154595
388712,0.030493597
388729,0.021037368
388733,0.027440801
388748,0.025177881
388754,0.03380592
388763,0.08145599
388777,0.047224984
388790,0.038107783
388800,0.18110728
388801,0.014388629
388812,0.0813701
388816,0.2085027
388835,0.098196335
388837,0.024322007
388842,0.00554161
388847,0.03617417
388848,0.016909257
388849,0.16803487
388850,0.108953476
388859,0.19986276
388864,0.018233538
388865,0.138795
388870,0.06205228
388872,0.024312606
388873,0.045842387
388879,0.010537879
388890,0.06807318
388898,0.040736042
388899,0.09307856
388900,0.02769704
388913,0.29223764
388919,0.02998363
388921,0.2018168
388929,0.02982033
388945,0.10570904
388962,0.27044517
388963,0.018999565
388985,0.044908933
388986,0.029500745
388992,0.114376314
388993,0.044211045
389002,0.04906596
389006,0.007964389
389009,0.06754975
389018,0.07196167
389048,0.08927908
389051,0.054225903
389068,0.06454562
389069,0.049289573
389070,0.006290652
389080,0.022747705
389085,0.0118647525
389090,0.03469467
389094,0.07117041
389097,0.15746994
389098,0.016330173
389101,0.08061699
389104,0.013909507
389131,0.43234065
389133,0.066463776
389134,0.004997154
389143,0.07275651
389176,0.10555821
389181,0.011448178
389192,0.039278746
389202,0.03838684
389222,0.017488709
389225,0.11747558
389227,0.10289417
389239,0.028385198
389245,0.06948315
389248,0.018633472
389258,0.045264896
389266,0.07191476
389268,0.050458223
389277,0.031789724
389280,0.057043094
389300,0.01936919
389319,0.03907366
389330,0.03753279
389338,0.018289242
389356,0.09788534
389363,0.2828581
389371,0.018021606
389377,0.2083689
389398,0.011592137
389409,0.03228468
389415,0.012131081
389418,0.036028523
389420,0.12078539
389426,0.0813639
389433,0.039059315
389434,0.014818924
389440,0.13645996
389441,0.01486413
389443,0.30152866
389448,0.21275419
389464,0.020706955
389466,0.018127104
389471,0.1128037
389473,0.044602834
389480,0.03561045
389481,0.009341077
389483,0.10680914
389486,0.013442418
389490,0.115755074
389500,0.007009962
389507,0.19636686
389509,0.011351244
389515,0.2868197
389517,0.022804495
389523,0.0074824924
389527,0.016955495
389529,0.24387294
389532,0.059408586
389539,0.043473855
389550,0.028649446
389551,0.022330804
389552,0.044081982
389554,0.25215453
389563,0.103588656
389566,0.11506681
389572,0.019348072
389573,0.04575028
389585,0.039719433
389587,0.008290608
389589,0.011650892
389592,0.015773663
389601,0.2891184
389603,0.01500256
389604,0.06962584
389617,0.018419545
389618,0.11336455
389619,0.03558446
389622,0.044119336
389623,0.023731185
389627,0.04332047
389644,0.10780581
389667,0.017445812
389678,0.17225698
389694,0.008373266
389700,0.027786398
389707,0.0043469756
389714,0.018909805
389717,0.053615004
389732,0.027466347
389737,0.07039565
389741,0.04552722
389755,0.07219146
389756,0.15210117
389763,0.05030728
389772,0.09519496
389777,0.017886298
389778,0.054980308
389796,0.03729237
389798,0.011330377
389805,0.023571508
389807,0.052683376
389815,0.014184351
389818,0.07195972
389823,0.014128938
389824,0.017803917
389831,0.0069323606
389856,0.08715864
389860,0.01913332
389862,0.03893683
389872,0.07937647
389875,0.011058682
389878,0.044730492
389879,0.09166008
389881,0.007448855
389895,0.035736714
389897,0.029669948
389898,0.03622545
389924,0.059965193
389929,0.010680158
389934,0.108609565
389947,0.078213856
389962,0.07722063
389981,0.0063734446
390003,0.04934601
390006,0.042338695
390011,0.008826915
390041,0.03227513
390044,0.056523126
390045,0.02611624
390047,0.04756284
390048,0.16829544
390052,0.12856765
390056,0.019914236
390061,0.03642549
390065,0.027167208
390070,0.06802501
390073,0.06252907
390076,0.01870222
390087,0.050262112
390092,0.041003827
390095,0.015392873
390099,0.2150833
390107,0.06671102
390116,0.009832154
390130,0.010406495
390133,0.1369017
390144,0.059952226
390155,0.031314455
390159,0.031023478
390181,0.02623312
390183,0.0123827895
390214,0.0098187355
390222,0.08711943
390230,0.035029992
390235,0.012654557
390237,0.008360272
390242,0.48029464
390256,0.014933291
390259,0.17525378
390261,0.0699418
390268,0.08720139
390271,0.02160479
390274,0.0383674
390276,0.048741344
390279,0.0421949
390283,0.282744
390285,0.0098097045
390299,0.06668687
390316,0.010428404
390321,0.046882823
390330,0.04137303
390343,0.05390473
390346,0.092377394
390357,0.050306186
390359,0.12246362
390361,0.10601731
390365,0.018108647
390366,0.054092072
390372,0.17849241
390376,0.09180022
390378,0.14636552
390388,0.061324622
390391,0.013640753
390400,0.07529325
390407,0.06944975
390411,0.07759393
390419,0.011655457
390423,0.018140173
390437,0.018034507
390445,0.032399297
390449,0.029591369
390455,0.08745991
390465,0.07845379
390491,0.051071297
390492,0.16088109
390494,0.060108136
390495,0.071423694
390497,0.01213158
390504,0.06147955
390508,0.035773877
390510,0.08424658
390512,0.01983888
390524,0.01519538
390531,0.020749524
390558,0.09421718
390561,0.036748063
390564,0.0044024037
390569,0.05217623
390574,0.08262117
390575,0.030657472
390587,0.14374602
390620,0.111022845
390621,0.08020406
390633,0.13190308
390634,0.07934773
390638,0.10375471
390639,0.019381488
390642,0.009522168
390647,0.17239559
390648,0.017848434
390663,0.10555041
390686,0.01892236
390688,0.10594706
390690,0.017523216
390691,0.053773824
390696,0.22234991
390703,0.06509814
390711,0.07970839
390722,0.030628217
390736,0.28632298
390747,0.21586226
390752,0.15215722
390760,0.066087306
390774,0.02307988
390777,0.023889286
390781,0.052161764
390793,0.02124927
390838,0.09339813
390847,0.09157321
390851,0.058676917
390854,0.010719139
390858,0.029598914
390864,0.049459662
390871,0.13698801
390905,0.0368425
390908,0.054133598
390910,0.01426965
390917,0.012754243
390919,0.005263449
390920,0.039115768
390922,0.022135228
390928,0.06475062
390929,0.03616682
390953,0.09353777
390955,0.014898536
390959,0.017808164
390962,0.024252733
390971,0.110488266
390972,0.042698257
390990,0.0075062173
390994,0.12070783
390997,0.3151432
391015,0.017828355
391034,0.040335327
391038,0.06550705
391043,0.02131655
391048,0.033779074
391049,0.039342336
391056,0.030724501
391060,0.0849807
391072,0.048350055
391073,0.02114633
391077,0.01691568
391086,0.009278885
391092,0.034786113
391096,0.027674815
391118,0.038942534
391123,0.06287019
391136,0.039877594
391137,0.010040511
391145,0.027385117
391162,0.022347845
391164,0.20843755
391168,0.12530148
391172,0.052269097
391184,0.068311624
391188,0.021121558
391198,0.018441692
391207,0.014653945
391208,0.01010392
391209,0.24108413
391230,0.053013325
391232,0.06730151
391236,0.031972896
391237,0.16975242
391245,0.024317278
391269,0.015381709
391274,0.046053506
391275,0.069917716
391276,0.054365773
391279,0.15047835
391285,0.018020013
391306,0.020975696
391310,0.032390513
391321,0.006079518
391327,0.04460043
391341,0.17456488
391350,0.012120433
391353,0.0049307663
391354,0.009816749
391357,0.035014983
391367,0.44063264
391371,0.046934135
391384,0.03653222
391387,0.027350804
391388,0.21796902
391392,0.011605894
391408,0.0049129007
391433,0.010356047
391439,0.026116747
391443,0.086540885
391445,0.016246622
391449,0.039644368
391450,0.031280193
391461,0.076986015
391469,0.008646222
391486,0.014977991
391487,0.0822087
391500,0.014362999
391501,0.023940977
391505,0.0057779695
391516,0.02648646
391517,0.009573591
391522,0.022982517
391539,0.07193741
391543,0.19090214
391546,0.034269594
391552,0.16471905
391555,0.03161277
391564,0.020213539
391565,0.023695631
391570,0.017008644
391586,0.049199108
391587,0.04581969
391588,0.026801212
391590,0.040075712
391613,0.31907043
391614,0.08648853
391617,0.0046362425
391623,0.057031713
391635,0.06146348
391653,0.03931398
391661,0.1330905
391670,0.044135597
391682,0.03934372
391713,0.008609687
391717,0.058989625
391726,0.29126555
391738,0.04084994
391740,0.022194393
391741,0.0064621954
391742,0.053365238
391756,0.036687374
391765,0.21324603
391766,0.11450876
391768,0.09451582
391771,0.013985223
391784,0.03417402
391786,0.3365423
391791,0.05029416
391798,0.018760916
391820,0.3188966
391831,0.028961353
391842,0.018009016
391843,0.0069394372
391853,0.03955838
391858,0.09632551
391866,0.20888892
391867,0.0064306264
391870,0.031440943
391879,0.0477162
391903,0.07822162
391915,0.07042189
391920,0.010553466
391929,0.0956946
391935,0.0105919875
391944,0.029831849
391945,0.1640101
391947,0.06517549
391957,0.036128365
391960,0.0373454
391966,0.05460722
391977,0.0259557
391983,0.022747688
391990,0.1041935
391999,0.011156531
392010,0.005834533
392011,0.016238477
392012,0.014996503
392013,0.008770419
392015,0.0043992084
392027,0.02703088
392029,0.14591692
392031,0.051715348
392035,0.028667644
392042,0.014084217
392049,0.0118057765
392050,0.082950644
392062,0.03594187
392068,0.07842108
392071,0.06351167
392079,0.014795584
392087,0.05041794
392106,0.04388562
392111,0.015417417
392123,0.06657883
392127,0.15585342
392132,0.12731422
392149,0.12076382
392151,0.074883
392175,0.213968
392186,0.078172445
392190,0.22012994
392196,0.07524039
392202,0.031639382
392212,0.061161894
392221,0.14857313
392224,0.2366238
392230,0.026684985
392232,0.11011141
392234,0.12206123
392239,0.067072734
392240,0.12646483
392241,0.0044098767
392243,0.13569233
392250,0.02619651
392253,0.015265321
392258,0.023226215
392260,0.027383786
392270,0.2613773
392280,0.06930693
392283,0.02389193
392293,0.031008085
392311,0.094228424
392316,0.015477082
392317,0.15521543
392319,0.092939995
392328,0.011761422
392363,0.07036634
392369,0.033245094
392371,0.030706348
392372,0.07101291
392386,0.06606519
392389,0.1756222
392390,0.0978213
392391,0.22725219
392398,0.006632686
392399,0.026107386
392404,0.09538051
392405,0.012700477
392408,0.16178653
392422,0.060235236
392423,0.02658405
392424,0.0228403
392429,0.031190641
392430,0.046692796
392431,0.04470718
392437,0.016674982
392450,0.029402
392458,0.018380791
392460,0.029660445
392469,0.17464532
392474,0.037978213
392491,0.22961012
392495,0.0136041
392513,0.20188908
392526,0.122246824
392527,0.15777358
392534,0.03897858
392540,0.33040193
392554,0.06405703
392571,0.038122833
392578,0.041694533
392583,0.018485213
392588,0.10238672
392594,0.08988381
392604,0.015286959
392610,0.22629638
392613,0.014229628
392619,0.08332371
392622,0.4308761
392624,0.012563061
392629,0.22794001
392634,0.08293198
392639,0.006955032
392649,0.032756582
392671,0.07936385
392680,0.42543906
392682,0.00853478
392684,0.018839803
392685,0.19300997
392686,0.35668427
392699,0.014309144
392704,0.008942329
392709,0.04598273
392714,0.14341386
392717,0.030874578
392727,0.01829391
392730,0.113467224
392741,0.02965029
392754,0.006258392
392762,0.030986357
392774,0.024049984
392775,0.06391993
392793,0.042305395
392800,0.15692267
392809,0.039566748
392812,0.012705083
392814,0.023026172
392820,0.056370065
392825,0.0119868135
392847,0.03593154
392849,0.18865739
392861,0.14684305
392868,0.0795768
392880,0.09389874
392882,0.024860779
392888,0.0710282
392905,0.027537085
392909,0.0753797
392915,0.053624023
392925,0.026227973
392931,0.013740126
392933,0.018497081
392935,0.030789012
392939,0.033508494
392951,0.018053222
392960,0.006468769
392962,0.05113775
392964,0.077773124
392970,0.022014886
392980,0.022429336
392981,0.041843522
392985,0.026782226
392990,0.039896976
392992,0.18340246
392998,0.073907666
392999,0.038473066
393007,0.03140408
393009,0.030296586
393012,0.06337088
393014,0.031002806
393015,0.033078212
393035,0.09941051
393055,0.012022232
393056,0.06472849
393075,0.044212934
393078,0.015380703
393094,0.03788882
393111,0.03881549
393115,0.04674567
393117,0.24627806
393118,0.029599292
393128,0.109818205
393129,0.023068426
393136,0.014727041
393138,0.03241352
393139,0.104037695
393156,0.028553907
393159,0.46437207
393168,0.04004143
393172,0.037661154
393177,0.029947115
393189,0.0025219002
393194,0.21359631
393201,0.036281947
393202,0.056396417
393209,0.013764717
393216,0.14592944
393218,0.1430564
393224,0.017889176
393227,0.11789845
393232,0.028673166
393256,0.06557097
393257,0.06991068
393258,0.19672982
393267,0.022765184
393269,0.0681126
393275,0.08510838
393278,0.086219415
393279,0.05020537
393312,0.06708547
393318,0.048742574
393343,0.03846316
393351,0.07259472
393356,0.0075405138
393361,0.18549645
393370,0.06254947
393381,0.016236056
393395,0.11455058
393405,0.0070012007
393416,0.03641968
393419,0.02040498
393430,0.048524156
393443,0.14952177
393454,0.16384885
393478,0.008308291
393489,0.011807589
393499,0.048046254
393503,0.030378465
393505,0.1172248
393507,0.022689221
393526,0.033728097
393537,0.009520865
393543,0.023395127
393555,0.02027093
393562,0.044279914
393573,0.21186006
393587,0.26101232
393591,0.06132578
393606,0.016379442
393621,0.100434065
393624,0.016235137
393625,0.35068783
393628,0.11569491
393633,0.01395067
393641,0.054812256
393642,0.05603687
393650,0.012486256
393658,0.063273855
393669,0.015042523
393671,0.05916973
393672,0.03134796
393680,0.012297848
393683,0.30174357
393684,0.056106005
393691,0.008911452
393696,0.016358597
393699,0.017959906
393708,0.01896002
393709,0.090237856
393711,0.13559076
393720,0.12926397
393738,0.016858049
393740,0.024459047
393762,0.0040065316
393774,0.01013669
393776,0.025792098
393778,0.024713019
393793,0.016341398
393804,0.10123494
393818,0.17953013
393821,0.01527258
393822,0.010577966
393833,0.3008702
393839,0.067264326
393840,0.14306673
393843,0.017408384
393852,0.00511211
393855,0.022202276
393860,0.1505342
393864,0.07398667
393877,0.119216725
393882,0.14528501
393884,0.0741674
393886,0.010716502
393892,0.026133304
393894,0.020844204
393902,0.07179295
393909,0.12121216
393910,0.011779487
393911,0.015040819
393934,0.017941393
393936,0.12726837
393939,0.11054592
393940,0.019538797
393943,0.021562465
393946,0.05186562
393950,0.016169926
393953,0.034398388
393959,0.28897062
393974,0.20329076
393980,0.0879047
393983,0.019395048
393985,0.0355512
393992,0.020514125
393995,0.108414255
394008,0.24647835
394010,0.029685896
394022,0.012021633
394062,0.015321281
394063,0.085266985
394066,0.02288494
394069,0.078149915
394071,0.039388534
394082,0.04179108
394087,0.09300218
394095,0.008028405
394097,0.1980998
394106,0.029232139
394113,0.66222453
394115,0.2014344
394125,0.023375567
394131,0.035541385
394132,0.06845398
394141,0.07361934
394145,0.16652845
394153,0.43175858
394159,0.008914504
394180,0.023215592
394186,0.018988544
394200,0.043184176
394203,0.024723515
394210,0.056418557
394214,0.1136153
394218,0.2385913
394231,0.03696259
394240,0.15336877
394248,0.06851716
394249,0.003476346
394254,0.0697082
394264,0.053172726
394267,0.11586509
394269,0.12463311
394275,0.09553429
394289,0.010138936
394295,0.027569836
394305,0.15462825
394308,0.017833993
394317,0.008454457
394323,0.21013097
394332,0.020645954
394336,0.11380146
394345,0.26502573
394346,0.014298547
394347,0.032755937
394351,0.05498562
394355,0.2082565
394360,0.01448662
394372,0.0474019
394373,0.062304765
394374,0.032508235
394382,0.17200822
394385,0.0508062
394409,0.06941979
394415,0.019070772
394433,0.0144903585
394445,0.046385564
394448,0.061751995
394451,0.15530753
394467,0.021562671
394471,0.012903278
394473,0.10513223
394474,0.02634665
394476,0.18004613
394492,0.022436231
394502,0.023806449
394506,0.051467314
394510,0.051989533
394515,0.005418827
394535,0.111721955
394537,0.19783872
394539,0.045627672
394541,0.039374027
394564,0.061201595
394567,0.033410512
394568,0.046578515
394571,0.06750944
394576,0.02025819
394579,0.19687577
394585,0.037755426
394588,0.0035771765
394606,0.05470248
394623,0.0062871487
394632,0.16673036
394635,0.053252187
394642,0.021217313
394653,0.05437262
394689,0.010598676
394695,0.033987068
394699,0.06860167
394706,0.046397246
394712,0.11282288
394721,0.44617778
394722,0.03822989
394739,0.015374945
394742,0.23944007
394761,0.05459668
394775,0.05296684
394777,0.13192931
394783,0.12223884
394800,0.14678763
394803,0.008770071
394804,0.3096621
394815,0.016630078
394835,0.11424343
394843,0.41032955
394845,0.1837104
394847,0.011402308
394848,0.14627416
394850,0.043126985
394857,0.015994687
394873,0.06231498
394892,0.08527687
394898,0.016875658
394904,0.04524126
394918,0.15550742
394920,0.07481541
394926,0.006672455
394927,0.047493916
394940,0.013144673
394942,0.01822194
394943,0.06567011
394959,0.045572728
394977,0.10490403
394991,0.057038274
395014,0.20435497
395027,0.019589867
395042,0.101280905
395062,0.079933174
395063,0.37279108
395064,0.046755917
395076,0.033892803
395085,0.07595165
395095,0.027666343
395100,0.014761205
395105,0.096075065
395108,0.012699584
395110,0.06295838
395114,0.16266651
395123,0.115890525
395131,0.045450337
395144,0.035077125
395152,0.11451932
395159,0.061947055
395166,0.045159623
395197,0.0411199
395210,0.01904377
395212,0.026578922
395216,0.10513649
395218,0.07777455
395224,0.010297923
395225,0.048838813
395233,0.07604785
395237,0.014871449
395246,0.021402061
395248,0.19995964
395262,0.04021443
395271,0.02098831
395275,0.03379523
395286,0.02778518
395316,0.040435854
395318,0.23803587
395328,0.045612704
395334,0.03604497
395337,0.23162474
395338,0.029034
395346,0.042399205
395365,0.13659911
395373,0.07648312
395383,0.3351755
395387,0.029057594
395391,0.009594287
395401,0.10297836
395432,0.006784285
395443,0.0048381253
395447,0.03920759
395448,0.06695758
395450,0.037734937
395456,0.012635976
395459,0.10817667
395462,0.036589805
395488,0.22827892
395492,0.013679023
395495,0.027637677
395504,0.13868962
395507,0.017777152
395508,0.15135863
395509,0.042883847
395513,0.06724993
395515,0.09737527
395517,0.5279627
395520,0.063480936
395524,0.010127548
395525,0.010115907
395533,0.029450547
395538,0.017797666
395545,0.01212176
395553,0.02134268
395576,0.05632487
395585,0.08036001
395590,0.018094238
395593,0.014174542
395595,0.014021377
395603,0.09399763
395604,0.06689177
395611,0.19624314
395612,0.03203512
395617,0.017288763
395624,0.011222281
395653,0.088487156
395665,0.040807795
395668,0.08012451
395672,0.059092216
395677,0.03132805
395692,0.01157274
395693,0.18495342
395694,0.030614564
395696,0.02527632
395699,0.020392701
395703,0.018933902
395712,0.08451667
395731,0.021597099
395732,0.03341362
395735,0.032896023
395736,0.031661786
395744,0.08485183
395763,0.033153005
395771,0.01664681
395774,0.013721353
395784,0.036120545
395790,0.03026281
395792,0.3606832
395796,0.03901229
395808,0.0934374
395810,0.040245663
395814,0.036228243
395831,0.11634249
395836,0.054133236
395837,0.05508592
395852,0.044841994
395854,0.006610716
395856,0.04789687
395857,0.053651307
395860,0.013963735
395862,0.022203116
395875,0.035740748
395880,0.013074298
395893,0.084854424
395900,0.015294522
395908,0.09306051
395921,0.20191847
395922,0.011997712
395926,0.13271193
395933,0.011896161
395936,0.009992227
395940,0.030713113
395951,0.08519206
395964,0.012405544
395969,0.052026894
395971,0.022811731
395973,0.021786878
395975,0.06860708
395984,0.18579608
395993,0.018555714
396012,0.08805061
396033,0.25583676
396035,0.043775108
396036,0.08241153
396041,0.01666338
396048,0.123341836
396049,0.032617193
396057,0.042739503
396060,0.036213998
396063,0.018472528
396078,0.06064517
396085,0.14075525
396087,0.01624101
396094,0.04236957
396104,0.009810095
396110,0.033880543
396123,0.15741493
396139,0.024782695
396160,0.018141266
396165,0.0589443
396169,0.07162635
396182,0.0118520595
396200,0.40026727
396201,0.010407906
396202,0.035474427
396216,0.08062733
396227,0.10674074
396236,0.013153374
396240,0.1417987
396249,0.035839718
396252,0.038052298
396253,0.11871232
396276,0.075290196
396297,0.054059234
396301,0.013261707
396310,0.021255568
396327,0.06438591
396330,0.039116662
396331,0.05608154
396334,0.027624596
396337,0.037869625
396343,0.038759205
396346,0.02759242
396350,0.28688958
396368,0.014390414
396375,0.20521855
396378,0.091629006
396380,0.13119237
396393,0.01771439
396397,0.0200067
396403,0.032077692
396404,0.40465495
396408,0.029205965
396414,0.040112775
396418,0.31578913
396420,0.04016436
396426,0.02731389
396428,0.020028673
396434,0.16235317
396435,0.019567585
396437,0.011029092
396442,0.030507399
396444,0.019193733
396449,0.015428387
396453,0.05698906
396464,0.050032187
396474,0.016140506
396483,0.023081113
396496,0.023790123
396501,0.0831339
396505,0.03278315
396506,0.014189834
396512,0.015924472
396513,0.14671583
396518,0.028299656
396530,0.050645642
396542,0.0444558
396549,0.026106322
396553,0.0133144595
396555,0.2557064
396557,0.0145628955
396562,0.12470789
396566,0.058376614
396588,0.07278071
396589,0.06552921
396590,0.08084673
396597,0.013880246
396602,0.004966963
396609,0.15182354
396614,0.2687828
396617,0.04219239
396620,0.10920978
396625,0.19178124
396638,0.033471502
396640,0.035098895
396646,0.055275347
396648,0.052033942
396653,0.026356589
396663,0.049477905
396668,0.017348234
396670,0.06293207
396678,0.016468892
396681,0.012365932
396698,0.016427077
396699,0.1235522
396710,0.10188364
396713,0.036859017
396729,0.030391173
396732,0.13088776
396735,0.21707134
396752,0.22337386
396754,0.020567222
396761,0.02184693
396769,0.057133496
396777,0.02207742
396789,0.09780554
396790,0.014639021
396792,0.038935643
396824,0.043871615
396829,0.029061884
396830,0.05547066
396844,0.08834401
396849,0.029847931
396855,0.20566723
396864,0.13444085
396865,0.0964712
396866,0.027672518
396883,0.030624138
396889,0.0996196
396893,0.022100154
396900,0.15710823
396904,0.060099404
396912,0.012899935
396916,0.00780236
396922,0.004457951
396926,0.019186808
396928,0.031273153
396931,0.1554396
396944,0.012839889
396949,0.035570014
396952,0.101569384
396979,0.18695751
396984,0.011319283
396986,0.026565712
396992,0.012470813
396995,0.4158606
397014,0.08357631
397025,0.0210446
397046,0.25734103
397047,0.03876474
397051,0.018525505
397052,0.034222394
397058,0.014823043
397071,0.0336456
397081,0.048536383
397084,0.017574094
397086,0.26888406
397088,0.03349448
397090,0.1810386
397093,0.032219615
397106,0.007836086
397109,0.2209407
397110,0.06435907
397118,0.015492964
397119,0.037635576
397120,0.0062705902
397127,0.030511696
397128,0.03025358
397129,0.05758546
397132,0.020607207
397138,0.025336575
397139,0.09478956
397146,0.35020238
397148,0.13587318
397149,0.083708845
397166,0.045536894
397167,0.065673076
397168,0.027628554
397171,0.02504146
397178,0.085287094
397185,0.014998618
397191,0.039548665
397195,0.01969641
397197,0.12526101
397198,0.03822021
397211,0.06956348
397213,0.018929094
397216,0.008579075
397219,0.05541663
397226,0.021583252
397241,0.021048283
397249,0.12710999
397261,0.022988122
397265,0.018277548
397281,0.009509589
397304,0.035844415
397306,0.01802458
397325,0.06869287
397327,0.022277465
397345,0.3202691
397360,0.009995276
397378,0.009357928
397383,0.030303193
397384,0.01619026
397399,0.10024329
397415,0.016803227
397433,0.011149172
397444,0.3159882
397452,0.129608
397458,0.028987102
397460,0.057160202
397462,0.056870304
397464,0.020935494
397466,0.14887916
397472,0.011442367
397474,0.01938908
397476,0.10403162
397482,0.18457954
397492,0.109386876
397494,0.004107685
397501,0.14744309
397507,0.14999352
397512,0.09799252
397513,0.03146516
397517,0.017240303
397533,0.045380928
397549,0.1573746
397560,0.015622422
397562,0.022840006
397570,0.044831023
397575,0.012398483
397584,0.039935373
397585,0.008984475
397593,0.006187175
397609,0.06449533
397615,0.01151964
397630,0.11505741
397631,0.04780769
397633,0.110465124
397641,0.017557029
397664,0.01166476
397668,0.0072491644
397674,0.040656943
397679,0.036795765
397681,0.07023954
397694,0.018931907
397695,0.060871836
397707,0.24498071
397713,0.07240449
397714,0.08366155
397715,0.025386028
397724,0.014362023
397726,0.1381142
397729,0.009422335
397739,0.0110432245
397741,0.009333572
397759,0.029189961
397761,0.011517932
397767,0.09829336
397776,0.23811413
397782,0.18167575
397785,0.08629676
397789,0.03055291
397793,0.030772556
397794,0.06891498
397804,0.03757037
397815,0.008212909
397816,0.027105838
397825,0.026483048
397857,0.09393262
397861,0.03435582
397890,0.056295365
397891,0.28356048
397900,0.047968782
397903,0.03104527
397911,0.024053572
397925,0.038144566
397928,0.06649349
397954,0.016172497
397955,0.005665983
397962,0.025354166
397971,0.019372117
397975,0.08343944
397984,0.048706345
397989,0.008388594
397993,0.048909396
398004,0.02175481
398032,0.19553766
398038,0.013685546
398043,0.029994283
398046,0.014917026
398051,0.17242657
398061,0.022404382
398082,0.032164752
398086,0.03286328
398087,0.083927676
398088,0.09736556
398093,0.045842323
398103,0.016773462
398106,0.04497266
398109,0.04270256
398110,0.0072291843
398113,0.042202603
398116,0.054803725
398132,0.020430906
398135,0.046812385
398138,0.036641218
398159,0.09944409
398163,0.04780718
398165,0.042660262
398166,0.08252722
398173,0.08118872
398179,0.053270116
398181,0.02967878
398189,0.022978403
398196,0.023040542
398206,0.0726093
398208,0.05008557
398220,0.020590963
398231,0.056514647
398234,0.363421
398239,0.021367086
398254,0.00494612
398260,0.031922195
398261,0.015953535
398269,0.12350074
398274,0.012325364
398279,0.012004105
398280,0.052578464
398292,0.09323505
398293,0.07222427
398295,0.12137704
398329,0.024823532
398337,0.06202483
398344,0.019046938
398347,0.022087099
398348,0.37750944
398352,0.004091872
398355,0.14697999
398360,0.25271362
398363,0.033757508
398368,0.053676873
398373,0.09269714
398377,0.058434363
398384,0.019629788
398389,0.043416005
398394,0.14303546
398397,0.013226536
398400,0.046148445
398409,0.04142288
398429,0.017805068
398432,0.04865912
398444,0.40852097
398446,0.1781934
398456,0.0086691715
398461,0.026735054
398473,0.019922143
398480,0.019629335
398481,0.107227854
398485,0.08654787
398488,0.6639182
398500,0.027533794
398520,0.10383102
398524,0.12166116
398534,0.07636255
398554,0.0075142803
398572,0.07468829
398580,0.040550992
398586,0.026268238
398592,0.31502447
398606,0.12217994
398619,0.026492005
398621,0.10774342
398625,0.05432538
398645,0.20632125
398652,0.26451895
398656,0.019368725
398661,0.17916712
398667,0.028644206
398669,0.08003533
398676,0.028261688
398690,0.019959774
398699,0.075131685
398715,0.077076316
398718,0.006162528
398721,0.031509977
398729,0.03191598
398737,0.034048382
398738,0.046029035
398752,0.12121866
398757,0.04017263
398759,0.017544594
398764,0.20359649
398771,0.06731065
398773,0.013932292
398775,0.033688545
398779,0.1131809
398791,0.23633982
398807,0.041255057
398811,0.07284997
398814,0.0759982
398817,0.01935761
398829,0.016303517
398830,0.03366872
398838,0.0042728744
398839,0.122749135
398841,0.08465669
398850,0.034427978
398852,0.0072577787
398858,0.028455736
398859,0.030221835
398862,0.09290047
398870,0.100641
398875,0.063217156
398902,0.007798386
398910,0.00689081
398919,0.10597277
398929,0.058803447
398935,0.282002
398940,0.01146301
398953,0.3174327
398956,0.026843108
398963,0.002757255
398966,0.1591157
398967,0.07640778
398968,0.107562
398974,0.037841283
398976,0.037840743
398982,0.029346325
398993,0.03848801
399011,0.06591088
399016,0.061866295
399017,0.025211347
399020,0.06750126
399047,0.0637261
399053,0.3956846
399056,0.006349145
399061,0.053416464
399066,0.124887995
399074,0.013909458
399086,0.046679035
399088,0.115055926
399091,0.06175871
399092,0.065211825
399093,0.04473452
399100,0.010416962
399124,0.018438006
399131,0.06724257
399142,0.024870584
399149,0.01959148
399158,0.20628618
399160,0.015547971
399167,0.0072948965
399169,0.03317035
399171,0.005871919
399174,0.037691798
399178,0.09480367
399179,0.30165204
399184,0.030085841
399185,0.009040794
399186,0.050196197
399191,0.030625097
399192,0.02401743
399195,0.20355384
399212,0.16619222
399221,0.060102403
399223,0.1454154
399230,0.22015183
399246,0.13960196
399260,0.03735307
399261,0.055755384
399266,0.011244896
399289,0.13517223
399293,0.034839924
399299,0.028307587
399306,0.025995122
399321,0.015586553
399328,0.027501589
399344,0.017637087
399352,0.023570409
399358,0.016742319
399374,0.15492658
399382,0.2688648
399385,0.04535502
399388,0.031230148
399399,0.018994693
399410,0.0068550725
399417,0.0040757325
399423,0.0209914
399427,0.0064494107
399429,0.060537472
399435,0.023536531
399439,0.015233056
399451,0.14443068
399454,0.022656456
399458,0.08417513
399468,0.013060539
399477,0.060640916
399483,0.06019101
399493,0.015317864
399494,0.055192128
399499,0.08342678
399503,0.09271102
399510,0.02659618
399511,0.016520333
399525,0.093178175
399528,0.0508648
399533,0.03995818
399538,0.08514328
399551,0.12901732
399568,0.14331932
399571,0.019502431
399585,0.012058851
399589,0.084293015
399595,0.0146450335
399598,0.023472516
399605,0.066857435
399616,0.025096586
399617,0.02937861
399622,0.020481257
399627,0.13607395
399635,0.12430538
399639,0.413818
399641,0.043371912
399643,0.03029962
399659,0.0056320615
399667,0.06910424
399683,0.036503274
399702,0.12406115
399706,0.13451852
399720,0.012657683
399727,0.0571573
399730,0.13489197
399734,0.04356162
399751,0.02922282
399754,0.17992646
399759,0.19865358
399768,0.022678876
399770,0.13946672
399781,0.059110146
399786,0.11299344
399799,0.01791349
399811,0.011112034
399813,0.020316081
399820,0.0705188
399832,0.0112972325
399851,0.17551576
399853,0.0117600085
399855,0.037080497
399860,0.0953537
399876,0.26687622
399877,0.0481642
399881,0.0033792194
399882,0.02032043
399903,0.03599855
399906,0.105610624
399912,0.12283309
399915,0.07968808
399921,0.01432816
399935,0.050105754
399936,0.11871252
399938,0.04393284
399939,0.017396593
399940,0.019915802
399949,0.08422152
399953,0.0038725124
399959,0.20945475
399968,0.03313345
399969,0.008145819
399972,0.01630321
399974,0.0070719807
399976,0.026908265
399979,0.10053864
399988,0.062029995
399994,0.2185338
399996,0.10420979
399997,0.05005946
400000,0.029930126
400004,0.025842283
400011,0.056896903
400014,0.2595297
400015,0.01650234
400017,0.069933146
400046,0.06750637
400063,0.056650553
400065,0.03270086
400069,0.029544711
400075,0.006651856
400088,0.010943933
400091,0.01343881
400105,0.032474227
400108,0.14586246
400113,0.03724958
400119,0.055803876
400123,0.03841645
400127,0.019224977
400136,0.044027697
400137,0.21020308
400138,0.06363893
400158,0.07328736
400172,0.03940488
400174,0.044930696
400224,0.08943241
400229,0.13835128
400236,0.46654347
400240,0.013082232
400249,0.00691419
400258,0.08959587
400268,0.11055229
400272,0.007069386
400284,0.053459235
400292,0.027783196
400295,0.056314368
400308,0.04573451
400314,0.030245159
400315,0.0054055434
400331,0.2426005
400332,0.035138763
400339,0.030769302
400342,0.060889594
400361,0.07952973
400363,0.09443499
400365,0.011437703
400374,0.11842717
400379,0.012923023
400382,0.019422747
400416,0.018556572
400422,0.04296024
400436,0.045288987
400460,0.10260842
400462,0.22750126
400468,0.07694547
400482,0.04341656
400489,0.019212065
400490,0.1108937
400501,0.021418588
400519,0.035126522
400525,0.21169691
400526,0.009334259
400529,0.19827236
400540,0.03603334
400543,0.09284751
400545,0.03132574
400556,0.031077506
400572,0.036907822
400584,0.012247585
400589,0.031916052
400593,0.19801351
400597,0.018154731
400616,0.028335515
400642,0.06909277
400643,0.06903382
400649,0.015246785
400672,0.071486704
400685,0.015106252
400693,0.075340755
400695,0.09949241
400701,0.0162528
400720,0.022616195
400741,0.051574543
400745,0.12240617
400750,0.009667658
400779,0.0725621
400784,0.032568518
400792,0.10348599
400800,0.011427239
400811,0.021235341
400813,0.34654382
400820,0.0034759277
400830,0.027011892
400833,0.018311763
400834,0.034425184
400841,0.009540479
400855,0.292021
400856,0.089832895
400860,0.033422332
400866,0.022347081
400869,0.05817544
400870,0.06219387
400880,0.021886298
400882,0.017258955
400915,0.042687465
400921,0.1460248
400923,0.09766056
400925,0.012629759
400936,0.030877994
400943,0.15292263
400962,0.011481972
400963,0.12154492
400967,0.031175276
400970,0.041479263
400975,0.012643208
400981,0.27346775
400983,0.16187422
400987,0.07324579
400988,0.014946775
400994,0.09824745
400998,0.22006588
401002,0.014468166
401003,0.056880407
401005,0.038053397
401007,0.026164578
401022,0.19304252
401029,0.33396637
401035,0.020999834
401036,0.18904217
401040,0.0110343415
401045,0.02278412
401053,0.024242844
401065,0.035470407
401067,0.06400243
401069,0.017210206
401073,0.22519743
401074,0.10410135
401078,0.04233964
401082,0.28682843
401086,0.038864158
401092,0.042894956
401097,0.029782092
401098,0.015333441
401099,0.12275075
401100,0.0652565
401107,0.067548156
401119,0.17781222
401120,0.021287194
401137,0.30197588
401142,0.17742306
401162,0.01800175
401163,0.22916496
401172,0.014981327
401179,0.09418075
401182,0.026359621
401184,0.12212581
401190,0.011008521
401207,0.032432564
401210,0.02851319
401220,0.030298034
401225,0.031512264
401230,0.23273884
401240,0.007980091
401246,0.08377138
401256,0.34916717
401273,0.011010096
401274,0.048341066
401287,0.07633919
401292,0.044198345
401305,0.09548712
401310,0.010225379
401311,0.055496752
401321,0.03682609
401332,0.02619004
401338,0.014000056
401345,0.040946335
401368,0.101204574
401375,0.43092042
401378,0.023264283
401379,0.03571928
401395,0.047097817
401403,0.028921694
401406,0.008506179
401415,0.044294093
401424,0.03204774
401425,0.0127467755
401428,0.16705292
401430,0.048862383
401436,0.026509032
401440,0.03720182
401443,0.07642196
401447,0.009080402
401448,0.03851008
401450,0.009042203
401459,0.017220343
401462,0.021451352
401470,0.36947545
401479,0.045436285
401481,0.020651743
401486,0.080045566
401496,0.011005606
401497,0.040878877
401502,0.037239626
401508,0.05089255
401513,0.05634397
401517,0.21714218
401519,0.21988559
401533,0.23499799
401536,0.3288078
401547,0.010397693
401581,0.022287393
401582,0.024000114
401586,0.060859464
401593,0.38712272
401603,0.100802526
401621,0.060299978
401625,0.052551594
401635,0.5574536
401646,0.047067735
401649,0.046863224
401660,0.051218234
401668,0.13170686
401686,0.015787441
401706,0.119642586
401712,0.06423736
401721,0.025319895
401725,0.10350129
401730,0.26895314
401741,0.010597653
401743,0.058064632
401748,0.014174364
401751,0.023141583
401770,0.033880327
401791,0.0045425836
401792,0.05844358
401808,0.12916668
401816,0.01118188
401820,0.14102422
401821,0.019745827
401828,0.010902158
401830,0.19544742
401832,0.015655862
401839,0.039935637
401852,0.007275986
401868,0.033330344
401876,0.022975245
401879,0.3058666
401882,0.0074238903
401894,0.027297687
401899,0.107301064
401901,0.2694008
401913,0.038628083
401919,0.027884258
401920,0.030264325
401923,0.005950755
401924,0.1216005
401932,0.15368854
401942,0.58441263
401949,0.066057235
401950,0.14222768
401951,0.019949764
401952,0.044471815
401971,0.19484031
401972,0.020982413
401973,0.0611255
401974,0.05538591
401983,0.07333399
401984,0.013974694
401988,0.022962611
401989,0.05516698
401990,0.015927492
402024,0.055581506
402029,0.09444075
402030,0.10249313
402041,0.03683218
402042,0.07196728
402043,0.02035773
402052,0.088395044
402053,0.018158557
402054,0.028873682
402057,0.03283985
402067,0.039895464
402068,0.009420724
402069,0.11510939
402070,0.06765651
402071,0.01570337
402073,0.01663339
402074,0.033668406
402075,0.07034366
402076,0.06870165
402077,0.019162068
402078,0.40784398
402079,0.19853833
402080,0.018019017
402081,0.0040545105
402082,0.04658834
402089,0.17181678
402090,0.018990602
402091,0.045149285
402092,0.047703896
402094,0.04259023
402095,0.012924145
402096,0.040587377
402109,0.037722833
402151,0.08659359
402152,0.015117082
402153,0.04201101
402155,0.037531152
402201,0.01254901
402210,0.05417523
402212,0.08029376
402218,0.010253183
402227,0.16923533
402234,0.12817669
402236,0.015172734
402242,0.03032668
402243,0.014150732
402244,0.24464723
402245,0.010006613
402250,0.030747985
402251,0.082602866
402254,0.21229334
402255,0.22219762
402256,0.08607733
402257,0.21764761
402258,0.09224236
402259,0.014512246
402260,0.020576917
402261,0.32368767
402262,0.018266879
402263,0.1338991
402264,0.0070633288
402265,0.027741265
402266,0.06885483
402267,0.08730804
402268,0.006992122
402270,0.02324078
402271,0.021539694
402272,0.103594884
402273,0.027114036
402274,0.0069635184
402275,0.035448354
402276,0.03226577
402277,0.027002713
402278,0.012648627
402279,0.059529454
402280,0.009723981
402362,0.08398855
402363,0.0110372
402364,0.016527316
402370,0.0051105665
402376,0.013810643
402381,0.11111713
402384,0.037716195
402389,0.017202366
402414,0.03722273
402416,0.009474799
402417,0.024345309
402420,0.026676279
402426,0.016738616
402436,0.2308271
402444,0.025353877
402447,0.052583847
402449,0.031369094
402454,0.36765766
402458,0.12058164
402460,0.07016774
402466,0.02489265
402475,0.08301352
402498,0.18455897
402502,0.035344526
402505,0.09563654
402509,0.061966565
402513,0.18554562
402517,0.008363682
402519,0.027651427
402522,0.14447077
402523,0.035051994
402525,0.038299285
402528,0.1098285
402534,0.07120767
402536,0.030186396
402542,0.024361454
402548,0.112541944
402552,0.081917904
402559,0.037387613
402563,0.017024133
402568,0.038245406
402573,0.056500923
402574,0.037428726
402575,0.04340791
402577,0.052360635
402602,0.015180424
402603,0.09079257
402604,0.029421518
402614,0.14008695
402615,0.09606709
402616,0.011184041
402617,0.22842248
402618,0.11955866
402619,0.026303511
402639,0.03920864
402640,0.051214367
402641,0.43281773
402642,0.018001623
402643,0.0067072595
402644,0.01864407
402645,0.02610723
402649,0.01861285
402650,0.116447985
402653,0.024701864
402654,0.010405057
402655,0.14961703
402656,0.13287534
402657,0.04365109
402658,0.022139296
402659,0.022097355
402662,0.0060935905
402696,0.00687934
402705,0.028741464
402707,0.080087334
402708,0.07607334
402709,0.016891185
402729,0.11183935
402730,0.07052863
402732,0.047121994
402739,0.045470905
402740,0.082408436
402741,0.06848553
402744,0.35127482
402745,0.13682728
402746,0.013268807
402772,0.052636813
402773,0.035492506
402774,0.039943185
402780,0.019851893
402781,0.03321915
402782,0.15705155
402790,0.016960075
402803,0.13154584
402808,0.11480876
402809,0.009470887
402810,0.122928
402811,0.07230606
402815,0.06872819
402820,0.044207007
402821,0.09495207
402822,0.032866977
402824,0.06495294
402825,0.025516376
402870,0.037845157
402875,0.013260797
402924,0.25425446
402925,0.02861078
402926,0.016059628
402927,0.027756406
402928,0.058681253
402929,0.056332257
402930,0.09367348
402931,0.009479851
402932,0.021811161
402933,0.15639865
402940,0.03715442
402953,0.034572747
402954,0.030075444
402955,0.023064444
402956,0.041798342
402957,0.0070787733
402970,0.016141059
402973,0.05194114
402974,0.049612273
402975,0.01495613
402976,0.08792516
402977,0.01746144
402978,0.03837368
402979,0.11147699
402980,0.13355103
402981,0.092054866
402982,0.07832065
402993,0.16585343
402994,0.046287164
403099,0.028812883
403137,0.010907555
403138,0.024495607
403165,0.02927386
403192,0.17364554
403214,0.022969803
403223,0.0092725
403238,0.049031947
403244,0.16397478
403246,0.01449851
403252,0.054016903
403254,0.10358312
403255,0.020092806
403259,0.03570941
403262,0.030636506
403277,0.018575119
403280,0.11605581
403281,0.10161971
403287,0.024912464
403315,0.20259866
403318,0.1326155
403319,0.016845388
403327,0.013114815
403331,0.014812748
403342,0.22137664
403349,0.09956069
403353,0.023538798
403364,0.02299642
403369,0.012793595
403373,0.12989983
403376,0.01903556
403378,0.012053788
403384,0.014299859
403385,0.002366893
403386,0.03539554
403388,0.049673166
403396,0.020922277
403398,0.08255367
403404,0.06537211
403410,0.034757193
403414,0.03750994
403417,0.066799276
403422,0.02951813
403424,0.05812469
403438,0.036325406
403451,0.02482012
403452,0.030733822
403453,0.033819463
403454,0.073085606
403455,0.065541625
403464,0.038331233
403465,0.02353957
403466,0.01012895
403500,0.09352518
403501,0.06470629
403524,0.25483203
403525,0.09271781
403526,0.010896547
403527,0.015727542
403542,0.07896545
403543,0.016011454
403549,0.009464657
403550,0.02857346
403551,0.07360376
403552,0.07878414
403553,0.020945424
403554,0.061165456
403558,0.010849471
403559,0.042745963
403560,0.4489087
403561,0.28236696
403562,0.18511473
403564,0.0664963
403565,0.022127043
403566,0.0153609505
403600,0.07882324
403602,0.026540412
403603,0.03063224
403662,0.016292902
403685,0.05145454
403686,0.003009732
403687,0.007507412
403688,0.221636
403689,0.5847738
403690,0.56313384
403691,0.04369634
403692,0.03496844
403696,0.020382637
403697,0.11484772
403698,0.009648988
403699,0.124248564
403701,0.10471556
403702,0.09627299
403703,0.11579311
403704,0.070290186
403705,0.019165304
403712,0.039353367
403713,0.023596179
403714,0.16763674
403715,0.03404942
403718,0.040600613
403722,0.2088676
403723,0.025954299
403724,0.15156688
403725,0.011727516
403726,0.019977784
403764,0.03842942
403765,0.015175649
403766,0.10769298
403770,0.16454698
403771,0.009656545
403772,0.11794939
403795,0.087560825
403799,0.03003999
403800,0.055772215
403801,0.008455088
403802,0.20796749
403803,0.3144344
403811,0.06628185
403814,0.023506053
403815,0.02474279
403816,0.017345522
403817,0.028000286
403818,0.017607573
403820,0.027390722
403821,0.046126164
403822,0.07216118
403823,0.01478957
403824,0.3039011
403825,0.006285918
403826,0.009448035
403828,0.028453242
403834,0.03615899
403836,0.151173
403837,0.069456644
403838,0.044253305
403839,0.039064717
403873,0.04315196
403876,0.12431927
403902,0.029137915
403918,0.030101903
403922,0.024915598
403928,0.09851423
403929,0.059548598
403931,0.006204468
403932,0.01351043
403933,0.051162805
403935,0.03090661
403936,0.25708464
403937,0.061871804
403938,0.02192246
403943,0.02587659
403944,0.015051025
403945,0.021916488
403946,0.07424479
403948,0.1061186
403951,0.15188213
403955,0.038546614
403956,0.11918899
403957,0.040377263
403958,0.029044308
403960,0.09978115
403961,0.008429
403962,0.13435893
403963,0.0071641956
403964,0.09365143
403965,0.058921486
403966,0.07378558
403967,0.027310293
403968,0.21329707
403969,0.05644902
403970,0.05290438
403971,0.050880767
403972,0.2892793
403973,0.05381673
403974,0.27005625
403975,0.009054359
403976,0.0109449215
403977,0.044550043
403978,0.035235547
403979,0.0052028554
403980,0.12215291
403981,0.028774329
403982,0.0030377577
404062,0.084390186
404067,0.0083079925
404070,0.01882762
404079,0.024462827
404084,0.019919744
404108,0.14076287
404112,0.032616798
404118,0.11074105
404121,0.013107831
404122,0.08521465
404126,0.07845493
404140,0.026995184
404152,0.053089857
404156,0.39011008
404158,0.03057777
404160,0.02948213
404172,0.013872723
404174,0.025262982
404180,0.095194384
404186,0.025558122
404190,0.100141205
404192,0.06966676
404206,0.017785765
404207,0.15149277
404213,0.09133941
404216,0.11787976
404220,0.09870429
404227,0.0515883
404235,0.012084102
404247,0.2838667
404259,0.010042615
404266,0.10417599
404267,0.037699744
404274,0.51428854
404276,0.07767582
404277,0.007798932
404278,0.033374384
404279,0.020139571
404280,0.14379956
404287,0.03630356
404288,0.21580365
404289,0.008641369
404290,0.25193298
404291,0.006923127
404293,0.06185965
404302,0.044960093
404303,0.032007325
404304,0.09823479
404307,0.024074983
404308,0.034544732
404309,0.13469747
404310,0.06960271
404311,0.27939788
404312,0.07657038
404323,0.020326568
404324,0.050522096
404325,0.044077873
404326,0.03147392
404327,0.102678955
404328,0.021167055
404329,0.012524174
404330,0.08835473
404331,0.026840815
404335,0.06952218
404336,0.059400924
404337,0.26926905
404364,0.1836642
404379,0.031642724
404380,0.5408011
404381,0.18980679
404382,0.068609156
404385,0.03058038
404390,0.023258142
404391,0.029271621
404392,0.368385
404393,0.03262933
404396,0.060156602
404400,0.020940993
404401,0.012786087
404402,0.048650235
404403,0.15556331
404404,0.041662287
404405,0.07414211
404406,0.0059155533
404437,0.08207097
404439,0.068697564
404461,0.3001022
404462,0.060517825
404464,0.0067941723
404468,0.1345395
404469,0.0523731
404470,0.062858
404471,0.010473053
404472,0.098169245
404473,0.028102158
404474,0.029170725
404475,0.034824327
404477,0.035658088
404478,0.029277079
404554,0.04982034
404555,0.035448045
404556,0.021173889
404557,0.014709905
404569,0.04840405
404571,0.026825279
404585,0.04336631
404586,0.018799078
404592,0.16080384
404595,0.008360525
404596,0.083848156
404597,0.04542234
404603,0.2194347
404606,0.04271732
404607,0.13458575
404608,0.03305057
404609,0.022598118
404620,0.14394839
404689,0.018666383
404708,0.009082772
404734,0.0998854
404771,0.04716615
404806,0.01501716
404818,0.045895465
404850,0.01190645
404870,0.0716445
404923,0.0156852
404934,0.19912007
404938,0.036128767
404954,0.024018018
404957,0.08715554
404963,0.06356604
404964,0.007857338
404969,0.07338725
404970,0.08422452
404979,0.033510692
404997,0.0070547946
404998,0.042290296
405009,0.15543798
405016,0.011637638
405018,0.009730879
405035,0.102974124
405036,0.05053317
405038,0.124263935
405047,0.030341942
405055,0.010021344
405060,0.052258402
405066,0.044545013
405081,0.05906327
405084,0.18179676
405089,0.10173316
405098,0.03325966
405100,0.046441622
405114,0.018362507
405118,0.045370676
405119,0.15048814
405120,0.03181851
405121,0.09080573
405124,0.0390491
405125,0.18761426
405132,0.039042845
405179,0.007942091
405193,0.046273492
405194,0.09201163
405195,0.017657487
405206,0.024722282
405207,0.016198734
405211,0.009526859
405215,0.008613251
405217,0.21047667
405219,0.057885345
405220,0.13668288
405231,0.051524688
405232,0.08853383
405291,0.023806531
405316,0.03591197
405317,0.05419852
405318,0.027474172
405319,0.018921684
405320,0.04298338
405325,0.0106188515
405326,0.010240373
405333,0.031742245
405334,0.14009392
405349,0.32186374
405351,0.06505447
405353,0.027394578
405354,0.46477407
405361,0.05200113
405362,0.018600898
405363,0.14805982
405364,0.23983279
405365,0.06013472
405366,0.07014085
405372,0.06216676
405397,0.010472164
405402,0.094210684
405409,0.06694122
405410,0.31467912
405411,0.026148977
405412,0.022833724
405435,0.012976599
405436,0.02208835
405438,0.019886306
405442,0.020968318
405443,0.15421475
405444,0.015798496
405445,0.039282363
405446,0.017006924
405468,0.01580366
405489,0.10653439
405490,0.10736057
405498,0.017400851
405509,0.037826568
405510,0.009696906
405511,0.061462525
405512,0.010528288
405517,0.05747941
405518,0.058605544
405523,0.031537835
405544,0.01353782
405546,0.027197558
405552,0.22509257
405583,0.008354743
405592,0.044767287
405599,0.010264593
405602,0.0130422935
405607,0.0036756296
405613,0.05740451
405620,0.16557713
405624,0.12881903
405625,0.024447413
405626,0.008201815
405632,0.0636405
405633,0.014570461
405637,0.08468827
405640,0.12542422
405642,0.07738758
405646,0.016657626
405647,0.015093159
405650,0.14601292
405653,0.056432135
405654,0.077424094
405660,0.021423183
405666,0.086882
405667,0.074136965
405668,0.025866264
405669,0.04154027
405671,0.029918112
405672,0.015571125
405673,0.033030868
405674,0.020598952
405675,0.039543405
405676,0.035744075
405677,0.022777101
405679,0.0149635095
405680,0.18977484
405682,0.03424563
405683,0.032374997
405684,0.022405174
405685,0.12730405
405687,0.0073176175
405689,0.0034238794
405690,0.018211188
405691,0.13320842
405692,0.055755444
405693,0.044759322
405695,0.044035967
405696,0.04728582
405697,0.017468676
405698,0.11604197
405699,0.00924241
405700,0.2581239
405701,0.16498396
405702,0.08409004
405761,0.046604954
405765,0.02340454
405769,0.021456957
405784,0.13528277
405811,0.0077228164
405814,0.024092425
405816,0.11994777
405818,0.079118684
405821,0.011026074
405822,0.0046757166
405838,0.022012623
405841,0.0139448345
405846,0.031519584
405855,0.030153614
405857,0.028497633
405858,0.104062
405860,0.04124273
405861,0.062547326
405871,0.04334424
405879,0.010469001
405880,0.020912822
405886,0.030837096
405901,0.043252457
405904,0.061749686
405905,0.015774146
405906,0.027845021
405927,0.027069787
405930,0.043671664
405944,0.031965114
405946,0.00979633
405954,0.108217776
405963,0.024773711
405964,0.005009687
405965,0.01413066
405966,0.08499686
405970,0.025931617
405971,0.0596669
405992,0.030994218
405996,0.01306982
405999,0.011538308
406002,0.06813801
406003,0.014827083
406004,0.017309174
406005,0.02660872
406006,0.06695527
406007,0.16035056
406008,0.10415677
406028,0.007961687
406029,0.040370192
406043,0.029586177
406044,0.014488427
406045,0.15175426
406046,0.06806271
406048,0.011848603
406050,0.04443294
406051,0.02003095
406052,0.12420839
406053,0.123147584
406077,0.042194024
406082,0.1452953
406083,0.46798927
406084,0.045893576
406098,0.011851125
406099,0.115835056
406100,0.21219264
406113,0.10755636
406114,0.076856636
406115,0.07269495
406116,0.022650097
406117,0.006882701
406127,0.026887275
406128,0.053669084
406129,0.10252646
406132,0.023233064
406133,0.02304017
406134,0.01893272
406135,0.2260343
406136,0.05363294
406137,0.09389114
406138,0.10493709
406139,0.09210729
406142,0.05286484
406143,0.25251034
406175,0.06891451
406176,0.026013816
406177,0.019226562
406194,0.045760226
406195,0.008026466
406208,0.07065371
406210,0.049807694
406216,0.13027401
406217,0.07404466
406227,0.03555486
406228,0.015443632
406253,0.03133579
406254,0.007915009
406260,0.047317665
406267,0.041826587
406269,0.01741039
406276,0.2205152
406277,0.018028347
406279,0.017962795
406288,0.020200426
406297,0.07739326
406308,0.11325363
406310,0.21724871
406320,0.015171756
406336,0.01790077
406352,0.011476613
406365,0.04606434
406369,0.1302121
406371,0.052365746
406401,0.058282297
406408,0.03525799
406409,0.013627976
406475,0.36292806
406492,0.043997496
406510,0.10507793
406519,0.07239288
406565,0.16564372
406584,0.099964574
406596,0.01984731
406598,0.009737695
406605,0.08994906
406609,0.019753328
406610,0.038178444
406611,0.010677055
406654,0.09377898
406670,0.032314956
406675,0.1496415
406681,0.07992269
406682,0.011520812
406695,0.02908948
406697,0.0379397
406712,0.09909972
406719,0.042049475
406725,0.113522895
406734,0.018221704
406743,0.106102586
406778,0.041712046
406784,0.106483765
406786,0.039305065
406791,0.081303015
406792,0.047320902
406803,0.074114196
406812,0.011899844
406813,0.0347119
406814,0.087302424
406841,0.027214076
406842,0.071682304
406843,0.008741206
406848,0.12843074
406861,0.01749055
406862,0.126612
406863,0.0072998144
406864,0.010097864
406865,0.065860584
406871,0.07426838
406872,0.10519058
406873,0.2279771
406893,0.032739133
406919,0.041875184
406920,0.027214713
406921,0.07757093
406923,0.08738267
406924,0.07816847
406925,0.0044085803
406926,0.054128382
406927,0.1569423
406936,0.010054313
406937,0.20569618
406938,0.014839045
406939,0.024959555
406940,0.040120747
406941,0.022224553
406952,0.029177004
406953,0.0500194
406954,0.05570235
406962,0.04542521
406963,0.45560282
406964,0.030541679
406965,0.18089218
406966,0.05861578
406967,0.021401042
406968,0.057059627
406969,0.38208443
406970,0.04855184
406971,0.10258457
406972,0.07276749
406973,0.04670315
406974,0.068333246
406975,0.03832649
406976,0.007528306
406977,0.025347896
406985,0.031896554
406987,0.024773438
407025,0.102791816
407031,0.049977414
407033,0.14474201
407039,0.04885415
407041,0.049363956
407044,0.055837497
407046,0.025486272
407053,0.02950967
407061,0.022450054
407069,0.060154423
407070,0.05519557
407072,0.0114700915
407073,0.02326459
407081,0.067434676
407082,0.09251667
407088,0.013397265
407091,0.09505757
407097,0.004324535
407104,0.10480796
407105,0.33199468
407106,0.015755087
407121,0.021996364
407128,0.018228255
407137,0.02016748
407144,0.18047582
407145,0.18151091
407154,0.06483912
407162,0.09631497
407164,0.056694187
407168,0.2860775
407203,0.039580774
407210,0.100835346
407215,0.025909867
407218,0.015427263
407228,0.017371643
407262,0.12704353
407274,0.33472112
407280,0.18323003
407288,0.016033793
407298,0.011300792
407299,0.30932483
407302,0.12837036
407303,0.1909089
407305,0.17698613
407306,0.09716696
407307,0.02050464
407313,0.005911075
407314,0.006380464
407315,0.014883028
407316,0.021513123
407322,0.08273306
407323,0.056026753
407324,0.03462687
407325,0.03186229
407329,0.10945895
407330,0.14072329
407332,0.039815556
407333,0.06859766
407334,0.039906144
407335,0.087175004
407336,0.079812154
407337,0.08887798
407338,0.123994745
407339,0.01462702
407340,0.018315185
407341,0.06078463
407342,0.016172186
407343,0.08985552
407344,0.01541282
407345,0.011384687
407346,0.12785351
407353,0.09581121
407364,0.03698537
407365,0.019139165
407366,0.020542448
407370,0.05086829
407373,0.17420256
407376,0.12422319
407386,0.020908222
407388,0.015483886
407391,0.0144759035
407393,0.020832235
407427,0.029500501
407452,0.04537268
407454,0.060876943
407457,0.011970686
407462,0.01683086
407463,0.029771348
407468,0.20888193
407469,0.2603419
407478,0.043945078
407482,0.022282733
407487,0.061587278
407489,0.07898818
407498,0.4650121
407516,0.11841092
407519,0.050416294
407528,0.13118702
407532,0.29277602
407534,0.14703684
407543,0.022579666
407546,0.15246302
407550,0.026554028
407555,0.018381506
407558,0.0377271
407587,0.016243976
407588,0.0139257265
407594,0.16310275
407596,0.03317458
407598,0.02630234
407602,0.053663492
407605,0.02342427
407613,0.096256204
407619,0.22094737
407625,0.042812653
407627,0.023248645
407629,0.053020734
407631,0.020412112
407633,0.027869828
407636,0.15456462
407645,0.56727934
407648,0.02519679
407669,0.013486615
407674,0.0054272525
407675,0.03621118
407676,0.044771858
407677,0.07484308
407678,0.27551436
407679,0.036713198
407680,0.16057505
407681,0.038492355
407682,0.019800467
407684,0.17255075
407692,0.036826115
407693,0.3028788
407694,0.073279485
407695,0.017012112
407696,0.08693463
407697,0.08584627
407698,0.050655916
407699,0.030092206
407702,0.048916563
407703,0.07308627
407725,0.081834815
407726,0.07045737
407729,0.1602016
407731,0.015339374
407745,0.09911748
407749,0.022728717
407750,0.010343134
407751,0.12129549
407752,0.38046744
407753,0.25798258
407754,0.048574004
407755,0.13882813
407756,0.02118427
407765,0.034643095
407766,0.036515824
407767,0.025540467
407768,0.017755548
407773,0.075297296
407774,0.05913401
407778,0.051330537
407779,0.03749552
407780,0.30702466
407781,0.06466932
407782,0.013351642
407783,0.08947717
407784,0.055532303
407825,0.11855935
407826,0.006298132
407828,0.028084537
407829,0.015467268
407830,0.23094893
407831,0.015904974
407832,0.02885012
407838,0.022557886
407839,0.051984236
407840,0.016754406
407841,0.046530023
407842,0.043171465
407855,0.12294459
407857,0.049007062
407881,0.09834454
407882,0.13828354
407885,0.013922584
407915,0.021820907
407916,0.012246864
407918,0.067210644
407919,0.048681714
407920,0.02387471
407921,0.1047322
407922,0.007904314
407927,0.04065036
407934,0.031864595
407941,0.13824485
407942,0.015149746
407943,0.026765766
407944,0.062641524
407946,0.027980503
407947,0.01292994
407952,0.008230773
407955,0.053572625
407978,0.12770982
407986,0.01393662
408003,0.08491993
408006,0.014019683
408008,0.004949465
408015,0.02060733
408016,0.020252934
408028,0.100191586
408035,0.019121002
408042,0.024660105
408044,0.1969047
408052,0.012033133
408053,0.031602245
408056,0.03136038
408068,0.020693563
408071,0.028594999
408074,0.03126611
408085,0.092417255
408089,0.026941413
408091,0.03520018
408098,0.01757127
408106,0.05846364
408108,0.18341863
408116,0.26824823
408126,0.03224281
408130,0.12512033
408135,0.010077909
408148,0.034996513
408168,0.14453773
408170,0.07877804
408172,0.06719304
408176,0.015381333
408181,0.030639537
408191,0.0074136774
408194,0.094873324
408213,0.03892742
408248,0.019493904
408249,0.0083038295
408250,0.036862824
408256,0.14276487
408261,0.06737325
408262,0.060195766
408268,0.076771475
408269,0.019579872
408273,0.042189155
408280,0.05978029
408286,0.13285783
408347,0.091278605
408349,0.009041683
408350,0.01693612
408351,0.020369623
408352,0.012901438
408355,0.031002048
408356,0.045429025
408357,0.037533
408384,0.058142386
408385,0.05612825
408386,0.033135235
408387,0.009600519
408388,0.021357741
408389,0.045638427
408390,0.06046875
408391,0.10497287
408392,0.16561271
408393,0.059336267
408398,0.019450748
408399,0.03441223
408400,0.020301683
408405,0.013836308
408406,0.016749913
408437,0.019577889
408459,0.017631931
408460,0.04885157
408463,0.05493207
408467,0.014553014
408468,0.09150118
408471,0.015965918
408477,0.13311186
408478,0.021903357
408479,0.01358949
408481,0.0147544015
408482,0.018590998
408483,0.027792595
408484,0.03763882
408485,0.08680183
408486,0.016641594
408489,0.07519837
408490,0.023855364
408504,0.0033200313
408506,0.031793434
408508,0.11236669
408514,0.010135057
408515,0.029740985
408516,0.04701779
408517,0.120382115
408518,0.10400597
408523,0.05003691
408524,0.014513095
408525,0.012260648
408526,0.16194253
408531,0.037984304
408579,0.014577917
408580,0.075963385
408581,0.015785174
408599,0.09133504
408615,0.076419495
408616,0.021263894
408617,0.1308828
408619,0.008695922
408622,0.07517015
408624,0.03533474
408625,0.022900011
408626,0.013527722
408627,0.07981294
408651,0.03367175
408658,0.022983775
408659,0.14248559
408660,0.0677308
408661,0.016685577
408662,0.07079171
408688,0.021376973
408689,0.28358305
408690,0.05336057
408695,0.054803587
408696,0.04825385
408701,0.0706518
408702,0.03511144
408705,0.025931492
408728,0.05935698
408742,0.014159051
408759,0.027486006
408766,0.04864355
408768,0.120871946
408774,0.042139824
408775,0.22701079
408780,0.009393939
408790,0.014864152
408791,0.018020347
408792,0.03049739
408794,0.036501125
408797,0.088547386
408808,0.053186998
408830,0.057414185
408857,0.008882636
408863,0.067331366
408874,0.3604975
408880,0.052465685
408885,0.01847201
408890,0.027502488
408898,0.12794243
408902,0.02177747
408903,0.018908544
408905,0.05570738
408908,0.0116133215
408911,0.013597737
408921,0.1503666
408932,0.02129233
408933,0.08605483
408935,0.17871706
408960,0.08572376
408968,0.015858069
408985,0.0154313
408986,0.022547292
408990,0.021397846
408993,0.060771517
409001,0.04518648
409003,0.017099451
409008,0.046222113
409010,0.1113417
409015,0.006268607
409017,0.062137038
409028,0.013804753
409034,0.013594914
409035,0.01725719
409041,0.038905926
409054,0.018640889
409057,0.017820705
409064,0.035828963
409065,0.2427232
409066,0.019943295
409068,0.12093659
409076,0.012269503
409080,0.03427212
409083,0.057993412
409084,0.040038712
409085,0.039802335
409088,0.01702854
409105,0.07471898
409121,0.015093728
409123,0.49300838
409133,0.036967523
409153,0.06776981
409156,0.01854631
409157,0.21355315
409158,0.0196264
409163,0.3395882
409167,0.059419915
409168,0.09327757
409169,0.031709164
409172,0.1174261
409173,0.014739624
409174,0.0071899453
409175,0.019347684
409192,0.22539836
409193,0.06824351
409197,0.034006827
409204,0.014828544
409206,0.036828388
409208,0.12944953
409209,0.0686546
409212,0.118684374
409213,0.03396593
409214,0.09260504
409217,0.016947864
409218,0.04566628
409220,0.066093445
409221,0.034108777
409227,0.014469979
409228,0.011898974
409229,0.07086689
409230,0.118905686
409259,0.04101748
409261,0.020940926
409269,0.25651693
409277,0.013826303
409278,0.009288582
409285,0.08394379
409286,0.02802554
409287,0.079773374
409293,0.045952626
409297,0.012328246
409298,0.022946354
409299,0.029379522
409340,0.024219586
409377,0.06322299
409383,0.03476996
409384,0.026037306
409409,0.025397792
409412,0.021200899
409413,0.07471299
409414,0.08324423
409415,0.026665729
409423,0.028242752
409428,0.11221941
409429,0.01473129
409430,0.047404148
409431,0.010245591
409432,0.083134964
409433,0.027874319
409434,0.16189666
409442,0.11633489
409443,0.25839713
409446,0.03136598
409463,0.060132783
409482,0.019666363
409507,0.039003585
409508,0.05117392
409509,0.006927162
409514,0.049150895
409535,0.059472818
409536,0.061698858
409537,0.016916491
409538,0.032812454
409541,0.06120497
409542,0.041368853
409543,0.03466696
409545,0.05463728
409550,0.016419947
409551,0.020806493
409552,0.066700235
409553,0.24988015
409558,0.04754573
409563,0.020120034
409574,0.039665136
409607,0.03176901
409608,0.15959232
409628,0.0034894948
409632,0.101247534
409633,0.14227828
409636,0.06024
409676,0.015797459
409691,0.015041294
409694,0.08913877
409707,0.037922453
409723,0.0077805906
409741,0.020140637
409743,0.12668622
409747,0.030240921
409773,0.06098066
409777,0.2259315
409778,0.14711775
409804,0.061797827
409805,0.008387307
409812,0.02392544
409817,0.024059003
409836,0.04226148
409846,0.11157881
409850,0.10337575
409852,0.010558782
409861,0.28815085
409864,0.22454146
409871,0.040430367
409891,0.044027735
409896,0.018110506
409917,0.06252298
409918,0.009689942
409923,0.055035662
409941,0.0117074335
409949,0.112625964
409953,0.015253465
409958,0.015015377
409972,0.05981873
409979,0.219249
409983,0.16013044
409984,0.074850515
409985,0.0065776003
409986,0.09979325
409994,0.08098361
409999,0.027079377
410019,0.116457954
410024,0.06133063
410025,0.02156898
410039,0.013652197
410044,0.11068574
410045,0.032387502
410046,0.052482024
410047,0.015135347
410048,0.052595936
410065,0.05888645
410066,0.10451338
410073,0.07099844
410087,0.0151011115
410089,0.12550864
410092,0.031824566
410093,0.16660552
410094,0.032634202
410095,0.026598774
410096,0.039986696
410101,0.06390967
410102,0.04548515
410103,0.029571323
410107,0.010268269
410110,0.05429369
410111,0.038830124
410112,0.0980777
410142,0.010999415
410143,0.014464519
410161,0.034082018
410162,0.17092651
410165,0.023931153
410166,0.1844118
410167,0.19096968
410184,0.051334135
410185,0.018223522
410186,0.006750697
410187,0.07628993
410223,0.024804551
410256,0.14187342
410257,0.17689109
410258,0.0155977765
410259,0.014756074
410269,0.24110982
410270,0.024429228
410273,0.051247943
410274,0.04045219
410275,0.010982629
410276,0.33410263
410277,0.1049557
410295,0.027445007
410296,0.010120948
410297,0.13874516
410298,0.04087007
410300,0.089723
410301,0.038254894
410302,0.09501196
410303,0.044115182
410304,0.031000232
410305,0.017223999
410306,0.05106771
410307,0.0431185
410308,0.07157047
410309,0.041925706
410316,0.025569558
410317,0.055457726
410358,0.21380915
410359,0.017431613
410360,0.045095906
410368,0.08610949
410369,0.07151314
410370,0.027361752
410372,0.016139979
410373,0.010734648
410378,0.16638254
410379,0.01797744
410380,0.19712053
410387,0.26386103
410388,0.35886252
410389,0.03128779
410390,0.031357102
410405,0.020888431
410411,0.010372986
410416,0.03461246
410418,0.042772863
410424,0.1371384
410429,0.042156015
410438,0.0263382
410442,0.040727485
410448,0.014084726
410456,0.04592149
410464,0.021251978
410467,0.08526935
410473,0.07828793
410476,0.0055465386
410479,0.14630678
410499,0.2019313
410526,0.046253532
410528,0.038006406
410546,0.1229992
410564,0.010942843
410567,0.023379833
410571,0.10667185
410572,0.22764441
410573,0.036132455
410577,0.052152283
410581,0.022593787
410587,0.07393495
410588,0.043835204
410595,0.042146545
410602,0.012774861
410606,0.021763293
410616,0.016927734
410624,0.19783731
410626,0.09746778
410637,0.016013946
410660,0.075106725
410661,0.013071215
410663,0.035422087
410664,0.10938821
410669,0.029669981
410675,0.034295563
410679,0.1537254
410684,0.023623288
410689,0.012605572
410693,0.018426474
410697,0.009044546
410698,0.02104479
410699,0.0111585045
410706,0.018781874
410710,0.07755152
410712,0.008786948
410716,0.01756564
410725,0.08835163
410735,0.068627276
410742,0.03958456
410745,0.008052961
410746,0.0038363007
410751,0.029465035
410753,0.029976543
410759,0.04692839
410761,0.16283102
410770,0.05806095
410778,0.106853954
410784,0.026049988
410786,0.07653104
410789,0.011908262
410800,0.042907633
410811,0.030789446
410813,0.013258803
410821,0.12207091
410822,0.01526711
410879,0.06431482
410880,0.04397654
410900,0.07067348
410901,0.10966674
410908,0.03376211
410909,0.016581433
410910,0.037765365
410911,0.11054641
410912,0.021953454
410913,0.021633727
410914,0.12200109
410915,0.018236998
410916,0.011981517
410917,0.07556013
410918,0.029352052
410919,0.007724416
410922,0.041868206
410923,0.04823465
410940,0.027238885
410955,0.06541574
410956,0.36510703
410959,0.1256574
410960,0.11003643
410961,0.1384767
410962,0.04507775
410963,0.10261087
410964,0.034784276
410968,0.048626456
410970,0.0074147214
410971,0.029610248
410972,0.08742218
410975,0.061839484
410994,0.09089954
410999,0.14726487
411011,0.2134115
411012,0.037642717
411014,0.08080148
411021,0.01997589
411022,0.22281887
411023,0.13577044
411024,0.12160824
411025,0.011507193
411026,0.314118
411027,0.12228034
411028,0.013925433
411030,0.05603068
411031,0.08381809
411032,0.047655437
411033,0.082127616
411049,0.027459256
411050,0.015672898
411051,0.082143314
411052,0.075132385
411073,0.061545677
411074,0.019225568
411076,0.028066762
411080,0.025290903
411081,0.021503737
411082,0.010068561
411093,0.07437045
411094,0.036554743
411095,0.057230942
411099,0.013405013
411102,0.029153885
411103,0.13508125
411112,0.019446958
411114,0.10891433
411115,0.032556545
411116,0.09625354
411168,0.053592056
411169,0.14308886
411170,0.06020453
411189,0.023203453
411190,0.018953629
411195,0.15541591
411196,0.14285284
411197,0.04158263
411205,0.005744371
411206,0.13281302
411215,0.052450936
411216,0.018633224
411217,0.045501746
411218,0.10357817
411222,0.019337641
411238,0.012316432
411239,0.02337791
411240,0.0388562
411248,0.009666864
411274,0.07310823
411275,0.04217003
411293,0.011157722
411299,0.026222643
411300,0.008354066
411301,0.036876984
411302,0.095189266
411305,0.16002701
411309,0.108070105
411334,0.031533197
411343,0.02684334
411349,0.010506131
411360,0.060135845
411363,0.009743093
411364,0.016658809
411384,0.05783266
411402,0.038245995
411424,0.03021694
411425,0.15234388
411430,0.05941314
411432,0.027609227
411434,0.19766305
411447,0.020242974
411450,0.0094311945
411452,0.09344092
411463,0.07212937
411467,0.07557853
411474,0.029571492
411478,0.005788796
411480,0.061097108
411481,0.06320714
411502,0.04906737
411509,0.038838793
411511,0.1659223
411515,0.04706247
411516,0.11776766
411532,0.032428257
411565,0.010113384
411570,0.027120534
411600,0.044378284
411608,0.03835671
411613,0.015942339
411614,0.010936823
411620,0.054280967
411634,0.008703003
411639,0.006816878
411645,0.046035666
411648,0.011514018
411660,0.04905409
411668,0.00395112
411672,0.09564175
411673,0.0057403073
411674,0.56272835
411675,0.014269375
411676,0.008699642
411677,0.16068186
411715,0.0377927
411718,0.014387834
411719,0.06970346
411720,0.044708543
411730,0.032483883
411731,0.059587862
411740,0.06135386
411746,0.014134662
411748,0.011654452
411749,0.011573357
411752,0.06937939
411753,0.008584895
411754,0.019924408
411755,0.009815533
411767,0.011181863
411768,0.06585171
411819,0.082571544
411826,0.1373339
411827,0.031707194
411841,0.011398257
411842,0.41379967
411843,0.06962714
411844,0.079681166
411845,0.07156309
411846,0.11190256
411850,0.13252553
411852,0.16382371
411853,0.09028075
411854,0.019776173
411855,0.029218428
411856,0.067171216
411860,0.059569705
411883,0.034021474
411938,0.027804453
411939,0.09886931
411940,0.055015884
411957,0.1958809
411958,0.0472912
411959,0.06623017
411963,0.0153047815
411969,0.025347127
411970,0.022751372
411971,0.024094155
411972,0.08630379
411973,0.014710169
411974,0.019450095
411975,0.025003541
411977,0.050511267
411978,0.41154355
411979,0.11811618
412004,0.041328423
412008,0.010239118
412009,0.021111928
412010,0.015532036
412030,0.09730488
412031,0.081055716
412032,0.010310758
412036,0.023692746
412038,0.040492915
412047,0.021326408
412049,0.25885954
412082,0.041595627
412092,0.13370483
412098,0.06593895
412101,0.15956706
412108,0.34988323
412111,0.109041736
412119,0.08923617
412128,0.012952836
412139,0.07930941
412152,0.10554781
412154,0.03203546
412178,0.12925705
412180,0.032990005
412193,0.030971983
412199,0.02622399
412204,0.023756282
412206,0.027348526
412207,0.01171121
412211,0.04774074
412220,0.004681361
412221,0.04993543
412229,0.10050123
412234,0.016888648
412235,0.13029042
412236,0.1302799
412251,0.046818048
412262,0.075037934
412270,0.10279176
412280,0.044584557
412289,0.14535715
412305,0.013375302
412310,0.062022083
412345,0.047358185
412348,0.08969905
412361,0.08680023
412367,0.10121016
412368,0.015662076
412370,0.052070394
412372,0.23142728
412377,0.081444524
412380,0.0063935993
412382,0.011758151
412391,0.020004865
412393,0.00979785
412411,0.13559362
412412,0.022590471
412415,0.19486064
412416,0.1952489
412422,0.056211505
412428,0.04164302
412430,0.026314449
412436,0.063216746
412447,0.039615743
412451,0.007776552
412456,0.031542078
412470,0.3042851
412472,0.036899798
412478,0.008168432
412487,0.050762583
412490,0.13189721
412494,0.095156305
412516,0.12431734
412519,0.042608447
412525,0.07742686
412527,0.1382827
412528,0.0375724
412551,0.47358432
412552,0.023203116
412557,0.017931443
412558,0.026100045
412559,0.1059029
412561,0.014203349
412563,0.010142005
412564,0.021048084
412565,0.062289275
412593,0.030264843
412598,0.23322603
412602,0.034091484
412610,0.041984644
412611,0.11624936
412612,0.016461615
412613,0.11663501
412621,0.06589952
412622,0.009189485
412623,0.06318309
412624,0.11769992
412637,0.03365636
412638,0.19812305
412639,0.15760058
412640,0.023201672
412641,0.025396861
412642,0.026966067
412643,0.05872713
412644,0.06872909
412651,0.10307909
412667,0.010363289
412669,0.0597317
412686,0.21913132
412712,0.013992442
412713,0.08217492
412714,0.0244275
412715,0.014783063
412720,0.1293066
412728,0.03396167
412738,0.016782971
412739,0.024879329
412740,0.055533096
412741,0.060323343
412753,0.021435691
412754,0.024105344
412762,0.027890144
412764,0.055263255
412765,0.055652305
412775,0.02327876
412776,0.02916147
412777,0.020445243
412778,0.25525662
412800,0.006486038
412801,0.022249712
412802,0.20260836
412829,0.042052068
412854,0.09255918
412855,0.024406636
412861,0.07046612
412862,0.02593641
412863,0.051249918
412883,0.023758152
412884,0.019136548
412886,0.3488402
412898,0.079296425
412899,0.013792064
412900,0.015162401
412922,0.06810478
412941,0.05260897
412959,0.02202508
412967,0.064080685
412980,0.09721075
412997,0.030266233
413016,0.025419476
413017,0.06698313
413027,0.03408688
413034,0.12855819
413038,0.0822234
413054,0.06168769
413059,0.037188437
413065,0.025628421
413073,0.033420235
413075,0.34934488
413081,0.07983405
413089,0.14903261
413091,0.1547366
413094,0.06037563
413104,0.053777464
413107,0.19114244
413110,0.05359464
413113,0.23825265
413117,0.051818937
413124,0.025158329
413126,0.21556565
413137,0.08866851
413145,0.029198242
413146,0.011728029
413147,0.056602985
413150,0.0031456081
413159,0.104881495
413160,0.022943167
413172,0.12684317
413179,0.03323594
413181,0.01457178
413185,0.044524703
413188,0.104741566
413197,0.027600853
413208,0.14286964
413215,0.085393846
413216,0.11663875
413219,0.013111646
413232,0.01929969
413237,0.10202338
413243,0.30208385
413249,0.07927339
413262,0.050044328
413263,0.040371373
413271,0.077754356
413274,0.03182767
413280,0.08422185
413296,0.33191192
413299,0.06925203
413303,0.015575171
413320,0.08743852
413324,0.032955475
413325,0.028676389
413335,0.03974698
413341,0.040701117
413342,0.024856944
413351,0.17406048
413352,0.01357534
413359,0.028662112
413373,0.08040736
413374,0.0812457
413375,0.023745012
413376,0.036016524
413377,0.097192325
413383,0.040933065
413384,0.18269835
413392,0.061692636
413393,0.11216226
413395,0.027104847
413424,0.067460455
413425,0.043063972
413457,0.0112116905
413458,0.044874188
413459,0.15563503
413460,0.012548337
413465,0.02076173
413466,0.11104955
413467,0.035059538
413468,0.013446295
413475,0.03462522
413476,0.08473069
413477,0.3675534
413478,0.01411604
413479,0.004102751
413489,0.07123731
413491,0.04488945
413492,0.09613135
413493,0.076177955
413494,0.07516066
413495,0.11288805
413498,0.053165734
413499,0.08799591
413545,0.099935174
413549,0.01204851
413550,0.08987083
413551,0.033219744
413552,0.23786923
413553,0.043400794
413554,0.027814757
413558,0.10566526
413559,0.17637335
413562,0.042420566
413563,0.16568922
413564,0.0132514145
413592,0.032525275
413593,0.015182769
413594,0.038775217
413595,0.026392965
413596,0.14226137
413597,0.018732604
413604,0.013221123
413605,0.09303515
413606,0.011983549
413607,0.015550153
413616,0.26497707
413617,0.067322396
413618,0.04041217
413625,0.036364242
413626,0.25367656
413627,0.07275991
413628,0.040536202
413629,0.028995706
413630,0.06038756
413631,0.01601917
413632,0.07422532
413633,0.16682795
413634,0.06667144
413635,0.11260811
413636,0.031096863
413644,0.015173997
413645,0.0076155057
413646,0.018650092
413683,0.04663528
413685,0.053202413
413686,0.14586462
413690,0.017043531
413691,0.011752187
413692,0.019325264
413693,0.08430954
413694,0.259814
413695,0.010815495
413696,0.09979139
413702,0.0716433
413707,0.021294193
413708,0.068365574
413709,0.11288993
413730,0.018543197
413731,0.09142621
413732,0.032486286
413733,0.02552847
413734,0.050929926
413736,0.02358693
413748,0.028816981
413749,0.09874944
413751,0.34038314
413752,0.49834073
413754,0.06495421
413755,0.24773966
413756,0.049210258
413757,0.06494466
413758,0.10831384
413759,0.03660665
413760,0.049440417
413764,0.012870797
413765,0.041330304
413766,0.06212442
413767,0.13446414
413768,0.04495296
413769,0.047274712
413770,0.022082344
413776,0.021017233
413777,0.011248652
413778,0.009501114
413797,0.057740156
413824,0.020438772
413828,0.054661155
413831,0.20620427
413834,0.007306153
413841,0.006553091
413848,0.019049244
413850,0.023373347
413851,0.29893255
413857,0.0055663153
413860,0.01061388
413867,0.023134788
413868,0.07150271
413871,0.036890693
413878,0.02366862
413882,0.023992592
413885,0.010238597
413886,0.0933098
413892,0.04112028
413896,0.24519262
413897,0.06271227
413917,0.19715539
413921,0.010389777
413934,0.1967547
413941,0.030246062
413953,0.010521242
413958,0.054551337
413967,0.100579605
413971,0.019339744
413975,0.030427847
413978,0.036138818
413983,0.07539226
413984,0.008979883
413989,0.01284428
413992,0.0148124825
414001,0.0639328
414002,0.021209758
414003,0.058907457
414007,0.23439853
414008,0.05505399
414016,0.11206067
414022,0.022460064
414026,0.08581391
414041,0.03533717
414042,0.15872039
414045,0.039643396
414047,0.06442145
414050,0.42009437
414061,0.015332285
414068,0.059727937
414076,0.038453974
414093,0.064096406
414102,0.008127038
414109,0.19704057
414117,0.036291804
414144,0.026715336
414149,0.007018386
414160,0.02794758
414166,0.29745385
414171,0.161077
414172,0.062156
414183,0.039127577
414186,0.03231727
414192,0.012602244
414194,0.08306621
414203,0.42297524
414206,0.012550357
414207,0.012433797
414229,0.042159308
414231,0.037372943
414248,0.017424224
414251,0.08769265
414252,0.029412314
414253,0.40665856
414254,0.08431278
414255,0.1935551
414262,0.03595384
414265,0.34901983
414266,0.16886415
414267,0.028640285
414269,0.09289005
414270,0.08140635
414271,0.03741896
414272,0.047758557
414273,0.047175754
414275,0.015531449
414323,0.37589857
414324,0.029722711
414328,0.02321933
414329,0.0650842
414333,0.010880451
414341,0.030413153
414357,0.022781303
414358,0.012207921
414359,0.056968186
414362,0.11272439
414363,0.015634043
414368,0.01938271
414372,0.046499774
414375,0.022738934
414376,0.013577918
414382,0.050817154
414383,0.17372888
414480,0.021711504
414481,0.08558075
414484,0.38612646
414485,0.026331846
414486,0.010983631
414487,0.086398184
414488,0.09876586
414489,0.01688461
414492,0.008305079
414493,0.0858689
414497,0.0149247
414501,0.046285838
414543,0.08859546
414544,0.13736953
414559,0.034470566
414560,0.08326029
414561,0.007835211
414573,0.092265025
414574,0.025927482
414575,0.1546945
414577,0.05415723
414584,0.3796015
414585,0.01830708
414586,0.09276143
414590,0.014869041
414591,0.04332144
414593,0.1572407
414597,0.029146567
414598,0.3036987
414621,0.09166124
414635,0.07479577
414639,0.026734887
414640,0.010120411
414648,0.055383697
414656,0.013568205
414659,0.054661743
414660,0.02986944
414663,0.040539283
414683,0.045225903
414691,0.063822396
414700,0.11005122
414705,0.005446381
414708,0.08579177
414711,0.034697607
414712,0.022930073
414716,0.023341004
414720,0.016729226
414733,0.005653791
414740,0.026781412
414748,0.060042445
414767,0.34316626
414771,0.11219394
414779,0.0414473
414785,0.078615606
414787,0.13399954
414793,0.011619211
414816,0.037117343
414830,0.052245814
414831,0.30717802
414859,0.027031815
414864,0.022352612
414867,0.037716836
414871,0.024210805
414879,0.05938727
414892,0.13617349
414895,0.094619595
414911,0.08805377
414915,0.05518631
414922,0.18256967
414939,0.019076394
414945,0.04948393
414960,0.032152504
414969,0.03801258
414973,0.013967311
414979,0.043469686
414985,0.019311644
414992,0.010110236
414996,0.024108544
415000,0.012883177
415001,0.052144915
415005,0.013622782
415024,0.07708754
415038,0.037177976
415041,0.09698558
415049,0.054701462
415055,0.05662127
415061,0.03935779
415064,0.13838935
415069,0.019766401
415070,0.044318475
415071,0.0070053837
415072,0.032626215
415074,0.011154925
415078,0.076225564
415079,0.013799217
415080,0.16198798
415081,0.25692192
415082,0.10521948
415085,0.099335425
415086,0.03269419
415089,0.0695558
415090,0.03707153
415091,0.07627137
415092,0.103611834
415095,0.0893832
415100,0.07741779
415101,0.0065134545
415102,0.1081574
415103,0.029871356
415104,0.028330911
415106,0.046149414
415107,0.017271934
415108,0.23495184
415109,0.13733813
415110,0.021810625
415111,0.0130204875
415113,0.01868892
415114,0.013442213
415115,0.030908285
415116,0.018183652
415117,0.004441595
415118,0.106415145
415119,0.3262022
415120,0.028429996
415121,0.06631331
415122,0.0891805
415123,0.009895408
415124,0.30251193
415126,0.088741064
415152,0.017838929
415205,0.018106269
415209,0.027524928
415326,0.033844505
415409,0.026199656
415414,0.010964343
415430,0.042808734
415466,0.10945007
415467,0.17214029
415473,0.028370136
415474,0.0070667895
415479,0.018929375
415480,0.026031857
415486,0.007937047
415488,0.05258338
415489,0.029169824
415490,0.02548568
415493,0.03266209
415494,0.04124993
415497,0.015859837
415498,0.053160604
415499,0.021115826
415505,0.014493628
415506,0.07535805
415509,0.029752873
415511,0.062633805
415514,0.035991576
415517,0.16736281
415519,0.064663365
415521,0.25407106
415522,0.019132905
415523,0.029559355
415525,0.013569766
415527,0.054540068
415529,0.015885266
415531,0.014630713
415533,0.05778832
415534,0.04304106
415536,0.013932864
415537,0.08799527
415539,0.16424412
415540,0.047504373
415541,0.19789927
415542,0.04760041
415543,0.023880107
415544,0.030788185
415545,0.083461635
415546,0.3563548
415547,0.01072412
415548,0.018214563
415549,0.18913324
415550,0.13517131
415652,0.015963072
415654,0.014811078
415686,0.03121043
415687,0.0480144
415695,0.053632606
415698,0.09240162
415701,0.08661507
415705,0.120622866
415707,0.018741257
415709,0.023019068
415712,0.030221205
415718,0.029739404
415724,0.019683355
415729,0.028440475
415730,0.22556898
415731,0.040308073
415733,0.017927244
415736,0.024621034
415737,0.01149917
415738,0.052071452
415741,0.0062947944
415742,0.1738296
415743,0.07117893
415744,0.019567415
415745,0.006179707
415746,0.020969335
415747,0.0869965
415749,0.0413903
415750,0.07158448
415751,0.1848606
415752,0.026735466
415753,0.14630695
415754,0.019929081
415755,0.026347194
415756,0.07681495
415757,0.052962102
415850,0.1295829
415874,0.07202141
415930,0.072689064
415962,0.20186356
415994,0.19394037
415995,0.050231148
416088,0.063800335
416129,0.26582253
416228,0.019382847
416229,0.017130315
416239,0.10190941
416243,0.029632369
416245,0.07274916
416253,0.050110538
416263,0.023971679
416264,0.092101835
416265,0.11150067
416269,0.35742086
416272,0.030005276
416273,0.07111472
416274,0.07531442
416275,0.028925193
416276,0.037814606
416277,0.1071362
416278,0.057355974
416280,0.013497103
416283,0.054847263
416287,0.025282405
416288,0.07585195
416291,0.030610336
416292,0.123810224
416294,0.0998303
416295,0.41780683
416296,0.03543656
416300,0.03027847
416301,0.045368154
416302,0.03904092
416303,0.07672779
416305,0.061651867
416306,0.07571691
416307,0.09193554
416309,0.039190818
416310,0.14923848
416311,0.03530779
416312,0.026550611
416313,0.34171954
416314,0.00582847
416315,0.09815783
416316,0.09604545
416426,0.011482944
416435,0.015289226
416444,0.040199745
416477,0.17705992
416484,0.037329923
416488,0.05732625
416502,0.037051857
416542,0.07421228
416582,0.022303455
416647,0.0058103083
416658,0.025361339
416659,0.021639638
416675,0.022737483
416676,0.12829699
416696,0.3859658
416721,0.021548105
416729,0.016675232
416743,0.052332748
416744,0.091078
416761,0.03301562
416793,0.07569928
416826,0.0061871484
416848,0.055155013
416850,0.029864684
416860,0.08953691
416861,0.23121934
416862,0.038657174
416865,0.035447057
416870,0.07777053
416871,0.07495684
416872,0.0137573145
416874,0.12231531
416877,0.013966181
416879,0.009201827
416881,0.025901152
416882,0.026713813
416883,0.015603305
416884,0.017200239
416885,0.02495572
416886,0.14951895
416887,0.02728055
416888,0.045190133
416890,0.013612875
416893,0.04488767
416894,0.023152921
416895,0.049386345
416896,0.00868537
416897,0.049600553
416899,0.042220782
416900,0.010739261
416901,0.018585127
416902,0.004275628
416903,0.078996174
417043,0.01844324
417159,0.012033782
417182,0.023552122
417183,0.08068821
417187,0.032864634
417209,0.02270809
417226,0.40637925
417228,0.19423735
417232,0.03110926
417234,0.015221895
417241,0.066147074
417245,0.015696982
417246,0.061119743
417247,0.09260606
417250,0.07128495
417251,0.015866468
417253,0.0047160634
417254,0.033768024
417255,0.021694977
417256,0.047818627
417257,0.051376928
417258,0.1510595
417259,0.010054483
417260,0.11826593
417261,0.00760907
417263,0.08835237
417264,0.0117243165
417265,0.022868726
417266,0.05183731
417267,0.041992232
417268,0.017115591
417338,0.0148302205
417342,0.061265513
417349,0.024827266
417382,0.072515115
417388,0.044210963
417389,0.08362256
417393,0.08504744
417395,0.09050881
417397,0.021601725
417398,0.005778726
417401,0.06413815
417403,0.1690387
417406,0.08463391
417407,0.37681288
417408,0.17569733
417409,0.024040462
417411,0.020801198
417412,0.033106353
417414,0.07409946
417416,0.13364309
417417,0.08981213
417420,0.03190928
417421,0.19251168
417422,0.24940845
417423,0.023750026
417426,0.010024903
417427,0.07836146
417428,0.048756607
417429,0.035760026
417430,0.07680066
417431,0.022154078
417432,0.017299032
417433,0.018939821
417435,0.045039263
417436,0.032853305
417438,0.020666448
417439,0.036400933
417440,0.04093071
417441,0.023480648
417442,0.17595556
417443,0.0892872
417444,0.08259668
417445,0.08431933
417446,0.07280077
417447,0.08890473
417448,0.043980964
417449,0.028699195
417450,0.027028264
417451,0.073704295
417452,0.03873676
417453,0.04194382
417454,0.05137495
417455,0.29082716
417456,0.018253379
417457,0.02444882
417513,0.0054954397
417544,0.21837473
417555,0.09292159
417567,0.04259898
417612,0.030131295
417625,0.13708687
417626,0.026308537
417627,0.13786384
417648,0.03109881
417735,0.0322891
417736,0.14082135
417749,0.027175842
417778,0.023015903
417863,0.03961872
417893,0.02327295
417895,0.020520927
417903,0.017783483
417910,0.047447927
417915,0.12330356
417925,0.032473955
417927,0.01714876
417940,0.23133487
417949,0.01269907
417950,0.008338216
417952,0.02292807
417956,0.010831231
417969,0.067612655
417970,0.018312784
417974,0.074627854
417975,0.006008105
417976,0.028260602
417980,0.01705305
417982,0.09061918
417983,0.03244735
417987,0.016094774
417988,0.103238456
417989,0.026947567
417990,0.57351315
417993,0.04259554
417994,0.02581484
417995,0.0047131153
417996,0.022215543
417997,0.013139424
417998,0.13033451
417999,0.07379554
418000,0.040314026
418001,0.06718234
418002,0.019281473
418003,0.1940358
418004,0.13620631
418005,0.16697064
418006,0.024477288
418009,0.13582109
418011,0.07962334
418012,0.012703492
418013,0.06627515
418014,0.2392257
418015,0.17035799
418029,0.08979123
418030,0.068916954
418132,0.07503691
418217,0.14533658
418222,0.0149317365
418237,0.0199831
418272,0.08724282
418343,0.3495056
418344,0.0833026
418345,0.12901704
418386,0.07331934
418387,0.04389902
418402,0.016576981
418436,0.011215534
418456,0.4016229
418458,0.061047513
418460,0.08605725
418487,0.08744996
418514,0.010898241
418519,0.010066588
418532,0.0098992195
418539,0.022939634
418549,0.026236705
418555,0.020562334
418556,0.3304422
418558,0.070180245
418559,0.016630491
418562,0.010159233
418568,0.35641146
418576,0.008995502
418578,0.20639627
418580,0.07214591
418581,0.20617564
418582,0.009443557
418584,0.017570188
418585,0.039985627
418587,0.03950223
418591,0.013352455
418592,0.0323855
418593,0.05500475
418595,0.012041587
418596,0.052935544
418597,0.020228341
418598,0.020535138
418599,0.015699316
418600,0.03733089
418601,0.04541584
418602,0.36344835
418603,0.21730366
418604,0.0138510065
418606,0.074450895
418607,0.022736464
418608,0.07217693
418609,0.022673886
418610,0.038415886
418611,0.13937938
418612,0.032018434
418613,0.045172587
418614,0.06039288
418615,0.010648737
418616,0.02244617
418618,0.26202953
418651,0.059926916
418652,0.013884808
418653,0.02873307
418658,0.11547704
418692,0.11624761
418749,0.1974196
418820,0.12630591
418843,0.06521158
418863,0.034499783
418915,0.024874557
418938,0.11035399
418957,0.04341558
419024,0.165188
419061,0.011402107
419063,0.017051786
419076,0.07497223
419093,0.01581751
419131,0.050288178
419132,0.008968717
419138,0.026733331
419139,0.058436688
419141,0.022693694
419142,0.020058393
419143,0.03015551
419145,0.010002363
419149,0.024460718
419151,0.028328374
419152,0.019716019
419153,0.047290403
419154,0.02580407
419155,0.027571801
419156,0.039306883
419157,0.009127854
419158,0.5696111
419159,0.20179135
419162,0.01162453
419163,0.021759344
419165,0.23275642
419168,0.12292419
419169,0.017180482
419170,0.07338118
419171,0.2587239
419172,0.079097465
419173,0.07336581
419174,0.02535722
419175,0.009402888
419176,0.11268597
419177,0.11746201
419178,0.08278607
419270,0.1845731
419305,0.14694135
419330,0.047866423
419485,0.03612634
419491,0.06364135
419499,0.04546267
419513,0.10845176
419514,0.05963801
419535,0.030690176
419538,0.009977024
419582,0.37459767
419601,0.00857921
419611,0.09049236
419644,0.2892516
419648,0.06427818
419649,0.02778312
419656,0.05682709
419671,0.007624969
419677,0.085179105
419685,0.13896781
419688,0.1379313
419689,0.19607832
419690,0.014876828
419691,0.03349423
419698,0.60202694
419699,0.0067738807
419701,0.2013264
419703,0.21608338
419704,0.02181281
419705,0.13142407
419746,0.2669442
419750,0.007367622
419767,0.0099592
419775,0.05308333
419783,0.06076765
419787,0.27264354
419788,0.0737666
419790,0.024793599
419791,0.049283676
419792,0.031368468
419794,0.1238124
419795,0.20560215
419797,0.027656313
419798,0.018360145
419799,0.009545775
419804,0.1427084
419805,0.09839829
419806,0.025614489
419808,0.016900329
419810,0.04372982
419811,0.058439918
419812,0.21384694
419815,0.0537583
419816,0.06147424
419817,0.037676282
419818,0.2933903
419820,0.055823814
419821,0.035360724
419824,0.18043385
419825,0.05091858
419826,0.026654638
419827,0.0052559073
419828,0.024382144
419829,0.028869275
419830,0.40260717
419831,0.025592169
419832,0.05532344
419833,0.08846437
419834,0.026649177
419835,0.009939712
419836,0.031304434
419837,0.059491683
419838,0.011123487
419839,0.056225747
419840,0.040327482
419841,0.12892903
419842,0.17478204
419843,0.070273586
419913,0.09536458
419916,0.03915058
419955,0.020096146
419956,0.06608432
419992,0.02205772
420150,0.045155566
420160,0.11969317
420190,0.024396162
420195,0.054800585
420204,0.09025059
420207,0.08029273
420210,0.020996626
420214,0.057954464
420218,0.011203917
420219,0.026460933
420220,0.066639334
420242,0.006769446
420249,0.014013889
420254,0.03955581
420255,0.009182424
420258,0.2240777
420260,0.0043658265
420263,0.117831774
420265,0.026254488
420271,0.026462847
420273,0.030525548
420274,0.027006399
420275,0.037999712
420277,0.004705296
420278,0.07443797
420279,0.019560352
420280,0.06642316
420281,0.04175457
420283,0.07368428
420284,0.027611095
420285,0.034063578
420286,0.030592274
420287,0.037481185
420288,0.0066580186
420290,0.023650821
420291,0.018537845
420293,0.029022858
420294,0.0072072395
420295,0.10010836
420296,0.012917674
420297,0.09460844
420298,0.014650289
420299,0.105904736
420300,0.09192483
420344,0.059262443
420345,0.22729757
420347,0.0102005685
420348,0.05406633
420349,0.026026951
420350,0.009370886
420351,0.01404169
420352,0.015291476
420353,0.034943536
420354,0.18213832
420355,0.024226034
420356,0.05765652
420357,0.02706246
420358,0.08827971
420359,0.03745344
420360,0.01733682
420361,0.0088170115
420362,0.031713504
420363,0.07770931
420364,0.12877385
420365,0.02488023
420366,0.046524815
420383,0.03876351
420436,0.08163206
420446,0.047212783
420554,0.07307977
420565,0.040289354
420569,0.050941646
420573,0.01999399
420574,0.10305459
420587,0.11563716
420589,0.085498944
420593,0.012750866
420594,0.035319492
420595,0.030246379
420598,0.0070446054
420601,0.04619453
420602,0.11819058
420603,0.02357601
420607,0.008515206
420611,0.00900071
420613,0.040353455
420614,0.03788039
420615,0.10627763
420616,0.018052472
420617,0.09027334
420618,0.022018528
420619,0.04343622
420620,0.013990878
420621,0.122688584
420622,0.037010733
420623,0.05766832
420624,0.029786136
420625,0.013841901
420626,0.1139447
420627,0.13522686
420628,0.016837578
420629,0.011097863
420631,0.019963266
420633,0.1077867
420634,0.028590476
420635,0.021790445
420636,0.025166567
420637,0.053350013
420662,0.011317101
420727,0.05392104
420728,0.1390039
420733,0.09593458
420787,0.017791653
420789,0.01449325
420792,0.070194066
420797,0.07680216
420814,0.011212252
420833,0.41527066
420839,0.016455851
420841,0.13806063
420843,0.049687486
420844,0.07379859
420847,0.079192035
420849,0.026137844
420851,0.036874615
420853,0.057743143
420854,0.026046447
420855,0.028543387
420856,0.016381515
420857,0.060244594
420858,0.007839495
420859,0.018376313
420860,0.3373487
420861,0.09522269
420862,0.06684964
420863,0.056899063
420864,0.046497457
420866,0.4974056
420867,0.016168946
420868,0.02726988
420869,0.058994215
420870,0.003931116
420871,0.031022679
420872,0.06825324
420873,0.009421288
420874,0.08271208
420875,0.06125492
420876,0.016235674
420878,0.02154442
420879,0.06663756
420880,0.016375195
420881,0.02108684
420882,0.017412618
420883,0.1831661
420884,0.28837973
420885,0.009809789
420886,0.06486747
420887,0.10629433
420888,0.02032813
420905,0.016871355
421015,0.012094947
421200,0.309347
421269,0.07021542
421272,0.012403136
421290,0.12266262
421323,0.17996952
421342,0.0070619304
421349,0.07689286
421355,0.018727262
421356,0.02865884
421363,0.20503715
421365,0.20746475
421381,0.06518516
421383,0.026186744
421386,0.2999756
421394,0.0036053786
421395,0.055497978
421399,0.059560694
421431,0.112054564
421467,0.09333383
421554,0.25315908
421557,0.048344407
421558,0.06610438
421562,0.012141406
421614,0.18147464
421690,0.00395623
421758,0.25272018
421776,0.047576874
421827,0.14652458
421828,0.08058353
421829,0.03840263
421848,0.019515615
421862,0.031999916
421863,0.0434559
421868,0.003259345
421884,0.028534181
421921,0.043318886
421924,0.07796089
421958,0.14418836
421961,0.008760333
421964,0.01815718
421968,0.036662817
421974,0.058044873
421975,0.0051292307
421977,0.08844388
421978,0.43703592
421979,0.0056813164
421980,0.011940872
421982,0.03985609
421985,0.03320312
421986,0.047051672
421987,0.04090217
421988,0.016711766
421989,0.07593832
421990,0.033467036
421991,0.028360669
421993,0.032697976
421994,0.04928292
421996,0.6210767
421997,0.007822492
421998,0.09313122
421999,0.10423228
422000,0.14574958
422001,0.024914453
422002,0.07476425
422004,0.05853344
422005,0.24715377
422007,0.057116177
422008,0.036191553
422010,0.067198835
422011,0.020034991
422012,0.038027465
422014,0.039876208
422015,0.2662102
422016,0.07339688
422017,0.01575747
422018,0.0162949
422019,0.21654071
422039,0.00908665
422041,0.022604939
422042,0.017785907
422043,0.028619844
422044,0.026376752
422045,0.09876907
422047,0.11768525
422048,0.011437759
422049,0.019869266
422050,0.04543825
422051,0.09414656
422053,0.038678765
422054,0.10892737
422055,0.018981766
422056,0.04188679
422057,0.077096
422058,0.0925393
422059,0.03789358
422060,0.0304023
422063,0.07667824
422064,0.005613735
422065,0.07395337
422066,0.019735308
422067,0.04433492
422068,0.016335096
422069,0.06789459
422070,0.022750817
422071,0.0093554435
422072,0.021479197
422074,0.09990952
422152,0.0062485067
422210,0.09631449
422227,0.1980459
422308,0.10967949
422339,0.044394977
422368,0.061913267
422391,0.017415853
422407,0.06406017
422485,0.020072004
422491,0.06614578
422506,0.062087245
422508,0.11713576
422512,0.052151132
422513,0.02009263
422514,0.018388346
422518,0.010797012
422519,0.012056996
422523,0.02839018
422524,0.1388304
422525,0.028099023
422526,0.012112287
422527,0.026149882
422531,0.14212465
422533,0.0045587285
422534,0.051695365
422536,0.042489007
422537,0.022738708
422538,0.11917599
422540,0.06957917
422541,0.33068803
422543,0.064086474
422544,0.24551456
422545,0.019071992
422546,0.01616039
422547,0.23840886
422548,0.09041712
422549,0.1147821
422550,0.033539064
422551,0.0339387
422552,0.015183078
422553,0.033630967
422554,0.106877394
422555,0.13093007
422556,0.010635015
422639,0.007257616
422667,0.0908185
422734,0.097379655
422748,0.12908825
422749,0.21901055
422796,0.027417114
422810,0.020672884
422839,0.036913406
422850,0.11846466
422891,0.074706696
422940,0.08704141
422962,0.017328285
422964,0.046867963
423009,0.07671779
423022,0.020986086
423041,0.11250912
423046,0.09212296
423052,0.08140214
423055,0.007348166
423061,0.4140341
423075,0.0135740135
423076,0.03567433
423077,0.05972519
423081,0.17845741
423083,0.074669905
423087,0.06650519
423089,0.0073896167
423091,0.02818992
423098,0.077155486
423105,0.029465534
423106,0.048347175
423107,0.030716356
423114,0.09242634
423116,0.016139075
423120,0.035675295
423121,0.06851412
423125,0.04193125
423132,0.05137885
423133,0.0188268
423134,0.3570538
423135,0.013043256
423137,0.028603237
423138,0.022321574
423139,0.030550111
423140,0.025839597
423141,0.12956586
423143,0.034600865
423144,0.09665883
423145,0.013633495
423146,0.057062786
423147,0.06026315
423148,0.10497299
423149,0.013213109
423150,0.07270333
423151,0.011321737
423152,0.011092357
423153,0.2772495
423154,0.0031360218
423155,0.044336848
423156,0.0151681565
423157,0.078693494
423158,0.019522352
423159,0.076189086
423228,0.07436947
423237,0.20701618
423386,0.20947325
423416,0.1702209
423417,0.11246832
423489,0.06310189
423503,0.2266129
423522,0.073016524
423571,0.036673702
423574,0.057532527
423580,0.034284055
423621,0.36028576
423622,0.111781105
423624,0.037497368
423629,0.025013944
423631,0.024971256
423648,0.012781856
423651,0.034255818
423652,0.036346395
423658,0.08023635
423663,0.007847126
423664,0.012097704
423665,0.05624758
423668,0.03709474
423670,0.07535407
423671,0.037640993
423672,0.011098071
423679,0.016656144
423681,0.15094332
423687,0.046989243
423688,0.027982883
423690,0.009440516
423691,0.031633962
423693,0.024653178
423696,0.07482178
423698,0.05915715
423699,0.21545537
423700,0.018277848
423701,0.037682272
423702,0.063197315
423703,0.028449515
423704,0.009899746
423706,0.029704925
423707,0.03012919
423708,0.0060553085
423709,0.36892146
423710,0.10969152
423711,0.027845407
423712,0.12013436
423713,0.011756147
423714,0.3969625
423715,0.024277756
423717,0.06532296
423718,0.074553445
423719,0.16562022
423720,0.041458536
423721,0.041304942
423722,0.021606095
423723,0.17100571
423724,0.033803787
423726,0.013659237
423730,0.019602355
423734,0.019960461
423735,0.036560867
423736,0.047949802
423737,0.014122395
423738,0.03425004
423739,0.03679348
423740,0.022992931
423741,0.013247811
423742,0.044194076
423743,0.035364885
423746,0.010442606
423747,0.015304942
423748,0.087290645
423749,0.016086861
423750,0.21867616
423751,0.012282152
423752,0.019819643
423753,0.17198063
423754,0.05781821
423755,0.007807842
423756,0.091678746
423800,0.016510444
423894,0.008775897
423938,0.17442997
423939,0.0660599
423940,0.0246053
423947,0.029899467
423957,0.16616696
423959,0.08118578
423966,0.21600382
423968,0.045886036
423972,0.02592874
423978,0.17235465
423979,0.030271247
423982,0.08990747
423983,0.056728695
423986,0.0207577
423990,0.023701608
423993,0.0043723527
423994,0.01771489
423996,0.0079946155
423998,0.025364274
423999,0.049872614
424000,0.010944951
424001,0.030154089
424002,0.015810203
424003,0.06596893
424004,0.017438715
424005,0.022348816
424006,0.04626558
424007,0.030611847
424008,0.04077794
424009,0.07737028
424010,0.03989237
424011,0.045246158
424012,0.0070552407
424013,0.0249656
424014,0.054647982
424015,0.02511111
424016,0.06313547
424161,0.1318362
424189,0.12200092
424192,0.037829243
424198,0.024588397
424202,0.018285993
424203,0.0052605756
424207,0.063520364
424208,0.027136061
424211,0.006820396
424214,0.036833987
424215,0.06903208
424216,0.037878435
424220,0.03108535
424222,0.05542832
424223,0.012440655
424232,0.02919538
424234,0.01468154
424235,0.010869413
424236,0.013474027
424241,0.014723904
424244,0.029981758
424245,0.10271934
424246,0.015325732
424248,0.1478322
424249,0.04551068
424251,0.009819071
424252,0.023984296
424253,0.033786535
424254,0.040035803
424255,0.040687546
424256,0.11532745
424257,0.0102244215
424258,0.07642515
424259,0.03715555
424260,0.012209131
424261,0.02910731
424262,0.039002053
424264,0.07028788
424265,0.039783936
424266,0.12948175
424267,0.016913952
424268,0.011074566
424270,0.05438196
424271,0.055742323
424272,0.018183026
424273,0.0496417
424274,0.10181569
424275,0.13880451
424320,0.03889826
424354,0.039119244
424359,0.033832498
424360,0.0455537
424361,0.07717493
424362,0.05187965
424363,0.033870902
424364,0.037256755
424365,0.018456955
424491,0.27425906
424576,0.08304456
424639,0.050788064
424640,0.027276829
424653,0.03728647
424672,0.10274716
424708,0.012710094
424724,0.03817675
424725,0.22909163
424734,0.27216935
424755,0.013629658
424758,0.14792544
424765,0.01421527
424770,0.10332946
424773,0.1406697
424780,0.03260001
424784,0.007249878
424791,0.031239796
424797,0.074615985
424800,0.01295483
424807,0.008996548
424809,0.023272252
424812,0.059874285
424813,0.07972375
424816,0.01330232
424817,0.019571356
424820,0.11143802
424822,0.028309848
424823,0.06605998
424825,0.015048014
424826,0.098733835
424827,0.03524379
424828,0.044219043
424830,0.040331304
424831,0.013864709
424832,0.057101674
424833,0.032215215
424834,0.046848092
424835,0.078859545
424836,0.07448544
424837,0.159052
424838,0.08782296
424839,0.010823371
424840,0.033387173
424841,0.1423599
424843,0.006457292
424845,0.08840179
424846,0.026386166
424847,0.010957409
424848,0.03980044
424849,0.19665346
424850,0.22988772
424851,0.043882716
424852,0.018772822
424853,0.023669722
424854,0.030855447
424856,0.014447447
424857,0.03739874
424947,0.06660592
425037,0.073612265
425039,0.17726076
425096,0.02935689
425107,0.020524655
425156,0.023788473
425191,0.047437795
425192,0.046533864
425230,0.009115229
425231,0.0455423
425237,0.0068297097
425281,0.038038652
425301,0.058407065
425306,0.15728697
425312,0.014175534
425313,0.011836922
425317,0.041740626
425326,0.016181571
425330,0.01373526
425336,0.14300126
425338,0.09232379
425343,0.057127327
425345,0.014419371
425360,0.15457866
425364,0.14612813
425368,0.01913777
425369,0.007092856
425371,0.06193734
425372,0.0075162244
425373,0.069049746
425374,0.02487243
425376,0.25224888
425379,0.045954514
425380,0.0059132553
425381,0.020151395
425382,0.020640885
425383,0.019993668
425384,0.038183242
425385,0.01563412
425388,0.10937336
425389,0.025241626
425390,0.019161351
425391,0.07741466
425392,0.06448783
425394,0.049643528
425395,0.0627651
425396,0.02464257
425397,0.00491417
425398,0.05067761
425399,0.03768577
425400,0.027421655
425403,0.01711853
425404,0.048283137
425405,0.041266553
425406,0.0812291
425407,0.08055585
425408,0.020012515
425409,0.014940718
425411,0.031127488
425412,0.039800584
425413,0.21482556
425414,0.070626594
425415,0.09305529
425416,0.11044594
425418,0.013555202
425419,0.009826974
425423,0.06385917
425424,0.039962076
425425,0.64684623
425426,0.024573136
425429,0.0369118
425430,0.009660358
425431,0.05857819
425432,0.008622007
425433,0.116472654
425434,0.023418399
425435,0.109752126
425437,0.007349758
425438,0.004488371
425439,0.032660887
425440,0.03405149
425441,0.026242962
425442,0.17579636
425444,0.12792926
425446,0.017029049
425447,0.09680596
425448,0.24221872
425449,0.1996908
425450,0.028770925
425451,0.008031042
425453,0.15260045
425454,0.13427337
425455,0.07154257
425456,0.12404801
425457,0.053954016
425458,0.10482163
425459,0.15856448
425460,0.004606666
425461,0.02800312
425462,0.0037885094
425511,0.0451568
425601,0.02156787
425810,0.06694231
425824,0.09344957
425830,0.23424731
425835,0.09335671
425838,0.022821356
425865,0.031393398
425877,0.0985082
425904,0.14398274
425905,0.011780209
425906,0.027786108
425909,0.09224808
425911,0.24068202
425913,0.046259493
425923,0.04296166
425932,0.02047183
425938,0.008810171
425939,0.088616826
425943,0.018398255
425944,0.0062470757
425945,0.0049657305
425946,0.024865696
425948,0.05363785
425950,0.014433181
425952,0.053692784
425954,0.2141625
425955,0.010931072
425957,0.11983409
425958,0.020730298
425959,0.14156975
425960,0.1598729
425961,0.14415132
425962,0.014740446
425964,0.063639656
425965,0.021493204
425966,0.066003375
425967,0.03537192
425968,0.04117979
425969,0.042355336
425970,0.07017636
425971,0.08316665
425972,0.0096430695
425976,0.044886697
426050,0.0130510675
426051,0.2828631
426052,0.02428207
426053,0.010741817
426124,0.014400307
426132,0.047581997
426154,0.053160895
426192,0.052797657
426235,0.033031434
426297,0.087182224
426387,0.055488642
426396,0.023562577
426436,0.050558418
426437,0.038975794
426460,0.028972384
426466,0.04563908
426469,0.022686828
426510,0.07247542
426617,0.08610635
426630,0.015531585
426631,0.0059932508
426650,0.030269286
426688,0.026769238
426691,0.015325993
426855,0.08561838
426873,0.2432177
426890,0.026037963
426891,0.04796292
426895,0.004935624
426928,0.22090754
426929,0.016189259
426955,0.08236142
426957,0.04977603
427007,0.062127013
427009,0.020769978
427021,0.04908378
427023,0.0108648855
427032,0.06676754
427036,0.009465798
427040,0.026577225
427041,0.027579794
427042,0.015763858
427044,0.012959396
427048,0.08587112
427050,0.08424251
427054,0.011620822
427057,0.017610509
427058,0.021954972
427059,0.012825438
427060,0.18802315
427062,0.02441417
427063,0.121059
427064,0.025648335
427065,0.013256475
427067,0.09691427
427069,0.00870953
427070,0.009976074
427071,0.031852003
427072,0.02551768
427073,0.11323261
427074,0.022707207
427075,0.019989453
427076,0.02917248
427077,0.08080843
427078,0.04398242
427079,0.022244139
427080,0.009990694
427081,0.051198307
427082,0.057535373
427088,0.058227144
427109,0.01714879
427110,0.11565008
427111,0.013153427
427114,0.024310192
427115,0.10757787
427120,0.00427663
427121,0.011054913
427122,0.16689575
427125,0.01561474
427126,0.017698603
427127,0.035724852
427128,0.010400674
427129,0.0450622
427130,0.24455054
427131,0.012536617
427132,0.011330816
427133,0.013298412
427134,0.03121127
427135,0.010498637
427137,0.069090396
427138,0.026190154
427139,0.012566487
427140,0.10540757
427142,0.028708585
427143,0.035540503
427144,0.17490338
427145,0.0088874325
427146,0.050618757
427147,0.040636737
427148,0.010450746
427149,0.13330345
427150,0.064963
427151,0.006987903
427152,0.01477236
427153,0.011319239
427154,0.228543
427155,0.03156717
427156,0.006682163
427157,0.087812625
427158,0.12925464
427159,0.051801886
427160,0.008926001
427161,0.040380202
427162,0.2207488
427163,0.15903437
427164,0.023031665
427165,0.0055545727
427254,0.030032892
427263,0.058980316
427324,0.13715184
427330,0.1616226
427379,0.018300304
427465,0.0089323865
427485,0.27957287
427489,0.020718262
427505,0.08032334
427567,0.18751734
427575,0.21064474
427578,0.06879235
427589,0.2965065
427612,0.1551806
427615,0.027361061
427618,0.00968896
427620,0.11139944
427622,0.0028245687
427627,0.029649476
427628,0.01932986
427632,0.06363724
427634,0.00520123
427635,0.042501535
427637,0.06219129
427639,0.052185245
427640,0.12235259
427641,0.01089917
427642,0.058430158
427643,0.056232598
427645,0.046346057
427646,0.032994226
427647,0.043571834
427649,0.008424444
427650,0.017312257
427652,0.16475402
427653,0.15649715
427654,0.0075064735
427655,0.15169892
427656,0.01850165
427657,0.03455649
427658,0.15556906
427659,0.03368718
427660,0.038352497
427661,0.027031505
427662,0.011454161
427663,0.0962569
427664,0.14078377
427665,0.018400004
427666,0.019783948
427667,0.039623592
427668,0.050748806
427669,0.08400753
427671,0.19685686
427672,0.30158544
427673,0.015512992
427676,0.018929083
427677,0.004698736
427703,0.06430528
427738,0.02259751
427809,0.032631
427881,0.04377936
427949,0.01297771
427985,0.34587196
428047,0.09489675
428054,0.44687217
428080,0.066727206
428143,0.10303215
428162,0.120630324
428166,0.016278056
428187,0.012354917
428188,0.043075573
428189,0.03674614
428195,0.033015665
428196,0.07929528
428198,0.15394683
428200,0.03159184
428201,0.030832078
428204,0.32986706
428206,0.052241806
428207,0.06806962
428208,0.097101755
428210,0.0064030285
428211,0.023547204
428212,0.1939082
428213,0.03986299
428215,0.0127111515
428217,0.025633521
428218,0.02624465
428219,0.035613544
428220,0.0114245
428222,0.15957303
428223,0.033544585
428224,0.043896776
428225,0.016856985
428227,0.023944864
428228,0.11326801
428229,0.05547198
428230,0.15088944
428231,0.0221184
428232,0.03552518
428233,0.022647172
428234,0.025111454
428235,0.35687223
428236,0.0345558
428237,0.07696873
428238,0.009379278
428240,0.005434251
428241,0.03824831
428242,0.018120812
428243,0.2718033
428244,0.23305964
428311,0.04276146
428312,0.07453702
428313,0.1632952
428314,0.030081267
428409,0.01595984
428416,0.015270935
428423,0.040613312
428424,0.087658025
428463,0.03969882
428485,0.13890685
428517,0.019456604
428518,0.05147503
428561,0.016154902
428565,0.02017151
428590,0.028127622
428597,0.013943959
428614,0.057315078
428616,0.09538016
428621,0.0058543035
428626,0.059140995
428629,0.015281495
428636,0.12890035
428647,0.024833465
428654,0.014693237
428659,0.035970487
428686,0.024740895
428690,0.016296474
428701,0.036253784
428708,0.084896564
428714,0.045188192
428722,0.021388967
428729,0.022108084
428745,0.007774023
428751,0.06967599
428757,0.06116637
428764,0.037462343
428774,0.05746004
428778,0.016716167
428783,0.029755017
428789,0.006997074
428797,0.026340472
428799,0.05999694
428801,0.35139957
428804,0.068484
428806,0.03574605
428813,0.031796914
428816,0.017399978
428821,0.11410131
428832,0.019801285
428839,0.019393237
428842,0.043716073
428850,0.1289945
428859,0.061613232
428871,0.08294361
428907,0.16923973
428913,0.026931709
428920,0.19381708
428924,0.034445673
428928,0.043045945
428930,0.026191207
428933,0.15016042
428938,0.09579526
428944,0.148094
428948,0.1629495
428963,0.029274667
428975,0.0653089
428979,0.018622568
428982,0.33961987
428984,0.013405037
428987,0.020583699
429015,0.007556519
429018,0.031019654
429028,0.0124729965
429035,0.11859482
429037,0.008932299
429042,0.006734421
429055,0.025741233
429066,0.061624445
429067,0.25310916
429069,0.014407204
429077,0.05311857
429078,0.1272935
429083,0.008027743
429091,0.105138846
429093,0.013960635
429094,0.03746898
429103,0.07093206
429109,0.07557022
429121,0.11106989
429129,0.011709988
429134,0.025811309
429138,0.052138183
429164,0.042981423
429173,0.0980481
429182,0.024658991
429190,0.012844632
429199,0.006096869
429219,0.07032918
429224,0.014901827
429226,0.12718186
429230,0.026886435
429239,0.014154871
429243,0.03646374
429256,0.038470097
429266,0.04675585
429269,0.112814195
429294,0.01697544
429295,0.10052263
429297,0.109838806
429299,0.035628624
429302,0.015154235
429305,0.16428979
429308,0.011945828
429314,0.13928485
429318,0.01081019
429348,0.025796777
429356,0.26369157
429359,0.071743056
429372,0.100263804
429373,0.041319523
429384,0.11511248
429385,0.11750937
429398,0.019605957
429405,0.068130754
429407,0.010390832
429408,0.07411823
429412,0.0709788
429414,0.100671984
429415,0.080746636
429421,0.060641874
429422,0.013275918
429430,0.042108532
429432,0.021386536
429440,0.2028281
429442,0.27104345
429451,0.54913354
429459,0.06142178
429469,0.021491352
429471,0.0067520877
429482,0.008017077
429483,0.07317367
429491,0.15400805
429493,0.11150346
429496,0.12991741
429498,0.021972837
429501,0.013573062
429502,0.06608731
429508,0.045190584
429509,0.02448895
429511,0.39594665
429528,0.010123708
429531,0.3171504
429539,0.18025792
429549,0.17514156
429555,0.028016211
429557,0.032983977
429567,0.07099644
429570,0.019725904
429576,0.02259509
429590,0.014371811
429591,0.18818818
429597,0.05631562
429600,0.6267459
429602,0.031599853
429604,0.068778895
429623,0.029258236
429625,0.0049770554
429626,0.045500226
429628,0.011400428
429634,0.021575341
429637,0.013148281
429666,0.024096085
429667,0.080032334
429670,0.051772088
429673,0.014462274
429678,0.028798265
429693,0.021033121
429702,0.007969756
429708,0.01704031
429737,0.01852987
429739,0.017639479
429740,0.01838522
429750,0.16508798
429770,0.12433473
429774,0.07356996
429777,0.048173822
429780,0.044794783
429809,0.05933733
429810,0.007926356
429831,0.027961493
429835,0.055308662
429838,0.05754831
429846,0.03957267
429851,0.042136293
429852,0.0077676396
429856,0.020844972
429857,0.100841686
429866,0.33960065
429871,0.053042024
429873,0.19546176
429879,0.12983423
429882,0.027029866
429885,0.01472443
429890,0.08336805
429897,0.013154074
429933,0.036487743
429936,0.017388413
429948,0.040485382
429952,0.15468794
429967,0.013901111
429982,0.011862247
429989,0.11410602
430000,0.024231248
430003,0.016235745
430011,0.07468283
430019,0.095595114
430035,0.007218169
430042,0.23083086
430047,0.020834563
430048,0.04072038
430059,0.037809905
430060,0.10582181
430077,0.027617926
430080,0.0357631
430083,0.14037968
430086,0.04061551
430090,0.04883808
430103,0.01534006
430107,0.06382162
430114,0.013459831
430116,0.024063583
430124,0.02656505
430129,0.07401214
430132,0.123266615
430146,0.048849586
430155,0.09605799
430156,0.012302266
430160,0.062042132
430168,0.05188643
430170,0.060168922
430176,0.06366809
430177,0.29217714
430186,0.25821415
430187,0.02602519
430195,0.09372915
430198,0.29448652
430204,0.14576662
430210,0.047075365
430211,0.09105077
430213,0.10996837
430216,0.18377018
430217,0.05179929
430227,0.021278264
430253,0.019438986
430266,0.23329598
430274,0.020939413
430280,0.014643416
430300,0.004439345
430301,0.009845882
430309,0.0995981
430313,0.042979937
430316,0.0368957
430319,0.0867961
430332,0.08454188
430346,0.025316963
430357,0.023999788
430359,0.043927215
430368,0.022189002
430376,0.023884917
430383,0.043763548
430389,0.031178359
430393,0.16516748
430394,0.023297254
430404,0.050855853
430405,0.031358283
430407,0.08257299
430433,0.062473714
430445,0.02468132
430446,0.04278634
430451,0.021056965
430452,0.007973503
430459,0.016447585
430466,0.020002937
430467,0.007959638
430473,0.21272573
430477,0.010687296
430483,0.07773015
430512,0.012167193
430521,0.0074393917
430524,0.016390558
430529,0.05321159
430533,0.02335311
430536,0.012759605
430538,0.01871949
430540,0.1365514
430548,0.096676186
430549,0.025606189
430550,0.014725962
430566,0.14030237
430574,0.02266705
430576,0.03534699
430582,0.076030344
430585,0.06313638
430625,0.019839728
430627,0.027051914
430629,0.026841784
430637,0.12749329
430639,0.00878113
430641,0.041437473
430656,0.022467528
430659,0.0101327095
430661,0.01370801
430671,0.09760708
430672,0.058189183
430673,0.026395706
430674,0.019779373
430676,0.010488761
430691,0.01111669
430698,0.020684924
430699,0.13908653
430708,0.07852082
430719,0.02859148
430726,0.011914411
430728,0.25352517
430730,0.15841274
430731,0.08403232
430732,0.02783336
430738,0.072538435
430770,0.05115003
430782,0.09146306
430785,0.03386878
430786,0.018154329
430806,0.18261011
430818,0.1868345
430819,0.01880424
430820,0.021310374
430835,0.047037017
430836,0.049738526
430837,0.035195384
430838,0.015324238
430839,0.02436968
430847,0.24751349
430853,0.029717451
430856,0.0037296768
430876,0.028756196
430886,0.005173888
430887,0.03542451
430889,0.02806918
430927,0.008242178
430931,0.09699677
430939,0.025417993
430942,0.010583221
430949,0.019234594
430957,0.032615297
430960,0.009909276
430961,0.020687794
430962,0.14456566
430973,0.027542068
430975,0.009582085
430976,0.02952946
430981,0.029688245
430992,0.024788566
431007,0.10046703
431010,0.16001232
431013,0.03441194
431023,0.011845278
431027,0.027126547
431044,0.02444995
431056,0.008746856
431058,0.006019967
431065,0.009589129
431077,0.14345239
431080,0.09564171
431082,0.009499111
431088,0.15019876
431095,0.08555386
431100,0.04090035
431106,0.0428427
431107,0.024203843
431110,0.094118826
431114,0.18896188
431138,0.07193437
431144,0.008074126
431162,0.07949775
431170,0.45775834
431171,0.03510031
431176,0.06475927
431203,0.08739687
431211,0.09800954
431212,0.035870332
431215,0.016187496
431238,0.5535445
431241,0.05153076
431244,0.08104779
431254,0.040963463
431263,0.028233558
431278,0.011335953
431285,0.11413984
431286,0.13740608
431298,0.030715214
431305,0.007816299
431315,0.5037979
431323,0.023686953
431325,0.0050850515
431334,0.010765995
431358,0.18841992
431372,0.042368308
431373,0.0056654504
431374,0.2732996
431377,0.16458513
431386,0.13579586
431388,0.16184524
431395,0.009492912
431396,0.08354486
431413,0.022564316
431416,0.06794407
431418,0.05467823
431431,0.03734964
431444,0.025728628
431449,0.46383527
431467,0.09107797
431469,0.04092884
431479,0.034636762
431480,0.03784783
431481,0.028665502
431488,0.03788826
431492,0.20187697
431496,0.034115963
431497,0.009227503
431508,0.07813824
431511,0.027633525
431517,0.020142574
431520,0.050056465
431538,0.039043788
431540,0.006449993
431543,0.50627023
431545,0.0073543196
431560,0.02539037
431561,0.06327865
431584,0.30894467
431591,0.07238705
431593,0.088137046
431625,0.07012967
431630,0.10479425
431633,0.14563555
431635,0.07305361
431649,0.07959898
431650,0.06606589
431651,0.035785545
431652,0.00588159
431667,0.16385734
431668,0.22922769
431672,0.021990336
431675,0.25461686
431680,0.25649098
431682,0.037078343
431683,0.0136667555
431693,0.021963814
431697,0.04005791
431726,0.16226691
431731,0.08830772
431732,0.093186535
431744,0.0046918676
431750,0.018424874
431755,0.09430611
431756,0.062543854
431757,0.0417889
431765,0.053186387
431766,0.026258638
431768,0.06695025
431770,0.0056614634
431773,0.0070870663
431775,0.05236512
431777,0.1828706
431778,0.21882655
431801,0.06497918
431807,0.012052959
431810,0.019923018
431815,0.08188744
431816,0.044069387
431823,0.059444167
431831,0.022042356
431837,0.079070404
431841,0.069456354
431845,0.008606128
431854,0.06288738
431857,0.103171654
431865,0.03363482
431866,0.06069642
431867,0.029180055
431869,0.07159325
431889,0.019103706
431899,0.014404594
431903,0.095032044
431909,0.045278
431914,0.06940509
431916,0.0071764337
431918,0.25508
431931,0.027978553
431940,0.016265418
431948,0.13502371
431962,0.017116683
431965,0.015112749
431974,0.007586306
431976,0.016024148
431987,0.035756048
431988,0.021394301
431995,0.16446699
431999,0.07863852
432003,0.0048941593
432005,0.20284069
432009,0.0446543
432011,0.013127198
432022,0.38249224
432028,0.07467297
432030,0.01298035
432037,0.01762634
432065,0.022041408
432070,0.016647128
432075,0.17705156
432078,0.1431245
432080,0.042423956
432085,0.020985492
432092,0.021191001
432111,0.14044537
432112,0.020550545
432115,0.0100351
432117,0.09414942
432118,0.06568031
432129,0.09235678
432132,0.06841588
432133,0.04242052
432145,0.04886556
432146,0.0168526
432148,0.019177703
432156,0.04544489
432167,0.022789976
432169,0.0044181086
432188,0.005911506
432192,0.18404627
432221,0.034347273
432226,0.10149086
432231,0.005432958
432247,0.02293974
432252,0.020933442
432254,0.048955046
432263,0.08946154
432265,0.021263381
432271,0.10137847
432280,0.025593832
432282,0.02940374
432284,0.011029194
432291,0.21822706
432296,0.057824377
432298,0.1504268
432301,0.020281604
432309,0.01822766
432312,0.089119986
432320,0.009804127
432324,0.01546801
432330,0.024988472
432339,0.013420065
432356,0.01874118
432357,0.005556434
432362,0.029533384
432365,0.024538932
432366,0.03319177
432370,0.09432759
432377,0.048651136
432384,0.024386354
432391,0.017731693
432405,0.021074992
432406,0.17525145
432414,0.115621135
432415,0.0035425175
432417,0.009507242
432419,0.02938637
432424,0.025086602
432425,0.04085057
432432,0.13228045
432438,0.025186414
432441,0.05994537
432444,0.38169757
432446,0.46817324
432452,0.040618856
432454,0.04022141
432473,0.21485968
432482,0.13005027
432489,0.046628162
432492,0.19526224
432495,0.026542291
432501,0.21125047
432507,0.010115409
432509,0.18415573
432510,0.04139221
432522,0.019747369
432525,0.035882607
432526,0.045927238
432527,0.303244
432532,0.012357686
432535,0.03895606
432544,0.013435978
432547,0.056313593
432551,0.032705285
432553,0.032010365
432555,0.0173655
432560,0.028278526
432569,0.08301594
432577,0.046101
432585,0.028262971
432590,0.02790539
432591,0.057293016
432594,0.008518355
432607,0.06323233
432608,0.22175604
432609,0.096706614
432612,0.1804035
432613,0.015590249
432616,0.06684026
432618,0.3313144
432622,0.01724812
432626,0.013238412
432639,0.0062679676
432640,0.048649773
432642,0.15965158
432648,0.022044571
432653,0.031464003
432661,0.1416495
432668,0.029434513
432682,0.13025455
432686,0.18049912
432693,0.0147486385
432695,0.13009995
432696,0.15910006
432698,0.121408194
432699,0.023406701
432702,0.083534054
432707,0.030801123
432712,0.014554313
432719,0.015472049
432724,0.007989971
432728,0.1350151
432737,0.05726093
432745,0.43996328
432746,0.034216903
432749,0.07646902
432752,0.02649146
432758,0.016995722
432769,0.07537516
432770,0.05054482
432771,0.009815078
432788,0.014155889
432804,0.036776092
432807,0.34056783
432830,0.2021317
432831,0.03468481
432842,0.16968764
432849,0.12910256
432876,0.17080502
432886,0.028118234
432888,0.025651664
432897,0.006954247
432918,0.07309443
432919,0.1329405
432920,0.022760684
432921,0.07413422
432930,0.16332872
432932,0.03026058
432943,0.05995289
432944,0.025401672
432951,0.05715158
432952,0.011356767
432965,0.07726775
432969,0.032657284
432981,0.018774169
432985,0.023788989
432986,0.017181793
432988,0.055444982
432991,0.04173969
432992,0.028986407
433002,0.026793623
433018,0.013120272
433019,0.016020149
433021,0.042082194
433024,0.0072550764
433031,0.04635001
433035,0.09855242
433047,0.118107826
433050,0.012370118
433051,0.011453908
433055,0.013080116
433058,0.032741047
433069,0.030410834
433079,0.10978153
433098,0.121551506
433099,0.014834532
433104,0.0647407
433112,0.028727539
433117,0.034432728
433119,0.015673112
433130,0.012631274
433132,0.07948043
433158,0.32801476
433159,0.042328965
433162,0.018617142
433166,0.04303656
433169,0.111522876
433173,0.033342008
433174,0.035700984
433183,0.23741157
433184,0.023688463
433198,0.018350787
433205,0.049532488
433221,0.08989254
433271,0.32697824
433274,0.035865255
433276,0.1697403
433281,0.030262902
433283,0.03268438
433296,0.024972383
433300,0.091681115
433304,0.02492612
433308,0.048114136
433312,0.010468133
433313,0.2055748
433319,0.008451635
433332,0.13261986
433342,0.03523982
433343,0.01286537
433344,0.03852294
433345,0.006137541
433347,0.092052296
433350,0.032096475
433355,0.28352177
433356,0.018236062
433359,0.050460823
433361,0.021268887
433363,0.14984436
433370,0.014496721
433371,0.029504756
433374,0.073956884
433384,0.036344014
433390,0.052931078
433392,0.027585277
433396,0.08055416
433403,0.12535799
433405,0.033886615
433408,0.25324944
433410,0.16991998
433411,0.06815447
433424,0.040230863
433431,0.020615617
433432,0.10892606
433440,0.03074635
433441,0.06824486
433451,0.116308205
433452,0.05786597
433459,0.027890537
433463,0.017383523
433464,0.059097625
433470,0.031769827
433480,0.0657838
433482,0.14761956
433485,0.05234403
433494,0.25940236
433495,0.065658234
433496,0.015599095
433505,0.030784871
433509,0.031022193
433515,0.04809517
433518,0.009898185
433519,0.25048068
433527,0.08803934
433532,0.018246679
433535,0.021170119
433539,0.077272095
433561,0.080881186
433564,0.30821893
433566,0.013825929
433574,0.013344677
433575,0.010228753
433584,0.1158956
433591,0.2334457
433596,0.11351608
433598,0.0365586
433602,0.017151164
433606,0.0071182717
433611,0.008476813
433617,0.027357332
433620,0.24120355
433628,0.024982028
433631,0.02896443
433651,0.014752148
433653,0.05915617
433657,0.17269614
433661,0.045539208
433662,0.06775247
433663,0.1507026
433668,0.026958449
433670,0.22732656
433680,0.17586136
433686,0.19174416
433709,0.012212802
433725,0.03228411
433731,0.06727698
433735,0.1436387
433745,0.034841266
433748,0.0115685165
433754,0.04382119
433762,0.0744522
433766,0.021568919
433767,0.018400118
433779,0.042563237
433783,0.0056120483
433785,0.09813174
433789,0.0032567896
433794,0.1233938
433799,0.0423578
433800,0.014115856
433804,0.086227134
433816,0.045679286
433820,0.039055724
433829,0.007981754
433837,0.018758552
433840,0.012555012
433842,0.0395531
433849,0.037323542
433853,0.027552947
433862,0.009436012
433872,0.020338533
433882,0.06454757
433892,0.06526882
433896,0.00709701
433906,0.04692265
433913,0.11395241
433914,0.012791928
433957,0.01785891
433958,0.04073423
433965,0.076948814
433976,0.04978574
433984,0.008482995
433995,0.04414679
433996,0.030460967
434006,0.4208091
434007,0.016034469
434009,0.026962891
434019,0.09455867
434024,0.11156738
434026,0.12499623
434027,0.006597182
434034,0.050701726
434036,0.010307848
434037,0.11229979
434046,0.043800887
434050,0.0036295184
434051,0.012668312
434052,0.01819358
434055,0.060226865
434061,0.06622779
434064,0.03491218
434108,0.11272763
434109,0.16650458
434121,0.104199804
434122,0.042674113
434140,0.010038446
434151,0.04931251
434156,0.02721099
434157,0.017378211
434160,0.07334829
434164,0.014113278
434167,0.015728874
434169,0.06533656
434173,0.010663995
434176,0.13415691
434177,0.20479861
434179,0.07785348
434180,0.03032961
434183,0.108859785
434192,0.020926658
434205,0.020011412
434209,0.02942853
434212,0.16280878
434214,0.15373369
434216,0.062259972
434222,0.1736326
434223,0.031844955
434224,0.18528971
434259,0.16532712
434261,0.016869258
434263,0.06902644
434264,0.048881948
434282,0.034772083
434283,0.005228449
434293,0.11886142
434317,0.091926426
434322,0.0372542
434326,0.016434088
434327,0.0137210535
434328,0.03221216
434336,0.042943012
434340,0.025553769
434342,0.047467347
434350,0.10294541
434355,0.025765536
434375,0.010441107
434387,0.037658527
434390,0.045072798
434391,0.037555348
434408,0.0206926
434410,0.05980377
434423,0.014471811
434439,0.21874036
434442,0.028735813
434445,0.17316838
434448,0.015383751
434460,0.019389682
434465,0.0051834714
434467,0.053806413
434468,0.0313643
434501,0.08903487
434504,0.11344307
434505,0.052143157
434507,0.009508366
434514,0.039036375
434535,0.048321836
434538,0.2433192
434542,0.07319045
434545,0.14075913
434554,0.15347189
434556,0.063568704
434568,0.13091849
434569,0.06645287
434571,0.14269163
434574,0.10987298
434579,0.019347532
434599,0.120782115
434604,0.18693481
434606,0.007284224
434607,0.017626645
434608,0.011377955
434610,0.061589282
434615,0.1470861
434616,0.19000581
434619,0.094696686
434658,0.076885276
434669,0.027442334
434675,0.009710316
434678,0.011855123
434680,0.030677836
434690,0.13445577
434698,0.020161437
434702,0.15552473
434704,0.0075135413
434722,0.011008604
434727,0.23670664
434730,0.013508496
434735,0.015172528
434739,0.057710677
434765,0.04151482
434767,0.15781163
434784,0.16738087
434787,0.12324037
434788,0.08206868
434789,0.0339782
434790,0.06205055
434791,0.08199206
434802,0.031439696
434806,0.007792043
434807,0.10779508
434808,0.39059034
434815,0.054567266
434816,0.078510724
434817,0.048974145
434818,0.23226538
434830,0.121231526
434918,0.014175679
434920,0.05053388
434921,0.039725445
434922,0.25497487
434937,0.010921572
434948,0.03410958
434949,0.064777195
434952,0.07815303
434954,0.031956725
434957,0.020066593
434968,0.012643712
434974,0.020925751
434982,0.06314884
434986,0.027994609
434993,0.020625532
434995,0.1004036
435005,0.051731773
435013,0.0380995
435027,0.02568861
435034,0.3385797
435056,0.1886924
435060,0.1052687
435062,0.18276443
435068,0.036995884
435069,0.03275664
435071,0.09563741
435079,0.008310941
435086,0.11712781
435092,0.050104346
435099,0.0135415625
435100,0.06455664
435108,0.021477163
435118,0.025968334
435120,0.010320795
435129,0.04579947
435132,0.22177629
435138,0.0034818915
435139,0.08636235
435142,0.20250443
435147,0.12032879
435148,0.07471676
435151,0.0068948874
435153,0.014380237
435154,0.16159578
435164,0.09658037
435173,0.027628021
435174,0.050671212
435179,0.013191732
435199,0.032305557
435202,0.02489283
435203,0.109911874
435214,0.14878401
435217,0.093149886
435222,0.060512785
435229,0.27880633
435239,0.015478021
435248,0.05706498
435259,0.02703309
435260,0.011172351
435263,0.046251968
435264,0.01744408
435267,0.017138457
435274,0.11587715
435286,0.0075603924
435296,0.012826675
435308,0.02474192
435328,0.11325507
435333,0.038516134
435363,0.036352795
435366,0.016229877
435375,0.016628245
435378,0.23969926
435400,0.04732932
435408,0.07307371
435409,0.014598834
435415,0.009998619
435419,0.21998121
435422,0.023562677
435428,0.21276517
435432,0.07753479
435434,0.06461743
435435,0.051647153
435440,0.0346741
435455,0.033334814
435464,0.08401391
435470,0.003748003
435475,0.10948592
435478,0.04193803
435480,0.12456129
435482,0.01892103
435490,0.023917306
435507,0.033072356
435509,0.052496526
435510,0.0339906
435519,0.055631705
435527,0.15900932
435533,0.020644551
435534,0.08595641
435535,0.04163377
435536,0.03235339
435540,0.017114427
435551,0.02215737
435562,0.4951338
435564,0.08005936
435585,0.022639524
435590,0.0058586807
435609,0.015347416
435610,0.013998275
435611,0.012782879
435623,0.04164579
435681,0.18899101
435682,0.090889715
435683,0.02062958
435704,0.045743175
435711,0.04401987
435713,0.029791588
435714,0.04873967
435716,0.006213972
435717,0.32767335
435718,0.086498484
435719,0.032950144
435741,0.01287507
435765,0.11980864
435766,0.026064767
435767,0.0056103114
435773,0.19744915
435802,0.024278391
435806,0.025271544
435807,0.30546072
435809,0.016541556
435811,0.10199276
435816,0.026867578
435823,0.026818547
435835,0.18823165
435848,0.18478124
435849,0.13450229
435858,0.019492097
435870,0.14914545
435874,0.026526826
435890,0.15149409
435892,0.0077650645
435911,0.026238067
435915,0.014986907
435924,0.13216043
435937,0.045501236
435943,0.21894847
435958,0.017728288
435962,0.013169201
435965,0.29383925
435968,0.30440506
435997,0.01576342
435998,0.08362269
435999,0.025386775
436009,0.022202818
436021,0.08835042
436022,0.05866684
436026,0.16368343
436032,0.027346797
436037,0.022558406
436049,0.050151892
436058,0.032004144
436059,0.028413072
436062,0.04888914
436068,0.013833269
436079,0.064652875
436082,0.092744
436083,0.13193683
436093,0.07859922
436098,0.013650317
436113,0.022721535
436127,0.12576681
436148,0.041201647
436152,0.11340844
436159,0.006010034
436165,0.015221123
436170,0.02061755
436174,0.0069859955
436176,0.047050916
436183,0.007459102
436194,0.018008752
436196,0.043559615
436204,0.02038172
436207,0.10495091
436210,0.02424294
436219,0.23712248
436227,0.035805307
436230,0.015183476
436233,0.040130615
436235,0.16752414
436250,0.03933623
436260,0.1429396
436285,0.109323435
436291,0.03644639
436304,0.020883046
436307,0.12108563
436308,0.110445514
436311,0.026071701
436314,0.04904602
436322,0.039813533
436323,0.31971365
436339,0.010902563
436350,0.013188202
436358,0.050891403
436359,0.032557957
436363,0.013089202
436365,0.05570465
436369,0.0097190235
436377,0.026848644
436378,0.1514859
436387,0.027867021
436394,0.13154441
436397,0.027821284
436399,0.28708175
436401,0.04056998
436404,0.022997323
436421,0.06196624
436422,0.09263763
436426,0.031659737
436430,0.016022362
436464,0.025588345
436471,0.016553389
436476,0.051681742
436478,0.009918768
436486,0.005956042
436497,0.03628711
436508,0.009903683
436509,0.01996417
436510,0.062562235
436511,0.33481413
436528,0.08682487
436531,0.044270523
436534,0.17433494
436535,0.045490727
436536,0.005400222
436537,0.010254583
436560,0.021032121
436562,0.08091158
436563,0.13148573
436564,0.08801517
436598,0.043133866
436599,0.009824878
436600,0.1199723
436637,0.04238968
436674,0.013539665
436706,0.04029304
436721,0.0338368
436722,0.07762393
436735,0.007540702
436747,0.23091641
436748,0.025631668
436750,0.07532586
436757,0.405041
436767,0.08772203
436771,0.008340467
436781,0.10604541
436786,0.014752266
436799,0.008628923
436807,0.06991146
436812,0.05295945
436821,0.048128404
436835,0.021127112
436836,0.24761797
436846,0.07977121
436874,0.0152420625
436880,0.12774125
436882,0.113363884
436885,0.013639963
436893,0.045737617
436894,0.004522146
436896,0.04216719
436902,0.1409609
436918,0.013773597
436921,0.031168405
436935,0.051495664
436955,0.010985776
436961,0.07960684
436963,0.05657171
436964,0.033952896
436970,0.04127014
436975,0.038153455
437005,0.06651084
437014,0.044886712
437020,0.031106913
437043,0.013417926
437045,0.050576817
437070,0.05792275
437078,0.017615555
437095,0.03474837
437097,0.05278999
437123,0.007647665
437127,0.04060847
437128,0.053691745
437130,0.016691176
437147,0.39148572
437156,0.010750365
437157,0.0426695
437160,0.03848441
437161,0.02711602
437169,0.012706062
437189,0.13071375
437196,0.1907345
437198,0.04561368
437200,0.023168875
437206,0.10440204
437211,0.013318697
437215,0.03032927
437218,0.0254962
437226,0.027663812
437229,0.060814146
437235,0.014842503
437244,0.041313507
437245,0.04171499
437246,0.019876936
437264,0.024270168
437266,0.0074243867
437268,0.043130618
437269,0.031550013
437273,0.012308343
437275,0.15140012
437276,0.031047937
437302,0.017174114
437304,0.12257285
437305,0.09019068
437306,0.029697187
437334,0.015175484
437335,0.058879763
437336,0.030632077
437338,0.15384807
437343,0.5615345
437356,0.039313078
437357,0.029941555
437358,0.06522066
437359,0.020406565
437360,0.1828747
437393,0.010012974
437397,0.055460066
437403,0.0410118
437409,0.047071625
437426,0.066225894
437430,0.20702553
437446,0.25404978
437459,0.016862571
437461,0.019774178
437462,0.054483984
437463,0.011597197
437475,0.010240467
437478,0.028632041
437480,0.007628521
437482,0.06568906
437486,0.04470407
437491,0.064407095
437492,0.026671842
437493,0.14393504
437496,0.11112335
437510,0.0058356915
437515,0.009271562
437516,0.07393546
437519,0.009637619
437522,0.039260533
437524,0.018120103
437532,0.07414434
437538,0.008898777
437546,0.084822364
437551,0.03772114
437553,0.065702826
437556,0.077495374
437573,0.17859976
437575,0.018337382
437584,0.057750847
437591,0.25299367
437592,0.04149454
437595,0.012540557
437602,0.028006999
437610,0.019298503
437611,0.012372688
437621,0.082123436
437622,0.10753898
437624,0.030815627
437630,0.024360482
437631,0.17319028
437636,0.358359
437666,0.009492174
437672,0.07607998
437676,0.03768918
437687,0.047372784
437689,0.15663593
437706,0.29466692
437712,0.0884081
437735,0.047717635
437757,0.01803599
437763,0.06563435
437790,0.0129954135
437791,0.006502439
437795,0.047792558
437803,0.02415366
437810,0.05485039
437811,0.109733075
437813,0.027465483
437820,0.021779247
437823,0.1495699
437832,0.0075654313
437841,0.012825365
437852,0.035497677
437858,0.0517931
437862,0.005824316
437892,0.026424265
437896,0.033188373
437903,0.14389832
437905,0.037042532
437911,0.23048285
437913,0.06831788
437918,0.010319172
437922,0.07014431
437933,0.018999374
437936,0.05359073
437945,0.024655513
437966,0.015410414
437967,0.093562186
437972,0.0042624236
437977,0.048020113
437984,0.34974423
437996,0.020437263
437997,0.015599267
437999,0.022318019
438001,0.010668958
438004,0.11369707
438007,0.040392693
438029,0.029996343
438031,0.015566451
438034,0.045815293
438038,0.19870734
438054,0.038785707
438058,0.013971961
438064,0.049288895
438065,0.047177263
438074,0.029153043
438084,0.090770975
438088,0.07419443
438089,0.014462588
438090,0.017176107
438117,0.10909467
438118,0.025558235
438151,0.07802661
438152,0.03232563
438153,0.20899266
438154,0.029788328
438167,0.033165526
438187,0.058017943
438192,0.17438127
438195,0.03619554
438196,0.20022805
438220,0.018965658
438223,0.10633084
438229,0.050997917
438256,0.026316212
438258,0.11333449
438260,0.024356663
438264,0.108043656
438273,0.06990507
438306,0.1599022
438307,0.013991905
438308,0.015002509
438309,0.008739908
438310,0.046944194
438341,0.042455763
438348,0.010082258
438349,0.021240266
438364,0.03539996
438368,0.06379117
438380,0.07600447
438382,0.013404722
438402,0.0548735
438404,0.0523135
438408,0.063630655
438410,0.08537753
438429,0.03559127
438434,0.085130416
438435,0.028281204
438437,0.11301769
438438,0.09567868
438444,0.12014415
438471,0.030803768
438506,0.019984484
438521,0.030373732
438524,0.19693555
438525,0.07164822
438534,0.016834252
438541,0.026074743
438546,0.012909407
438547,0.030943342
438564,0.034445535
438568,0.013985629
438570,0.0050089075
438578,0.0070540034
438582,0.03135642
438587,0.042698625
438604,0.01830727
438620,0.016618699
438621,0.0047004386
438624,0.014216224
438634,0.10329551
438644,0.045574334
438645,0.039077293
438651,0.06748129
438659,0.03492769
438660,0.020359728
438662,0.031616908
438668,0.0056666043
438673,0.07086963
438677,0.02348297
438683,0.30703527
438687,0.09524361
438700,0.06300124
438713,0.04531014
438714,0.02488945
438715,0.02178158
438717,0.022288064
438721,0.14638975
438738,0.1151558
438749,0.012817945
438750,0.029456263
438756,0.053579457
438771,0.027406741
438777,0.01816564
438781,0.0070033194
438783,0.122442886
438786,0.2920942
438792,0.020405108
438802,0.019358661
438808,0.019666959
438814,0.0214397
438829,0.082861036
438846,0.045865938
438851,0.095057756
438856,0.45512187
438858,0.06096065
438861,0.007529818
438862,0.08085726
438876,0.20572291
438880,0.014093904
438891,0.12248442
438896,0.05441039
438898,0.10197571
438904,0.006461698
438908,0.011522951
438921,0.053315412
438923,0.062407814
438929,0.047468435
438942,0.04507233
438950,0.079603165
438979,0.10679006
438994,0.18764204
438995,0.022217609
438996,0.005049857
439002,0.11306277
439013,0.01565612
439015,0.01527333
439017,0.028176714
439029,0.004734085
439047,0.13487767
439048,0.062341142
439049,0.15751113
439050,0.03483822
439061,0.086769454
439065,0.12848374
439069,0.10570835
439070,0.2490472
439071,0.09926731
439072,0.111978695
439073,0.16373841
439076,0.03177237
439077,0.014844091
439078,0.03610638
439089,0.038594294
439095,0.017608624
439113,0.039696705
439122,0.0091793025
439127,0.06616951
439153,0.032171044
439154,0.082780674
439157,0.0064476943
439197,0.0060787606
439205,0.08550209
439207,0.14324981
439209,0.012975465
439213,0.010703627
439218,0.077482246
439222,0.030898543
439229,0.06670151
439233,0.012009867
439235,0.022729553
439236,0.062332045
439239,0.077057935
439248,0.1992145
439255,0.040206656
439265,0.015047565
439266,0.06953457
439268,0.015865838
439270,0.013098838
439276,0.11848268
439285,0.0144337565
439294,0.09474081
439296,0.035259936
439299,0.3304514
439310,0.063883044
439319,0.011845884
439320,0.00803731
439325,0.05405004
439327,0.0469705
439328,0.014143157
439334,0.03216589
439335,0.05763761
439339,0.07180085
439343,0.010368499
439353,0.15399736
439356,0.012718392
439374,0.009867764
439391,0.3529947
439400,0.014639247
439405,0.08468409
439413,0.04034411
439448,0.076238476
439451,0.07158457
439455,0.048394777
439468,0.07178082
439472,0.012597631
439473,0.036054615
439477,0.01028289
439483,0.020947445
439484,0.031243525
439501,0.021896774
439505,0.03698071
439512,0.047189005
439515,0.06841747
439525,0.023523714
439535,0.085115604
439539,0.011654
439548,0.111407116
439549,0.061507087
439550,0.05263455
439551,0.022053713
439558,0.008041614
439562,0.017511481
439566,0.032381196
439571,0.036461666
439587,0.04658107
439591,0.070986494
439595,0.06580666
439611,0.12243016
439614,0.07815117
439618,0.19179936
439620,0.093113326
439626,0.011535964
439633,0.035165258
439657,0.039830927
439660,0.077336214
439661,0.019809967
439666,0.016245037
439673,0.026154988
439675,0.055475857
439705,0.05298267
439707,0.086208925
439720,0.038076784
439727,0.04360317
439733,0.08586535
439736,0.019621931
439737,0.055719424
439746,0.037001513
439755,0.027900929
439763,0.043255653
439765,0.05250149
439766,0.018088631
439768,0.1578261
439774,0.023460781
439779,0.01354979
439781,0.14937136
439784,0.2121421
439808,0.040332895
439816,0.06728556
439818,0.013209352
439820,0.009782214
439824,0.0093382355
439830,0.038062796
439839,0.017901545
439841,0.19017828
439845,0.02380944
439874,0.027525345
439875,0.0065744314
439879,0.04857915
439882,0.017675193
439883,0.29599994
439900,0.066344015
439901,0.00990372
439906,0.0487587
439909,0.1944493
439911,0.16958454
439914,0.013708419
439936,0.06701749
439937,0.024531849
439945,0.04384852
439950,0.023808792
439955,0.12877098
439956,0.02596235
439971,0.10036352
439977,0.03491333
439984,0.15469767
439985,0.023905853
439990,0.010628342
439994,0.08200703
440003,0.010591825
440030,0.033214264
440042,0.10717285
440048,0.059123293
440054,0.1699618
440073,0.053082295
440074,0.0771558
440080,0.03144114
440082,0.091462456
440085,0.10141481
440088,0.04339899
440091,0.022520961
440100,0.0066438117
440103,0.01991254
440113,0.14953923
440119,0.01694399
440127,0.008620332
440130,0.012852306
440131,0.015532409
440135,0.10794854
440139,0.038365204
440147,0.044943076
440156,0.25392002
440158,0.036796335
440162,0.019091472
440163,0.21645218
440176,0.012374181
440181,0.0026827918
440191,0.012284444
440192,0.047847044
440215,0.0052982373
440219,0.1175477
440222,0.03200112
440238,0.01826071
440239,0.02510963
440244,0.016247712
440245,0.022113146
440252,0.049758617
440266,0.049293663
440267,0.08219866
440281,0.08586996
440283,0.08012096
440292,0.13295937
440307,0.046819296
440309,0.01028263
440313,0.01897844
440315,0.03568822
440320,0.018219113
440332,0.006056437
440336,0.05061854
440338,0.06798881
440342,0.14100856
440350,0.050009944
440352,0.022089513
440356,0.028734766
440359,0.02850629
440384,0.013233581
440395,0.12934856
440396,0.033977848
440397,0.074355625
440401,0.03142838
440408,0.07302832
440411,0.053358763
440425,0.020469159
440439,0.019051792
440451,0.104443245
440460,0.18741375
440463,0.057449415
440473,0.009583962
440479,0.011620154
440497,0.14085518
440506,0.013549103
440509,0.018346272
440518,0.0167007
440528,0.08959241
440536,0.047913093
440543,0.15028626
440561,0.012918255
440562,0.034833945
440566,0.06676298
440572,0.047992684
440574,0.12925427
440585,0.08501155
440592,0.052031048
440601,0.09302282
440606,0.033374004
440632,0.13420288
440643,0.0356612
440653,0.0072747143
440669,0.026026675
440682,0.020466743
440691,0.03282161
440701,0.006776311
440706,0.030635644
440708,0.03192553
440714,0.3216401
440721,0.34791613
440723,0.14516513
440750,0.01955469
440759,0.13717245
440773,0.026560416
440792,0.18766232
440793,0.007664631
440798,0.22960985
440804,0.045580678
440819,0.06785075
440827,0.14969654
440851,0.17934033
440861,0.019699132
440862,0.013784104
440868,0.030611157
440874,0.01318471
440877,0.086484894
440883,0.016421027
440884,0.2231096
440886,0.008627845
440900,0.029827854
440902,0.0158981
440904,0.08152107
440910,0.058788985
440913,0.025469031
440915,0.1909478
440923,0.06677959
440924,0.028700618
440927,0.029111248
440936,0.033847764
440968,0.030668557
440973,0.012728629
440975,0.050296813
440979,0.111248314
440986,0.055614226
440987,0.0119694555
440995,0.019861031
440998,0.055134248
441000,0.009450654
441004,0.060603097
441007,0.2808019
441014,0.12746231
441026,0.15285857
441032,0.22559157
441042,0.009340171
441051,0.1281948
441060,0.010336742
441061,0.037462696
441081,0.044498973
441082,0.041185617
441085,0.041124735
441087,0.07951752
441089,0.021752592
441091,0.012768504
441095,0.040152393
441114,0.028842272
441128,0.11487251
441138,0.13351342
441154,0.0135691725
441156,0.09000486
441157,0.29822728
441175,0.029859595
441183,0.03451085
441189,0.014698723
441207,0.033946186
441209,0.06534031
441217,0.03186431
441228,0.02847139
441229,0.010050336
441239,0.022203134
441244,0.017089311
441256,0.037078116
441275,0.06021961
441278,0.021418344
441284,0.009518247
441288,0.022958703
441293,0.13326281
441294,0.18454973
441297,0.36462897
441298,0.025149912
441304,0.011185514
441316,0.008062948
441318,0.042071406
441351,0.07995079
441354,0.0823647
441363,0.06810418
441373,0.30125704
441375,0.02127801
441382,0.035281193
441385,0.03604583
441388,0.014675418
441392,0.47620338
441402,0.106330104
441413,0.06023802
441417,0.22018085
441427,0.06827726
441437,0.038930006
441453,0.060455807
441458,0.042258468
441459,0.031368233
441463,0.0017972764
441466,0.020345578
441475,0.008839951
441479,0.03083813
441497,0.033392143
441501,0.06879243
441509,0.020871371
441513,0.045587018
441546,0.077830575
441547,0.031244185
441563,0.2833006
441565,0.03492984
441567,0.02740769
441576,0.17698464
441577,0.06047294
441578,0.15024893
441597,0.0358625
441607,0.018035589
441609,0.013484586
441611,0.04067439
441613,0.017946213
441622,0.023173392
441637,0.030986646
441638,0.024345338
441652,0.019129002
441660,0.17583328
441667,0.07945662
441671,0.057208978
441672,0.01669601
441675,0.070527926
441679,0.010000662
441700,0.022319572
441701,0.017797798
441711,0.017520979
441725,0.024620142
441732,0.023454124
441741,0.13527338
441743,0.022742402
441761,0.013469117
441763,0.02419592
441766,0.016683593
441778,0.12669836
441780,0.034887057
441782,0.060255643
441785,0.14527635
441796,0.018836029
441808,0.10288685
441809,0.06405338
441811,0.015327951
441825,0.066698186
441828,0.118370645
441835,0.107323326
441860,0.03827028
441865,0.037940867
441871,0.0180791
441874,0.016477318
441876,0.006277467
441885,0.02371353
441896,0.109544724
441908,0.015455298
441913,0.021221986
441921,0.054973904
441926,0.0074163275
441936,0.025831277
441941,0.027394567
441947,0.025048371
441957,0.07691149
441961,0.025014631
441969,0.019764774
441979,0.044866804
441986,0.023453033
441987,0.013558385
441996,0.1309222
441997,0.01162862
441998,0.04362111
442001,0.018086756
442002,0.10103834
442003,0.063257165
442010,0.005028389
442013,0.04363397
442015,0.18065774
442026,0.023841932
442030,0.039061185
442032,0.11636685
442033,0.22724667
442039,0.09769752
442049,0.020126848
442054,0.061756592
442060,0.0062211445
442065,0.12586755
442067,0.049013563
442074,0.021116918
442076,0.051698465
442080,0.0984845
442085,0.008805994
442093,0.032579847
442100,0.059475314
442123,0.14183
442124,0.08442461
442128,0.052042853
442149,0.14597476
442151,0.03737991
442157,0.050468612
442158,0.021468313
442159,0.041335866
442161,0.07159799
442179,0.0944143
442187,0.08588875
442190,0.023669107
442195,0.026418624
442199,0.05543445
442233,0.015739592
442234,0.12688379
442235,0.010567563
442250,0.00626068
442256,0.026760498
442258,0.14847296
442264,0.09870565
442280,0.019591646
442288,0.012957977
442290,0.010037629
442293,0.08824595
442299,0.1507858
442303,0.13637954
442306,0.014907824
442308,0.015168406
442312,0.037087534
442315,0.039334264
442320,0.0669428
442321,0.07349559
442328,0.060900908
442331,0.2036149
442359,0.019956091
442361,0.017847791
442366,0.039043784
442368,0.042560637
442372,0.25318798
442378,0.031979885
442392,0.19127534
442393,0.029011518
442399,0.033996794
442401,0.2341347
442404,0.009029485
442405,0.11529104
442438,0.06095996
442442,0.07614323
442451,0.11937798
442452,0.015639074
442458,0.101317525
442461,0.10226628
442464,0.011926503
442468,0.090726025
442479,0.13789403
442484,0.06252246
442504,0.040420536
442505,0.035058506
442513,0.05828017
442520,0.004283527
442527,0.029574733
442539,0.01723215
442540,0.08534923
442541,0.006014148
442555,0.012643348
442577,0.21055394
442586,0.031464208
442588,0.013301187
442613,0.18896756
442616,0.053791124
442622,0.05582171
442626,0.02681777
442627,0.04433
442641,0.038971696
442647,0.0074678822
442653,0.1399848
442656,0.01783355
442662,0.033940617
442672,0.008621673
442682,0.04629106
442684,0.03974435
442685,0.035969127
442698,0.10211107
442709,0.027003825
442716,0.044654787
442718,0.024619563
442723,0.080135606
442724,0.050554156
442737,0.024448613
442742,0.17464729
442743,0.018571759
442746,0.035982866
442766,0.032972023
442767,0.06582916
442769,0.025048103
442792,0.043526936
442797,0.11071702
442799,0.040784728
442804,0.021594606
442807,0.031555843
442816,0.088378325
442819,0.026729196
442826,0.07120738
442831,0.046849698
442846,0.020237949
442854,0.09301632
442861,0.008833659
442862,0.013727706
442870,0.1307107
442875,0.036439233
442890,0.013175504
442891,0.20371059
442896,0.0259871
442897,0.0534158
442902,0.045355603
442903,0.041375056
442905,0.009453437
442915,0.09464942
442937,0.020222394
442947,0.39825216
442949,0.036798194
442954,0.08508815
442972,0.035391625
443012,0.082290016
443018,0.07816575
443029,0.046477295
443031,0.0110321995
443033,0.0095655145
443035,0.028772842
443039,0.0031186051
443040,0.025963873
443051,0.07737746
443062,0.04152514
443069,0.11496016
443080,0.055095118
443081,0.06607594
443090,0.13670951
443092,0.0071222307
443106,0.031458713
443119,0.15112938
443134,0.011103115
443161,0.019903284
443170,0.011012541
443177,0.037742756
443189,0.017593341
443193,0.019454436
443199,0.036310606
443212,0.040460557
443226,0.19965379
443230,0.05210932
443239,0.07859695
443241,0.007344437
443244,0.018607585
443249,0.015839502
443253,0.017655378
443262,0.013733412
443264,0.510643
443266,0.08932724
443274,0.009807665
443283,0.014776256
443295,0.0066376626
443304,0.010303636
443313,0.08314644
443317,0.005862405
443324,0.021424094
443339,0.019946458
443344,0.082016736
443345,0.023530578
443352,0.010517047
443355,0.032057006
443356,0.14235365
443360,0.09250881
443364,0.18035786
443368,0.0046853092
443375,0.059549335
443380,0.09373232
443391,0.13490306
443392,0.0035458999
443397,0.024238192
443403,0.050618213
443406,0.13901415
443420,0.06835827
443431,0.015515552
443441,0.03804366
443456,0.14649464
443457,0.1331261
443459,0.03166189
443460,0.13867159
443471,0.027033554
443474,0.09148474
443486,0.09521157
443487,0.016681721
443490,0.013055607
443492,0.5012992
443495,0.05836123
443505,0.030550353
443512,0.03872435
443555,0.037386328
443576,0.1494046
443582,0.003708919
443583,0.0045487345
443585,0.02282871
443588,0.014684718
443592,0.028558318
443596,0.06465169
443597,0.005462679
443606,0.042717572
443607,0.059688322
443608,0.07677824
443611,0.10548148
443612,0.0595412
443618,0.22435729
443623,0.0049987477
443632,0.010324102
443633,0.12750109
443634,0.027558329
443637,0.024767542
443638,0.28849322
443669,0.019229174
443672,0.035698898
443685,0.011430726
443686,0.004258389
443694,0.024798954
443695,0.07663852
443697,0.2917622
443700,0.03217153
443734,0.14464326
443738,0.061509334
443742,0.034765385
443759,0.116176285
443760,0.02943891
443770,0.03327498
443776,0.020484718
443788,0.006555446
443791,0.21616946
443792,0.022818284
443803,0.03340293
443808,0.025212778
443832,0.03435902
443842,0.014729368
443847,0.010885847
443853,0.03152354
443854,0.26880226
443868,0.018967297
443873,0.013852364
443879,0.019691907
443883,0.02086014
443891,0.07031732
443908,0.07034816
443910,0.33778816
443918,0.016749347
443927,0.014558908
443935,0.050912574
443965,0.1269906
443974,0.007495545
443984,0.016456576
443986,0.06761159
443991,0.009493429
443996,0.0071694204
444008,0.006972636
444014,0.018392017
444015,0.024779545
444016,0.08168035
444018,0.033322394
444053,0.1192975
444058,0.088053435
444065,0.04647858
444069,0.017454071
444082,0.026730696
444087,0.07670536
444089,0.05486518
444093,0.061893214
444104,0.0028957175
444113,0.009054664
444118,0.08635212
444122,0.02756857
444123,0.04919307
444128,0.056232236
444136,0.028285326
444152,0.024559334
444155,0.019746233
444182,0.018459978
444183,0.03999221
444185,0.014999065
444213,0.038997747
444229,0.019905668
444231,0.01141774
444234,0.018572284
444240,0.021129841
444249,0.02100023
444265,0.16840099
444268,0.027976006
444271,0.019061685
444278,0.012604392
444279,0.08888948
444283,0.11247637
444285,0.008933172
444291,0.06974776
444297,0.0121939005
444313,0.02338441
444318,0.031718303
444322,0.009444048
444333,0.011816205
444334,0.029014999
444359,0.061704475
444367,0.06658887
444369,0.03653235
444370,0.08266833
444376,0.017336372
444384,0.008652502
444387,0.031102458
444406,0.013701888
444409,0.024940353
444412,0.034125645
444418,0.13077237
444420,0.08819184
444424,0.008805476
444429,0.009460559
444432,0.028602019
444434,0.021337923
444440,0.016032951
444444,0.024841463
444450,0.0154344225
444456,0.010525342
444457,0.025302058
444461,0.05066903
444504,0.11654926
444515,0.08314499
444516,0.080225386
444517,0.0062216814
444519,0.10556918
444540,0.02147226
444573,0.10306862
444581,0.030888457
444582,0.016536267
444602,0.16409582
444605,0.018919164
444611,0.011235475
444614,0.013400441
444622,0.12087339
444624,0.16281512
444625,0.04050818
444639,0.03094884
444658,0.024625275
444673,0.04237117
444696,0.023975695
444719,0.03034723
444729,0.021119988
444737,0.037543725
444743,0.077192165
444758,0.023518696
444764,0.02737138
444780,0.019527452
444789,0.062405534
444795,0.072074704
444811,0.046691746
444814,0.0073650284
444825,0.043050878
444831,0.026105838
444832,0.018035952
444835,0.12973402
444840,0.054355294
444841,0.0445638
444842,0.05789387
444846,0.023355367
444849,0.03225689
444867,0.011300319
444876,0.030780433
444893,0.030648112
444896,0.03883452
444897,0.022030499
444907,0.016082818
444908,0.011852711
444932,0.040629044
444933,0.031523004
444936,0.0154433595
444941,0.05128149
444942,0.039412867
444950,0.066179395
444956,0.008516835
444965,0.020163495
444966,0.12544142
444970,0.014949006
444971,0.33734444
444978,0.011750617
444982,0.064268716
444984,0.061061233
444986,0.030086195
445001,0.028995218
445016,0.022132168
445027,0.05018139
445029,0.04345374
445032,0.033548035
445037,0.023707878
445043,0.008511594
445044,0.097004436
445047,0.15154806
445052,0.14814435
445073,0.031604044
445075,0.0062253852
445076,0.027846089
445092,0.037760768
445095,0.12712751
445106,0.020844657
445110,0.05294764
445123,0.020644926
445124,0.013795312
445141,0.061195284
445151,0.009422076
445160,0.02760699
445161,0.073245056
445164,0.10485407
445165,0.018328654
445169,0.03963339
445175,0.215434
445178,0.020820027
445182,0.07085258
445183,0.0034810014
445192,0.017149296
445193,0.038765255
445200,0.01131587
445202,0.009992733
445203,0.0037131389
445207,0.02947878
445245,0.05017671
445256,0.05876722
445282,0.22543705
445294,0.04244962
445300,0.22588482
445316,0.024082536
445331,0.038643114
445332,0.0067594047
445343,0.037923574
445345,0.03808734
445346,0.027827362
445354,0.13300227
445355,0.29643333
445356,0.13765872
445366,0.1229511
445369,0.20407097
445390,0.043497432
445392,0.050594684
445398,0.0060371235
445401,0.039944556
445417,0.014087025
445427,0.013473228
445465,0.13493916
445469,0.03145864
445472,0.019543145
445475,0.4869977
445483,0.016398001
445484,0.046735533
445493,0.21873616
445496,0.047755912
445504,0.008011546
445505,0.17443901
445507,0.01320004
445531,0.3988985
445536,0.065703474
445544,0.046432365
445559,0.004264504
445580,0.028283952
445589,0.010522589
445591,0.014293779
445595,0.019131102
445601,0.017555809
445612,0.05636162
445639,0.047185138
445656,0.06805186
445666,0.025561173
445682,0.29260185
445686,0.021305632
445700,0.050072473
445713,0.059817348
445716,0.031572215
445725,0.006184661
445728,0.03691
445731,0.005978882
445742,0.05636139
445743,0.3662873
445755,0.024255987
445766,0.0097029805
445781,0.38444167
445798,0.07614059
445799,0.20356853
445801,0.2925772
445810,0.029683657
445813,0.053634427
445822,0.0075226524
445824,0.083747365
445826,0.19032137
445828,0.065400526
445829,0.023916097
445838,0.0397686
445840,0.017579256
445845,0.032634337
445847,0.039038584
445849,0.036080625
445852,0.06273653
445853,0.12647
445856,0.046309184
445863,0.0105109755
445864,0.25703838
445871,0.07502058
445907,0.053801566
445908,0.01893911
445917,0.019989762
445919,0.10351584
445925,0.012959107
445930,0.039111543
445938,0.017039109
445943,0.07043365
445946,0.023933241
445948,0.21820436
445970,0.03782411
445972,0.008487194
445974,0.3655792
445976,0.013880266
445979,0.042673033
445993,0.015841883
446001,0.07488004
446004,0.04848323
446025,0.09252529
446026,0.04796035
446046,0.13270909
446048,0.03717219
446055,0.01682025
446064,0.06450412
446068,0.012323134
446078,0.011841097
446094,0.039959658
446096,0.29408288
446120,0.11982971
446131,0.026070217
446139,0.101870805
446157,0.15209141
446179,0.055685602
446180,0.042735804
446186,0.047823004
446189,0.2241702
446200,0.11873702
446208,0.10343171
446210,0.086696506
446214,0.10074836
446226,0.014431554
446229,0.032118846
446237,0.05155606
446247,0.021040356
446256,0.012241491
446273,0.06948465
446286,0.025316937
446296,0.008624483
446302,0.037957992
446310,0.07907579
446315,0.013756874
446319,0.2139924
446320,0.09809949
446322,0.0693672
446356,0.21864694
446374,0.027800485
446375,0.06024001
446406,0.01693228
446407,0.007887323
446426,0.15317687
446428,0.056746043
446431,0.14808275
446433,0.014989017
446437,0.17430444
446441,0.08861953
446452,0.019068409
446464,0.051656894
446466,0.09445079
446468,0.11371796
446469,0.094029784
446472,0.51835626
446476,0.05231026
446478,0.02249885
446485,0.02831484
446499,0.03832256
446503,0.05311764
446504,0.0076402067
446509,0.05306195
446512,0.10388447
446525,0.040400747
446534,0.022303537
446535,0.036130127
446543,0.14457273
446546,0.0037626086
446550,0.24848962
446555,0.060706332
446560,0.016437491
446564,0.02495858
446572,0.01419756
446593,0.044905312
446616,0.07971156
446617,0.0427051
446625,0.009244482
446626,0.105728224
446631,0.10608491
446643,0.10354657
446647,0.0741026
446652,0.037732393
446655,0.06728596
446657,0.28895423
446663,0.054457467
446665,0.17171672
446676,0.03258376
446684,0.08723102
446694,0.013698331
446699,0.011125965
446702,0.0966309
446713,0.013473277
446720,0.2213028
446724,0.17415331
446728,0.045581788
446730,0.021650197
446738,0.070548505
446742,0.0147592565
446743,0.010317171
446744,0.08187412
446750,0.07619753
446759,0.029571228
446760,0.07530618
446772,0.012501199
446786,0.032396458
446799,0.02924299
446800,0.22261116
446803,0.06901317
446812,0.05011957
446813,0.054790597
446815,0.015131182
446816,0.029524295
446832,0.1399889
446845,0.045978185
446846,0.0075299228
446847,0.034926523
446850,0.017139448
446851,0.11693562
446855,0.037942465
446856,0.028651785
446867,0.008784104
446877,0.17300712
446880,0.037651476
446885,0.010057964
446892,0.008480736
446905,0.107286565
446909,0.17147209
446924,0.0074488497
446935,0.010164045
446944,0.033490036
446945,0.016645351
446949,0.0020582632
446952,0.025218869
446957,0.018850477
446961,0.04276188
446979,0.029044084
446980,0.08797672
446987,0.060451064
446991,0.04224661
447001,0.025210232
447013,0.06654184
447014,0.030732578
447023,0.043572426
447062,0.009984244
447072,0.03264161
447082,0.057372022
447084,0.023272444
447087,0.008269733
447092,0.039984312
447106,0.02086744
447107,0.08716339
447112,0.027130146
447147,0.027463054
447160,0.11626195
447176,0.015817048
447184,0.013670712
447188,0.006357891
447190,0.062133666
447191,0.022407928
447198,0.058877647
447199,0.024508206
447200,0.105097085
447202,0.0195234
447209,0.12776022
447210,0.07918109
447228,0.35187557
447230,0.012212474
447235,0.06672217
447246,0.06353692
447248,0.05974474
447263,0.035838824
447265,0.02687833
447272,0.029505678
447285,0.03923876
447293,0.2386768
447305,0.040030427
447312,0.023152487
447326,0.022616109
447327,0.042531908
447361,0.022652347
447367,0.21159549
447381,0.03840231
447387,0.14807123
447390,0.14715263
447391,0.04603198
447416,0.06549668
447419,0.09427661
447420,0.044506405
447422,0.011174842
447425,0.03403392
447444,0.009758755
447458,0.040648498
447460,0.037087966
447467,0.021881832
447479,0.051480457
447482,0.084891275
447496,0.024170399
447504,0.010551612
447507,0.016244866
447519,0.0139818555
447522,0.02003612
447528,0.08109661
447529,0.01321401
447532,0.10529744
447540,0.03695892
447543,0.10802748
447546,0.025745459
447554,0.012794333
447571,0.021882461
447575,0.008696433
447591,0.020791916
447599,0.21672349
447600,0.06239145
447601,0.04236162
447606,0.0548362
447607,0.023404997
447618,0.09643081
447621,0.01515081
447633,0.014301969
447638,0.015455555
447642,0.028111663
447644,0.022687107
447654,0.0750319
447670,0.013163189
447671,0.026914615
447672,0.04174235
447674,0.078652605
447676,0.06835441
447692,0.21276411
447696,0.17314678
447698,0.058556255
447704,0.01792364
447705,0.105530486
447708,0.036685888
447709,0.21575631
447715,0.061188314
447727,0.008280604
447736,0.031165883
447742,0.010656855
447743,0.17625788
447745,0.048717804
447748,0.14833324
447751,0.43583632
447752,0.015286279
447796,0.043761995
447810,0.017130878
447812,0.045570567
447814,0.26855788
447815,0.011261111
447816,0.04991607
447817,0.2793488
447835,0.033213686
447842,0.2900979
447844,0.007392849
447862,0.11791663
447865,0.04645264
447868,0.15715262
447873,0.020322856
447876,0.009764852
447881,0.07519831
447882,0.23015064
447883,0.0065711616
447904,0.043518122
447907,0.2710508
447915,0.09789594
447931,0.02818527
447945,0.022123624
447947,0.089664966
447958,0.013439348
447967,0.0068347454
447968,0.07397316
447972,0.45649076
447975,0.038116552
447976,0.14909229
447978,0.0045439396
447983,0.025456112
447993,0.13268912
447998,0.23791762
448001,0.07636639
448005,0.06825625
448007,0.046211254
448011,0.12733403
448012,0.017272651
448016,0.07812949
448030,0.033970494
448039,0.06018928
448040,0.014632759
448045,0.059057385
448046,0.06813257
448051,0.015349595
448084,0.045028094
448091,0.108062185
448100,0.06726989
448125,0.09710791
448143,0.029298672
448146,0.04721261
448150,0.06380185
448160,0.15861058
448163,0.024083832
448165,0.07591964
448182,0.013015326
448185,0.016017215
448188,0.019776529
448189,0.02142732
448209,0.02543832
448210,0.097762816
448218,0.011846936
448224,0.12504771
448241,0.029600117
448243,0.012137178
448244,0.009467968
448245,0.13452673
448254,0.031847227
448278,0.13919194
448279,0.054414053
448282,0.047329385
448284,0.013393954
448285,0.17173974
448301,0.118859954
448302,0.22898589
448305,0.070418455
448317,0.06426494
448330,0.067402385
448335,0.0294319
448338,0.05262753
448340,0.00776474
448341,0.021152647
448347,0.3880331
448350,0.08014734
448353,0.02642121
448361,0.070940875
448370,0.045611665
448380,0.094370276
448400,0.15030459
448411,0.17399943
448412,0.06186332
448417,0.027756196
448420,0.037146065
448422,0.056419916
448424,0.013523668
448447,0.08216318
448459,0.026609981
448464,0.025101168
448470,0.0913551
448490,0.008696161
448494,0.077568285
448500,0.13549192
448515,0.0047993404
448522,0.07131731
448526,0.011542535
448536,0.42726293
448548,0.0048630773
448566,0.04488121
448573,0.029808933
448584,0.013406857
448585,0.03607323
448597,0.024970528
448599,0.026580868
448601,0.0062187416
448604,0.022674674
448606,0.07148975
448610,0.026164876
448642,0.079781994
448660,0.009183393
448669,0.008811375
448674,0.039384514
448675,0.02822606
448678,0.024810022
448690,0.029728131
448693,0.012918851
448695,0.15303358
448700,0.13109343
448703,0.027340814
448704,0.21073306
448707,0.017701603
448720,0.24663728
448727,0.20351884
448728,0.07641517
448734,0.27775204
448746,0.025557764
448755,0.026519798
448760,0.20712852
448770,0.052166607
448778,0.016306631
448788,0.061500125
448790,0.093018435
448801,0.030322317
448805,0.022802247
448806,0.0074505247
448812,0.00853731
448817,0.10608966
448834,0.01182925
448837,0.16649738
448838,0.044795074
448853,0.09031753
448856,0.043969434
448868,0.07015784
448876,0.013757089
448909,0.32707527
448917,0.061054666
448919,0.06102593
448922,0.13362162
448931,0.023787938
448935,0.018808402
448937,0.016984152
448940,0.03604821
448948,0.065655954
448958,0.042383477
448967,0.02597991
448968,0.018991431
448973,0.15291165
448993,0.02883832
449000,0.06539145
449011,0.19600418
449015,0.00706645
449030,0.044656724
449035,0.012843942
449040,0.011337849
449045,0.008067318
449060,0.026902955
449081,0.033943277
449082,0.029068256
449087,0.14768179
449095,0.034136392
449105,0.15231909
449110,0.020370765
449117,0.059033968
449126,0.15505783
449134,0.016969457
449141,0.02404029
449148,0.24270108
449155,0.02190347
449158,0.13282697
449160,0.021007622
449178,0.13362506
449180,0.08862789
449183,0.061613865
449186,0.022890413
449193,0.049243648
449196,0.015131108
449203,0.017820185
449213,0.024381602
449214,0.009659453
449215,0.036289863
449216,0.030565614
449224,0.08263113
449227,0.023766333
449230,0.009251956
449233,0.122703835
449253,0.051769014
449254,0.044535402
449264,0.3412375
449289,0.19568169
449302,0.0059431754
449308,0.060456503
449314,0.009658427
449322,0.07524403
449323,0.01022373
449364,0.070659444
449368,0.022987844
449391,0.01718561
449403,0.051032797
449408,0.062264178
449409,0.019776493
449412,0.010069556
449424,0.04851666
449427,0.019295681
449462,0.030673392
449465,0.021615598
449469,0.020548074
449475,0.005551482
449476,0.05059628
449483,0.018378852
449484,0.23305139
449487,0.011378494
449492,0.03403689
449499,0.061017834
449502,0.01194842
449506,0.014951026
449508,0.05134451
449514,0.015591424
449517,0.038335185
449534,0.048839934
449540,0.053495847
449543,0.044664703
449545,0.026778724
449548,0.08897465
449555,0.054555904
449556,0.08647829
449558,0.0178939
449566,0.1249353
449574,0.10746522
449576,0.03644803
449578,0.004850232
449581,0.021394677
449586,0.17593807
449591,0.077408165
449594,0.02048483
449599,0.074971415
449606,0.028382238
449615,0.01559911
449616,0.023934985
449625,0.021462264
449633,0.01008982
449636,0.16179729
449637,0.2622894
449642,0.010897191
449683,0.071506254
449684,0.011437845
449711,0.0176536
449713,0.022358686
449716,0.05540358
449741,0.029598419
449745,0.018260373
449747,0.01631309
449756,0.045264237
449759,0.018689768
449760,0.09892351
449768,0.014997231
449773,0.02943289
449775,0.032736327
449780,0.012564371
449788,0.09261027
449792,0.03465049
449802,0.06363842
449812,0.24783264
449815,0.11648791
449818,0.03507493
449820,0.038631823
449821,0.015125905
449822,0.29598272
449831,0.022747181
449837,0.06425068
449855,0.121259704
449857,0.02970406
449865,0.0431821
449866,0.025654947
449871,0.07160792
449873,0.045766454
449874,0.07825021
449877,0.0248922
449881,0.03179879
449889,0.05267258
449893,0.009154655
449894,0.051037632
449897,0.05996777
449900,0.019786952
449910,0.01592126
449924,0.21199676
449928,0.048889775
449932,0.24159683
449942,0.048580926
449947,0.039516535
449955,0.04320568
449972,0.004755377
449984,0.08453658
450004,0.018327286
450027,0.047461145
450029,0.0045468044
450035,0.04145745
450038,0.009423705
450042,0.44093168
450044,0.027857412
450060,0.02165121
450065,0.025711779
450076,0.037907604
450081,0.17171171
450083,0.070628345
450096,0.06546577
450102,0.018497577
450107,0.12117915
450109,0.0783275
450110,0.027355852
450111,0.019911224
450114,0.063146606
450117,0.026868444
450118,0.13040845
450124,0.15055192
450141,0.21065122
450145,0.034301702
450148,0.047356058
450169,0.039379656
450172,0.16276664
450173,0.019474078
450180,0.039765343
450182,0.014317264
450190,0.031484067
450200,0.02333392
450216,0.016688418
450221,0.025735097
450227,0.40693697
450229,0.031891044
450233,0.02603803
450244,0.14702289
450251,0.17953625
450260,0.011358264
450266,0.11932742
450267,0.06874105
450272,0.0040976265
450280,0.069212265
450287,0.010911814
450290,0.029362086
450291,0.16806261
450303,0.02968739
450310,0.048133414
450311,0.07720765
450358,0.06958602
450373,0.11231799
450376,0.06739335
450383,0.027146712
450395,0.035366055
450398,0.22190635
450412,0.2501613
450415,0.057987966
450420,0.014117622
450421,0.17990811
450427,0.023459924
450428,0.024989374
450429,0.033311818
450433,0.026740512
450443,0.01826183
450453,0.019996831
450454,0.015614375
450458,0.08360219
450464,0.018334417
450469,0.2571295
450475,0.020877765
450478,0.22667046
450498,0.084250286
450501,0.07873158
450503,0.03521132
450513,0.22952999
450523,0.034762237
450530,0.083654836
450537,0.03261369
450543,0.04764467
450554,0.033341404
450555,0.014360338
450558,0.075565726
450568,0.019549636
450569,0.027580714
450580,0.01184851
450581,0.013920173
450588,0.013273987
450589,0.07363414
450602,0.05007295
450603,0.009985608
450621,0.01926548
450626,0.36645767
450640,0.011363642
450641,0.010705277
450644,0.49224105
450658,0.17958803
450672,0.0925276
450685,0.024079211
450687,0.109203756
450689,0.0589778
450690,0.10021025
450693,0.013214774
450699,0.038805515
450706,0.4641895
450708,0.12620199
450710,0.060172807
450716,0.07144266
450722,0.039131105
450752,0.14773947
450759,0.22565487
450763,0.065704264
450767,0.032625806
450768,0.07177665
450772,0.027305694
450778,0.039990246
450781,0.022868736
450788,0.0212665
450792,0.15314639
450817,0.007965055
450820,0.023218777
450835,0.15335657
450848,0.19783187
450853,0.20124717
450865,0.03810908
450878,0.009464959
450883,0.0117050875
450885,0.046729416
450896,0.013916374
450897,0.039206646
450898,0.125714
450904,0.044134375
450908,0.095462754
450917,0.014771741
450921,0.02190055
450923,0.08451334
450926,0.049405605
450929,0.043655287
450937,0.03537493
450963,0.26983643
450971,0.124949075
450973,0.03739837
450978,0.20416473
450982,0.013755457
450995,0.070782
450997,0.018776733
451033,0.026150055
451035,0.0063472176
451037,0.28464645
451039,0.011801715
451063,0.008609782
451079,0.0227051
451081,0.008569504
451083,0.050069124
451100,0.033131737
451101,0.0030056147
451104,0.016599314
451109,0.019474916
451119,0.031395417
451124,0.013058927
451126,0.015909314
451146,0.053391445
451155,0.0083895065
451156,0.011314686
451160,0.24923666
451163,0.012063178
451168,0.057889
451175,0.06497437
451184,0.03742155
451189,0.038291983
451206,0.033058345
451208,0.024492899
451225,0.013615795
451226,0.029004065
451228,0.20267634
451230,0.08298073
451235,0.018395146
451239,0.018600078
451242,0.021022849
451247,0.06547271
451248,0.09239132
451255,0.055436477
451261,0.04075617
451270,0.13096203
451277,0.02462303
451278,0.12607114
451282,0.037922557
451283,0.05641021
451302,0.041539874
451310,0.043449238
451315,0.08995203
451328,0.04494289
451330,0.030114673
451331,0.17346565
451338,0.023424665
451342,0.064056024
451347,0.015197959
451350,0.13134682
451351,0.05547079
451354,0.02114575
451358,0.030468285
451370,0.0132532595
451379,0.4177491
451383,0.058401957
451390,0.11764354
451391,0.014400088
451392,0.09853781
451412,0.0633645
451422,0.004130346
451429,0.017171739
451432,0.067930765
451437,0.016006041
451442,0.047402013
451455,0.03786366
451457,0.07038088
451464,0.051004283
451472,0.021594036
451474,0.061154302
451488,0.046489127
451512,0.021140145
451516,0.10395415
451519,0.2047522
451528,0.012166493
451531,0.015044254
451551,0.061058715
451564,0.057428956
451570,0.19088477
451571,0.019689718
451575,0.13976467
451576,0.111287355
451582,0.11212664
451586,0.024807334
451587,0.1070747
451594,0.06521168
451596,0.03932342
451600,0.064739235
451615,0.016594883
451616,0.054457363
451646,0.18548052
451648,0.06997478
451650,0.014696871
451651,0.12287841
451662,0.15275547
451675,0.020051863
451680,0.040546
451682,0.084349215
451688,0.034455117
451691,0.03899611
451698,0.08879599
451703,0.050654825
451709,0.07513043
451714,0.13600911
451716,0.0850076
451719,0.030603517
451724,0.0367746
451726,0.030888474
451733,0.017288052
451743,0.03935487
451747,0.011879439
451756,0.036452048
451761,0.06718729
451762,0.073710725
451768,0.009365619
451785,0.010586979
451805,0.011011445
451811,0.13515896
451817,0.027814163
451823,0.08996543
451831,0.018562578
451840,0.061630033
451845,0.014870381
451852,0.03356303
451855,0.020722726
451856,0.025471264
451871,0.011449642
451873,0.07803626
451897,0.029829372
451907,0.11585667
451908,0.076340795
451919,0.030325621
451932,0.03546509
451934,0.1405915
451935,0.018623004
451936,0.15374929
451938,0.016443565
451954,0.018303672
451958,0.04131182
451976,0.15628643
451977,0.06650192
451983,0.21456076
452000,0.07063095
452023,0.025537785
452024,0.006097949
452028,0.008102697
452039,0.03292561
452043,0.03072201
452047,0.011047278
452067,0.11039159
452069,0.02689173
452071,0.021058133
452096,0.2768161
452101,0.106070496
452107,0.06211374
452108,0.029075349
452109,0.047922216
452123,0.015901225
452127,0.016975185
452131,0.1504435
452133,0.0072218003
452136,0.14992817
452137,0.053052384
452142,0.034224868
452147,0.06309683
452158,0.050693788
452172,0.0703923
452190,0.27542138
452191,0.06739491
452192,0.007117281
452195,0.020069966
452209,0.048356056
452237,0.034893256
452239,0.011554443
452242,0.06186267
452246,0.0060207536
452249,0.057102326
452263,0.03692943
452267,0.040131878
452273,0.05627976
452274,0.037482955
452291,0.08709124
452310,0.10360404
452319,0.033023592
452325,0.021765128
452328,0.044838488
452330,0.1927325
452332,0.025272172
452337,0.021988086
452353,0.22989696
452356,0.15037361
452368,0.010497986
452379,0.08373883
452380,0.31617415
452396,0.03914512
452398,0.15601796
452401,0.01844005
452408,0.041292123
452409,0.051030327
452414,0.04486777
452418,0.056310445
452422,0.06192653
452430,0.04619299
452432,0.023768315
452451,0.07046675
452455,0.021695456
452495,0.044034686
452497,0.21465312
452511,0.07834426
452514,0.01586049
452522,0.041315228
452529,0.043546807
452530,0.10169672
452542,0.04070303
452545,0.020222375
452558,0.027290681
452592,0.19845274
452604,0.012916417
452616,0.009540295
452619,0.027596688
452620,0.013061553
452630,0.021892635
452644,0.04022642
452658,0.022033345
452663,0.062135685
452668,0.03534623
452672,0.05666851
452679,0.029196944
452685,0.04814184
452690,0.060323805
452701,0.12979943
452702,0.07379442
452708,0.061731234
452714,0.027803624
452718,0.047271866
452731,0.0077046137
452733,0.07789399
452741,0.039793335
452748,0.33353674
452750,0.01247781
452753,0.05727912
452759,0.009501482
452767,0.19257712
452768,0.18869677
452788,0.023296282
452802,0.008410845
452807,0.026792243
452819,0.042088803
452820,0.0073440154
452821,0.019131346
452840,0.12518919
452851,0.015069333
452861,0.021453109
452865,0.013936051
452871,0.053068474
452882,0.033904955
452903,0.012799262
452906,0.08768926
452907,0.3141035
452914,0.02591825
452929,0.03388938
452931,0.081813924
452932,0.039965015
452948,0.03839853
452950,0.039361168
452963,0.026663857
452974,0.012465989
452982,0.06329189
452984,0.20729893
452994,0.012152181
452995,0.058510225
452998,0.013909
453003,0.13372223
453021,0.023491148
453040,0.08779506
453042,0.050284103
453052,0.024371782
453056,0.043815874
453066,0.020784656
453067,0.009000308
453072,0.013461604
453085,0.025957393
453093,0.03303158
453094,0.02190859
453100,0.011561134
453101,0.052646913
453107,0.09598083
453110,0.11608562
453111,0.14224169
453113,0.02081842
453114,0.009737473
453124,0.012566548
453129,0.013123566
453142,0.2236682
453145,0.053879585
453152,0.13082646
453159,0.034475934
453168,0.058965784
453196,0.04692375
453212,0.03608294
453214,0.019667579
453215,0.041883558
453220,0.007595968
453230,0.24562831
453233,0.23039863
453235,0.030188572
453244,0.05699984
453248,0.35886168
453262,0.0048952866
453268,0.015460122
453283,0.02521868
453284,0.029209087
453287,0.01950866
453299,0.048275713
453314,0.036880214
453322,0.02303552
453349,0.15558587
453354,0.07050959
453356,0.12647915
453359,0.19328392
453366,0.047925744
453367,0.042160504
453372,0.0127198985
453378,0.28843495
453390,0.008953597
453397,0.058560673
453403,0.012378538
453406,0.19252811
453412,0.10078561
453415,0.2038774
453428,0.035655674
453431,0.018357925
453442,0.024827417
453449,0.03258011
453465,0.012877258
453473,0.39053673
453476,0.020667557
453479,0.013357377
453480,0.00922063
453481,0.021401009
453493,0.022295684
453494,0.037406396
453507,0.27521715
453509,0.019633116
453514,0.05856081
453524,0.045918822
453534,0.03419233
453538,0.027842395
453544,0.18785273
453549,0.013232104
453550,0.08886656
453551,0.013229304
453556,0.01855634
453560,0.21840186
453566,0.030868659
453569,0.051557448
453579,0.014834394
453582,0.018365685
453586,0.062051192
453618,0.022412369
453620,0.03750397
453655,0.059866622
453659,0.080670565
453668,0.051873818
453681,0.010167783
453686,0.041754127
453687,0.07735871
453704,0.033654362
453707,0.050265312
453708,0.014495762
453709,0.06231432
453715,0.03430364
453721,0.15718299
453725,0.022531364
453727,0.01850339
453747,0.26710427
453753,0.13025026
453755,0.026075207
453761,0.015637739
453763,0.0055079125
453766,0.010272419
453774,0.011334918
453781,0.33934686
453790,0.035482567
453797,0.3160187
453808,0.12431226
453814,0.029793277
453836,0.061704196
453837,0.012286268
453843,0.022067893
453844,0.03494386
453871,0.010871636
453881,0.09612161
453892,0.33989206
453893,0.014196817
453894,0.027471527
453895,0.030225033
453903,0.05749301
453906,0.044104677
453918,0.07013871
453924,0.020888256
453930,0.10819441
453940,0.04321213
453944,0.1415321
453947,0.27568853
453949,0.106542885
453952,0.1431568
453959,0.118908785
453971,0.05796045
453986,0.26989594
453988,0.018174298
453989,0.08222202
453999,0.13459226
454007,0.07275046
454021,0.0076057366
454023,0.18515316
454036,0.018942634
454046,0.009821491
454052,0.035549395
454066,0.023771768
454070,0.25817764
454071,0.029036332
454075,0.15008585
454080,0.012413351
454085,0.03168126
454097,0.12035805
454103,0.021435633
454105,0.18409841
454108,0.021437416
454109,0.08580371
454137,0.13353951
454150,0.009026929
454155,0.02185117
454164,0.08053409
454165,0.024318561
454170,0.12075875
454173,0.013152061
454181,0.011401237
454183,0.18972452
454188,0.15701216
454192,0.010382957
454198,0.18401077
454200,0.017356811
454209,0.0061667543
454211,0.3349612
454212,0.029212873
454218,0.30887434
454220,0.041735448
454231,0.008818944
454242,0.005444222
454245,0.017233532
454261,0.02646613
454269,0.07369831
454271,0.013612407
454287,0.054064624
454293,0.1413725
454296,0.030377006
454304,0.065921016
454313,0.27663282
454315,0.13009082
454321,0.016576128
454333,0.07266832
454334,0.053133164
454345,0.016287021
454347,0.0867728
454361,0.081001244
454380,0.031087503
454382,0.16373757
454386,0.06276092
454390,0.054968435
454396,0.029451018
454398,0.12196377
454403,0.027973188
454405,0.031535983
454406,0.042393114
454412,0.15637517
454418,0.07523686
454436,0.10239252
454443,0.10803171
454449,0.059225637
454457,0.14002116
454466,0.0154999085
454471,0.17207907
454476,0.18465069
454489,0.18187219
454493,0.12528479
454495,0.037185226
454497,0.009838369
454522,0.024923254
454554,0.08597298
454557,0.010252732
454560,0.03447692
454561,0.0605748
454563,0.049519103
454565,0.03673993
454566,0.07368382
454578,0.099840604
454605,0.04393613
454608,0.022616494
454612,0.010490537
454618,0.15425111
454622,0.029290613
454631,0.046355914
454638,0.008857478
454639,0.14300466
454640,0.07074899
454653,0.11617479
454663,0.011376303
454664,0.27765855
454674,0.19910258
454678,0.19316986
454680,0.0120139485
454687,0.05132387
454690,0.021842383
454698,0.13030691
454700,0.06614139
454707,0.0068554753
454714,0.010572102
454722,0.08797918
454723,0.03248753
454739,0.13321388
454745,0.020604147
454763,0.048773948
454765,0.026909847
454774,0.0127096595
454778,0.021674968
454780,0.04013474
454781,0.1052274
454789,0.013031818
454801,0.0529679
454802,0.026419614
454835,0.07983689
454837,0.04787857
454841,0.0051761465
454872,0.0660824
454878,0.014561577
454884,0.004640363
454891,0.13276301
454897,0.03476052
454908,0.019771108
454912,0.043663085
454922,0.017184548
454929,0.08218968
454935,0.044600036
454946,0.087989405
454959,0.020961583
454970,0.04272283
454991,0.02374857
455002,0.08944721
455005,0.14795977
455016,0.13571572
455021,0.0055080215
455022,0.023734242
455024,0.16241243
455044,0.2003693
455050,0.012382285
455055,0.17342363
455056,0.052648205
455067,0.013807407
455069,0.013073176
455082,0.036291834
455087,0.017896531
455088,0.032254193
455112,0.051127926
455126,0.022931462
455132,0.058096293
455135,0.07861539
455148,0.013425649
455156,0.08448521
455161,0.08948599
455162,0.21040373
455164,0.13438848
455171,0.06368285
455174,0.009826254
455175,0.06662424
455184,0.33049482
455188,0.030695284
455200,0.116706684
455209,0.14753376
455212,0.22000094
455217,0.029794065
455222,0.020933542
455223,0.02287066
455228,0.04336163
455243,0.026269149
455246,0.03486742
455255,0.22053649
455262,0.042221982
455268,0.016653214
455277,0.18533896
455281,0.09909381
455296,0.033716764
455297,0.010552627
455322,0.017125314
455326,0.3985592
455327,0.07451533
455328,0.028253214
455368,0.009886112
455374,0.056142967
455377,0.012076118
455378,0.011618999
455379,0.056107413
455395,0.023380833
455424,0.15418212
455425,0.020302897
455429,0.009450469
455434,0.1019867
455436,0.012463727
455438,0.008160114
455439,0.120971635
455440,0.0123520885
455441,0.013291908
455481,0.008270481
455482,0.008656771
455483,0.0027577989
455484,0.16512583
455489,0.03747979
455490,0.0805158
455513,0.59629345
455515,0.12215728
455536,0.02117336
455537,0.021039715
455538,0.0055696657
455539,0.110948846
455567,0.21278456
455583,0.09811775
455607,0.01642624
455636,0.25562757
455638,0.029559266
455640,0.21657972
455644,0.010978528
455645,0.017477268
455648,0.032284517
455650,0.013702769
455658,0.12808268
455694,0.026198475
455695,0.034998313
455696,0.024427878
455703,0.068744294
455742,0.0059938896
455748,0.03299008
455749,0.10318153
455750,0.22752291
455751,0.023990007
455752,0.078995064
455787,0.06270006
455798,0.041745625
455802,0.13384098
455803,0.047836155
455804,0.09110891
455805,0.0077673676
455829,0.004881396
455840,0.03559496
455849,0.01950483
455850,0.07373474
455852,0.044672716
455854,0.16246474
455863,0.017345663
455897,0.048048694
455902,0.016156089
455907,0.0174905
455908,0.040909365
455909,0.049736362
455940,0.05238222
455955,0.08512742
455958,0.037323583
455959,0.06294068
455960,0.0052097514
455961,0.42522743
455962,0.02092704
455963,0.026150703
455965,0.015854716
456007,0.21592288
456008,0.014097182
456009,0.03150602
456010,0.06696259
456011,0.024718596
456013,0.24234091
456028,0.124816
456058,0.1309923
456111,0.04343411
456114,0.186995
456115,0.037668657
456116,0.007607034
456119,0.009446509
456120,0.076798074
456122,0.075949326
456123,0.0109502915
456166,0.09779786
456167,0.03035987
456168,0.05065459
456169,0.0650006
456170,0.011145002
456189,0.073309064
456202,0.04165579
456221,0.040696215
456222,0.053462185
456223,0.0075094574
456224,0.02286238
456250,0.14390701
